# Blender 4.5.3 LTS
# www.blender.org
mtllib office_chair.mtl
o office_chair
v -0.050000 0.010628 0.000000
v -0.039647 0.055628 0.000000
v -0.045889 0.010628 -0.015341
v -0.034336 0.055628 -0.019824
v -0.015341 0.010628 -0.045889
v -0.019824 0.055628 -0.034336
v -0.000000 0.010628 -0.050000
v -0.000000 0.055628 -0.039647
v 0.015341 0.010628 -0.045889
v 0.019824 0.055628 -0.034336
v 0.045889 0.010628 -0.015341
v 0.034336 0.055628 -0.019824
v 0.050000 0.010628 -0.000000
v 0.039647 0.055628 -0.000000
v 0.045889 0.010628 0.015341
v 0.034336 0.055628 0.019824
v 0.015341 0.010628 0.045889
v 0.019824 0.055628 0.034336
v 0.000000 0.010628 0.050000
v 0.000000 0.055628 0.039647
v -0.015341 0.010628 0.045889
v -0.019824 0.055628 0.034336
v -0.045889 0.010628 0.015341
v -0.034336 0.055628 0.019824
v -0.045889 0.050628 -0.015341
v -0.050000 0.050628 0.000000
v -0.015341 0.050628 -0.045889
v -0.000000 0.050628 -0.050000
v 0.015341 0.050628 -0.045889
v 0.045889 0.050628 -0.015341
v 0.050000 0.050628 -0.000000
v 0.045889 0.050628 0.015341
v 0.015341 0.050628 0.045889
v 0.000000 0.050628 0.050000
v -0.015341 0.050628 0.045889
v -0.045889 0.050628 0.015341
v -0.020887 0.355628 -0.012059
v -0.024118 0.355628 0.000000
v -0.012059 0.355628 -0.020887
v -0.000000 0.355628 -0.024118
v 0.012059 0.355628 -0.020887
v 0.020887 0.355628 -0.012059
v 0.024118 0.355628 0.000000
v 0.020887 0.355628 0.012059
v 0.012059 0.355628 0.020887
v 0.000000 0.355628 0.024118
v -0.012059 0.355628 0.020887
v -0.020887 0.355628 0.012059
v -0.034336 0.355628 -0.019824
v -0.039647 0.355628 0.000000
v -0.019824 0.355628 -0.034336
v -0.000000 0.355628 -0.039647
v 0.019824 0.355628 -0.034336
v 0.034336 0.355628 -0.019824
v 0.039647 0.355628 0.000000
v 0.034336 0.355628 0.019824
v 0.019824 0.355628 0.034336
v 0.000000 0.355628 0.039647
v -0.019824 0.355628 0.034336
v -0.034336 0.355628 0.019824
v -0.020887 0.555628 -0.012059
v -0.024118 0.555628 -0.000000
v -0.012059 0.555628 -0.020887
v -0.000000 0.555628 -0.024118
v 0.012059 0.555628 -0.020887
v 0.020887 0.555628 -0.012059
v 0.024118 0.555628 -0.000000
v 0.020887 0.555628 0.012059
v 0.012059 0.555628 0.020887
v 0.000000 0.555628 0.024118
v -0.012059 0.555628 0.020887
v -0.020887 0.555628 0.012059
v -0.050000 0.005628 0.000000
v -0.043301 0.005628 -0.025000
v -0.043301 0.055628 -0.025000
v -0.050000 0.055628 0.000000
v -0.025000 0.055628 -0.043301
v -0.025000 0.005628 -0.043301
v -0.000000 0.005628 -0.050000
v -0.000000 0.055628 -0.050000
v 0.025000 0.005628 -0.043301
v 0.025000 0.055628 -0.043301
v 0.043301 0.055628 -0.025000
v 0.043301 0.005628 -0.025000
v 0.050000 0.005628 -0.000000
v 0.050000 0.055628 -0.000000
v 0.043301 0.005628 0.025000
v 0.043301 0.055628 0.025000
v 0.025000 0.055628 0.043301
v 0.025000 0.005628 0.043301
v 0.000000 0.005628 0.050000
v 0.000000 0.055628 0.050000
v -0.025000 0.005628 0.043301
v -0.025000 0.055628 0.043301
v -0.043301 0.055628 0.025000
v -0.043301 0.005628 0.025000
v 0.350000 0.010628 -0.000000
v 0.345890 0.010628 -0.015341
v 0.345890 0.010628 0.015341
v -0.000000 0.010628 -0.350000
v -0.015341 0.010628 -0.345890
v 0.015341 0.010628 -0.345890
v -0.350000 0.010628 0.000000
v -0.345890 0.010628 -0.015341
v -0.345890 0.010628 0.015341
v 0.000000 0.010628 0.350000
v 0.015341 0.010628 0.345890
v -0.015341 0.010628 0.345890
v 0.324118 0.050628 -0.000000
v 0.350000 0.038128 -0.000000
v 0.334023 0.049676 -0.000000
v 0.342419 0.046967 -0.000000
v 0.348030 0.042912 -0.000000
v 0.320008 0.050628 -0.015341
v 0.345890 0.038128 -0.015341
v 0.329912 0.049676 -0.015341
v 0.338309 0.046967 -0.015341
v 0.343919 0.042912 -0.015341
v 0.345890 0.038128 0.015341
v 0.320008 0.050628 0.015341
v 0.343919 0.042912 0.015341
v 0.338309 0.046967 0.015341
v 0.329912 0.049676 0.015341
v -0.000000 0.050628 -0.324118
v -0.000000 0.038128 -0.350000
v -0.000000 0.049676 -0.334023
v -0.000000 0.046967 -0.342419
v -0.000000 0.042912 -0.348030
v -0.015341 0.050628 -0.320008
v -0.015341 0.038128 -0.345890
v -0.015341 0.049676 -0.329912
v -0.015341 0.046967 -0.338309
v -0.015341 0.042912 -0.343919
v 0.015341 0.038128 -0.345890
v 0.015341 0.050628 -0.320008
v 0.015341 0.042912 -0.343919
v 0.015341 0.046967 -0.338309
v 0.015341 0.049676 -0.329912
v -0.350000 0.038128 0.000000
v -0.324118 0.050628 0.000000
v -0.348030 0.042912 0.000000
v -0.342419 0.046967 0.000000
v -0.334023 0.049676 0.000000
v -0.345890 0.038128 -0.015341
v -0.320008 0.050628 -0.015341
v -0.343919 0.042912 -0.015341
v -0.338309 0.046967 -0.015341
v -0.329912 0.049676 -0.015341
v -0.320008 0.050628 0.015341
v -0.345890 0.038128 0.015341
v -0.329912 0.049676 0.015341
v -0.338309 0.046967 0.015341
v -0.343919 0.042912 0.015341
v 0.000000 0.050628 0.324118
v 0.000000 0.038128 0.350000
v 0.000000 0.049676 0.334023
v 0.000000 0.046967 0.342419
v 0.000000 0.042912 0.348030
v 0.015341 0.050628 0.320008
v 0.015341 0.038128 0.345890
v 0.015341 0.049676 0.329912
v 0.015341 0.046967 0.338309
v 0.015341 0.042912 0.343919
v -0.015341 0.038128 0.345890
v -0.015341 0.050628 0.320008
v -0.015341 0.042912 0.343919
v -0.015341 0.046967 0.338309
v -0.015341 0.049676 0.329912
v -0.096939 0.545628 -0.055000
v -0.096939 0.555628 -0.055000
v -0.261939 0.545628 -0.055000
v -0.261939 0.555628 -0.055000
v -0.349533 0.656908 -0.055000
v -0.338533 0.656908 -0.055000
v -0.300217 0.563252 -0.055000
v -0.325028 0.586218 -0.055000
v -0.339459 0.611499 -0.055000
v -0.346598 0.636071 -0.055000
v -0.296248 0.571669 -0.055000
v -0.318152 0.592570 -0.055000
v -0.330562 0.615580 -0.055000
v -0.336385 0.637944 -0.055000
v -0.151939 0.545628 -0.055000
v -0.206939 0.545628 -0.055000
v -0.206939 0.555628 -0.055000
v -0.151939 0.555628 -0.055000
v -0.151939 0.545628 -0.242000
v -0.206939 0.545628 -0.242000
v -0.206939 0.555628 -0.242000
v -0.151939 0.555628 -0.242000
v -0.151939 0.546740 -0.252859
v -0.206939 0.546740 -0.252859
v -0.206939 0.556490 -0.250412
v -0.151939 0.556490 -0.250412
v -0.151939 0.550022 -0.263174
v -0.206939 0.550022 -0.263174
v -0.206939 0.559031 -0.258402
v -0.151939 0.559031 -0.258402
v -0.151939 0.555307 -0.272427
v -0.206939 0.555307 -0.272427
v -0.206939 0.563125 -0.265569
v -0.151939 0.563125 -0.265569
v -0.151939 0.562332 -0.280155
v -0.206939 0.562332 -0.280155
v -0.206939 0.568567 -0.271555
v -0.151939 0.568567 -0.271555
v -0.151939 0.570744 -0.285969
v -0.206939 0.570744 -0.285969
v -0.206939 0.575083 -0.276058
v -0.151939 0.575083 -0.276058
v -0.151939 0.580121 -0.289578
v -0.206939 0.580121 -0.289578
v -0.206939 0.582346 -0.278854
v -0.151939 0.582346 -0.278854
v -0.151939 0.589993 -0.290802
v -0.206939 0.589993 -0.290802
v -0.206939 0.589993 -0.279802
v -0.151939 0.589993 -0.279802
v -0.096939 0.739993 -0.290802
v -0.151939 0.739993 -0.290802
v -0.151939 0.739993 -0.279802
v -0.096939 0.739993 -0.279802
v 0.084561 0.740493 -0.301802
v 0.090061 0.740493 -0.296302
v 0.084561 0.739993 -0.296302
v 0.086260 0.740493 -0.301532
v 0.087793 0.740493 -0.300752
v 0.084561 0.740339 -0.301532
v 0.086315 0.740335 -0.301214
v 0.087718 0.740340 -0.300476
v 0.084561 0.740199 -0.300752
v 0.086253 0.740206 -0.300473
v 0.087471 0.740229 -0.299950
v 0.089791 0.740339 -0.296302
v 0.089011 0.740199 -0.296302
v 0.089791 0.740493 -0.298002
v 0.089472 0.740334 -0.298047
v 0.088735 0.740206 -0.297990
v 0.089011 0.740493 -0.299534
v 0.088731 0.740339 -0.299462
v 0.088209 0.740229 -0.299212
v 0.084561 0.740018 -0.298002
v 0.084561 0.740089 -0.299534
v 0.086260 0.740018 -0.296302
v 0.086306 0.740047 -0.298057
v 0.086249 0.740114 -0.299460
v 0.087793 0.740089 -0.296302
v 0.087721 0.740114 -0.297994
v 0.087471 0.740162 -0.299212
v -0.256439 0.740493 -0.301802
v -0.256439 0.739993 -0.296302
v -0.261939 0.740493 -0.296302
v -0.256439 0.740339 -0.301532
v -0.256439 0.740199 -0.300752
v -0.258139 0.740493 -0.301532
v -0.258184 0.740334 -0.301214
v -0.258128 0.740206 -0.300476
v -0.259672 0.740493 -0.300752
v -0.259600 0.740339 -0.300473
v -0.259350 0.740229 -0.299950
v -0.258139 0.740018 -0.296302
v -0.259672 0.740089 -0.296302
v -0.256439 0.740018 -0.298002
v -0.258194 0.740047 -0.298047
v -0.259597 0.740114 -0.297990
v -0.256439 0.740089 -0.299534
v -0.258132 0.740114 -0.299462
v -0.259350 0.740162 -0.299212
v -0.261670 0.740493 -0.298002
v -0.260889 0.740493 -0.299534
v -0.261670 0.740339 -0.296302
v -0.261351 0.740335 -0.298057
v -0.260614 0.740340 -0.299460
v -0.260889 0.740199 -0.296302
v -0.260610 0.740206 -0.297994
v -0.260088 0.740229 -0.299212
v -0.256439 0.740493 -0.268802
v -0.261939 0.740493 -0.274302
v -0.256439 0.739993 -0.274302
v -0.258139 0.740493 -0.269071
v -0.259672 0.740493 -0.269852
v -0.256439 0.740339 -0.269071
v -0.258194 0.740335 -0.269390
v -0.259597 0.740340 -0.270127
v -0.256439 0.740199 -0.269852
v -0.258132 0.740206 -0.270131
v -0.259350 0.740229 -0.270653
v -0.261670 0.740339 -0.274302
v -0.260889 0.740199 -0.274302
v -0.261670 0.740493 -0.272602
v -0.261351 0.740334 -0.272557
v -0.260614 0.740206 -0.272614
v -0.260889 0.740493 -0.271069
v -0.260610 0.740339 -0.271141
v -0.260088 0.740229 -0.271392
v -0.256439 0.740018 -0.272602
v -0.256439 0.740089 -0.271069
v -0.258139 0.740018 -0.274302
v -0.258184 0.740047 -0.272547
v -0.258128 0.740114 -0.271144
v -0.259672 0.740089 -0.274302
v -0.259600 0.740114 -0.272609
v -0.259350 0.740162 -0.271392
v 0.084561 0.740493 -0.268802
v 0.084561 0.739993 -0.274302
v 0.090061 0.740493 -0.274302
v 0.084561 0.740339 -0.269071
v 0.084561 0.740199 -0.269852
v 0.086261 0.740493 -0.269071
v 0.086306 0.740334 -0.269390
v 0.086249 0.740206 -0.270127
v 0.087793 0.740493 -0.269852
v 0.087721 0.740339 -0.270131
v 0.087471 0.740229 -0.270653
v 0.086261 0.740018 -0.274302
v 0.087793 0.740089 -0.274302
v 0.084561 0.740018 -0.272602
v 0.086315 0.740047 -0.272557
v 0.087718 0.740114 -0.272614
v 0.084561 0.740089 -0.271069
v 0.086253 0.740114 -0.271141
v 0.087471 0.740162 -0.271392
v 0.089791 0.740493 -0.272602
v 0.089011 0.740493 -0.271069
v 0.089791 0.740339 -0.274302
v 0.089472 0.740335 -0.272547
v 0.088735 0.740340 -0.271144
v 0.089011 0.740199 -0.274302
v 0.088731 0.740206 -0.272609
v 0.088209 0.740229 -0.271392
v 0.084561 0.759493 -0.301802
v 0.084561 0.759993 -0.296302
v 0.090061 0.759493 -0.296302
v 0.084561 0.759648 -0.301532
v 0.084561 0.759787 -0.300752
v 0.086261 0.759493 -0.301532
v 0.086306 0.759653 -0.301214
v 0.086249 0.759780 -0.300476
v 0.087793 0.759493 -0.300752
v 0.087721 0.759647 -0.300473
v 0.087471 0.759758 -0.299950
v 0.086261 0.759969 -0.296302
v 0.087793 0.759898 -0.296302
v 0.084561 0.759969 -0.298002
v 0.086315 0.759940 -0.298047
v 0.087718 0.759873 -0.297990
v 0.084561 0.759898 -0.299534
v 0.086253 0.759872 -0.299462
v 0.087471 0.759825 -0.299212
v 0.089791 0.759493 -0.298002
v 0.089011 0.759493 -0.299534
v 0.089791 0.759648 -0.296302
v 0.089472 0.759652 -0.298057
v 0.088735 0.759647 -0.299460
v 0.089011 0.759787 -0.296302
v 0.088731 0.759781 -0.297994
v 0.088209 0.759758 -0.299212
v -0.256439 0.759493 -0.301802
v -0.261939 0.759493 -0.296302
v -0.256439 0.759993 -0.296302
v -0.258139 0.759493 -0.301532
v -0.259672 0.759493 -0.300752
v -0.256439 0.759648 -0.301532
v -0.258194 0.759652 -0.301214
v -0.259597 0.759647 -0.300476
v -0.256439 0.759787 -0.300752
v -0.258132 0.759781 -0.300473
v -0.259350 0.759758 -0.299950
v -0.261670 0.759648 -0.296302
v -0.260889 0.759787 -0.296302
v -0.261670 0.759493 -0.298002
v -0.261351 0.759653 -0.298047
v -0.260614 0.759780 -0.297990
v -0.260889 0.759493 -0.299534
v -0.260610 0.759647 -0.299462
v -0.260088 0.759758 -0.299212
v -0.256439 0.759969 -0.298002
v -0.256439 0.759898 -0.299534
v -0.258139 0.759969 -0.296302
v -0.258184 0.759940 -0.298057
v -0.258128 0.759873 -0.299460
v -0.259672 0.759898 -0.296302
v -0.259600 0.759872 -0.297994
v -0.259350 0.759825 -0.299212
v -0.256439 0.759493 -0.268802
v -0.256439 0.759993 -0.274302
v -0.261939 0.759493 -0.274302
v -0.256439 0.759648 -0.269071
v -0.256439 0.759787 -0.269852
v -0.258139 0.759493 -0.269071
v -0.258184 0.759653 -0.269390
v -0.258128 0.759780 -0.270127
v -0.259672 0.759493 -0.269852
v -0.259600 0.759647 -0.270131
v -0.259350 0.759758 -0.270653
v -0.258139 0.759969 -0.274302
v -0.259672 0.759898 -0.274302
v -0.256439 0.759969 -0.272602
v -0.258194 0.759940 -0.272557
v -0.259597 0.759873 -0.272614
v -0.256439 0.759898 -0.271069
v -0.258132 0.759872 -0.271141
v -0.259350 0.759825 -0.271392
v -0.261670 0.759493 -0.272602
v -0.260889 0.759493 -0.271069
v -0.261670 0.759648 -0.274302
v -0.261351 0.759652 -0.272547
v -0.260614 0.759647 -0.271144
v -0.260889 0.759787 -0.274302
v -0.260610 0.759781 -0.272609
v -0.260088 0.759758 -0.271392
v 0.084561 0.759493 -0.268802
v 0.090061 0.759493 -0.274302
v 0.084561 0.759993 -0.274302
v 0.086260 0.759493 -0.269071
v 0.087793 0.759493 -0.269852
v 0.084561 0.759648 -0.269071
v 0.086315 0.759652 -0.269390
v 0.087718 0.759647 -0.270127
v 0.084561 0.759787 -0.269852
v 0.086253 0.759781 -0.270131
v 0.087471 0.759758 -0.270653
v 0.089791 0.759648 -0.274302
v 0.089011 0.759787 -0.274302
v 0.089791 0.759493 -0.272602
v 0.089472 0.759653 -0.272557
v 0.088735 0.759780 -0.272614
v 0.089011 0.759493 -0.271069
v 0.088731 0.759647 -0.271141
v 0.088209 0.759758 -0.271392
v 0.084561 0.759969 -0.272602
v 0.084561 0.759898 -0.271069
v 0.086260 0.759969 -0.274302
v 0.086306 0.759940 -0.272547
v 0.086249 0.759873 -0.271144
v 0.087793 0.759898 -0.274302
v 0.087721 0.759872 -0.272609
v 0.087471 0.759825 -0.271392
v -0.096939 0.545628 0.055000
v -0.096939 0.555628 0.055000
v -0.261939 0.545628 0.055000
v -0.261939 0.555628 0.055000
v -0.349533 0.656908 0.055000
v -0.338533 0.656908 0.055000
v -0.300217 0.563252 0.055000
v -0.325028 0.586218 0.055000
v -0.339459 0.611499 0.055000
v -0.346598 0.636071 0.055000
v -0.296248 0.571669 0.055000
v -0.318152 0.592570 0.055000
v -0.330562 0.615580 0.055000
v -0.336385 0.637944 0.055000
v -0.151939 0.545628 0.055000
v -0.206939 0.545628 0.055000
v -0.206939 0.555628 0.055000
v -0.151939 0.555628 0.055000
v -0.151939 0.545628 0.242000
v -0.206939 0.545628 0.242000
v -0.206939 0.555628 0.242000
v -0.151939 0.555628 0.242000
v -0.151939 0.546740 0.252859
v -0.206939 0.546740 0.252859
v -0.206939 0.556490 0.250412
v -0.151939 0.556490 0.250412
v -0.151939 0.550022 0.263174
v -0.206939 0.550022 0.263174
v -0.206939 0.559031 0.258401
v -0.151939 0.559031 0.258401
v -0.151939 0.555307 0.272427
v -0.206939 0.555307 0.272427
v -0.206939 0.563125 0.265569
v -0.151939 0.563125 0.265569
v -0.151939 0.562332 0.280155
v -0.206939 0.562332 0.280155
v -0.206939 0.568567 0.271554
v -0.151939 0.568567 0.271554
v -0.151939 0.570744 0.285969
v -0.206939 0.570744 0.285969
v -0.206939 0.575083 0.276058
v -0.151939 0.575083 0.276058
v -0.151939 0.580121 0.289578
v -0.206939 0.580121 0.289578
v -0.206939 0.582346 0.278854
v -0.151939 0.582346 0.278854
v -0.151939 0.589993 0.290802
v -0.206939 0.589993 0.290802
v -0.206939 0.589993 0.279802
v -0.151939 0.589993 0.279802
v -0.096939 0.739993 0.290802
v -0.151939 0.739993 0.290802
v -0.151939 0.739993 0.279802
v -0.096939 0.739993 0.279802
v 0.084561 0.740493 0.301802
v 0.090061 0.740493 0.296302
v 0.084561 0.739993 0.296302
v 0.086261 0.740493 0.301532
v 0.087793 0.740493 0.300752
v 0.084561 0.740339 0.301532
v 0.086315 0.740335 0.301213
v 0.087718 0.740340 0.300476
v 0.084561 0.740199 0.300752
v 0.086253 0.740206 0.300472
v 0.087471 0.740229 0.299950
v 0.089791 0.740339 0.296302
v 0.089011 0.740199 0.296302
v 0.089791 0.740493 0.298001
v 0.089472 0.740334 0.298047
v 0.088735 0.740206 0.297990
v 0.089011 0.740493 0.299534
v 0.088731 0.740339 0.299462
v 0.088209 0.740229 0.299212
v 0.084561 0.740018 0.298001
v 0.084561 0.740089 0.299534
v 0.086261 0.740018 0.296302
v 0.086306 0.740047 0.298056
v 0.086249 0.740114 0.299459
v 0.087793 0.740089 0.296302
v 0.087721 0.740114 0.297994
v 0.087471 0.740162 0.299212
v -0.256439 0.740493 0.301802
v -0.256439 0.739993 0.296302
v -0.261939 0.740493 0.296302
v -0.256439 0.740339 0.301532
v -0.256439 0.740199 0.300752
v -0.258139 0.740493 0.301532
v -0.258184 0.740334 0.301213
v -0.258128 0.740206 0.300476
v -0.259672 0.740493 0.300752
v -0.259600 0.740339 0.300472
v -0.259350 0.740229 0.299950
v -0.258139 0.740018 0.296302
v -0.259672 0.740089 0.296302
v -0.256439 0.740018 0.298001
v -0.258194 0.740047 0.298047
v -0.259597 0.740114 0.297990
v -0.256439 0.740089 0.299534
v -0.258132 0.740114 0.299462
v -0.259350 0.740162 0.299212
v -0.261670 0.740493 0.298001
v -0.260889 0.740493 0.299534
v -0.261670 0.740339 0.296302
v -0.261351 0.740335 0.298056
v -0.260614 0.740340 0.299459
v -0.260889 0.740199 0.296302
v -0.260610 0.740206 0.297994
v -0.260088 0.740229 0.299212
v -0.256439 0.740493 0.268802
v -0.261939 0.740493 0.274302
v -0.256439 0.739993 0.274302
v -0.258139 0.740493 0.269071
v -0.259672 0.740493 0.269852
v -0.256439 0.740339 0.269071
v -0.258194 0.740335 0.269390
v -0.259597 0.740340 0.270127
v -0.256439 0.740199 0.269852
v -0.258132 0.740206 0.270131
v -0.259350 0.740229 0.270653
v -0.261670 0.740339 0.274302
v -0.260889 0.740199 0.274302
v -0.261670 0.740493 0.272602
v -0.261351 0.740334 0.272557
v -0.260614 0.740206 0.272613
v -0.260889 0.740493 0.271069
v -0.260610 0.740339 0.271141
v -0.260088 0.740229 0.271391
v -0.256439 0.740018 0.272602
v -0.256439 0.740089 0.271069
v -0.258139 0.740018 0.274302
v -0.258184 0.740047 0.272547
v -0.258128 0.740114 0.271144
v -0.259672 0.740089 0.274302
v -0.259600 0.740114 0.272609
v -0.259350 0.740162 0.271391
v 0.084561 0.740493 0.268802
v 0.084561 0.739993 0.274302
v 0.090061 0.740493 0.274302
v 0.084561 0.740339 0.269071
v 0.084561 0.740199 0.269852
v 0.086261 0.740493 0.269071
v 0.086306 0.740334 0.269390
v 0.086249 0.740206 0.270127
v 0.087793 0.740493 0.269852
v 0.087721 0.740339 0.270131
v 0.087471 0.740229 0.270653
v 0.086261 0.740018 0.274302
v 0.087793 0.740089 0.274302
v 0.084561 0.740018 0.272602
v 0.086315 0.740047 0.272557
v 0.087718 0.740114 0.272613
v 0.084561 0.740089 0.271069
v 0.086253 0.740114 0.271141
v 0.087471 0.740162 0.271391
v 0.089791 0.740493 0.272602
v 0.089011 0.740493 0.271069
v 0.089791 0.740339 0.274302
v 0.089472 0.740335 0.272547
v 0.088735 0.740340 0.271144
v 0.089011 0.740199 0.274302
v 0.088731 0.740206 0.272609
v 0.088209 0.740229 0.271391
v 0.084561 0.759493 0.301802
v 0.084561 0.759993 0.296302
v 0.090061 0.759493 0.296302
v 0.084561 0.759648 0.301532
v 0.084561 0.759787 0.300752
v 0.086261 0.759493 0.301532
v 0.086306 0.759653 0.301213
v 0.086249 0.759780 0.300476
v 0.087793 0.759493 0.300752
v 0.087721 0.759647 0.300472
v 0.087471 0.759758 0.299950
v 0.086261 0.759969 0.296302
v 0.087793 0.759898 0.296302
v 0.084561 0.759969 0.298001
v 0.086315 0.759940 0.298047
v 0.087718 0.759873 0.297990
v 0.084561 0.759898 0.299534
v 0.086253 0.759872 0.299462
v 0.087471 0.759825 0.299212
v 0.089791 0.759493 0.298001
v 0.089011 0.759493 0.299534
v 0.089791 0.759648 0.296302
v 0.089472 0.759652 0.298056
v 0.088735 0.759647 0.299459
v 0.089011 0.759787 0.296302
v 0.088731 0.759781 0.297994
v 0.088209 0.759758 0.299212
v -0.256439 0.759493 0.301802
v -0.261939 0.759493 0.296302
v -0.256439 0.759993 0.296302
v -0.258139 0.759493 0.301532
v -0.259672 0.759493 0.300752
v -0.256439 0.759648 0.301532
v -0.258194 0.759652 0.301213
v -0.259597 0.759647 0.300476
v -0.256439 0.759787 0.300752
v -0.258132 0.759781 0.300472
v -0.259350 0.759758 0.299950
v -0.261670 0.759648 0.296302
v -0.260889 0.759787 0.296302
v -0.261670 0.759493 0.298001
v -0.261351 0.759653 0.298047
v -0.260614 0.759780 0.297990
v -0.260889 0.759493 0.299534
v -0.260610 0.759647 0.299462
v -0.260088 0.759758 0.299212
v -0.256439 0.759969 0.298001
v -0.256439 0.759898 0.299534
v -0.258139 0.759969 0.296302
v -0.258184 0.759940 0.298056
v -0.258128 0.759873 0.299459
v -0.259672 0.759898 0.296302
v -0.259600 0.759872 0.297994
v -0.259350 0.759825 0.299212
v -0.256439 0.759493 0.268802
v -0.256439 0.759993 0.274302
v -0.261939 0.759493 0.274302
v -0.256439 0.759648 0.269071
v -0.256439 0.759787 0.269852
v -0.258139 0.759493 0.269071
v -0.258184 0.759653 0.269390
v -0.258128 0.759780 0.270127
v -0.259672 0.759493 0.269852
v -0.259600 0.759647 0.270131
v -0.259350 0.759758 0.270653
v -0.258139 0.759969 0.274302
v -0.259672 0.759898 0.274302
v -0.256439 0.759969 0.272602
v -0.258194 0.759940 0.272557
v -0.259597 0.759873 0.272613
v -0.256439 0.759898 0.271069
v -0.258132 0.759872 0.271141
v -0.259350 0.759825 0.271391
v -0.261670 0.759493 0.272602
v -0.260889 0.759493 0.271069
v -0.261670 0.759648 0.274302
v -0.261351 0.759652 0.272547
v -0.260614 0.759647 0.271144
v -0.260889 0.759787 0.274302
v -0.260610 0.759781 0.272609
v -0.260088 0.759758 0.271391
v 0.084561 0.759493 0.268802
v 0.090061 0.759493 0.274302
v 0.084561 0.759993 0.274302
v 0.086261 0.759493 0.269071
v 0.087793 0.759493 0.269852
v 0.084561 0.759648 0.269071
v 0.086315 0.759652 0.269390
v 0.087718 0.759647 0.270127
v 0.084561 0.759787 0.269852
v 0.086253 0.759781 0.270131
v 0.087471 0.759758 0.270653
v 0.089791 0.759648 0.274302
v 0.089011 0.759787 0.274302
v 0.089791 0.759493 0.272602
v 0.089472 0.759653 0.272557
v 0.088735 0.759780 0.272613
v 0.089011 0.759493 0.271069
v 0.088731 0.759647 0.271141
v 0.088209 0.759758 0.271391
v 0.084561 0.759969 0.272602
v 0.084561 0.759898 0.271069
v 0.086261 0.759969 0.274302
v 0.086306 0.759940 0.272547
v 0.086249 0.759873 0.271144
v 0.087793 0.759898 0.274302
v 0.087721 0.759872 0.272609
v 0.087471 0.759825 0.271391
v -0.318065 0.654825 0.252083
v -0.276735 0.654825 0.252083
v -0.318065 1.158991 0.252083
v -0.276735 1.158991 0.252083
v -0.318065 0.654825 -0.252083
v -0.276735 0.654825 -0.252083
v -0.318065 1.158991 -0.252083
v -0.276735 1.158991 -0.252083
v -0.324887 1.166630 -0.137500
v -0.324887 1.166630 0.137500
v -0.268994 1.166630 0.137500
v -0.268994 1.166630 -0.137500
v -0.324887 0.647186 0.137500
v -0.324887 0.647186 -0.137500
v -0.268994 0.647186 -0.137500
v -0.268994 0.647186 0.137500
v -0.324887 1.044408 0.259722
v -0.324887 0.769408 0.259722
v -0.268994 0.769408 0.259722
v -0.268994 1.044408 0.259722
v -0.324887 0.769408 -0.259722
v -0.324887 1.044408 -0.259722
v -0.268994 1.044408 -0.259722
v -0.268994 0.769408 -0.259722
v -0.250097 1.044408 -0.137500
v -0.250097 0.769408 -0.137500
v -0.250097 1.044408 0.137500
v -0.250097 0.769408 0.137500
v -0.338533 1.044408 0.137500
v -0.338533 0.769408 0.137500
v -0.338533 1.044408 -0.137500
v -0.338533 0.769408 -0.137500
v -0.324741 0.720356 0.259559
v -0.323719 0.686370 0.258414
v -0.321196 0.665223 0.255590
v -0.309733 0.651482 0.255426
v -0.297535 0.649803 0.257105
v -0.285252 0.651482 0.255426
v -0.269376 1.093459 0.259559
v -0.270675 1.127446 0.258414
v -0.273451 1.148592 0.255590
v -0.285252 1.162334 0.255426
v -0.297535 1.164013 0.257105
v -0.309733 1.162334 0.255426
v -0.324741 1.166467 0.186552
v -0.323719 1.165322 0.220537
v -0.321196 1.162498 0.241684
v -0.269376 1.166467 -0.186552
v -0.270675 1.165322 -0.220538
v -0.273451 1.162498 -0.241685
v -0.285252 1.162334 -0.255426
v -0.297535 1.164013 -0.257105
v -0.309733 1.162334 -0.255426
v -0.324741 1.093459 -0.259559
v -0.323719 1.127446 -0.258414
v -0.321196 1.148592 -0.255590
v -0.269376 0.720356 -0.259559
v -0.270675 0.686370 -0.258414
v -0.273451 0.665223 -0.255590
v -0.285252 0.651482 -0.255426
v -0.297535 0.649803 -0.257105
v -0.309733 0.651482 -0.255426
v -0.324741 0.647349 -0.186552
v -0.323719 0.648494 -0.220538
v -0.321196 0.651318 -0.241685
v -0.269376 0.647349 0.186552
v -0.270675 0.648494 0.220538
v -0.273451 0.651318 0.241684
v -0.321196 1.162498 -0.241685
v -0.323719 1.165322 -0.220538
v -0.324741 1.166467 -0.186552
v -0.324887 1.166630 -0.073047
v -0.324887 1.166630 -0.000000
v -0.324887 1.166630 0.073047
v -0.273451 1.162498 0.241684
v -0.270675 1.165322 0.220538
v -0.269376 1.166467 0.186552
v -0.268846 1.166630 0.073047
v -0.268797 1.166630 -0.000000
v -0.268846 1.166630 -0.073047
v -0.321196 0.651318 0.241684
v -0.323719 0.648494 0.220538
v -0.324741 0.647349 0.186552
v -0.324887 0.647186 0.073047
v -0.324887 0.647186 -0.000000
v -0.324887 0.647186 -0.073047
v -0.273451 0.651318 -0.241685
v -0.270675 0.648494 -0.220538
v -0.269376 0.647349 -0.186552
v -0.268846 0.647186 -0.073047
v -0.268797 0.647186 -0.000000
v -0.268846 0.647186 0.073047
v -0.251500 0.720233 -0.137500
v -0.254428 0.685380 -0.137500
v -0.259915 0.661986 -0.137500
v -0.251500 0.720233 0.137500
v -0.254428 0.685380 0.137500
v -0.259915 0.661986 0.137500
v -0.338319 0.720233 0.137500
v -0.336827 0.685380 0.137500
v -0.332776 0.661986 0.137500
v -0.338319 0.720233 -0.137500
v -0.336827 0.685380 -0.137500
v -0.332776 0.661986 -0.137500
v -0.282119 0.638592 -0.137500
v -0.297433 0.635727 -0.137500
v -0.312501 0.638592 -0.137500
v -0.282119 0.638592 0.137500
v -0.297433 0.635727 0.137500
v -0.312501 0.638592 0.137500
v -0.282119 1.175224 0.137500
v -0.297433 1.178089 0.137500
v -0.312501 1.175224 0.137500
v -0.282119 1.175224 -0.137500
v -0.297433 1.178089 -0.137500
v -0.312501 1.175224 -0.137500
v -0.321196 1.148592 0.255590
v -0.323719 1.127446 0.258414
v -0.324741 1.093459 0.259559
v -0.324887 0.979955 0.259722
v -0.324887 0.906908 0.259722
v -0.324887 0.833861 0.259722
v -0.273451 0.665223 0.255590
v -0.270675 0.686370 0.258414
v -0.269376 0.720356 0.259559
v -0.268846 0.833861 0.259722
v -0.268797 0.906908 0.259722
v -0.268846 0.979955 0.259722
v -0.321196 0.665223 -0.255590
v -0.323719 0.686370 -0.258414
v -0.324741 0.720356 -0.259559
v -0.324887 0.833861 -0.259722
v -0.324887 0.906908 -0.259722
v -0.324887 0.979955 -0.259722
v -0.273451 1.148592 -0.255590
v -0.270675 1.127446 -0.258414
v -0.269376 1.093459 -0.259559
v -0.268846 0.979955 -0.259722
v -0.268797 0.906908 -0.259722
v -0.268846 0.833861 -0.259722
v -0.259915 1.151830 -0.137500
v -0.254428 1.128436 -0.137500
v -0.251500 1.093583 -0.137500
v -0.249359 0.979955 -0.137500
v -0.249113 0.906908 -0.137500
v -0.249359 0.833861 -0.137500
v -0.259915 1.151830 0.137500
v -0.254428 1.128436 0.137500
v -0.251500 1.093583 0.137500
v -0.249359 0.979955 0.137500
v -0.249113 0.906908 0.137500
v -0.249359 0.833861 0.137500
v -0.332776 1.151830 0.137500
v -0.336827 1.128436 0.137500
v -0.338319 1.093583 0.137500
v -0.338533 0.979955 0.137500
v -0.338533 0.906908 0.137500
v -0.338533 0.833861 0.137500
v -0.332776 1.151830 -0.137500
v -0.336827 1.128436 -0.137500
v -0.338319 1.093583 -0.137500
v -0.338533 0.979955 -0.137500
v -0.338533 0.906908 -0.137500
v -0.338533 0.833861 -0.137500
v -0.338533 1.044408 -0.073047
v -0.338533 1.044408 -0.000000
v -0.338533 1.044408 0.073047
v -0.338533 0.769408 -0.073047
v -0.338533 0.769408 -0.000000
v -0.338533 0.769408 0.073047
v -0.338319 1.044408 0.186675
v -0.336827 1.044408 0.221528
v -0.332776 1.044408 0.244922
v -0.338319 0.769408 0.186675
v -0.336827 0.769408 0.221528
v -0.332776 0.769408 0.244922
v -0.249359 1.044408 0.073047
v -0.249112 1.044408 -0.000000
v -0.249359 1.044408 -0.073047
v -0.249359 0.769408 0.073047
v -0.249113 0.769408 -0.000000
v -0.249359 0.769408 -0.073047
v -0.251500 1.044408 -0.186675
v -0.254428 1.044408 -0.221528
v -0.259915 1.044408 -0.244922
v -0.251500 0.769408 -0.186675
v -0.254428 0.769408 -0.221528
v -0.259915 0.769408 -0.244922
v -0.259915 1.044408 0.244922
v -0.254428 1.044408 0.221528
v -0.251500 1.044408 0.186675
v -0.259915 0.769408 0.244922
v -0.254428 0.769408 0.221528
v -0.251500 0.769408 0.186675
v -0.332776 1.044408 -0.244922
v -0.336827 1.044408 -0.221528
v -0.338319 1.044408 -0.186675
v -0.332776 0.769408 -0.244922
v -0.336827 0.769408 -0.221528
v -0.338319 0.769408 -0.186675
v -0.282119 1.044408 -0.268316
v -0.297433 1.044408 -0.271181
v -0.312501 1.044408 -0.268316
v -0.282119 0.769408 -0.268316
v -0.297433 0.769408 -0.271181
v -0.312501 0.769408 -0.268316
v -0.282119 0.769408 0.268316
v -0.297433 0.769408 0.271181
v -0.312501 0.769408 0.268316
v -0.282119 1.044408 0.268316
v -0.297433 1.044408 0.271181
v -0.312501 1.044408 0.268316
v -0.312424 1.093490 0.268109
v -0.297462 1.093521 0.270960
v -0.282298 1.093490 0.268109
v -0.311865 1.127693 0.266658
v -0.297495 1.127941 0.269412
v -0.282975 1.127693 0.266658
v -0.310610 1.149517 0.262786
v -0.297523 1.150327 0.265222
v -0.284330 1.149518 0.262786
v -0.312424 1.175017 -0.186583
v -0.297462 1.177868 -0.186614
v -0.282298 1.175017 -0.186583
v -0.311865 1.173566 -0.220785
v -0.297495 1.176320 -0.221033
v -0.282975 1.173566 -0.220785
v -0.310610 1.169694 -0.242610
v -0.297523 1.172130 -0.243419
v -0.284330 1.169694 -0.242610
v -0.312424 0.720325 -0.268109
v -0.297462 0.720294 -0.270960
v -0.282298 0.720325 -0.268109
v -0.311865 0.686123 -0.266658
v -0.297495 0.685875 -0.269412
v -0.282975 0.686123 -0.266658
v -0.310610 0.664298 -0.262786
v -0.297523 0.663489 -0.265222
v -0.284330 0.664298 -0.262786
v -0.312424 0.638799 0.186582
v -0.297462 0.635948 0.186613
v -0.282298 0.638799 0.186582
v -0.311865 0.640250 0.220785
v -0.297495 0.637496 0.221033
v -0.282975 0.640250 0.220785
v -0.310610 0.644122 0.242610
v -0.297523 0.641686 0.243419
v -0.284330 0.644122 0.242610
v -0.338107 0.720236 -0.186672
v -0.336622 0.720264 -0.221497
v -0.332590 0.720322 -0.244828
v -0.336622 0.685411 -0.186644
v -0.335184 0.685628 -0.221280
v -0.331287 0.686092 -0.244170
v -0.332590 0.662080 -0.186586
v -0.331287 0.662738 -0.220816
v -0.327810 0.664205 -0.242703
v -0.252686 0.720236 0.186671
v -0.255347 0.720264 0.221497
v -0.260554 0.720322 0.244828
v -0.255347 0.685411 0.186644
v -0.257643 0.685628 0.221280
v -0.262396 0.686092 0.244170
v -0.260554 0.662080 0.186586
v -0.262396 0.662738 0.220816
v -0.266401 0.664205 0.242703
v -0.260554 0.720322 -0.244828
v -0.255347 0.720264 -0.221497
v -0.252686 0.720236 -0.186672
v -0.262396 0.686092 -0.244170
v -0.257643 0.685628 -0.221280
v -0.255347 0.685411 -0.186644
v -0.266401 0.664204 -0.242704
v -0.262396 0.662738 -0.220816
v -0.260554 0.662080 -0.186586
v -0.250896 0.720233 -0.073047
v -0.250694 0.720233 -0.000000
v -0.250896 0.720233 0.073047
v -0.253985 0.685380 -0.073047
v -0.253838 0.685380 -0.000000
v -0.253985 0.685380 0.073047
v -0.259634 0.661986 -0.073047
v -0.259540 0.661986 -0.000000
v -0.259634 0.661986 0.073047
v -0.332590 0.720322 0.244828
v -0.336622 0.720264 0.221497
v -0.338107 0.720236 0.186671
v -0.331287 0.686092 0.244170
v -0.335184 0.685628 0.221280
v -0.336622 0.685411 0.186644
v -0.327810 0.664204 0.242703
v -0.331287 0.662738 0.220816
v -0.332590 0.662080 0.186586
v -0.338319 0.720233 0.073047
v -0.338319 0.720233 -0.000000
v -0.338319 0.720233 -0.073047
v -0.336827 0.685380 0.073047
v -0.336827 0.685380 -0.000000
v -0.336827 0.685380 -0.073047
v -0.332776 0.661986 0.073047
v -0.332776 0.661986 -0.000000
v -0.332776 0.661986 -0.073047
v -0.310610 0.644122 -0.242610
v -0.297523 0.641686 -0.243419
v -0.284330 0.644122 -0.242610
v -0.311865 0.640250 -0.220785
v -0.297495 0.637496 -0.221033
v -0.282975 0.640250 -0.220785
v -0.312424 0.638799 -0.186583
v -0.297462 0.635948 -0.186614
v -0.282298 0.638799 -0.186583
v -0.312499 0.638592 -0.073047
v -0.297414 0.635727 -0.073047
v -0.282056 0.638592 -0.073047
v -0.312498 0.638592 -0.000000
v -0.297408 0.635727 -0.000000
v -0.282035 0.638592 -0.000000
v -0.312499 0.638592 0.073047
v -0.297414 0.635727 0.073047
v -0.282056 0.638592 0.073047
v -0.310610 1.169694 0.242610
v -0.297523 1.172130 0.243419
v -0.284330 1.169694 0.242610
v -0.311865 1.173566 0.220785
v -0.297495 1.176320 0.221033
v -0.282975 1.173566 0.220785
v -0.312424 1.175017 0.186582
v -0.297462 1.177868 0.186613
v -0.282298 1.175017 0.186582
v -0.312499 1.175224 0.073047
v -0.297414 1.178089 0.073047
v -0.282056 1.175224 0.073047
v -0.312498 1.175224 -0.000000
v -0.297408 1.178089 -0.000000
v -0.282035 1.175224 -0.000000
v -0.312499 1.175224 -0.073047
v -0.297414 1.178089 -0.073047
v -0.282056 1.175224 -0.073047
v -0.332776 1.151830 0.073047
v -0.332776 1.151830 -0.000000
v -0.332776 1.151830 -0.073047
v -0.336827 1.128436 0.073047
v -0.336827 1.128436 -0.000000
v -0.336827 1.128436 -0.073047
v -0.338319 1.093583 0.073047
v -0.338319 1.093583 -0.000000
v -0.338319 1.093583 -0.073047
v -0.338533 0.979955 0.073047
v -0.338533 0.979955 -0.000000
v -0.338533 0.979955 -0.073047
v -0.338533 0.906908 0.073047
v -0.338533 0.906908 -0.000000
v -0.338533 0.906908 -0.073047
v -0.338533 0.833861 0.073047
v -0.338533 0.833861 -0.000000
v -0.338533 0.833861 -0.073047
v -0.327810 1.149611 0.242703
v -0.331287 1.151078 0.220816
v -0.332590 1.151736 0.186586
v -0.331287 1.127724 0.244170
v -0.335184 1.128188 0.221280
v -0.336622 1.128405 0.186644
v -0.332590 1.093494 0.244828
v -0.336622 1.093552 0.221497
v -0.338107 1.093580 0.186671
v -0.332776 0.979955 0.244922
v -0.336827 0.979955 0.221528
v -0.338319 0.979955 0.186675
v -0.332776 0.906908 0.244922
v -0.336827 0.906908 0.221528
v -0.338319 0.906908 0.186675
v -0.332776 0.833861 0.244922
v -0.336827 0.833861 0.221528
v -0.338319 0.833861 0.186675
v -0.259634 1.151830 -0.073047
v -0.259540 1.151830 -0.000000
v -0.259634 1.151830 0.073047
v -0.253985 1.128436 -0.073047
v -0.253838 1.128436 -0.000000
v -0.253985 1.128436 0.073047
v -0.250895 1.093583 -0.073047
v -0.250694 1.093583 -0.000000
v -0.250895 1.093583 0.073047
v -0.248537 0.979955 -0.073047
v -0.248263 0.979955 -0.000000
v -0.248537 0.979955 0.073047
v -0.248263 0.906908 -0.073047
v -0.247980 0.906908 -0.000000
v -0.248263 0.906908 0.073047
v -0.248537 0.833861 -0.073047
v -0.248263 0.833861 -0.000000
v -0.248537 0.833861 0.073047
v -0.266401 1.149611 -0.242704
v -0.262396 1.151078 -0.220816
v -0.260554 1.151736 -0.186586
v -0.262396 1.127724 -0.244170
v -0.257643 1.128188 -0.221280
v -0.255347 1.128405 -0.186644
v -0.260554 1.093494 -0.244828
v -0.255347 1.093552 -0.221497
v -0.252686 1.093580 -0.186672
v -0.259634 0.979955 -0.244922
v -0.253985 0.979955 -0.221528
v -0.250895 0.979955 -0.186675
v -0.259540 0.906908 -0.244922
v -0.253838 0.906908 -0.221528
v -0.250694 0.906908 -0.186675
v -0.259634 0.833861 -0.244922
v -0.253985 0.833861 -0.221528
v -0.250895 0.833861 -0.186675
v -0.260554 1.151736 0.186586
v -0.262396 1.151078 0.220816
v -0.266401 1.149611 0.242703
v -0.255347 1.128405 0.186644
v -0.257643 1.128188 0.221280
v -0.262396 1.127724 0.244170
v -0.252686 1.093580 0.186671
v -0.255347 1.093552 0.221497
v -0.260554 1.093494 0.244828
v -0.250895 0.979955 0.186675
v -0.253985 0.979955 0.221528
v -0.259634 0.979955 0.244922
v -0.250694 0.906908 0.186675
v -0.253838 0.906908 0.221528
v -0.259540 0.906908 0.244922
v -0.250896 0.833861 0.186675
v -0.253985 0.833861 0.221528
v -0.259634 0.833861 0.244922
v -0.332590 1.151736 -0.186586
v -0.331287 1.151078 -0.220816
v -0.327810 1.149611 -0.242704
v -0.336622 1.128405 -0.186644
v -0.335184 1.128188 -0.221280
v -0.331287 1.127724 -0.244170
v -0.338107 1.093580 -0.186672
v -0.336622 1.093552 -0.221497
v -0.332590 1.093494 -0.244828
v -0.338319 0.979955 -0.186675
v -0.336827 0.979955 -0.221528
v -0.332776 0.979955 -0.244922
v -0.338319 0.906908 -0.186675
v -0.336827 0.906908 -0.221528
v -0.332776 0.906908 -0.244922
v -0.338319 0.833861 -0.186675
v -0.336827 0.833861 -0.221528
v -0.332776 0.833861 -0.244922
v -0.310610 1.149517 -0.262786
v -0.297523 1.150327 -0.265222
v -0.284330 1.149517 -0.262786
v -0.311865 1.127693 -0.266658
v -0.297495 1.127941 -0.269412
v -0.282975 1.127693 -0.266658
v -0.312424 1.093490 -0.268109
v -0.297462 1.093521 -0.270960
v -0.282298 1.093490 -0.268109
v -0.312499 0.979955 -0.268316
v -0.297414 0.979955 -0.271181
v -0.282056 0.979955 -0.268316
v -0.312498 0.906908 -0.268316
v -0.297408 0.906908 -0.271181
v -0.282035 0.906908 -0.268316
v -0.312499 0.833861 -0.268316
v -0.297414 0.833861 -0.271181
v -0.282056 0.833861 -0.268316
v -0.310610 0.664298 0.262786
v -0.297523 0.663489 0.265222
v -0.284330 0.664298 0.262786
v -0.311865 0.686123 0.266658
v -0.297495 0.685875 0.269412
v -0.282975 0.686123 0.266658
v -0.312424 0.720325 0.268109
v -0.297462 0.720294 0.270960
v -0.282298 0.720325 0.268109
v -0.312499 0.833861 0.268316
v -0.297414 0.833861 0.271181
v -0.282056 0.833861 0.268316
v -0.312498 0.906908 0.268316
v -0.297408 0.906908 0.271181
v -0.282035 0.906908 0.268316
v -0.312499 0.979955 0.268316
v -0.297414 0.979955 0.271181
v -0.282056 0.979955 0.268316
v 0.286632 0.010628 -0.010628
v 0.286632 0.010628 0.010628
v 0.307888 0.010628 -0.010628
v 0.307888 0.010628 0.010628
v 0.304775 0.003113 -0.010628
v 0.304775 0.003113 0.010628
v 0.297260 0.000000 -0.010628
v 0.297260 0.000000 0.010628
v 0.289745 0.003113 -0.010628
v 0.289745 0.003113 0.010628
v -0.307888 0.010628 -0.010628
v -0.307888 0.010628 0.010628
v -0.286632 0.010628 -0.010628
v -0.286632 0.010628 0.010628
v -0.289745 0.003113 -0.010628
v -0.289745 0.003113 0.010628
v -0.297260 0.000000 -0.010628
v -0.297260 0.000000 0.010628
v -0.304775 0.003113 -0.010628
v -0.304775 0.003113 0.010628
v 0.010628 0.010628 0.286632
v -0.010628 0.010628 0.286632
v 0.010628 0.010628 0.307888
v -0.010628 0.010628 0.307888
v 0.010628 0.003113 0.304775
v -0.010628 0.003113 0.304775
v 0.010628 0.000000 0.297260
v -0.010628 0.000000 0.297260
v 0.010628 0.003113 0.289745
v -0.010628 0.003113 0.289745
v 0.010628 0.010628 -0.307888
v -0.010628 0.010628 -0.307888
v 0.010628 0.010628 -0.286632
v -0.010628 0.010628 -0.286632
v 0.010628 0.003113 -0.289745
v -0.010628 0.003113 -0.289745
v 0.010628 0.000000 -0.297260
v -0.010628 0.000000 -0.297260
v 0.010628 0.003113 -0.304775
v -0.010628 0.003113 -0.304775
v -0.349533 0.806908 -0.005000
v -0.349533 0.756908 -0.055000
v -0.349533 0.804461 -0.020451
v -0.349533 0.797359 -0.034389
v -0.349533 0.786297 -0.045451
v -0.349533 0.772359 -0.052553
v -0.338533 0.756908 -0.055000
v -0.338533 0.806908 -0.005000
v -0.338533 0.772359 -0.052553
v -0.338533 0.786297 -0.045451
v -0.338533 0.797359 -0.034389
v -0.338533 0.804461 -0.020451
v -0.349533 0.756908 0.055000
v -0.349533 0.806908 0.005000
v -0.349533 0.772359 0.052553
v -0.349533 0.786297 0.045451
v -0.349533 0.797359 0.034389
v -0.349533 0.804461 0.020451
v -0.338533 0.806908 0.005000
v -0.338533 0.756908 0.055000
v -0.338533 0.804461 0.020451
v -0.338533 0.797359 0.034389
v -0.338533 0.786297 0.045451
v -0.338533 0.772359 0.052553
v 0.290352 0.574235 -0.252083
v 0.290352 0.611808 -0.252083
v -0.264231 0.574235 -0.252083
v -0.264231 0.611808 -0.252083
v -0.272634 0.568033 -0.137500
v -0.272634 0.618845 -0.137500
v 0.298755 0.568033 -0.137500
v 0.298755 0.618845 -0.137500
v 0.164311 0.568033 -0.259722
v -0.138189 0.568033 -0.259722
v -0.138189 0.618845 -0.259722
v 0.164311 0.618845 -0.259722
v -0.138189 0.636024 -0.137500
v 0.164311 0.636024 -0.137500
v -0.138189 0.555628 -0.137500
v 0.164311 0.555628 -0.137500
v -0.272454 0.618498 -0.186552
v -0.271194 0.617317 -0.220538
v -0.268088 0.614793 -0.241685
v -0.267908 0.604065 -0.255426
v -0.269755 0.592899 -0.257105
v -0.267908 0.581810 -0.255426
v -0.192146 0.568166 -0.259559
v -0.229531 0.569095 -0.258414
v -0.252792 0.571388 -0.255590
v 0.218267 0.618498 -0.259559
v 0.255652 0.617317 -0.258414
v 0.278914 0.614793 -0.255590
v 0.294029 0.604065 -0.255426
v 0.295876 0.592899 -0.257105
v 0.294029 0.581810 -0.255426
v 0.298575 0.568166 -0.186552
v 0.297316 0.569095 -0.220538
v 0.294209 0.571388 -0.241685
v -0.268088 0.571388 -0.241685
v -0.271194 0.569095 -0.220538
v -0.272454 0.568166 -0.186552
v -0.272634 0.568033 -0.073047
v -0.272634 0.568033 0.000000
v -0.272634 0.619024 0.000000
v -0.272634 0.618980 -0.073047
v 0.298755 0.568033 0.000000
v 0.298755 0.568033 -0.073047
v 0.294209 0.614793 -0.241685
v 0.297316 0.617317 -0.220538
v 0.298575 0.618498 -0.186552
v 0.298755 0.618980 -0.073047
v 0.298755 0.619024 0.000000
v 0.218404 0.634749 -0.137500
v 0.256741 0.632086 -0.137500
v 0.282475 0.627098 -0.137500
v 0.218404 0.555822 -0.137500
v 0.256741 0.557179 -0.137500
v 0.282475 0.560861 -0.137500
v 0.308208 0.606914 -0.137500
v 0.311359 0.592992 -0.137500
v 0.308208 0.579293 -0.137500
v -0.282087 0.606914 -0.137500
v -0.285238 0.592992 -0.137500
v -0.282087 0.579293 -0.137500
v 0.278914 0.571388 -0.255590
v 0.255652 0.569095 -0.258414
v 0.218267 0.568166 -0.259559
v 0.093412 0.568033 -0.259722
v 0.013061 0.568033 -0.259722
v -0.067291 0.568033 -0.259722
v -0.252792 0.614793 -0.255590
v -0.229531 0.617317 -0.258414
v -0.192146 0.618498 -0.259559
v -0.067291 0.618980 -0.259722
v 0.013061 0.619024 -0.259722
v 0.093412 0.618980 -0.259722
v -0.256353 0.627098 -0.137500
v -0.230620 0.632086 -0.137500
v -0.192282 0.634749 -0.137500
v -0.067291 0.636695 -0.137500
v 0.013061 0.636919 -0.137500
v 0.093412 0.636695 -0.137500
v -0.256353 0.560861 -0.137500
v -0.230620 0.557179 -0.137500
v -0.192282 0.555822 -0.137500
v -0.067291 0.555628 -0.137500
v 0.013061 0.555628 -0.137500
v 0.093412 0.555628 -0.137500
v -0.138189 0.555628 -0.073047
v -0.138189 0.555628 0.000000
v 0.164311 0.555628 -0.073047
v 0.164311 0.555628 0.000000
v -0.138189 0.636919 0.000000
v -0.138189 0.636695 -0.073047
v 0.164311 0.636919 0.000000
v 0.164311 0.636695 -0.073047
v -0.138189 0.634749 -0.186675
v -0.138189 0.632086 -0.221528
v -0.138189 0.627098 -0.244922
v 0.164311 0.634749 -0.186675
v 0.164311 0.632086 -0.221528
v 0.164311 0.627098 -0.244922
v -0.138189 0.560861 -0.244922
v -0.138189 0.557179 -0.221528
v -0.138189 0.555822 -0.186675
v 0.164311 0.560861 -0.244922
v 0.164311 0.557179 -0.221528
v 0.164311 0.555822 -0.186675
v -0.138189 0.606914 -0.268316
v -0.138189 0.592992 -0.271181
v -0.138189 0.579293 -0.268316
v 0.164311 0.606914 -0.268316
v 0.164311 0.592992 -0.271181
v 0.164311 0.579293 -0.268316
v -0.281859 0.579363 -0.186583
v -0.284995 0.592965 -0.186614
v -0.281859 0.606750 -0.186583
v -0.280263 0.579871 -0.220785
v -0.283293 0.592935 -0.221033
v -0.280263 0.606135 -0.220785
v -0.276004 0.581012 -0.242610
v -0.278683 0.592909 -0.243419
v -0.276004 0.604903 -0.242610
v 0.218301 0.579363 -0.268109
v 0.218335 0.592965 -0.270960
v 0.218301 0.606750 -0.268109
v 0.255924 0.579871 -0.266658
v 0.256197 0.592935 -0.269412
v 0.255924 0.606135 -0.266658
v 0.279931 0.581012 -0.262786
v 0.280821 0.592909 -0.265222
v 0.279931 0.604903 -0.262786
v 0.218399 0.556015 -0.186672
v 0.218369 0.557365 -0.221497
v 0.218306 0.561031 -0.244828
v 0.256707 0.557365 -0.186645
v 0.256469 0.558672 -0.221280
v 0.255958 0.562215 -0.244171
v 0.282371 0.561031 -0.186586
v 0.281648 0.562215 -0.220816
v 0.280034 0.565376 -0.242704
v 0.218306 0.626518 -0.244828
v 0.218369 0.631251 -0.221497
v 0.218399 0.633670 -0.186672
v 0.255958 0.624844 -0.244171
v 0.256469 0.629164 -0.221280
v 0.256707 0.631251 -0.186645
v 0.280034 0.621202 -0.242704
v 0.281648 0.624844 -0.220816
v 0.282371 0.626518 -0.186586
v 0.218404 0.635298 -0.073047
v 0.218404 0.635481 0.000000
v 0.256741 0.632489 -0.073047
v 0.256741 0.632623 0.000000
v 0.282475 0.627354 -0.073047
v 0.282475 0.627440 0.000000
v 0.218404 0.555822 0.000000
v 0.218404 0.555822 -0.073047
v 0.256741 0.557179 0.000000
v 0.256741 0.557179 -0.073047
v 0.282475 0.560861 0.000000
v 0.282475 0.560861 -0.073047
v 0.302125 0.581012 -0.242610
v 0.304804 0.592909 -0.243419
v 0.302125 0.604903 -0.242610
v 0.306385 0.579871 -0.220785
v 0.309414 0.592935 -0.221033
v 0.306385 0.606135 -0.220785
v 0.307980 0.579363 -0.186583
v 0.311116 0.592965 -0.186614
v 0.307980 0.606750 -0.186583
v 0.308208 0.579295 -0.073047
v 0.311359 0.593008 -0.073047
v 0.308208 0.606970 -0.073047
v 0.308208 0.579296 0.000000
v 0.311359 0.593014 0.000000
v 0.308208 0.606989 0.000000
v -0.282087 0.579296 0.000000
v -0.285238 0.593014 0.000000
v -0.282087 0.606989 0.000000
v -0.282087 0.579295 -0.073047
v -0.285238 0.593008 -0.073047
v -0.282087 0.606970 -0.073047
v -0.256353 0.560861 0.000000
v -0.256353 0.560861 -0.073047
v -0.230620 0.557179 0.000000
v -0.230620 0.557179 -0.073047
v -0.192282 0.555822 0.000000
v -0.192282 0.555822 -0.073047
v -0.067291 0.555628 0.000000
v -0.067291 0.555628 -0.073047
v 0.013061 0.555628 0.000000
v 0.013061 0.555628 -0.073047
v 0.093412 0.555628 0.000000
v 0.093412 0.555628 -0.073047
v -0.256353 0.627354 -0.073047
v -0.256353 0.627440 0.000000
v -0.230620 0.632489 -0.073047
v -0.230620 0.632623 0.000000
v -0.192282 0.635298 -0.073047
v -0.192282 0.635481 0.000000
v -0.067291 0.637442 -0.073047
v -0.067291 0.637691 0.000000
v 0.013061 0.637691 -0.073047
v 0.013061 0.637948 0.000000
v 0.093412 0.637442 -0.073047
v 0.093412 0.637691 0.000000
v -0.253913 0.621202 -0.242704
v -0.255527 0.624844 -0.220816
v -0.256250 0.626518 -0.186586
v -0.229837 0.624844 -0.244170
v -0.230348 0.629164 -0.221280
v -0.230586 0.631251 -0.186644
v -0.192184 0.626518 -0.244828
v -0.192248 0.631251 -0.221497
v -0.192278 0.633670 -0.186672
v -0.067291 0.627354 -0.244922
v -0.067291 0.632489 -0.221528
v -0.067291 0.635298 -0.186675
v 0.013061 0.627440 -0.244922
v 0.013061 0.632623 -0.221528
v 0.013061 0.635481 -0.186675
v 0.093412 0.627354 -0.244922
v 0.093412 0.632489 -0.221528
v 0.093412 0.635298 -0.186675
v -0.256250 0.561031 -0.186586
v -0.255527 0.562215 -0.220816
v -0.253913 0.565376 -0.242704
v -0.230586 0.557365 -0.186644
v -0.230348 0.558672 -0.221280
v -0.229837 0.562215 -0.244170
v -0.192278 0.556015 -0.186672
v -0.192248 0.557365 -0.221497
v -0.192184 0.561031 -0.244828
v -0.067291 0.555822 -0.186675
v -0.067291 0.557179 -0.221528
v -0.067291 0.560861 -0.244922
v 0.013061 0.555822 -0.186675
v 0.013061 0.557179 -0.221528
v 0.013061 0.560861 -0.244922
v 0.093412 0.555822 -0.186675
v 0.093412 0.557179 -0.221528
v 0.093412 0.560861 -0.244922
v -0.253810 0.581012 -0.262786
v -0.254700 0.592909 -0.265222
v -0.253810 0.604903 -0.262786
v -0.229803 0.579871 -0.266658
v -0.230075 0.592935 -0.269412
v -0.229803 0.606135 -0.266658
v -0.192180 0.579363 -0.268109
v -0.192214 0.592965 -0.270960
v -0.192180 0.606750 -0.268109
v -0.067291 0.579295 -0.268316
v -0.067291 0.593008 -0.271181
v -0.067291 0.606970 -0.268316
v 0.013061 0.579296 -0.268316
v 0.013061 0.593014 -0.271181
v 0.013061 0.606989 -0.268316
v 0.093412 0.579295 -0.268316
v 0.093412 0.593008 -0.271181
v 0.093412 0.606970 -0.268316
v 0.290352 0.574235 0.252083
v 0.290352 0.611808 0.252083
v -0.264231 0.574235 0.252083
v -0.264231 0.611808 0.252083
v -0.272634 0.568033 0.137500
v -0.272634 0.618845 0.137500
v 0.298755 0.568033 0.137500
v 0.298755 0.618845 0.137500
v 0.164311 0.568033 0.259722
v -0.138189 0.568033 0.259722
v -0.138189 0.618845 0.259722
v 0.164311 0.618845 0.259722
v -0.138189 0.636024 0.137500
v 0.164311 0.636024 0.137500
v -0.138189 0.555628 0.137500
v 0.164311 0.555628 0.137500
v -0.272454 0.618498 0.186552
v -0.271194 0.617317 0.220538
v -0.268088 0.614793 0.241685
v -0.267908 0.604065 0.255426
v -0.269755 0.592899 0.257105
v -0.267908 0.581810 0.255426
v -0.192146 0.568166 0.259559
v -0.229531 0.569095 0.258414
v -0.252792 0.571388 0.255590
v 0.218267 0.618498 0.259559
v 0.255652 0.617317 0.258414
v 0.278914 0.614793 0.255590
v 0.294029 0.604065 0.255426
v 0.295876 0.592899 0.257105
v 0.294029 0.581810 0.255426
v 0.298575 0.568166 0.186552
v 0.297316 0.569095 0.220538
v 0.294209 0.571388 0.241685
v -0.268088 0.571388 0.241685
v -0.271194 0.569095 0.220538
v -0.272454 0.568166 0.186552
v -0.272634 0.568033 0.073047
v -0.272634 0.618980 0.073047
v 0.298755 0.568033 0.073047
v 0.294209 0.614793 0.241685
v 0.297316 0.617317 0.220538
v 0.298575 0.618498 0.186552
v 0.298755 0.618980 0.073047
v 0.218404 0.634749 0.137500
v 0.256741 0.632086 0.137500
v 0.282475 0.627098 0.137500
v 0.218404 0.555822 0.137500
v 0.256741 0.557179 0.137500
v 0.282475 0.560861 0.137500
v 0.308208 0.606914 0.137500
v 0.311359 0.592992 0.137500
v 0.308208 0.579293 0.137500
v -0.282087 0.606914 0.137500
v -0.285238 0.592992 0.137500
v -0.282087 0.579293 0.137500
v 0.278914 0.571388 0.255590
v 0.255652 0.569095 0.258414
v 0.218267 0.568166 0.259559
v 0.093412 0.568033 0.259722
v 0.013061 0.568033 0.259722
v -0.067291 0.568033 0.259722
v -0.252792 0.614793 0.255590
v -0.229531 0.617317 0.258414
v -0.192146 0.618498 0.259559
v -0.067291 0.618980 0.259722
v 0.013061 0.619024 0.259722
v 0.093412 0.618980 0.259722
v -0.256353 0.627098 0.137500
v -0.230620 0.632086 0.137500
v -0.192282 0.634749 0.137500
v -0.067291 0.636695 0.137500
v 0.013061 0.636919 0.137500
v 0.093412 0.636695 0.137500
v -0.256353 0.560861 0.137500
v -0.230620 0.557179 0.137500
v -0.192282 0.555822 0.137500
v -0.067291 0.555628 0.137500
v 0.013061 0.555628 0.137500
v 0.093412 0.555628 0.137500
v -0.138189 0.555628 0.073047
v 0.164311 0.555628 0.073047
v -0.138189 0.636695 0.073047
v 0.164311 0.636695 0.073047
v -0.138189 0.634749 0.186675
v -0.138189 0.632086 0.221528
v -0.138189 0.627098 0.244922
v 0.164311 0.634749 0.186675
v 0.164311 0.632086 0.221528
v 0.164311 0.627098 0.244922
v -0.138189 0.560861 0.244922
v -0.138189 0.557179 0.221528
v -0.138189 0.555822 0.186675
v 0.164311 0.560861 0.244922
v 0.164311 0.557179 0.221528
v 0.164311 0.555822 0.186675
v -0.138189 0.606914 0.268316
v -0.138189 0.592992 0.271181
v -0.138189 0.579293 0.268316
v 0.164311 0.606914 0.268316
v 0.164311 0.592992 0.271181
v 0.164311 0.579293 0.268316
v -0.281859 0.579363 0.186583
v -0.284995 0.592965 0.186614
v -0.281859 0.606750 0.186583
v -0.280263 0.579871 0.220785
v -0.283293 0.592935 0.221033
v -0.280263 0.606135 0.220785
v -0.276004 0.581012 0.242610
v -0.278683 0.592909 0.243419
v -0.276004 0.604903 0.242610
v 0.218301 0.579363 0.268109
v 0.218335 0.592965 0.270960
v 0.218301 0.606750 0.268109
v 0.255924 0.579871 0.266658
v 0.256197 0.592935 0.269412
v 0.255924 0.606135 0.266658
v 0.279931 0.581012 0.262786
v 0.280821 0.592909 0.265222
v 0.279931 0.604903 0.262786
v 0.218399 0.556015 0.186672
v 0.218369 0.557365 0.221497
v 0.218306 0.561031 0.244828
v 0.256707 0.557365 0.186645
v 0.256469 0.558672 0.221280
v 0.255958 0.562215 0.244171
v 0.282371 0.561031 0.186586
v 0.281648 0.562215 0.220816
v 0.280034 0.565376 0.242704
v 0.218306 0.626518 0.244828
v 0.218369 0.631251 0.221497
v 0.218399 0.633670 0.186672
v 0.255958 0.624844 0.244171
v 0.256469 0.629164 0.221280
v 0.256707 0.631251 0.186645
v 0.280034 0.621202 0.242704
v 0.281648 0.624844 0.220816
v 0.282371 0.626518 0.186586
v 0.218404 0.635298 0.073047
v 0.256741 0.632489 0.073047
v 0.282475 0.627354 0.073047
v 0.218404 0.555822 0.073047
v 0.256741 0.557179 0.073047
v 0.282475 0.560861 0.073047
v 0.302125 0.581012 0.242610
v 0.304804 0.592909 0.243419
v 0.302125 0.604903 0.242610
v 0.306385 0.579871 0.220785
v 0.309414 0.592935 0.221033
v 0.306385 0.606135 0.220785
v 0.307980 0.579363 0.186583
v 0.311116 0.592965 0.186614
v 0.307980 0.606750 0.186583
v 0.308208 0.579295 0.073047
v 0.311359 0.593008 0.073047
v 0.308208 0.606970 0.073047
v -0.282087 0.579295 0.073047
v -0.285238 0.593008 0.073047
v -0.282087 0.606970 0.073047
v -0.256353 0.560861 0.073047
v -0.230620 0.557179 0.073047
v -0.192282 0.555822 0.073047
v -0.067291 0.555628 0.073047
v 0.013061 0.555628 0.073047
v 0.093412 0.555628 0.073047
v -0.256353 0.627354 0.073047
v -0.230620 0.632489 0.073047
v -0.192282 0.635298 0.073047
v -0.067291 0.637442 0.073047
v 0.013061 0.637691 0.073047
v 0.093412 0.637442 0.073047
v -0.253913 0.621202 0.242704
v -0.255527 0.624844 0.220816
v -0.256250 0.626518 0.186586
v -0.229837 0.624844 0.244170
v -0.230348 0.629164 0.221280
v -0.230586 0.631251 0.186644
v -0.192184 0.626518 0.244828
v -0.192248 0.631251 0.221497
v -0.192278 0.633670 0.186672
v -0.067291 0.627354 0.244922
v -0.067291 0.632489 0.221528
v -0.067291 0.635298 0.186675
v 0.013061 0.627440 0.244922
v 0.013061 0.632623 0.221528
v 0.013061 0.635481 0.186675
v 0.093412 0.627354 0.244922
v 0.093412 0.632489 0.221528
v 0.093412 0.635298 0.186675
v -0.256250 0.561031 0.186586
v -0.255527 0.562215 0.220816
v -0.253913 0.565376 0.242704
v -0.230586 0.557365 0.186644
v -0.230348 0.558672 0.221280
v -0.229837 0.562215 0.244170
v -0.192278 0.556015 0.186672
v -0.192248 0.557365 0.221497
v -0.192184 0.561031 0.244828
v -0.067291 0.555822 0.186675
v -0.067291 0.557179 0.221528
v -0.067291 0.560861 0.244922
v 0.013061 0.555822 0.186675
v 0.013061 0.557179 0.221528
v 0.013061 0.560861 0.244922
v 0.093412 0.555822 0.186675
v 0.093412 0.557179 0.221528
v 0.093412 0.560861 0.244922
v -0.253810 0.581012 0.262786
v -0.254700 0.592909 0.265222
v -0.253810 0.604903 0.262786
v -0.229803 0.579871 0.266658
v -0.230075 0.592935 0.269412
v -0.229803 0.606135 0.266658
v -0.192180 0.579363 0.268109
v -0.192214 0.592965 0.270960
v -0.192180 0.606750 0.268109
v -0.067291 0.579295 0.268316
v -0.067291 0.593008 0.271181
v -0.067291 0.606970 0.268316
v 0.013061 0.579296 0.268316
v 0.013061 0.593014 0.271181
v 0.013061 0.606989 0.268316
v 0.093412 0.579295 0.268316
v 0.093412 0.593008 0.271181
v 0.093412 0.606970 0.268316
vn -0.0000 -1.0000 -0.0000
vn -0.8660 -0.0000 -0.5000
vn -0.5000 -0.0000 -0.8660
vn 0.5000 -0.0000 -0.8660
vn 0.8660 -0.0000 -0.5000
vn 0.8660 -0.0000 0.5000
vn 0.5000 -0.0000 0.8660
vn -0.8660 -0.0000 0.5000
vn -0.5000 -0.0000 0.8660
vn -0.0000 1.0000 -0.0000
vn -1.0000 -0.0000 -0.0000
vn -0.0000 -0.0000 1.0000
vn 1.0000 -0.0000 -0.0000
vn -0.0000 -0.0000 -1.0000
vn -0.9659 -0.0000 -0.2588
vn -0.2588 -0.0000 -0.9659
vn 0.2588 -0.0000 -0.9659
vn 0.9659 -0.0000 -0.2588
vn 0.9659 -0.0000 0.2588
vn 0.2588 -0.0000 0.9659
vn -0.2588 -0.0000 0.9659
vn -0.9659 -0.0000 0.2588
vn 0.9821 0.1883 -0.0000
vn 0.9476 0.1939 -0.2539
vn 0.7509 0.6291 -0.2012
vn 0.8014 0.5981 -0.0000
vn 0.4280 0.8965 -0.1147
vn 0.4722 0.8815 -0.0000
vn 0.1850 0.9815 -0.0496
vn 0.2197 0.9756 -0.0000
vn 0.0399 0.9991 -0.0107
vn 0.0558 0.9984 -0.0000
vn 0.9476 0.1939 0.2539
vn 0.7509 0.6291 0.2012
vn 0.4280 0.8965 0.1147
vn 0.1850 0.9815 0.0496
vn 0.0399 0.9991 0.0107
vn -0.0000 0.1883 -0.9821
vn -0.2539 0.1939 -0.9476
vn -0.2012 0.6291 -0.7509
vn -0.0000 0.5981 -0.8014
vn -0.1147 0.8965 -0.4280
vn -0.0000 0.8815 -0.4722
vn -0.0496 0.9815 -0.1850
vn -0.0000 0.9756 -0.2197
vn -0.0107 0.9991 -0.0399
vn -0.0000 0.9984 -0.0558
vn 0.2539 0.1939 -0.9476
vn 0.2012 0.6291 -0.7509
vn 0.1147 0.8965 -0.4280
vn 0.0496 0.9815 -0.1850
vn 0.0107 0.9991 -0.0399
vn -0.9476 0.1939 -0.2539
vn -0.9821 0.1883 -0.0000
vn -0.8014 0.5981 -0.0000
vn -0.7509 0.6291 -0.2012
vn -0.4722 0.8815 -0.0000
vn -0.4280 0.8965 -0.1147
vn -0.2197 0.9756 -0.0000
vn -0.1850 0.9815 -0.0496
vn -0.0558 0.9984 -0.0000
vn -0.0399 0.9991 -0.0107
vn -0.9476 0.1939 0.2539
vn -0.7509 0.6291 0.2012
vn -0.4280 0.8965 0.1147
vn -0.1850 0.9815 0.0496
vn -0.0399 0.9991 0.0107
vn -0.0000 0.1883 0.9821
vn 0.2539 0.1939 0.9476
vn 0.2012 0.6291 0.7509
vn -0.0000 0.5981 0.8014
vn 0.1147 0.8965 0.4280
vn -0.0000 0.8815 0.4722
vn 0.0496 0.9815 0.1850
vn -0.0000 0.9756 0.2197
vn 0.0107 0.9991 0.0399
vn -0.0000 0.9984 0.0558
vn -0.2539 0.1939 0.9476
vn -0.2012 0.6291 0.7509
vn -0.1147 0.8965 0.4280
vn -0.0496 0.9815 0.1850
vn -0.0107 0.9991 0.0399
vn 0.9832 0.1827 -0.0000
vn 0.9984 0.0563 -0.0000
vn -0.4182 -0.9083 -0.0000
vn -0.5556 -0.8314 -0.0000
vn -0.7830 -0.6220 -0.0000
vn -0.9208 -0.3901 -0.0000
vn -0.9778 -0.2098 -0.0000
vn -0.9976 -0.0699 -0.0000
vn 0.9306 0.3660 -0.0000
vn 0.7950 0.6065 -0.0000
vn 0.5644 0.8255 -0.0000
vn 0.4235 0.9059 -0.0000
vn -0.0000 0.9948 0.1019
vn -0.0000 0.9791 0.2036
vn -0.0000 0.9157 0.4018
vn -0.0000 -0.9948 -0.1019
vn -0.0000 -0.9791 -0.2036
vn -0.0000 -0.9157 -0.4018
vn -0.0000 -0.8090 -0.5879
vn -0.0000 0.8090 0.5879
vn -0.0000 0.6585 0.7525
vn -0.0000 -0.6585 -0.7525
vn -0.0000 -0.4672 -0.8842
vn -0.0000 0.4672 0.8842
vn 0.9833 -0.1820 -0.0000
vn 0.9858 -0.1682 -0.0000
vn -0.0000 -0.2429 -0.9700
vn -0.0000 0.2429 0.9700
vn 0.9389 -0.3443 -0.0000
vn -0.0000 0.0554 0.9985
vn -0.0000 0.0694 0.9976
vn -0.9858 0.1682 -0.0000
vn -0.9833 0.1820 -0.0000
vn -0.0000 -0.0694 -0.9976
vn -0.0000 -0.0554 -0.9985
vn -0.9389 0.3443 -0.0000
vn 0.0381 -0.8726 -0.4870
vn 0.1335 -0.8748 -0.4658
vn 0.1228 -0.9357 -0.3308
vn 0.0292 -0.9389 -0.3430
vn 0.2878 -0.8612 -0.4190
vn 0.2267 -0.9284 -0.2944
vn 0.4176 -0.8624 -0.2863
vn 0.2936 -0.9287 -0.2266
vn 0.0500 -0.9900 -0.1321
vn 0.0126 -0.9908 -0.1344
vn 0.0950 -0.9876 -0.1246
vn 0.1247 -0.9876 -0.0950
vn 0.4870 -0.8726 -0.0381
vn 0.3430 -0.9389 -0.0292
vn 0.3297 -0.9362 -0.1213
vn 0.4644 -0.8754 -0.1343
vn 0.1344 -0.9909 -0.0126
vn 0.1322 -0.9900 -0.0499
vn 0.0689 -0.9976 -0.0087
vn 0.0704 -0.9969 -0.0354
vn 0.0703 -0.9951 -0.0702
vn 0.0074 -0.9999 -0.0074
vn 0.0078 -0.9995 -0.0306
vn 0.0323 -0.9990 -0.0324
vn 0.0307 -0.9995 -0.0078
vn 0.0087 -0.9976 -0.0690
vn 0.0353 -0.9969 -0.0704
vn -0.0381 -0.8726 -0.4870
vn -0.0292 -0.9389 -0.3430
vn -0.1213 -0.9362 -0.3297
vn -0.1343 -0.8753 -0.4645
vn -0.0126 -0.9909 -0.1344
vn -0.0500 -0.9900 -0.1321
vn -0.0087 -0.9976 -0.0689
vn -0.0354 -0.9969 -0.0704
vn -0.2266 -0.9287 -0.2935
vn -0.2862 -0.8624 -0.4176
vn -0.0950 -0.9876 -0.1246
vn -0.0702 -0.9951 -0.0703
vn -0.0074 -0.9999 -0.0074
vn -0.0307 -0.9995 -0.0078
vn -0.0324 -0.9990 -0.0323
vn -0.0078 -0.9995 -0.0307
vn -0.0690 -0.9976 -0.0087
vn -0.0704 -0.9969 -0.0353
vn -0.1344 -0.9908 -0.0126
vn -0.1321 -0.9900 -0.0500
vn -0.1246 -0.9876 -0.0950
vn -0.4871 -0.8725 -0.0381
vn -0.4658 -0.8748 -0.1335
vn -0.3307 -0.9357 -0.1228
vn -0.3430 -0.9389 -0.0292
vn -0.4188 -0.8612 -0.2879
vn -0.2943 -0.9285 -0.2266
vn -0.0381 -0.8726 0.4870
vn -0.1334 -0.8748 0.4658
vn -0.1228 -0.9357 0.3308
vn -0.0292 -0.9389 0.3430
vn -0.2878 -0.8611 0.4190
vn -0.2267 -0.9284 0.2944
vn -0.4176 -0.8624 0.2862
vn -0.2936 -0.9287 0.2266
vn -0.0500 -0.9900 0.1321
vn -0.0126 -0.9908 0.1344
vn -0.0950 -0.9876 0.1246
vn -0.1246 -0.9876 0.0950
vn -0.4870 -0.8726 0.0381
vn -0.3430 -0.9389 0.0292
vn -0.3297 -0.9363 0.1213
vn -0.4644 -0.8754 0.1343
vn -0.1344 -0.9909 0.0126
vn -0.1321 -0.9900 0.0499
vn -0.0689 -0.9976 0.0087
vn -0.0704 -0.9969 0.0354
vn -0.0703 -0.9951 0.0702
vn -0.0074 -0.9999 0.0074
vn -0.0078 -0.9995 0.0306
vn -0.0323 -0.9990 0.0324
vn -0.0307 -0.9995 0.0078
vn -0.0087 -0.9976 0.0690
vn -0.0353 -0.9969 0.0704
vn 0.0381 -0.8726 0.4870
vn 0.0292 -0.9389 0.3430
vn 0.1213 -0.9362 0.3298
vn 0.1343 -0.8753 0.4645
vn 0.0126 -0.9909 0.1344
vn 0.0500 -0.9900 0.1321
vn 0.0088 -0.9976 0.0689
vn 0.0354 -0.9969 0.0704
vn 0.2266 -0.9287 0.2936
vn 0.2862 -0.8623 0.4176
vn 0.0950 -0.9876 0.1246
vn 0.0702 -0.9951 0.0703
vn 0.0074 -0.9999 0.0074
vn 0.0306 -0.9995 0.0078
vn 0.0324 -0.9990 0.0323
vn 0.0079 -0.9995 0.0307
vn 0.0690 -0.9976 0.0087
vn 0.0703 -0.9969 0.0353
vn 0.1344 -0.9908 0.0126
vn 0.1321 -0.9900 0.0500
vn 0.1246 -0.9876 0.0950
vn 0.4871 -0.8725 0.0381
vn 0.4659 -0.8747 0.1335
vn 0.3308 -0.9357 0.1228
vn 0.3430 -0.9389 0.0292
vn 0.4190 -0.8611 0.2879
vn 0.2943 -0.9284 0.2267
vn 0.0381 0.8726 -0.4870
vn 0.0291 0.9389 -0.3430
vn 0.1213 0.9362 -0.3297
vn 0.1343 0.8753 -0.4646
vn 0.0125 0.9909 -0.1344
vn 0.0500 0.9900 -0.1321
vn 0.0087 0.9976 -0.0689
vn 0.0354 0.9969 -0.0704
vn 0.2266 0.9287 -0.2935
vn 0.2862 0.8624 -0.4176
vn 0.0950 0.9876 -0.1246
vn 0.0703 0.9950 -0.0703
vn 0.0074 0.9999 -0.0074
vn 0.0306 0.9995 -0.0078
vn 0.0324 0.9990 -0.0323
vn 0.0078 0.9995 -0.0307
vn 0.0690 0.9976 -0.0087
vn 0.0704 0.9969 -0.0353
vn 0.1345 0.9908 -0.0126
vn 0.1321 0.9900 -0.0500
vn 0.1246 0.9877 -0.0950
vn 0.4869 0.8726 -0.0381
vn 0.4658 0.8748 -0.1335
vn 0.3308 0.9357 -0.1228
vn 0.3430 0.9389 -0.0292
vn 0.4190 0.8611 -0.2878
vn 0.2943 0.9285 -0.2266
vn -0.0381 0.8726 -0.4870
vn -0.1335 0.8747 -0.4658
vn -0.1228 0.9357 -0.3308
vn -0.0292 0.9389 -0.3430
vn -0.2879 0.8612 -0.4189
vn -0.2267 0.9284 -0.2943
vn -0.4175 0.8624 -0.2863
vn -0.2935 0.9287 -0.2266
vn -0.0500 0.9900 -0.1321
vn -0.0126 0.9908 -0.1344
vn -0.0950 0.9876 -0.1246
vn -0.1246 0.9876 -0.0950
vn -0.4869 0.8726 -0.0381
vn -0.3430 0.9389 -0.0292
vn -0.3297 0.9363 -0.1213
vn -0.4645 0.8753 -0.1343
vn -0.1344 0.9909 -0.0126
vn -0.1321 0.9900 -0.0499
vn -0.0690 0.9976 -0.0087
vn -0.0704 0.9969 -0.0354
vn -0.0703 0.9951 -0.0703
vn -0.0074 0.9999 -0.0074
vn -0.0078 0.9995 -0.0306
vn -0.0323 0.9990 -0.0324
vn -0.0307 0.9995 -0.0078
vn -0.0087 0.9976 -0.0690
vn -0.0354 0.9969 -0.0704
vn -0.0381 0.8726 0.4870
vn -0.0291 0.9389 0.3430
vn -0.1213 0.9362 0.3298
vn -0.1343 0.8753 0.4646
vn -0.0125 0.9909 0.1344
vn -0.0500 0.9900 0.1321
vn -0.0087 0.9976 0.0689
vn -0.0354 0.9969 0.0704
vn -0.2266 0.9287 0.2935
vn -0.2863 0.8623 0.4177
vn -0.0950 0.9876 0.1246
vn -0.0703 0.9950 0.0703
vn -0.0074 0.9999 0.0074
vn -0.0306 0.9995 0.0078
vn -0.0324 0.9990 0.0323
vn -0.0078 0.9995 0.0307
vn -0.0690 0.9976 0.0087
vn -0.0704 0.9969 0.0353
vn -0.1345 0.9908 0.0126
vn -0.1321 0.9900 0.0500
vn -0.1246 0.9876 0.0950
vn -0.4869 0.8726 0.0381
vn -0.4657 0.8748 0.1335
vn -0.3307 0.9357 0.1228
vn -0.3430 0.9389 0.0292
vn -0.4190 0.8612 0.2878
vn -0.2943 0.9284 0.2266
vn 0.0381 0.8726 0.4870
vn 0.1335 0.8748 0.4658
vn 0.1228 0.9357 0.3308
vn 0.0292 0.9389 0.3430
vn 0.2879 0.8612 0.4189
vn 0.2266 0.9284 0.2943
vn 0.4176 0.8624 0.2863
vn 0.2935 0.9287 0.2266
vn 0.0500 0.9900 0.1321
vn 0.0126 0.9908 0.1344
vn 0.0950 0.9876 0.1246
vn 0.1246 0.9876 0.0950
vn 0.4869 0.8726 0.0381
vn 0.3430 0.9389 0.0292
vn 0.3297 0.9362 0.1213
vn 0.4645 0.8753 0.1343
vn 0.1344 0.9909 0.0126
vn 0.1321 0.9900 0.0499
vn 0.0689 0.9976 0.0087
vn 0.0704 0.9969 0.0354
vn 0.0703 0.9950 0.0703
vn 0.0074 0.9999 0.0074
vn 0.0078 0.9995 0.0306
vn 0.0323 0.9990 0.0324
vn 0.0307 0.9995 0.0078
vn 0.0087 0.9976 0.0690
vn 0.0354 0.9969 0.0704
vn -0.0785 -0.0000 0.9969
vn -0.3090 -0.0000 0.9511
vn -0.5878 -0.0000 0.8090
vn -0.8090 -0.0000 0.5878
vn -0.9511 -0.0000 0.3090
vn -0.9969 -0.0000 0.0785
vn -0.0785 -0.0000 -0.9969
vn -0.3090 -0.0000 -0.9511
vn -0.5878 -0.0000 -0.8090
vn -0.8090 -0.0000 -0.5878
vn -0.9511 -0.0000 -0.3090
vn -0.9969 -0.0000 -0.0785
vn 0.9969 -0.0000 -0.0785
vn 0.9511 -0.0000 -0.3090
vn 0.8090 -0.0000 -0.5878
vn 0.5878 -0.0000 -0.8090
vn 0.3090 -0.0000 -0.9511
vn 0.0785 -0.0000 -0.9969
vn 0.0785 -0.0000 0.9969
vn 0.3090 -0.0000 0.9511
vn 0.5878 -0.0000 0.8090
vn 0.8090 -0.0000 0.5878
vn 0.9511 -0.0000 0.3090
vn 0.9969 -0.0000 0.0785
vn -0.0000 0.9948 -0.1019
vn -0.0000 0.9791 -0.2036
vn -0.0000 0.9157 -0.4018
vn -0.0000 -0.9948 0.1019
vn -0.0000 -0.9791 0.2036
vn -0.0000 -0.9157 0.4018
vn -0.0000 -0.8090 0.5879
vn -0.0000 0.8090 -0.5879
vn -0.0000 0.6585 -0.7525
vn -0.0000 -0.6585 0.7525
vn -0.0000 -0.4672 0.8842
vn -0.0000 0.4672 -0.8842
vn -0.0000 -0.2429 0.9700
vn -0.0000 0.2429 -0.9700
vn -0.0000 0.0694 -0.9976
vn -0.0000 0.0554 -0.9985
vn -0.0000 -0.0554 0.9985
vn -0.0000 -0.0694 0.9976
vn 0.1228 -0.9357 0.3308
vn 0.1335 -0.8748 0.4658
vn 0.2267 -0.9284 0.2944
vn 0.2879 -0.8611 0.4190
vn 0.2936 -0.9287 0.2266
vn 0.4176 -0.8623 0.2862
vn 0.0126 -0.9908 0.1344
vn 0.1247 -0.9876 0.0950
vn 0.4869 -0.8726 0.0381
vn 0.4644 -0.8754 0.1343
vn 0.3297 -0.9362 0.1213
vn 0.1321 -0.9900 0.0499
vn 0.1344 -0.9909 0.0126
vn 0.0704 -0.9969 0.0354
vn 0.0689 -0.9976 0.0087
vn 0.0703 -0.9951 0.0702
vn 0.0307 -0.9995 0.0078
vn 0.0323 -0.9990 0.0324
vn 0.0078 -0.9995 0.0306
vn 0.0353 -0.9969 0.0704
vn 0.0087 -0.9976 0.0690
vn -0.1343 -0.8753 0.4645
vn -0.1213 -0.9362 0.3298
vn -0.0499 -0.9900 0.1321
vn -0.0126 -0.9909 0.1344
vn -0.0354 -0.9969 0.0704
vn -0.0088 -0.9976 0.0689
vn -0.2863 -0.8623 0.4177
vn -0.2266 -0.9287 0.2936
vn -0.0702 -0.9951 0.0703
vn -0.0079 -0.9995 0.0307
vn -0.0324 -0.9990 0.0323
vn -0.0306 -0.9995 0.0078
vn -0.0703 -0.9969 0.0353
vn -0.0690 -0.9976 0.0087
vn -0.1321 -0.9900 0.0500
vn -0.1344 -0.9908 0.0126
vn -0.4871 -0.8725 0.0381
vn -0.3308 -0.9357 0.1228
vn -0.4658 -0.8748 0.1335
vn -0.2943 -0.9284 0.2267
vn -0.4189 -0.8612 0.2879
vn -0.1228 -0.9357 -0.3308
vn -0.1335 -0.8748 -0.4658
vn -0.2267 -0.9284 -0.2944
vn -0.2879 -0.8611 -0.4190
vn -0.2936 -0.9287 -0.2266
vn -0.4175 -0.8624 -0.2862
vn -0.0126 -0.9908 -0.1344
vn -0.1247 -0.9876 -0.0950
vn -0.4869 -0.8726 -0.0381
vn -0.4643 -0.8754 -0.1343
vn -0.3297 -0.9363 -0.1213
vn -0.1322 -0.9900 -0.0499
vn -0.1344 -0.9909 -0.0126
vn -0.0704 -0.9969 -0.0354
vn -0.0689 -0.9976 -0.0087
vn -0.0703 -0.9951 -0.0702
vn -0.0323 -0.9990 -0.0324
vn -0.0078 -0.9995 -0.0306
vn -0.0353 -0.9969 -0.0704
vn -0.0087 -0.9976 -0.0690
vn 0.1343 -0.8753 -0.4645
vn 0.1213 -0.9362 -0.3297
vn 0.0499 -0.9900 -0.1321
vn 0.0126 -0.9909 -0.1344
vn 0.0354 -0.9969 -0.0704
vn 0.0087 -0.9976 -0.0689
vn 0.2862 -0.8624 -0.4176
vn 0.2266 -0.9287 -0.2935
vn 0.0702 -0.9951 -0.0703
vn 0.0079 -0.9995 -0.0307
vn 0.0324 -0.9990 -0.0323
vn 0.0306 -0.9995 -0.0078
vn 0.0704 -0.9969 -0.0353
vn 0.0690 -0.9976 -0.0087
vn 0.1321 -0.9900 -0.0500
vn 0.1344 -0.9908 -0.0126
vn 0.1246 -0.9876 -0.0950
vn 0.4871 -0.8725 -0.0381
vn 0.3308 -0.9357 -0.1228
vn 0.4658 -0.8747 -0.1335
vn 0.2944 -0.9284 -0.2267
vn 0.4189 -0.8612 -0.2879
vn 0.1343 0.8753 0.4646
vn 0.1213 0.9362 0.3298
vn 0.0291 0.9389 0.3430
vn 0.0125 0.9909 0.1344
vn 0.0087 0.9976 0.0689
vn 0.2863 0.8623 0.4176
vn 0.2266 0.9287 0.2935
vn 0.0703 0.9951 0.0703
vn 0.0078 0.9995 0.0307
vn 0.0324 0.9990 0.0323
vn 0.0306 0.9995 0.0078
vn 0.0704 0.9969 0.0353
vn 0.0690 0.9976 0.0087
vn 0.1321 0.9900 0.0500
vn 0.1345 0.9908 0.0126
vn 0.3308 0.9357 0.1228
vn 0.4658 0.8748 0.1335
vn 0.2944 0.9284 0.2267
vn 0.4190 0.8611 0.2879
vn -0.0292 0.9389 0.3430
vn -0.1228 0.9357 0.3308
vn -0.1335 0.8748 0.4658
vn -0.2266 0.9284 0.2943
vn -0.2879 0.8612 0.4189
vn -0.2935 0.9287 0.2266
vn -0.4176 0.8624 0.2862
vn -0.0126 0.9908 0.1344
vn -0.4870 0.8726 0.0381
vn -0.4646 0.8753 0.1343
vn -0.3298 0.9362 0.1213
vn -0.1321 0.9900 0.0499
vn -0.1344 0.9908 0.0126
vn -0.0704 0.9969 0.0354
vn -0.0689 0.9976 0.0087
vn -0.0307 0.9995 0.0078
vn -0.0323 0.9990 0.0324
vn -0.0078 0.9995 0.0306
vn -0.0087 0.9976 0.0690
vn -0.1343 0.8753 -0.4646
vn -0.1213 0.9362 -0.3298
vn -0.0291 0.9389 -0.3430
vn -0.0125 0.9909 -0.1344
vn -0.0087 0.9976 -0.0689
vn -0.2863 0.8623 -0.4176
vn -0.2266 0.9287 -0.2935
vn -0.0703 0.9950 -0.0703
vn -0.0078 0.9995 -0.0307
vn -0.0324 0.9990 -0.0323
vn -0.0306 0.9995 -0.0078
vn -0.0704 0.9969 -0.0353
vn -0.1321 0.9900 -0.0500
vn -0.1345 0.9908 -0.0126
vn -0.3308 0.9357 -0.1228
vn -0.4658 0.8748 -0.1335
vn -0.2943 0.9284 -0.2266
vn -0.4190 0.8612 -0.2878
vn 0.0292 0.9389 -0.3430
vn 0.1228 0.9357 -0.3308
vn 0.1335 0.8748 -0.4658
vn 0.2266 0.9284 -0.2943
vn 0.2879 0.8612 -0.4189
vn 0.2935 0.9287 -0.2266
vn 0.4175 0.8624 -0.2863
vn 0.0126 0.9908 -0.1344
vn 0.1246 0.9876 -0.0950
vn 0.4870 0.8726 -0.0381
vn 0.4646 0.8753 -0.1343
vn 0.3297 0.9363 -0.1213
vn 0.1321 0.9900 -0.0499
vn 0.1344 0.9908 -0.0126
vn 0.0705 0.9969 -0.0354
vn 0.0307 0.9995 -0.0078
vn 0.0323 0.9990 -0.0324
vn 0.0078 0.9995 -0.0306
vn 0.0087 0.9976 -0.0690
vn -0.3873 0.0249 0.9216
vn -0.0012 0.0249 0.9997
vn -0.0010 0.1152 0.9933
vn -0.3863 0.1130 0.9154
vn 0.3760 0.0263 0.9262
vn 0.3774 0.1151 0.9189
vn -0.0008 0.3515 0.9362
vn -0.3675 0.3277 0.8704
vn 0.3608 0.3299 0.8724
vn -0.7472 0.0022 0.6646
vn -0.3869 0.0022 0.9221
vn -0.7470 0.0245 0.6644
vn -0.0014 0.0023 1.0000
vn 0.3734 0.0031 0.9277
vn 0.7180 0.0052 0.6960
vn 0.7227 0.0299 0.6905
vn 0.7237 0.1173 0.6801
vn 0.6982 0.3080 0.6463
vn 0.6169 0.5565 0.5565
vn 0.3428 0.6643 0.6643
vn -0.0008 0.7071 0.7071
vn -0.3485 0.6628 0.6628
vn -0.7142 0.2981 0.6333
vn -0.6309 0.5486 0.5486
vn -0.7430 0.1089 0.6603
vn -0.3901 0.9204 -0.0248
vn -0.0012 0.9997 -0.0249
vn -0.0010 0.9933 -0.1152
vn -0.3959 0.9114 -0.1122
vn 0.3786 0.9252 -0.0264
vn 0.3866 0.9151 -0.1144
vn -0.0008 0.9362 -0.3515
vn -0.3675 0.8704 -0.3277
vn 0.3608 0.8724 -0.3299
vn -0.7472 0.6646 -0.0022
vn -0.3873 0.9219 -0.0022
vn -0.7470 0.6644 -0.0245
vn -0.0014 1.0000 -0.0023
vn 0.3734 0.9277 -0.0031
vn 0.7180 0.6960 -0.0052
vn 0.7227 0.6905 -0.0299
vn 0.7237 0.6801 -0.1173
vn 0.6982 0.6463 -0.3080
vn 0.6169 0.5565 -0.5565
vn 0.3428 0.6643 -0.6643
vn -0.0008 0.7071 -0.7071
vn -0.3485 0.6628 -0.6628
vn -0.7142 0.6333 -0.2981
vn -0.6309 0.5486 -0.5486
vn -0.7430 0.6603 -0.1089
vn -0.3873 -0.0249 -0.9216
vn -0.0012 -0.0249 -0.9997
vn -0.0010 -0.1152 -0.9933
vn -0.3863 -0.1130 -0.9154
vn 0.3760 -0.0263 -0.9262
vn 0.3774 -0.1151 -0.9189
vn -0.0008 -0.3515 -0.9362
vn -0.3675 -0.3277 -0.8704
vn 0.3608 -0.3299 -0.8724
vn -0.7472 -0.0022 -0.6646
vn -0.3869 -0.0022 -0.9221
vn -0.7470 -0.0245 -0.6644
vn -0.0014 -0.0023 -1.0000
vn 0.3734 -0.0031 -0.9277
vn 0.7180 -0.0052 -0.6960
vn 0.7227 -0.0299 -0.6905
vn 0.7237 -0.1173 -0.6801
vn 0.6982 -0.3080 -0.6463
vn 0.6169 -0.5565 -0.5565
vn 0.3428 -0.6643 -0.6643
vn -0.0008 -0.7071 -0.7071
vn -0.3485 -0.6628 -0.6628
vn -0.7142 -0.2981 -0.6333
vn -0.6309 -0.5486 -0.5486
vn -0.7430 -0.1089 -0.6603
vn -0.3901 -0.9204 0.0248
vn -0.0012 -0.9997 0.0249
vn -0.0010 -0.9933 0.1152
vn -0.3959 -0.9114 0.1122
vn 0.3786 -0.9252 0.0264
vn 0.3866 -0.9151 0.1144
vn -0.0008 -0.9362 0.3515
vn -0.3675 -0.8704 0.3277
vn 0.3608 -0.8724 0.3299
vn -0.7472 -0.6646 0.0022
vn -0.3869 -0.9221 0.0022
vn -0.7470 -0.6644 0.0245
vn -0.0014 -1.0000 0.0023
vn 0.3738 -0.9275 0.0031
vn 0.7180 -0.6960 0.0052
vn 0.7227 -0.6905 0.0299
vn 0.7237 -0.6801 0.1173
vn 0.6982 -0.6463 0.3080
vn 0.6169 -0.5565 0.5565
vn 0.3428 -0.6643 0.6643
vn -0.0008 -0.7071 0.7071
vn -0.3485 -0.6628 0.6628
vn -0.7142 -0.6333 0.2981
vn -0.6309 -0.5486 0.5486
vn -0.7430 -0.6603 0.1089
vn -0.9995 -0.0234 -0.0234
vn -0.9988 -0.0232 -0.0424
vn -0.9982 -0.0421 -0.0421
vn -0.9988 -0.0424 -0.0232
vn -0.9852 -0.0228 -0.1699
vn -0.9456 -0.0233 -0.3244
vn -0.9408 -0.1054 -0.3223
vn -0.9838 -0.1267 -0.1267
vn -0.9852 -0.1699 -0.0228
vn -0.9408 -0.3223 -0.1054
vn -0.9456 -0.3244 -0.0233
vn -0.9012 -0.3065 -0.3065
vn -1.0000 -0.0022 -0.0022
vn -0.9997 -0.0021 -0.0235
vn -0.9997 -0.0235 -0.0021
vn -0.9991 -0.0021 -0.0427
vn -0.9853 -0.0021 -0.1705
vn -0.9459 -0.0021 -0.3246
vn -0.7142 -0.6333 -0.2981
vn -0.7430 -0.6603 -0.1089
vn -0.7470 -0.6644 -0.0245
vn -0.9459 -0.3246 -0.0021
vn -0.7472 -0.6646 -0.0022
vn -0.9853 -0.1705 -0.0021
vn -0.9991 -0.0427 -0.0021
vn 0.9975 -0.0497 0.0497
vn 0.9883 -0.0425 0.1467
vn 0.9815 -0.1355 0.1355
vn 0.9883 -0.1467 0.0425
vn 0.9284 -0.0355 0.3700
vn 0.9259 -0.1244 0.3567
vn 0.9259 -0.3567 0.1244
vn 0.9284 -0.3700 0.0355
vn 0.8852 -0.3290 0.3290
vn 0.9996 -0.0197 0.0197
vn 0.9983 -0.0166 0.0556
vn 0.9983 -0.0556 0.0166
vn 0.9877 -0.0127 0.1555
vn 0.9252 -0.0087 0.3794
vn 0.7180 -0.0052 0.6960
vn 0.7227 -0.0299 0.6905
vn 0.7237 -0.1173 0.6801
vn 0.6982 -0.3080 0.6463
vn 0.9252 -0.3794 0.0087
vn 0.9877 -0.1555 0.0127
vn 0.9284 -0.0355 -0.3700
vn 0.9883 -0.0425 -0.1467
vn 0.9815 -0.1355 -0.1355
vn 0.9259 -0.1244 -0.3567
vn 0.9975 -0.0497 -0.0497
vn 0.9883 -0.1467 -0.0425
vn 0.9259 -0.3567 -0.1244
vn 0.8852 -0.3290 -0.3290
vn 0.9284 -0.3700 -0.0355
vn 0.9252 -0.0087 -0.3794
vn 0.9877 -0.0127 -0.1555
vn 0.9983 -0.0166 -0.0556
vn 0.9996 -0.0197 -0.0197
vn 0.9983 -0.0556 -0.0166
vn 0.9877 -0.1555 -0.0127
vn 0.9252 -0.3794 -0.0087
vn 0.7180 -0.6960 -0.0052
vn 0.7227 -0.6905 -0.0299
vn 0.7237 -0.6801 -0.1173
vn 0.6982 -0.6463 -0.3080
vn 0.9982 -0.0592 -0.0060
vn 0.9982 -0.0604 -0.0000
vn 0.9867 -0.1628 -0.0000
vn 0.9869 -0.1610 -0.0044
vn 0.9982 -0.0592 0.0060
vn 0.9869 -0.1610 0.0044
vn 0.9219 -0.3875 -0.0000
vn 0.9227 -0.3854 -0.0027
vn 0.9227 -0.3854 0.0027
vn 0.9997 -0.0217 -0.0073
vn 0.9998 -0.0223 -0.0000
vn 0.9997 -0.0217 0.0073
vn 0.7148 -0.6994 0.0012
vn 0.7136 -0.7005 -0.0000
vn 0.7147 -0.6994 -0.0012
vn -0.9456 -0.0233 0.3244
vn -0.9852 -0.0228 0.1699
vn -0.9838 -0.1267 0.1267
vn -0.9408 -0.1054 0.3223
vn -0.9988 -0.0232 0.0424
vn -0.9995 -0.0234 0.0234
vn -0.9988 -0.0424 0.0232
vn -0.9982 -0.0421 0.0421
vn -0.9408 -0.3223 0.1054
vn -0.9012 -0.3065 0.3065
vn -0.9852 -0.1699 0.0228
vn -0.9456 -0.3244 0.0233
vn -0.7472 -0.0022 0.6646
vn -0.9459 -0.0021 0.3246
vn -0.7470 -0.0245 0.6644
vn -0.9853 -0.0021 0.1705
vn -0.9991 -0.0021 0.0427
vn -0.9997 -0.0021 0.0235
vn -1.0000 -0.0022 0.0022
vn -0.9997 -0.0235 0.0021
vn -0.9991 -0.0427 0.0021
vn -0.9853 -0.1705 0.0021
vn -0.9459 -0.3246 0.0021
vn -0.7142 -0.2981 0.6333
vn -0.7430 -0.1089 0.6603
vn -0.9997 -0.0236 -0.0000
vn -0.9991 -0.0428 -0.0000
vn -0.9853 -0.1706 -0.0000
vn -0.9459 -0.3246 -0.0000
vn -1.0000 -0.0022 -0.0000
vn -0.7472 -0.6646 -0.0000
vn -0.3675 -0.8704 -0.3277
vn -0.0008 -0.9362 -0.3515
vn -0.0010 -0.9933 -0.1152
vn -0.3959 -0.9113 -0.1133
vn 0.3608 -0.8724 -0.3299
vn 0.3866 -0.9151 -0.1144
vn -0.0012 -0.9997 -0.0249
vn -0.3901 -0.9204 -0.0249
vn 0.3786 -0.9252 -0.0263
vn 0.3734 -0.9277 -0.0031
vn -0.0014 -1.0000 -0.0023
vn -0.3869 -0.9221 -0.0022
vn -0.3867 -0.9222 -0.0000
vn -0.0016 -1.0000 -0.0000
vn -0.0017 -1.0000 -0.0000
vn 0.3718 -0.9283 -0.0003
vn 0.3712 -0.9285 -0.0000
vn 0.3718 -0.9283 0.0003
vn -0.3675 0.8704 0.3277
vn -0.0008 0.9362 0.3515
vn -0.0010 0.9933 0.1152
vn -0.3959 0.9113 0.1133
vn 0.3607 0.8724 0.3299
vn 0.3866 0.9151 0.1144
vn -0.0012 0.9997 0.0249
vn -0.3901 0.9204 0.0249
vn 0.3786 0.9252 0.0263
vn -0.7142 0.6333 0.2981
vn 0.6982 0.6463 0.3080
vn 0.7237 0.6801 0.1173
vn 0.7227 0.6905 0.0299
vn 0.7180 0.6960 0.0052
vn 0.3739 0.9275 0.0031
vn -0.0014 1.0000 0.0023
vn -0.3873 0.9219 0.0022
vn -0.7470 0.6644 0.0245
vn -0.7472 0.6646 0.0022
vn -0.7430 0.6603 0.1089
vn -0.3867 0.9222 -0.0000
vn -0.0016 1.0000 -0.0000
vn -0.0017 1.0000 -0.0000
vn 0.3718 0.9283 0.0003
vn 0.3712 0.9285 -0.0000
vn 0.3718 0.9283 -0.0003
vn -0.7472 0.6646 -0.0000
vn 0.7147 0.6994 0.0012
vn 0.7136 0.7005 -0.0000
vn 0.7147 0.6994 -0.0012
vn -0.9459 0.3246 -0.0000
vn -0.9853 0.1706 -0.0000
vn -0.9991 0.0428 -0.0000
vn -0.9997 0.0236 -0.0000
vn -0.9459 0.3246 0.0021
vn -0.9459 0.3246 -0.0021
vn -0.9853 0.1705 -0.0021
vn -0.9991 0.0427 -0.0021
vn -0.9997 0.0235 -0.0021
vn -1.0000 0.0022 -0.0022
vn -1.0000 0.0022 -0.0000
vn -0.9997 0.0235 0.0021
vn -1.0000 0.0022 0.0022
vn -0.9991 0.0427 0.0021
vn -0.9853 0.1705 0.0021
vn -1.0000 -0.0000 0.0022
vn -1.0000 -0.0000 -0.0022
vn -0.9012 0.3065 0.3065
vn -0.9408 0.3223 0.1054
vn -0.9838 0.1267 0.1267
vn -0.9408 0.1054 0.3223
vn -0.9456 0.3244 0.0233
vn -0.9852 0.1699 0.0228
vn -0.9852 0.0228 0.1699
vn -0.9456 0.0233 0.3244
vn -0.9982 0.0422 0.0421
vn -0.9988 0.0424 0.0232
vn -0.9995 0.0234 0.0234
vn -0.9988 0.0232 0.0424
vn -0.9997 0.0021 0.0235
vn -0.9991 0.0021 0.0427
vn -0.9853 0.0021 0.1705
vn -0.9459 0.0021 0.3246
vn -0.9459 -0.0000 0.3246
vn -0.9853 -0.0000 0.1706
vn -0.9991 -0.0000 0.0428
vn -0.9997 -0.0000 0.0236
vn -0.7472 -0.0000 0.6646
vn 0.9227 0.3854 -0.0027
vn 0.9219 0.3875 -0.0000
vn 0.9867 0.1628 -0.0000
vn 0.9869 0.1610 -0.0044
vn 0.9227 0.3854 0.0027
vn 0.9869 0.1610 0.0044
vn 0.9982 0.0604 -0.0000
vn 0.9982 0.0592 -0.0060
vn 0.9982 0.0592 0.0060
vn 0.9252 0.3794 -0.0087
vn 0.9252 0.3794 0.0087
vn 0.9877 0.1555 0.0127
vn 0.9983 0.0556 0.0166
vn 0.9996 0.0197 0.0197
vn 0.9997 0.0217 0.0073
vn 0.9998 0.0223 -0.0000
vn 0.9997 0.0217 -0.0073
vn 0.9983 0.0556 -0.0166
vn 0.9996 0.0197 -0.0197
vn 0.9877 0.1555 -0.0127
vn 0.9999 0.0081 -0.0081
vn 1.0000 0.0084 -0.0000
vn 1.0000 -0.0000 -0.0084
vn 0.9999 0.0081 0.0081
vn 1.0000 -0.0000 0.0084
vn 1.0000 -0.0084 -0.0000
vn 0.9999 -0.0081 -0.0081
vn 0.9999 -0.0081 0.0081
vn 0.9997 0.0073 -0.0217
vn 0.9997 0.0073 0.0217
vn 0.9998 -0.0000 0.0223
vn 0.9997 -0.0073 0.0217
vn 0.9997 -0.0073 -0.0217
vn 0.9998 -0.0000 -0.0223
vn 0.8852 0.3290 -0.3290
vn 0.9259 0.3567 -0.1244
vn 0.9815 0.1355 -0.1355
vn 0.9259 0.1244 -0.3567
vn 0.9284 0.3700 -0.0355
vn 0.9883 0.1467 -0.0425
vn 0.9883 0.0425 -0.1467
vn 0.9284 0.0355 -0.3700
vn 0.9975 0.0497 -0.0497
vn 0.6982 0.3080 -0.6463
vn 0.9983 0.0166 -0.0556
vn 0.9877 0.0127 -0.1555
vn 0.9252 0.0087 -0.3794
vn 0.7227 0.0299 -0.6905
vn 0.7180 0.0052 -0.6960
vn 0.7237 0.1173 -0.6801
vn 0.9227 0.0027 -0.3854
vn 0.9869 0.0044 -0.1610
vn 0.9867 -0.0000 -0.1628
vn 0.9219 -0.0000 -0.3875
vn 0.9982 0.0060 -0.0592
vn 0.9982 -0.0000 -0.0604
vn 0.9869 -0.0044 -0.1610
vn 0.9227 -0.0027 -0.3854
vn 0.9982 -0.0060 -0.0592
vn 0.7147 0.0012 -0.6994
vn 0.7148 -0.0012 -0.6994
vn 0.7136 -0.0000 -0.7005
vn 0.9284 0.3700 0.0355
vn 0.9259 0.3567 0.1244
vn 0.9815 0.1355 0.1355
vn 0.9883 0.1467 0.0425
vn 0.8852 0.3290 0.3290
vn 0.9259 0.1244 0.3567
vn 0.9883 0.0425 0.1467
vn 0.9975 0.0497 0.0497
vn 0.9284 0.0355 0.3700
vn 0.9252 0.0087 0.3794
vn 0.9877 0.0127 0.1555
vn 0.9983 0.0166 0.0556
vn 0.9982 0.0060 0.0592
vn 0.9869 0.0044 0.1610
vn 0.9867 -0.0000 0.1628
vn 0.9982 -0.0000 0.0604
vn 0.9227 0.0027 0.3854
vn 0.9219 -0.0000 0.3875
vn 0.9869 -0.0044 0.1610
vn 0.9982 -0.0060 0.0592
vn 0.9227 -0.0027 0.3854
vn 0.7147 0.0012 0.6994
vn 0.7136 -0.0000 0.7005
vn 0.7147 -0.0012 0.6994
vn -0.9456 0.3244 -0.0233
vn -0.9408 0.3223 -0.1054
vn -0.9838 0.1267 -0.1267
vn -0.9852 0.1699 -0.0228
vn -0.9012 0.3065 -0.3065
vn -0.9408 0.1054 -0.3223
vn -0.9988 0.0424 -0.0232
vn -0.9982 0.0422 -0.0421
vn -0.9988 0.0232 -0.0424
vn -0.9995 0.0234 -0.0234
vn -0.9456 0.0233 -0.3244
vn -0.9852 0.0228 -0.1699
vn -0.7142 0.2981 -0.6333
vn -0.7430 0.1089 -0.6603
vn -0.7470 0.0245 -0.6644
vn -0.7472 0.0022 -0.6646
vn -0.9459 0.0021 -0.3246
vn -0.9853 0.0021 -0.1705
vn -0.9991 0.0021 -0.0427
vn -0.9997 0.0021 -0.0235
vn -0.9997 -0.0000 -0.0236
vn -0.9991 -0.0000 -0.0428
vn -0.9853 -0.0000 -0.1706
vn -0.9459 -0.0000 -0.3246
vn -0.7472 -0.0000 -0.6646
vn -0.3675 0.3277 -0.8704
vn -0.0008 0.3515 -0.9362
vn -0.0010 0.1152 -0.9933
vn -0.3863 0.1130 -0.9154
vn 0.3607 0.3299 -0.8724
vn 0.3774 0.1151 -0.9189
vn -0.0012 0.0249 -0.9997
vn -0.3873 0.0249 -0.9216
vn 0.3760 0.0263 -0.9262
vn 0.3734 0.0031 -0.9277
vn -0.0014 0.0023 -1.0000
vn -0.3869 0.0022 -0.9221
vn -0.3867 -0.0000 -0.9222
vn -0.0016 -0.0000 -1.0000
vn -0.0017 -0.0000 -1.0000
vn 0.3718 0.0003 -0.9283
vn 0.3712 -0.0000 -0.9285
vn 0.3718 -0.0003 -0.9283
vn -0.3675 -0.3277 0.8704
vn -0.0008 -0.3515 0.9362
vn -0.0010 -0.1152 0.9933
vn -0.3863 -0.1130 0.9154
vn 0.3608 -0.3299 0.8724
vn 0.3774 -0.1151 0.9189
vn -0.0012 -0.0249 0.9997
vn -0.3873 -0.0249 0.9216
vn 0.3760 -0.0263 0.9262
vn 0.3734 -0.0031 0.9277
vn -0.0014 -0.0023 1.0000
vn -0.3869 -0.0022 0.9221
vn -0.3867 -0.0000 0.9222
vn -0.0016 -0.0000 1.0000
vn -0.0017 -0.0000 1.0000
vn 0.3718 -0.0003 0.9283
vn 0.3712 -0.0000 0.9285
vn 0.3718 0.0003 0.9283
vn 0.9239 -0.3827 -0.0000
vn 0.3827 -0.9239 -0.0000
vn -0.3827 -0.9239 -0.0000
vn -0.9239 -0.3827 -0.0000
vn -0.0000 -0.3827 0.9239
vn -0.0000 -0.9239 0.3827
vn -0.0000 -0.9239 -0.3827
vn -0.0000 -0.3827 -0.9239
vn -0.0000 0.1564 -0.9877
vn -0.0000 0.3090 -0.9511
vn -0.0000 0.5878 -0.8090
vn -0.0000 0.8090 -0.5878
vn -0.0000 0.9511 -0.3090
vn -0.0000 0.9877 -0.1564
vn -0.0000 0.9877 0.1564
vn -0.0000 0.9511 0.3090
vn -0.0000 0.8090 0.5878
vn -0.0000 0.5878 0.8090
vn -0.0000 0.3090 0.9511
vn -0.0000 0.1564 0.9877
vn -0.8946 -0.4461 -0.0265
vn -0.9996 -0.0014 -0.0274
vn -0.9920 -0.0011 -0.1261
vn -0.8881 -0.4438 -0.1199
vn -0.9003 0.4343 -0.0280
vn -0.8923 0.4346 -0.1223
vn -0.9257 -0.0009 -0.3782
vn -0.8392 -0.4205 -0.3450
vn -0.8417 0.4134 -0.3475
vn -0.6002 -0.7999 -0.0022
vn -0.8951 -0.4459 -0.0024
vn -0.6003 -0.7994 -0.0241
vn -1.0000 -0.0017 -0.0026
vn -0.9019 0.4319 -0.0032
vn -0.6321 0.7749 -0.0051
vn -0.6269 0.7786 -0.0295
vn -0.6176 0.7780 -0.1158
vn -0.5873 0.7498 -0.3048
vn -0.5005 0.6681 -0.5505
vn -0.6257 0.3843 -0.6788
vn -0.6791 -0.0009 -0.7340
vn -0.6241 -0.3903 -0.6769
vn -0.5741 -0.7640 -0.2944
vn -0.4923 -0.6813 -0.5417
vn -0.5975 -0.7947 -0.1073
vn 0.0223 -0.4163 -0.9089
vn 0.0227 -0.0013 -0.9997
vn 0.1051 -0.0010 -0.9945
vn 0.1014 -0.4155 -0.9039
vn 0.0236 0.4048 -0.9141
vn 0.1034 0.4065 -0.9078
vn 0.3257 -0.0009 -0.9455
vn 0.2983 -0.3993 -0.8669
vn 0.3004 0.3924 -0.8693
vn 0.0019 -0.7744 -0.6327
vn 0.0020 -0.4160 -0.9094
vn 0.0211 -0.7741 -0.6327
vn 0.0021 -0.0016 -1.0000
vn 0.0027 0.4022 -0.9156
vn 0.0045 0.7472 -0.6645
vn 0.0258 0.7515 -0.6592
vn 0.1015 0.7530 -0.6502
vn 0.2701 0.7331 -0.6242
vn 0.5005 0.6681 -0.5505
vn 0.6257 0.3843 -0.6788
vn 0.6791 -0.0009 -0.7340
vn 0.6241 -0.3903 -0.6769
vn 0.2609 -0.7479 -0.6105
vn 0.4923 -0.6813 -0.5417
vn 0.0941 -0.7709 -0.6300
vn 0.0193 -0.9996 -0.0212
vn 0.0192 -0.9991 -0.0386
vn 0.0348 -0.9987 -0.0383
vn 0.0351 -0.9992 -0.0211
vn 0.0189 -0.9878 -0.1549
vn 0.0194 -0.9541 -0.2989
vn 0.0883 -0.9506 -0.2976
vn 0.1053 -0.9877 -0.1157
vn 0.1411 -0.9898 -0.0208
vn 0.2738 -0.9568 -0.0978
vn 0.2750 -0.9612 -0.0216
vn 0.2616 -0.9216 -0.2867
vn 0.0018 -1.0000 -0.0020
vn 0.0018 -0.9998 -0.0214
vn 0.0195 -0.9998 -0.0020
vn 0.0018 -0.9992 -0.0389
vn 0.0017 -0.9878 -0.1554
vn 0.0018 -0.9542 -0.2990
vn 0.5741 -0.7640 -0.2944
vn 0.5975 -0.7947 -0.1073
vn 0.6003 -0.7994 -0.0241
vn 0.2749 -0.9615 -0.0020
vn 0.6002 -0.7999 -0.0022
vn 0.1416 -0.9899 -0.0019
vn 0.0353 -0.9994 -0.0019
vn 0.0296 0.9393 -0.3419
vn 0.0352 0.9904 -0.1338
vn 0.1127 0.9859 -0.1239
vn 0.1045 0.9381 -0.3303
vn 0.0411 0.9981 -0.0453
vn 0.1219 0.9918 -0.0388
vn 0.3042 0.9455 -0.1157
vn 0.2817 0.9085 -0.3087
vn 0.3153 0.9484 -0.0329
vn 0.0073 0.9364 -0.3508
vn 0.0105 0.9898 -0.1418
vn 0.0137 0.9986 -0.0505
vn 0.0163 0.9997 -0.0179
vn 0.0459 0.9988 -0.0151
vn 0.1293 0.9915 -0.0116
vn 0.3235 0.9462 -0.0080
vn 0.6321 0.7749 -0.0051
vn 0.6269 0.7786 -0.0295
vn 0.6176 0.7780 -0.1158
vn 0.5873 0.7498 -0.3048
vn 0.0490 0.9988 -0.0054
vn 0.0524 0.9986 -0.0000
vn 0.1354 0.9908 -0.0019
vn 0.1339 0.9910 -0.0040
vn 0.3306 0.9438 -0.0012
vn 0.3288 0.9444 -0.0025
vn 0.0179 0.9998 -0.0066
vn 0.0214 0.9998 -0.0000
vn 0.6367 0.7711 -0.0006
vn 0.6355 0.7721 -0.0012
vn 0.0195 -0.9998 -0.0000
vn 0.0354 -0.9994 -0.0000
vn 0.1417 -0.9899 -0.0000
vn 0.2749 -0.9615 -0.0000
vn 0.0018 -1.0000 -0.0000
vn 0.6002 -0.7999 -0.0000
vn 0.8392 -0.4205 -0.3450
vn 0.9257 -0.0009 -0.3783
vn 0.9920 -0.0011 -0.1261
vn 0.8881 -0.4438 -0.1199
vn 0.8417 0.4134 -0.3475
vn 0.8923 0.4346 -0.1223
vn 0.9996 -0.0014 -0.0274
vn 0.8946 -0.4461 -0.0265
vn 0.9003 0.4343 -0.0280
vn 0.9019 0.4319 -0.0032
vn 1.0000 -0.0017 -0.0026
vn 0.8951 -0.4459 -0.0024
vn 0.8951 -0.4458 -0.0000
vn 1.0000 -0.0019 -0.0000
vn 1.0000 -0.0020 -0.0000
vn 0.9027 0.4302 -0.0003
vn 0.9030 0.4297 -0.0000
vn -0.8951 -0.4458 -0.0000
vn -1.0000 -0.0020 -0.0000
vn -1.0000 -0.0019 -0.0000
vn -0.9030 0.4297 -0.0000
vn -0.9027 0.4302 -0.0003
vn -0.6367 0.7711 -0.0005
vn -0.6355 0.7721 -0.0012
vn -0.6002 -0.7999 -0.0000
vn -0.2749 -0.9615 -0.0000
vn -0.1417 -0.9899 -0.0000
vn -0.0354 -0.9994 -0.0000
vn -0.0195 -0.9998 -0.0000
vn -0.2749 -0.9615 -0.0020
vn -0.1416 -0.9899 -0.0019
vn -0.0353 -0.9994 -0.0019
vn -0.0195 -0.9998 -0.0020
vn -0.0018 -1.0000 -0.0020
vn -0.0018 -1.0000 -0.0000
vn -0.0000 -1.0000 -0.0020
vn -0.3288 0.9444 -0.0025
vn -0.3297 0.9441 -0.0000
vn -0.1354 0.9908 -0.0018
vn -0.1339 0.9910 -0.0040
vn -0.0500 0.9987 -0.0024
vn -0.0490 0.9988 -0.0054
vn -0.3235 0.9462 -0.0080
vn -0.0185 0.9998 -0.0030
vn -0.0179 0.9998 -0.0066
vn -0.0459 0.9988 -0.0151
vn -0.0163 0.9997 -0.0179
vn -0.1293 0.9915 -0.0116
vn -0.0067 1.0000 -0.0074
vn -0.0036 1.0000 -0.0000
vn -0.0000 1.0000 -0.0035
vn -0.0000 1.0000 -0.0076
vn 0.0069 1.0000 -0.0034
vn 0.0067 1.0000 -0.0074
vn -0.0060 0.9998 -0.0197
vn 0.0060 0.9998 -0.0197
vn -0.0000 0.9998 -0.0203
vn -0.2817 0.9085 -0.3087
vn -0.3042 0.9455 -0.1157
vn -0.1127 0.9859 -0.1239
vn -0.1045 0.9381 -0.3303
vn -0.3153 0.9484 -0.0329
vn -0.1219 0.9918 -0.0388
vn -0.0352 0.9904 -0.1338
vn -0.0296 0.9393 -0.3419
vn -0.0411 0.9981 -0.0453
vn -0.2701 0.7331 -0.6242
vn -0.0137 0.9986 -0.0505
vn -0.0105 0.9898 -0.1418
vn -0.0073 0.9364 -0.3508
vn -0.0258 0.7515 -0.6592
vn -0.0045 0.7472 -0.6645
vn -0.1015 0.7530 -0.6502
vn -0.0023 0.9343 -0.3564
vn -0.0036 0.9892 -0.1469
vn -0.0000 0.9889 -0.1485
vn -0.0000 0.9336 -0.3583
vn -0.0050 0.9985 -0.0538
vn -0.0000 0.9985 -0.0549
vn 0.0036 0.9892 -0.1469
vn 0.0023 0.9343 -0.3564
vn 0.0050 0.9985 -0.0538
vn -0.0011 0.7442 -0.6680
vn 0.0011 0.7442 -0.6680
vn -0.0000 0.7432 -0.6691
vn -0.2750 -0.9612 -0.0216
vn -0.2738 -0.9568 -0.0978
vn -0.1053 -0.9877 -0.1157
vn -0.1411 -0.9898 -0.0208
vn -0.2616 -0.9216 -0.2867
vn -0.0883 -0.9506 -0.2976
vn -0.0351 -0.9992 -0.0211
vn -0.0348 -0.9987 -0.0383
vn -0.0192 -0.9991 -0.0386
vn -0.0193 -0.9996 -0.0212
vn -0.0194 -0.9541 -0.2989
vn -0.0189 -0.9878 -0.1549
vn -0.2609 -0.7479 -0.6105
vn -0.0941 -0.7709 -0.6300
vn -0.0211 -0.7741 -0.6327
vn -0.0019 -0.7744 -0.6327
vn -0.0018 -0.9542 -0.2990
vn -0.0017 -0.9878 -0.1554
vn -0.0018 -0.9992 -0.0389
vn -0.0018 -0.9998 -0.0214
vn -0.0000 -0.9998 -0.0214
vn -0.0000 -0.9992 -0.0389
vn -0.0000 -0.9878 -0.1555
vn -0.0000 -0.9542 -0.2990
vn -0.0000 -0.7744 -0.6327
vn -0.0000 -0.7743 -0.6328
vn -0.2983 -0.3993 -0.8669
vn -0.3257 -0.0009 -0.9455
vn -0.1051 -0.0010 -0.9945
vn -0.1014 -0.4155 -0.9039
vn -0.3004 0.3924 -0.8694
vn -0.1034 0.4065 -0.9078
vn -0.0227 -0.0013 -0.9997
vn -0.0223 -0.4163 -0.9089
vn -0.0236 0.4048 -0.9141
vn -0.0027 0.4022 -0.9156
vn -0.0021 -0.0016 -1.0000
vn -0.0020 -0.4160 -0.9094
vn -0.0000 -0.4159 -0.9094
vn -0.0000 -0.0017 -1.0000
vn -0.0000 -0.0018 -1.0000
vn -0.0000 -0.4158 -0.9094
vn -0.0003 0.4005 -0.9163
vn -0.0000 0.4000 -0.9165
vn 0.0003 0.4005 -0.9163
vn -0.8946 -0.4461 0.0265
vn -0.8881 -0.4438 0.1199
vn -0.9920 -0.0011 0.1261
vn -0.9996 -0.0014 0.0274
vn -0.8923 0.4346 0.1223
vn -0.9003 0.4343 0.0280
vn -0.8392 -0.4205 0.3450
vn -0.9257 -0.0009 0.3782
vn -0.8417 0.4134 0.3475
vn -0.6002 -0.7999 0.0022
vn -0.6003 -0.7994 0.0241
vn -0.8951 -0.4459 0.0024
vn -1.0000 -0.0017 0.0026
vn -0.9019 0.4319 0.0032
vn -0.6269 0.7786 0.0295
vn -0.6321 0.7749 0.0051
vn -0.6176 0.7780 0.1158
vn -0.5873 0.7498 0.3048
vn -0.6257 0.3843 0.6788
vn -0.5005 0.6681 0.5505
vn -0.6791 -0.0009 0.7340
vn -0.6241 -0.3903 0.6769
vn -0.5741 -0.7640 0.2944
vn -0.4923 -0.6813 0.5417
vn -0.5975 -0.7947 0.1073
vn 0.0223 -0.4163 0.9089
vn 0.1014 -0.4155 0.9039
vn 0.1051 -0.0010 0.9945
vn 0.0227 -0.0013 0.9997
vn 0.1034 0.4065 0.9078
vn 0.0236 0.4048 0.9141
vn 0.2983 -0.3993 0.8669
vn 0.3257 -0.0009 0.9455
vn 0.3004 0.3924 0.8693
vn 0.0019 -0.7744 0.6327
vn 0.0211 -0.7741 0.6327
vn 0.0020 -0.4160 0.9094
vn 0.0021 -0.0016 1.0000
vn 0.0027 0.4022 0.9156
vn 0.0258 0.7515 0.6592
vn 0.0045 0.7472 0.6645
vn 0.1015 0.7530 0.6502
vn 0.2701 0.7331 0.6242
vn 0.6257 0.3843 0.6788
vn 0.5005 0.6681 0.5505
vn 0.6791 -0.0009 0.7340
vn 0.6241 -0.3903 0.6769
vn 0.2609 -0.7479 0.6105
vn 0.4923 -0.6813 0.5417
vn 0.0941 -0.7709 0.6300
vn 0.0193 -0.9996 0.0212
vn 0.0351 -0.9992 0.0211
vn 0.0348 -0.9987 0.0383
vn 0.0192 -0.9991 0.0386
vn 0.0189 -0.9878 0.1549
vn 0.1053 -0.9877 0.1157
vn 0.0883 -0.9506 0.2976
vn 0.0194 -0.9541 0.2989
vn 0.1411 -0.9898 0.0208
vn 0.2750 -0.9612 0.0216
vn 0.2738 -0.9568 0.0978
vn 0.2616 -0.9216 0.2867
vn 0.0018 -1.0000 0.0020
vn 0.0195 -0.9998 0.0020
vn 0.0018 -0.9998 0.0214
vn 0.0018 -0.9992 0.0389
vn 0.0017 -0.9878 0.1554
vn 0.0018 -0.9542 0.2990
vn 0.5741 -0.7640 0.2944
vn 0.5975 -0.7947 0.1073
vn 0.6003 -0.7994 0.0241
vn 0.2749 -0.9615 0.0020
vn 0.6002 -0.7999 0.0022
vn 0.1416 -0.9899 0.0019
vn 0.0353 -0.9994 0.0019
vn 0.0296 0.9393 0.3419
vn 0.1045 0.9381 0.3303
vn 0.1127 0.9859 0.1239
vn 0.0352 0.9904 0.1338
vn 0.1219 0.9918 0.0388
vn 0.0411 0.9981 0.0453
vn 0.2817 0.9085 0.3087
vn 0.3042 0.9455 0.1157
vn 0.3153 0.9484 0.0329
vn 0.0073 0.9364 0.3508
vn 0.0105 0.9898 0.1418
vn 0.0137 0.9986 0.0505
vn 0.0459 0.9988 0.0151
vn 0.0163 0.9997 0.0179
vn 0.1293 0.9915 0.0116
vn 0.3235 0.9462 0.0080
vn 0.6269 0.7786 0.0295
vn 0.6321 0.7749 0.0051
vn 0.6176 0.7780 0.1158
vn 0.5873 0.7498 0.3048
vn 0.0490 0.9988 0.0054
vn 0.1339 0.9910 0.0040
vn 0.3288 0.9444 0.0025
vn 0.0179 0.9998 0.0066
vn 0.6355 0.7721 0.0012
vn 0.8392 -0.4205 0.3450
vn 0.8881 -0.4438 0.1199
vn 0.9920 -0.0011 0.1261
vn 0.9257 -0.0009 0.3782
vn 0.8923 0.4346 0.1223
vn 0.8417 0.4134 0.3475
vn 0.8946 -0.4461 0.0265
vn 0.9996 -0.0014 0.0274
vn 0.9003 0.4343 0.0280
vn 0.9019 0.4319 0.0032
vn 1.0000 -0.0017 0.0026
vn 0.8951 -0.4459 0.0024
vn 0.9027 0.4302 0.0003
vn -0.9027 0.4302 0.0003
vn -0.6355 0.7721 0.0012
vn -0.2749 -0.9615 0.0020
vn -0.1416 -0.9899 0.0019
vn -0.0195 -0.9998 0.0020
vn -0.0353 -0.9994 0.0019
vn -0.0018 -1.0000 0.0020
vn -0.0000 -1.0000 0.0020
vn -0.3288 0.9444 0.0025
vn -0.1339 0.9910 0.0040
vn -0.0490 0.9988 0.0054
vn -0.3235 0.9462 0.0080
vn -0.0179 0.9998 0.0066
vn -0.0459 0.9988 0.0151
vn -0.0163 0.9997 0.0179
vn -0.1293 0.9915 0.0116
vn -0.0067 1.0000 0.0074
vn -0.0000 1.0000 0.0076
vn 0.0067 1.0000 0.0074
vn -0.0060 0.9998 0.0197
vn 0.0060 0.9998 0.0197
vn -0.0000 0.9998 0.0203
vn -0.2817 0.9085 0.3087
vn -0.1045 0.9381 0.3303
vn -0.1127 0.9859 0.1239
vn -0.3042 0.9455 0.1157
vn -0.1219 0.9918 0.0388
vn -0.3153 0.9484 0.0329
vn -0.0296 0.9393 0.3419
vn -0.0352 0.9904 0.1338
vn -0.0411 0.9981 0.0453
vn -0.2701 0.7331 0.6242
vn -0.0137 0.9986 0.0505
vn -0.0105 0.9898 0.1418
vn -0.0073 0.9364 0.3508
vn -0.0258 0.7515 0.6592
vn -0.0045 0.7472 0.6645
vn -0.1015 0.7530 0.6502
vn -0.0023 0.9343 0.3564
vn -0.0000 0.9336 0.3583
vn -0.0000 0.9889 0.1485
vn -0.0036 0.9892 0.1469
vn -0.0000 0.9985 0.0549
vn -0.0050 0.9985 0.0538
vn 0.0023 0.9343 0.3564
vn 0.0036 0.9892 0.1469
vn 0.0050 0.9985 0.0538
vn -0.0011 0.7442 0.6680
vn 0.0011 0.7442 0.6680
vn -0.0000 0.7432 0.6691
vn -0.2750 -0.9612 0.0216
vn -0.1411 -0.9898 0.0208
vn -0.1053 -0.9877 0.1157
vn -0.2738 -0.9568 0.0978
vn -0.0883 -0.9506 0.2976
vn -0.2616 -0.9216 0.2867
vn -0.0351 -0.9992 0.0211
vn -0.0193 -0.9996 0.0212
vn -0.0192 -0.9991 0.0386
vn -0.0349 -0.9987 0.0383
vn -0.0189 -0.9878 0.1549
vn -0.0194 -0.9541 0.2989
vn -0.2609 -0.7479 0.6105
vn -0.0941 -0.7709 0.6300
vn -0.0211 -0.7741 0.6327
vn -0.0018 -0.9542 0.2990
vn -0.0019 -0.7744 0.6327
vn -0.0017 -0.9878 0.1554
vn -0.0018 -0.9998 0.0214
vn -0.0018 -0.9992 0.0389
vn -0.0000 -0.9998 0.0214
vn -0.0000 -0.9992 0.0389
vn -0.0000 -0.9878 0.1555
vn -0.0000 -0.9542 0.2990
vn -0.0000 -0.7744 0.6327
vn -0.0000 -0.7743 0.6328
vn -0.2983 -0.3993 0.8669
vn -0.1014 -0.4155 0.9039
vn -0.1051 -0.0010 0.9945
vn -0.3257 -0.0009 0.9455
vn -0.1034 0.4065 0.9078
vn -0.3004 0.3924 0.8694
vn -0.0223 -0.4163 0.9089
vn -0.0227 -0.0013 0.9997
vn -0.0236 0.4048 0.9141
vn -0.0027 0.4022 0.9156
vn -0.0021 -0.0016 1.0000
vn -0.0020 -0.4160 0.9094
vn -0.0000 -0.4159 0.9094
vn -0.0000 -0.4158 0.9094
vn -0.0000 -0.0018 1.0000
vn -0.0000 -0.0017 1.0000
vn -0.0000 0.4000 0.9165
vn -0.0003 0.4005 0.9163
vn 0.0003 0.4005 0.9163
vt 0.079637 0.914152
vt 0.067077 0.917518
vt 0.067077 0.671894
vt 0.079637 0.668529
vt 0.441388 0.842379
vt 0.482325 0.842379
vt 0.482250 0.857363
vt 0.441313 0.857363
vt 0.853874 0.523640
vt 0.866434 0.520274
vt 0.866434 0.765898
vt 0.853874 0.769263
vt 0.841314 0.520274
vt 0.841314 0.765898
vt 0.882251 0.851765
vt 0.841314 0.851765
vt 0.841350 0.836781
vt 0.882287 0.836781
vt 0.882287 0.795844
vt 0.841350 0.795844
vt 0.841314 0.780860
vt 0.882251 0.780860
vt 0.903151 0.769263
vt 0.890590 0.765898
vt 0.890590 0.520274
vt 0.903151 0.523640
vt 0.658073 0.251440
vt 0.646191 0.251500
vt 0.646191 0.005879
vt 0.658073 0.005820
vt 0.441313 0.786458
vt 0.482250 0.786458
vt 0.482325 0.801442
vt 0.441388 0.801442
vt 0.678941 0.806522
vt 0.678941 0.827712
vt 0.668346 0.846064
vt 0.649994 0.856660
vt 0.628803 0.856660
vt 0.610452 0.846064
vt 0.599856 0.827713
vt 0.599856 0.806522
vt 0.610452 0.788170
vt 0.628803 0.777575
vt 0.649994 0.777575
vt 0.668346 0.788170
vt 0.115644 0.807081
vt 0.115644 0.823884
vt 0.107457 0.826078
vt 0.107457 0.804887
vt 0.124046 0.838436
vt 0.118052 0.844429
vt 0.138597 0.846837
vt 0.136404 0.855025
vt 0.155400 0.846837
vt 0.157594 0.855025
vt 0.169952 0.838436
vt 0.175946 0.844429
vt 0.178354 0.823884
vt 0.186541 0.826078
vt 0.178354 0.807081
vt 0.186541 0.804887
vt 0.169952 0.792529
vt 0.175946 0.786535
vt 0.155400 0.784127
vt 0.157594 0.775940
vt 0.138597 0.784127
vt 0.136404 0.775940
vt 0.124046 0.792529
vt 0.118052 0.786535
vt 0.892453 0.169594
vt 0.885225 0.169558
vt 0.885225 0.005811
vt 0.892453 0.005847
vt 0.690534 0.251440
vt 0.674303 0.251419
vt 0.674303 0.005798
vt 0.690534 0.005820
vt 0.702415 0.508719
vt 0.690534 0.508748
vt 0.690534 0.263125
vt 0.702415 0.263096
vt 0.658073 0.508748
vt 0.646191 0.508719
vt 0.646191 0.263096
vt 0.658073 0.263125
vt 0.702415 0.251500
vt 0.702415 0.005879
vt 0.724800 0.851047
vt 0.708569 0.850989
vt 0.708569 0.605387
vt 0.724800 0.605444
vt 0.674303 0.508758
vt 0.674303 0.263135
vt 0.857544 0.508678
vt 0.841314 0.508621
vt 0.841314 0.263018
vt 0.857544 0.263075
vt 0.741031 0.850989
vt 0.741031 0.605387
vt 0.873775 0.508621
vt 0.873775 0.263018
vt 0.803055 0.803703
vt 0.797945 0.794850
vt 0.806935 0.785860
vt 0.815337 0.800412
vt 0.789092 0.789740
vt 0.792383 0.777458
vt 0.778871 0.789740
vt 0.775580 0.777458
vt 0.770019 0.794850
vt 0.761028 0.785860
vt 0.764908 0.803703
vt 0.752627 0.800412
vt 0.764908 0.813924
vt 0.752627 0.817215
vt 0.770019 0.822776
vt 0.761028 0.831767
vt 0.778871 0.827887
vt 0.775580 0.840168
vt 0.789092 0.827887
vt 0.792383 0.840168
vt 0.797945 0.822776
vt 0.806935 0.831767
vt 0.803055 0.813924
vt 0.815337 0.817215
vt 0.029983 0.845602
vt 0.038835 0.850713
vt 0.043946 0.859565
vt 0.043946 0.869786
vt 0.038835 0.878639
vt 0.029983 0.883749
vt 0.019761 0.883749
vt 0.010909 0.878639
vt 0.005798 0.869786
vt 0.005798 0.859565
vt 0.010909 0.850713
vt 0.019761 0.845602
vt 0.370514 0.874445
vt 0.360641 0.874410
vt 0.360641 0.710675
vt 0.370514 0.710710
vt 0.921151 0.169571
vt 0.911277 0.169564
vt 0.911277 0.005816
vt 0.921151 0.005822
vt 0.568196 0.879983
vt 0.558322 0.879948
vt 0.558322 0.716213
vt 0.568196 0.716248
vt 0.380387 0.874410
vt 0.380387 0.710675
vt 0.931024 0.169564
vt 0.931024 0.005816
vt 0.578069 0.879948
vt 0.578069 0.716213
vt 0.865479 0.169558
vt 0.858251 0.169595
vt 0.858251 0.005847
vt 0.865479 0.005811
vt 0.875352 0.169545
vt 0.875352 0.005798
vt 0.938252 0.169547
vt 0.938252 0.005798
vt 0.904050 0.169547
vt 0.904050 0.005798
vt 0.445509 0.821910
vt 0.445492 0.834471
vt 0.441416 0.821910
vt 0.478242 0.834471
vt 0.478259 0.821910
vt 0.482352 0.821910
vt 0.597574 0.720334
vt 0.597574 0.753081
vt 0.589665 0.757147
vt 0.589665 0.716213
vt 0.610134 0.753125
vt 0.610134 0.757219
vt 0.610134 0.720378
vt 0.610134 0.716285
vt 0.622694 0.753081
vt 0.630602 0.757147
vt 0.622694 0.720334
vt 0.630602 0.716213
vt 0.845449 0.828873
vt 0.878199 0.828873
vt 0.878207 0.816313
vt 0.882300 0.816313
vt 0.845457 0.816313
vt 0.841363 0.816313
vt 0.878199 0.803752
vt 0.845449 0.803752
vt 0.804881 0.186992
vt 0.804881 0.219739
vt 0.796973 0.223805
vt 0.796973 0.182871
vt 0.817441 0.219783
vt 0.817441 0.223877
vt 0.817441 0.187036
vt 0.817441 0.182943
vt 0.830001 0.219739
vt 0.837910 0.223805
vt 0.830001 0.186992
vt 0.837910 0.182871
vt 0.478242 0.809350
vt 0.445492 0.809350
vt 0.885371 0.259689
vt 0.897931 0.263055
vt 0.897931 0.508678
vt 0.885371 0.505312
vt 0.910491 0.259689
vt 0.910491 0.505312
vt 0.092197 0.917518
vt 0.092197 0.671894
vt 0.878030 0.769263
vt 0.878030 0.523640
vt 0.862067 0.201361
vt 0.849506 0.201353
vt 0.849506 0.197433
vt 0.862067 0.197441
vt 0.336484 0.958062
vt 0.323924 0.954696
vt 0.323924 0.950097
vt 0.336484 0.953463
vt 0.323924 0.943219
vt 0.336484 0.946584
vt 0.323924 0.935108
vt 0.336484 0.938474
vt 0.874627 0.201353
vt 0.874627 0.197433
vt 0.349044 0.954696
vt 0.349044 0.950097
vt 0.349044 0.943219
vt 0.349044 0.935108
vt 0.409527 0.828531
vt 0.396967 0.828487
vt 0.396967 0.824549
vt 0.409527 0.824593
vt 0.927317 0.767651
vt 0.914757 0.764285
vt 0.914751 0.759691
vt 0.927311 0.763057
vt 0.914748 0.752816
vt 0.927308 0.756183
vt 0.914747 0.744707
vt 0.927307 0.748073
vt 0.422088 0.828487
vt 0.422088 0.824549
vt 0.939877 0.764286
vt 0.939872 0.759692
vt 0.939868 0.752818
vt 0.939867 0.744708
vt 0.777747 0.855690
vt 0.765187 0.855673
vt 0.765187 0.851765
vt 0.777747 0.851782
vt 0.521605 0.719578
vt 0.534166 0.716213
vt 0.534166 0.720801
vt 0.521605 0.724166
vt 0.534166 0.727672
vt 0.521605 0.731037
vt 0.534166 0.735780
vt 0.521605 0.739146
vt 0.752627 0.855690
vt 0.752627 0.851782
vt 0.546726 0.719578
vt 0.546726 0.724166
vt 0.546726 0.731037
vt 0.546726 0.739146
vt 0.409527 0.790439
vt 0.396967 0.790395
vt 0.396967 0.786458
vt 0.409527 0.786502
vt 0.934648 0.507066
vt 0.922088 0.503701
vt 0.922093 0.499107
vt 0.934653 0.502472
vt 0.922096 0.492233
vt 0.934657 0.495597
vt 0.922097 0.484123
vt 0.934658 0.487488
vt 0.422088 0.790395
vt 0.422088 0.786458
vt 0.947208 0.503700
vt 0.947213 0.499106
vt 0.947217 0.492231
vt 0.947218 0.484122
vt 0.862067 0.223877
vt 0.874627 0.223869
vt 0.336484 0.714041
vt 0.349044 0.710675
vt 0.849506 0.223869
vt 0.323924 0.710675
vt 0.785374 0.765862
vt 0.752627 0.765862
vt 0.752627 0.541429
vt 0.753406 0.533320
vt 0.755624 0.526445
vt 0.758944 0.521851
vt 0.762860 0.520238
vt 0.785374 0.520238
vt 0.796970 0.520238
vt 0.829717 0.520238
vt 0.829717 0.765862
vt 0.807204 0.765862
vt 0.803288 0.764249
vt 0.799968 0.759655
vt 0.797749 0.752781
vt 0.796970 0.744671
vt 0.409527 0.851044
vt 0.422088 0.851000
vt 0.927317 0.523640
vt 0.939877 0.520275
vt 0.396967 0.851000
vt 0.914757 0.520274
vt 0.474063 0.774861
vt 0.441313 0.774861
vt 0.441313 0.550428
vt 0.442092 0.542319
vt 0.444311 0.535444
vt 0.447631 0.530851
vt 0.451548 0.529238
vt 0.474063 0.529238
vt 0.396967 0.529238
vt 0.429717 0.529238
vt 0.429717 0.774861
vt 0.407202 0.774861
vt 0.403285 0.773248
vt 0.399965 0.768655
vt 0.397746 0.761780
vt 0.396967 0.753671
vt 0.752627 0.878205
vt 0.765187 0.878188
vt 0.777747 0.878205
vt 0.546726 0.963578
vt 0.534166 0.960213
vt 0.521605 0.963578
vt 0.796973 0.263018
vt 0.829720 0.263018
vt 0.829720 0.508642
vt 0.807206 0.508642
vt 0.803290 0.507029
vt 0.799970 0.502435
vt 0.797752 0.495561
vt 0.796973 0.487451
vt 0.785374 0.508642
vt 0.752627 0.508642
vt 0.752627 0.284209
vt 0.753406 0.276100
vt 0.755624 0.269225
vt 0.758944 0.264631
vt 0.762860 0.263018
vt 0.785374 0.263018
vt 0.409527 0.812953
vt 0.422088 0.812909
vt 0.934648 0.263055
vt 0.947208 0.259689
vt 0.396967 0.812909
vt 0.922088 0.259690
vt 0.678941 0.765978
vt 0.646191 0.765978
vt 0.646191 0.541546
vt 0.646970 0.533436
vt 0.649189 0.526561
vt 0.652509 0.521968
vt 0.656426 0.520355
vt 0.678941 0.520355
vt 0.752627 0.005798
vt 0.785376 0.005798
vt 0.785376 0.251422
vt 0.762861 0.251422
vt 0.758945 0.249809
vt 0.755624 0.245215
vt 0.753406 0.238340
vt 0.752627 0.230231
vt 0.298621 0.649918
vt 0.289757 0.623697
vt 0.297188 0.621817
vt 0.304768 0.645418
vt 0.631451 0.630747
vt 0.623264 0.630747
vt 0.623264 0.585716
vt 0.631451 0.585716
vt 0.382515 0.462063
vt 0.382515 0.552125
vt 0.374327 0.552125
vt 0.374327 0.462063
vt 0.249235 0.273163
vt 0.204204 0.273163
vt 0.204204 0.183101
vt 0.249235 0.183101
vt 0.319260 0.677566
vt 0.323171 0.670374
vt 0.289266 0.599869
vt 0.297261 0.600414
vt 0.293741 0.579405
vt 0.301819 0.582052
vt 0.299780 0.563271
vt 0.307692 0.567573
vt 0.611668 0.667431
vt 0.521605 0.667431
vt 0.521605 0.651900
vt 0.611668 0.651900
vt 0.140891 0.280205
vt 0.140891 0.190143
vt 0.172258 0.190143
vt 0.172258 0.280205
vt 0.192608 0.190143
vt 0.192608 0.280205
vt 0.095860 0.656933
vt 0.005798 0.656933
vt 0.005798 0.636175
vt 0.095860 0.636175
vt 0.005798 0.616028
vt 0.095860 0.616028
vt 0.294266 0.273163
vt 0.294266 0.183101
vt 0.095860 0.280205
vt 0.095860 0.190143
vt 0.362731 0.691887
vt 0.358820 0.699079
vt 0.510009 0.250732
vt 0.503677 0.255921
vt 0.406629 0.137503
vt 0.412961 0.132313
vt 0.339297 0.273163
vt 0.339297 0.183101
vt 0.005798 0.598956
vt 0.095860 0.598956
vt 0.611668 0.685753
vt 0.521605 0.685753
vt 0.611668 0.704616
vt 0.521605 0.704616
vt 0.367408 0.273163
vt 0.367408 0.183101
vt 0.385371 0.183101
vt 0.385371 0.273163
vt 0.005798 0.280205
vt 0.005798 0.190143
vt 0.050829 0.190143
vt 0.050829 0.280205
vt 0.294266 0.029996
vt 0.249235 0.029996
vt 0.249236 0.023109
vt 0.294267 0.023109
vt 0.095860 0.433310
vt 0.050829 0.433310
vt 0.527940 0.255847
vt 0.521605 0.250660
vt 0.618608 0.132204
vt 0.624942 0.137391
vt 0.249239 0.016567
vt 0.294270 0.016567
vt 0.622426 0.126429
vt 0.629871 0.129935
vt 0.095862 0.442201
vt 0.050831 0.442201
vt 0.401698 0.130049
vt 0.409142 0.126539
vt 0.633143 0.121699
vt 0.624960 0.120049
vt 0.626085 0.113385
vt 0.634595 0.113096
vt 0.095867 0.450646
vt 0.050836 0.450646
vt 0.398422 0.121814
vt 0.406605 0.120160
vt 0.405478 0.113497
vt 0.396967 0.113211
vt 0.397406 0.104672
vt 0.405817 0.106882
vt 0.095875 0.458222
vt 0.050844 0.458222
vt 0.249245 0.010699
vt 0.294276 0.010699
vt 0.634153 0.104557
vt 0.625743 0.106771
vt 0.623951 0.100538
vt 0.631841 0.096511
vt 0.249252 0.005798
vt 0.294283 0.005798
vt 0.095886 0.464549
vt 0.050855 0.464549
vt 0.620801 0.094999
vt 0.627773 0.089360
vt 0.846655 0.157947
vt 0.803641 0.171275
vt 0.801621 0.164756
vt 0.844635 0.151429
vt 0.399715 0.096625
vt 0.407606 0.100649
vt 0.247084 0.871900
vt 0.204204 0.858150
vt 0.205848 0.853024
vt 0.248728 0.866774
vt 0.410755 0.095109
vt 0.403780 0.089473
vt 0.409397 0.083574
vt 0.415105 0.090540
vt 0.799361 0.157460
vt 0.842374 0.144133
vt 0.207673 0.847333
vt 0.250553 0.861083
vt 0.504300 0.005798
vt 0.510009 0.012764
vt 0.209587 0.841362
vt 0.252468 0.855112
vt 0.616448 0.090432
vt 0.622154 0.083464
vt 0.796973 0.149753
vt 0.839986 0.136425
vt 0.204204 0.710675
vt 0.247084 0.724425
vt 0.521605 0.012766
vt 0.527312 0.005798
vt 0.803641 0.019126
vt 0.846655 0.005798
vt 0.173090 0.759840
vt 0.172870 0.761232
vt 0.172609 0.761277
vt 0.172870 0.759840
vt 0.172231 0.762487
vt 0.172005 0.762426
vt 0.171234 0.763484
vt 0.171175 0.763255
vt 0.172002 0.761226
vt 0.172231 0.759841
vt 0.171574 0.762223
vt 0.170970 0.762828
vt 0.168587 0.764343
vt 0.168587 0.764123
vt 0.170016 0.763862
vt 0.169979 0.764123
vt 0.168587 0.763484
vt 0.169969 0.763259
vt 0.168587 0.762487
vt 0.169973 0.762428
vt 0.170970 0.762223
vt 0.168587 0.759841
vt 0.169979 0.759841
vt 0.170024 0.761270
vt 0.168587 0.761233
vt 0.171234 0.759841
vt 0.171173 0.761223
vt 0.173090 0.480648
vt 0.172870 0.480649
vt 0.172609 0.479220
vt 0.172870 0.479257
vt 0.172231 0.480649
vt 0.172005 0.479267
vt 0.171234 0.480649
vt 0.171175 0.479263
vt 0.172002 0.478061
vt 0.172231 0.478002
vt 0.171574 0.478266
vt 0.170970 0.478266
vt 0.168587 0.480649
vt 0.168587 0.479257
vt 0.170016 0.479212
vt 0.169979 0.480649
vt 0.168587 0.478003
vt 0.169969 0.478064
vt 0.168587 0.477005
vt 0.169973 0.477234
vt 0.170970 0.477662
vt 0.168587 0.476145
vt 0.169979 0.476366
vt 0.170024 0.476627
vt 0.168587 0.476366
vt 0.171234 0.477005
vt 0.171173 0.477231
vt 0.146072 0.480648
vt 0.146292 0.479257
vt 0.146553 0.479212
vt 0.146292 0.480649
vt 0.146931 0.478002
vt 0.147157 0.478063
vt 0.147928 0.477005
vt 0.147987 0.477234
vt 0.147160 0.479263
vt 0.146931 0.480649
vt 0.147587 0.478266
vt 0.148192 0.477662
vt 0.150575 0.476145
vt 0.150575 0.476366
vt 0.149146 0.476627
vt 0.149183 0.476366
vt 0.150575 0.477005
vt 0.149193 0.477231
vt 0.150575 0.478003
vt 0.149189 0.478061
vt 0.148192 0.478266
vt 0.150575 0.480649
vt 0.149183 0.480649
vt 0.149138 0.479220
vt 0.150575 0.479257
vt 0.147928 0.480649
vt 0.147989 0.479267
vt 0.146072 0.759840
vt 0.146292 0.759840
vt 0.146553 0.761269
vt 0.146292 0.761232
vt 0.146931 0.759841
vt 0.147157 0.761223
vt 0.147928 0.759841
vt 0.147987 0.761226
vt 0.147160 0.762428
vt 0.146931 0.762487
vt 0.147587 0.762223
vt 0.148192 0.762223
vt 0.150575 0.759841
vt 0.150575 0.761233
vt 0.149146 0.761278
vt 0.149183 0.759841
vt 0.150575 0.762487
vt 0.149193 0.762426
vt 0.150575 0.763484
vt 0.149189 0.763255
vt 0.148192 0.762828
vt 0.150575 0.764343
vt 0.149183 0.764123
vt 0.149138 0.763862
vt 0.150575 0.764123
vt 0.147928 0.763484
vt 0.147989 0.763258
vt 0.107457 0.759840
vt 0.107677 0.759840
vt 0.107938 0.761269
vt 0.107677 0.761232
vt 0.108316 0.759840
vt 0.108542 0.761222
vt 0.109313 0.759840
vt 0.109372 0.761226
vt 0.108545 0.762428
vt 0.108316 0.762487
vt 0.108972 0.762223
vt 0.109577 0.762223
vt 0.111960 0.759840
vt 0.111960 0.761231
vt 0.110531 0.761276
vt 0.110568 0.759840
vt 0.111960 0.762486
vt 0.110578 0.762425
vt 0.111960 0.763483
vt 0.110574 0.763255
vt 0.109577 0.762827
vt 0.111960 0.764343
vt 0.110568 0.764123
vt 0.110523 0.763862
vt 0.111960 0.764123
vt 0.109313 0.763484
vt 0.109374 0.763258
vt 0.107457 0.480648
vt 0.107677 0.479257
vt 0.107938 0.479212
vt 0.107677 0.480648
vt 0.108316 0.478002
vt 0.108542 0.478063
vt 0.109313 0.477005
vt 0.109372 0.477233
vt 0.108545 0.479262
vt 0.108316 0.480648
vt 0.108972 0.478265
vt 0.109577 0.477661
vt 0.111960 0.476145
vt 0.111960 0.476366
vt 0.110531 0.476627
vt 0.110568 0.476366
vt 0.111960 0.477005
vt 0.110578 0.477230
vt 0.111960 0.478002
vt 0.110574 0.478060
vt 0.109577 0.478265
vt 0.111960 0.480648
vt 0.110568 0.480648
vt 0.110523 0.479219
vt 0.111960 0.479256
vt 0.109313 0.480648
vt 0.109374 0.479266
vt 0.134475 0.480648
vt 0.134255 0.480648
vt 0.133994 0.479220
vt 0.134255 0.479257
vt 0.133616 0.480648
vt 0.133390 0.479266
vt 0.132619 0.480648
vt 0.132560 0.479262
vt 0.133387 0.478061
vt 0.133616 0.478002
vt 0.132959 0.478265
vt 0.132355 0.478265
vt 0.129972 0.480648
vt 0.129972 0.479256
vt 0.131401 0.479211
vt 0.131364 0.480648
vt 0.129972 0.478002
vt 0.131354 0.478063
vt 0.129972 0.477005
vt 0.131358 0.477233
vt 0.132355 0.477661
vt 0.129972 0.476145
vt 0.131364 0.476366
vt 0.131409 0.476627
vt 0.129972 0.476366
vt 0.132619 0.477005
vt 0.132558 0.477230
vt 0.134475 0.759840
vt 0.134255 0.761232
vt 0.133994 0.761277
vt 0.134255 0.759840
vt 0.133616 0.762487
vt 0.133390 0.762426
vt 0.132619 0.763484
vt 0.132560 0.763255
vt 0.133387 0.761226
vt 0.133616 0.759840
vt 0.132959 0.762223
vt 0.132355 0.762827
vt 0.129972 0.764343
vt 0.129972 0.764123
vt 0.131401 0.763862
vt 0.131364 0.764123
vt 0.129972 0.763483
vt 0.131354 0.763258
vt 0.129972 0.762486
vt 0.131358 0.762428
vt 0.132355 0.762223
vt 0.129972 0.759840
vt 0.131364 0.759840
vt 0.131409 0.761268
vt 0.129972 0.761231
vt 0.132619 0.759840
vt 0.132558 0.761222
vt 0.510009 0.531884
vt 0.494454 0.531884
vt 0.494451 0.530492
vt 0.510006 0.530492
vt 0.494443 0.529238
vt 0.509998 0.529238
vt 0.510008 0.850618
vt 0.494452 0.850618
vt 0.494447 0.849621
vt 0.510003 0.849621
vt 0.494444 0.848367
vt 0.510000 0.848367
vt 0.494443 0.846975
vt 0.509999 0.846975
vt 0.978647 0.802113
vt 0.994202 0.802113
vt 0.994199 0.803505
vt 0.978644 0.803505
vt 0.994191 0.804759
vt 0.978636 0.804759
vt 0.494452 0.825319
vt 0.510008 0.825319
vt 0.510003 0.826316
vt 0.494447 0.826316
vt 0.510000 0.827571
vt 0.494444 0.827571
vt 0.509999 0.828962
vt 0.494443 0.828962
vt 0.494448 0.883871
vt 0.510004 0.883871
vt 0.510004 0.885262
vt 0.494448 0.885262
vt 0.510002 0.886517
vt 0.494446 0.886517
vt 0.510000 0.887514
vt 0.494444 0.887514
vt 0.978636 0.520274
vt 0.994191 0.520274
vt 0.994199 0.521529
vt 0.978644 0.521529
vt 0.994202 0.522921
vt 0.978647 0.522921
vt 0.494454 0.811076
vt 0.510009 0.811076
vt 0.510006 0.812468
vt 0.494451 0.812468
vt 0.509998 0.813723
vt 0.494443 0.813723
vt 0.494444 0.862215
vt 0.510000 0.862215
vt 0.510002 0.863212
vt 0.494446 0.863212
vt 0.510004 0.864466
vt 0.494448 0.864466
vt 0.510004 0.865858
vt 0.494448 0.865858
vt 0.164084 0.611239
vt 0.164084 0.566208
vt 0.155078 0.611239
vt 0.155078 0.566208
vt 0.268314 0.649918
vt 0.262167 0.645418
vt 0.269747 0.621817
vt 0.277177 0.623696
vt 0.631451 0.529089
vt 0.631451 0.574120
vt 0.623264 0.574120
vt 0.623264 0.529089
vt 0.247675 0.677566
vt 0.243764 0.670374
vt 0.269673 0.600414
vt 0.277669 0.599869
vt 0.265115 0.582052
vt 0.273194 0.579404
vt 0.259243 0.567573
vt 0.267154 0.563271
vt 0.208115 0.699079
vt 0.204204 0.691887
vt 0.396967 0.512452
vt 0.494015 0.394033
vt 0.500347 0.399222
vt 0.403300 0.517641
vt 0.294266 0.426269
vt 0.294267 0.433156
vt 0.249236 0.433156
vt 0.249235 0.426269
vt 0.050829 0.037037
vt 0.095860 0.037037
vt 0.628260 0.517492
vt 0.531258 0.399036
vt 0.537592 0.393849
vt 0.634595 0.512305
vt 0.294270 0.439697
vt 0.249240 0.439697
vt 0.526329 0.391581
vt 0.533775 0.388074
vt 0.050831 0.028146
vt 0.095862 0.028146
vt 0.497835 0.388259
vt 0.505279 0.391768
vt 0.523057 0.383345
vt 0.521606 0.374741
vt 0.530116 0.375030
vt 0.531240 0.381694
vt 0.050836 0.019701
vt 0.095867 0.019701
vt 0.500372 0.381880
vt 0.508554 0.383534
vt 0.501499 0.375217
vt 0.501159 0.368602
vt 0.509571 0.366392
vt 0.510009 0.374931
vt 0.050844 0.012125
vt 0.095875 0.012125
vt 0.294276 0.445566
vt 0.249245 0.445566
vt 0.522047 0.366203
vt 0.524360 0.358156
vt 0.532249 0.362183
vt 0.530458 0.368416
vt 0.294283 0.450466
vt 0.249252 0.450466
vt 0.050855 0.005798
vt 0.095886 0.005798
vt 0.528427 0.351006
vt 0.535400 0.356645
vt 0.005798 0.820678
vt 0.007818 0.814159
vt 0.050831 0.827487
vt 0.048812 0.834005
vt 0.499370 0.362369
vt 0.507261 0.358345
vt 0.269447 0.871900
vt 0.267804 0.866774
vt 0.310684 0.853024
vt 0.312328 0.858150
vt 0.496222 0.356829
vt 0.491871 0.352260
vt 0.497580 0.345294
vt 0.503196 0.351193
vt 0.010079 0.806864
vt 0.053092 0.820191
vt 0.265979 0.861083
vt 0.308859 0.847333
vt 0.396967 0.274484
vt 0.402676 0.267518
vt 0.264064 0.855112
vt 0.306944 0.841362
vt 0.534046 0.345110
vt 0.539752 0.352078
vt 0.012467 0.799156
vt 0.055480 0.812484
vt 0.269447 0.724426
vt 0.312328 0.710675
vt 0.628889 0.267443
vt 0.634595 0.274411
vt 0.005798 0.668529
vt 0.048812 0.681857
vt 0.714012 0.589287
vt 0.714232 0.589288
vt 0.714493 0.590724
vt 0.714232 0.590679
vt 0.715097 0.591873
vt 0.714872 0.591934
vt 0.715927 0.592703
vt 0.715869 0.592931
vt 0.714872 0.589288
vt 0.715100 0.590674
vt 0.715528 0.591671
vt 0.716132 0.592275
vt 0.718515 0.593791
vt 0.717123 0.593570
vt 0.717086 0.593309
vt 0.718515 0.593570
vt 0.717133 0.592706
vt 0.718515 0.592931
vt 0.717129 0.591876
vt 0.718515 0.591935
vt 0.716132 0.591671
vt 0.718515 0.589288
vt 0.718515 0.590680
vt 0.717078 0.590717
vt 0.717123 0.589288
vt 0.715930 0.590670
vt 0.715869 0.589288
vt 0.714012 0.310096
vt 0.714232 0.308704
vt 0.714493 0.308667
vt 0.714232 0.310096
vt 0.715097 0.308714
vt 0.714872 0.310096
vt 0.715927 0.308711
vt 0.715869 0.310096
vt 0.714872 0.307449
vt 0.715100 0.307508
vt 0.715528 0.307713
vt 0.716132 0.307714
vt 0.718515 0.310096
vt 0.717123 0.310096
vt 0.717086 0.308660
vt 0.718515 0.308705
vt 0.717133 0.307511
vt 0.718515 0.307450
vt 0.717129 0.306681
vt 0.718515 0.306453
vt 0.716132 0.307109
vt 0.718515 0.305593
vt 0.718515 0.305813
vt 0.717078 0.306075
vt 0.717123 0.305813
vt 0.715930 0.306678
vt 0.715869 0.306452
vt 0.741031 0.310096
vt 0.740810 0.310096
vt 0.740549 0.308659
vt 0.740810 0.308704
vt 0.739945 0.307511
vt 0.740171 0.307449
vt 0.739115 0.306681
vt 0.739174 0.306452
vt 0.740171 0.310096
vt 0.739942 0.308710
vt 0.739515 0.307713
vt 0.738910 0.307109
vt 0.736527 0.305593
vt 0.737919 0.305813
vt 0.737956 0.306074
vt 0.736527 0.305813
vt 0.737909 0.306678
vt 0.736527 0.306453
vt 0.737913 0.307509
vt 0.736527 0.307450
vt 0.738910 0.307714
vt 0.736527 0.310096
vt 0.736527 0.308705
vt 0.737964 0.308668
vt 0.737919 0.310096
vt 0.739113 0.308714
vt 0.739174 0.310096
vt 0.741031 0.589287
vt 0.740810 0.590679
vt 0.740549 0.590716
vt 0.740810 0.589288
vt 0.739945 0.590670
vt 0.740171 0.589288
vt 0.739115 0.590674
vt 0.739174 0.589288
vt 0.740171 0.591934
vt 0.739942 0.591875
vt 0.739515 0.591671
vt 0.738910 0.591671
vt 0.736527 0.589288
vt 0.737919 0.589288
vt 0.737956 0.590725
vt 0.736527 0.590680
vt 0.737909 0.591873
vt 0.736527 0.591935
vt 0.737913 0.592703
vt 0.736527 0.592931
vt 0.738910 0.592275
vt 0.736527 0.593791
vt 0.736527 0.593570
vt 0.737964 0.593309
vt 0.737919 0.593570
vt 0.739113 0.592706
vt 0.739174 0.592931
vt 0.741031 0.289493
vt 0.740810 0.290885
vt 0.740549 0.290922
vt 0.740810 0.289493
vt 0.739945 0.290875
vt 0.740171 0.289493
vt 0.739115 0.290878
vt 0.739174 0.289493
vt 0.740171 0.292140
vt 0.739942 0.292081
vt 0.739515 0.291875
vt 0.738910 0.291875
vt 0.736527 0.289492
vt 0.737919 0.289492
vt 0.737956 0.290929
vt 0.736527 0.290884
vt 0.737910 0.292078
vt 0.736527 0.292139
vt 0.737913 0.292908
vt 0.736527 0.293136
vt 0.738910 0.292480
vt 0.736527 0.293996
vt 0.736527 0.293776
vt 0.737964 0.293514
vt 0.737919 0.293776
vt 0.739113 0.292911
vt 0.739174 0.293137
vt 0.741031 0.010301
vt 0.740810 0.010301
vt 0.740549 0.008864
vt 0.740810 0.008910
vt 0.739945 0.007716
vt 0.740171 0.007655
vt 0.739115 0.006886
vt 0.739174 0.006658
vt 0.740171 0.010301
vt 0.739942 0.008915
vt 0.739515 0.007918
vt 0.738910 0.007314
vt 0.736527 0.005798
vt 0.737919 0.006019
vt 0.737956 0.006280
vt 0.736527 0.006018
vt 0.737910 0.006883
vt 0.736527 0.006657
vt 0.737913 0.007713
vt 0.736527 0.007654
vt 0.738910 0.007918
vt 0.736527 0.010301
vt 0.736527 0.008909
vt 0.737964 0.008872
vt 0.737919 0.010301
vt 0.739113 0.008919
vt 0.739174 0.010301
vt 0.714012 0.010301
vt 0.714232 0.008910
vt 0.714493 0.008872
vt 0.714232 0.010301
vt 0.715097 0.008919
vt 0.714872 0.010301
vt 0.715927 0.008915
vt 0.715869 0.010301
vt 0.714872 0.007655
vt 0.715100 0.007713
vt 0.715528 0.007918
vt 0.716132 0.007918
vt 0.718515 0.010301
vt 0.717123 0.010301
vt 0.717086 0.008864
vt 0.718515 0.008909
vt 0.717133 0.007715
vt 0.718515 0.007654
vt 0.717129 0.006886
vt 0.718515 0.006657
vt 0.716132 0.007314
vt 0.718515 0.005798
vt 0.718515 0.006018
vt 0.717078 0.006280
vt 0.717123 0.006019
vt 0.715930 0.006883
vt 0.715869 0.006658
vt 0.714012 0.289493
vt 0.714232 0.289493
vt 0.714493 0.290930
vt 0.714232 0.290885
vt 0.715097 0.292078
vt 0.714872 0.292140
vt 0.715927 0.292908
vt 0.715869 0.293137
vt 0.714872 0.289493
vt 0.715100 0.290878
vt 0.715528 0.291875
vt 0.716132 0.292480
vt 0.718515 0.293996
vt 0.717123 0.293776
vt 0.717086 0.293514
vt 0.718515 0.293776
vt 0.717133 0.292911
vt 0.718515 0.293136
vt 0.717129 0.292080
vt 0.718515 0.292139
vt 0.716132 0.291875
vt 0.718515 0.289492
vt 0.718515 0.290884
vt 0.717078 0.290921
vt 0.717123 0.289492
vt 0.715930 0.290875
vt 0.715869 0.289493
vt 0.967039 0.802113
vt 0.967036 0.803505
vt 0.951482 0.803505
vt 0.951485 0.802113
vt 0.967028 0.804759
vt 0.951473 0.804759
vt 0.804909 0.851765
vt 0.804904 0.852762
vt 0.789348 0.852762
vt 0.789353 0.851765
vt 0.804901 0.854016
vt 0.789345 0.854016
vt 0.804899 0.855408
vt 0.789343 0.855408
vt 0.958825 0.225227
vt 0.958822 0.223835
vt 0.974377 0.223835
vt 0.974380 0.225227
vt 0.958814 0.222581
vt 0.974369 0.222581
vt 0.789353 0.877064
vt 0.789348 0.876067
vt 0.804904 0.876067
vt 0.804909 0.877064
vt 0.789345 0.874812
vt 0.804901 0.874812
vt 0.789343 0.873421
vt 0.804899 0.873421
vt 0.396972 0.866284
vt 0.396971 0.864892
vt 0.412527 0.864892
vt 0.412528 0.866284
vt 0.396970 0.863638
vt 0.412526 0.863638
vt 0.396967 0.862641
vt 0.412523 0.862641
vt 0.958814 0.507066
vt 0.958822 0.505811
vt 0.974377 0.505811
vt 0.974369 0.507066
vt 0.958825 0.504419
vt 0.974380 0.504419
vt 0.951485 0.522921
vt 0.951482 0.521529
vt 0.967036 0.521529
vt 0.967039 0.522921
vt 0.951473 0.520274
vt 0.967028 0.520274
vt 0.396967 0.887940
vt 0.396970 0.886943
vt 0.412526 0.886943
vt 0.412523 0.887940
vt 0.396971 0.885688
vt 0.412527 0.885688
vt 0.396972 0.884297
vt 0.412528 0.884297
vt 0.723018 0.440686
vt 0.723018 0.395655
vt 0.732024 0.440686
vt 0.732024 0.395655
vt 0.991248 0.443243
vt 0.982262 0.443563
vt 0.982275 0.402799
vt 0.990905 0.402747
vt 0.973128 0.443272
vt 0.973527 0.402775
vt 0.982271 0.375905
vt 0.990131 0.376555
vt 0.974324 0.376580
vt 0.998704 0.500093
vt 0.991295 0.501134
vt 0.998616 0.442244
vt 0.982246 0.501492
vt 0.973020 0.501163
vt 0.965084 0.500147
vt 0.965313 0.442297
vt 0.966089 0.402091
vt 0.967745 0.376819
vt 0.969704 0.364136
vt 0.974843 0.360587
vt 0.982239 0.358797
vt 0.989568 0.360564
vt 0.996464 0.376773
vt 0.994563 0.364096
vt 0.997995 0.402040
vt 0.319160 0.908120
vt 0.328191 0.908128
vt 0.328154 0.928838
vt 0.319480 0.928698
vt 0.337280 0.908120
vt 0.336858 0.928699
vt 0.328091 0.942318
vt 0.320192 0.941840
vt 0.335999 0.941840
vt 0.555281 0.011627
vt 0.555281 0.001296
vt 0.584805 0.001545
vt 0.584786 0.011824
vt 0.319116 0.878595
vt 0.328211 0.878585
vt 0.337391 0.878595
vt 0.074815 0.001296
vt 0.074815 0.011626
vt 0.045309 0.011823
vt 0.045291 0.001545
vt 0.024866 0.013201
vt 0.024717 0.003290
vt 0.012146 0.016601
vt 0.011589 0.007950
vt 0.953114 0.350376
vt 0.959662 0.358760
vt 0.957636 0.364136
vt 0.952497 0.360587
vt 0.945175 0.347589
vt 0.945101 0.358797
vt 0.937307 0.350351
vt 0.937772 0.360564
vt 0.617950 0.016601
vt 0.618506 0.007950
vt 0.626216 0.016804
vt 0.624205 0.020821
vt 0.605229 0.013202
vt 0.605378 0.003290
vt 0.936092 0.883186
vt 0.945078 0.883578
vt 0.945065 0.923972
vt 0.936435 0.923336
vt 0.954213 0.883215
vt 0.953813 0.923364
vt 0.945069 0.949862
vt 0.937209 0.948603
vt 0.953016 0.948629
vt 0.928636 0.824304
vt 0.936045 0.825345
vt 0.928725 0.882114
vt 0.945094 0.825703
vt 0.954320 0.825374
vt 0.962256 0.824358
vt 0.962027 0.882167
vt 0.961251 0.922096
vt 0.959595 0.946687
vt 0.957636 0.958523
vt 0.952497 0.962856
vt 0.945101 0.965025
vt 0.937772 0.962833
vt 0.930876 0.946641
vt 0.932777 0.958483
vt 0.929345 0.922045
vt 0.298245 0.916364
vt 0.307246 0.916383
vt 0.307226 0.937086
vt 0.298581 0.936938
vt 0.316366 0.916364
vt 0.315959 0.936938
vt 0.307207 0.950552
vt 0.299334 0.950065
vt 0.315142 0.950065
vt 0.389863 0.636539
vt 0.389863 0.646885
vt 0.360338 0.646636
vt 0.360357 0.636342
vt 0.298199 0.886840
vt 0.307264 0.886840
vt 0.316475 0.886840
vt 0.240233 0.646885
vt 0.240233 0.636539
vt 0.269738 0.636342
vt 0.269757 0.646636
vt 0.290182 0.634966
vt 0.290331 0.644892
vt 0.302902 0.631570
vt 0.303458 0.640234
vt 0.309157 0.627354
vt 0.311168 0.631380
vt 0.314584 0.957775
vt 0.307196 0.958785
vt 0.299858 0.957775
vt 0.327193 0.631570
vt 0.326637 0.640234
vt 0.318928 0.631380
vt 0.320938 0.627354
vt 0.339914 0.634966
vt 0.339765 0.644892
vt 0.584858 0.548648
vt 0.605806 0.548616
vt 0.605676 0.590286
vt 0.584842 0.590545
vt 0.619841 0.548549
vt 0.619445 0.589730
vt 0.605397 0.617826
vt 0.584807 0.618616
vt 0.618563 0.616063
vt 0.555281 0.489493
vt 0.584861 0.489493
vt 0.555281 0.548653
vt 0.605825 0.489494
vt 0.619897 0.489496
vt 0.628800 0.489501
vt 0.628701 0.548512
vt 0.628013 0.589399
vt 0.626314 0.614841
vt 0.624205 0.627354
vt 0.617950 0.631570
vt 0.605229 0.634966
vt 0.584786 0.636342
vt 0.555281 0.618729
vt 0.555281 0.636539
vt 0.555281 0.590582
vt 0.269811 0.548646
vt 0.290759 0.548615
vt 0.290628 0.590284
vt 0.269794 0.590544
vt 0.304793 0.548548
vt 0.304397 0.589729
vt 0.290349 0.617825
vt 0.269759 0.618615
vt 0.303515 0.616063
vt 0.240233 0.489489
vt 0.269813 0.489490
vt 0.240233 0.548650
vt 0.290777 0.489492
vt 0.304849 0.489495
vt 0.313752 0.489500
vt 0.313654 0.548512
vt 0.312965 0.589399
vt 0.311266 0.614841
vt 0.240233 0.618728
vt 0.240233 0.590580
vt 0.010255 0.548548
vt 0.024289 0.548615
vt 0.024419 0.590284
vt 0.010650 0.589729
vt 0.045237 0.548646
vt 0.045253 0.590544
vt 0.024699 0.617825
vt 0.011533 0.616063
vt 0.045288 0.618615
vt 0.001296 0.489500
vt 0.010198 0.489495
vt 0.001394 0.548512
vt 0.024270 0.489492
vt 0.045235 0.489490
vt 0.074815 0.489489
vt 0.074815 0.548650
vt 0.074815 0.590580
vt 0.074815 0.618728
vt 0.074815 0.636539
vt 0.045309 0.636342
vt 0.024866 0.634966
vt 0.012146 0.631570
vt 0.003781 0.614841
vt 0.005891 0.627354
vt 0.002083 0.589399
vt 0.113585 0.548649
vt 0.157524 0.548649
vt 0.157524 0.590580
vt 0.113585 0.590580
vt 0.201463 0.548649
vt 0.201463 0.590580
vt 0.157524 0.618727
vt 0.113585 0.618728
vt 0.201463 0.618728
vt 0.113585 0.489488
vt 0.157524 0.489488
vt 0.201463 0.489488
vt 0.201463 0.636539
vt 0.157524 0.636539
vt 0.113585 0.636539
vt 0.325303 0.548549
vt 0.339337 0.548616
vt 0.339467 0.590286
vt 0.325698 0.589730
vt 0.360285 0.548648
vt 0.360301 0.590545
vt 0.339746 0.617826
vt 0.326580 0.616063
vt 0.360336 0.618616
vt 0.316343 0.489501
vt 0.325246 0.489496
vt 0.316442 0.548512
vt 0.339318 0.489494
vt 0.360283 0.489493
vt 0.389863 0.489493
vt 0.389863 0.548653
vt 0.389863 0.590582
vt 0.389863 0.618729
vt 0.318829 0.614841
vt 0.317130 0.589399
vt 0.428632 0.548653
vt 0.472572 0.548653
vt 0.472572 0.590582
vt 0.428632 0.590582
vt 0.516511 0.548653
vt 0.516511 0.590582
vt 0.472572 0.618729
vt 0.428632 0.618729
vt 0.516511 0.618729
vt 0.428632 0.489493
vt 0.472572 0.489493
vt 0.516511 0.489493
vt 0.516511 0.636539
vt 0.472572 0.636539
vt 0.428632 0.636539
vt 0.299334 0.658196
vt 0.307207 0.657709
vt 0.307226 0.671175
vt 0.298581 0.671324
vt 0.315142 0.658196
vt 0.315959 0.671324
vt 0.307246 0.691879
vt 0.298245 0.691898
vt 0.316366 0.691898
vt 0.626216 0.631380
vt 0.618506 0.640234
vt 0.299858 0.650487
vt 0.307196 0.649477
vt 0.314584 0.650487
vt 0.003880 0.631380
vt 0.011589 0.640234
vt 0.024717 0.644892
vt 0.045291 0.646636
vt 0.074815 0.646885
vt 0.316475 0.721422
vt 0.307264 0.721422
vt 0.298199 0.721422
vt 0.584805 0.646636
vt 0.555281 0.646885
vt 0.605378 0.644892
vt 0.298200 0.760192
vt 0.307275 0.760192
vt 0.307279 0.804131
vt 0.298201 0.804131
vt 0.316512 0.760192
vt 0.316525 0.804131
vt 0.307275 0.848070
vt 0.298200 0.848070
vt 0.316512 0.848070
vt 0.516511 0.646885
vt 0.113585 0.646885
vt 0.157524 0.646885
vt 0.201463 0.646885
vt 0.428632 0.646885
vt 0.472572 0.646885
vt 0.320192 0.649972
vt 0.328091 0.649477
vt 0.328154 0.662928
vt 0.319480 0.663086
vt 0.335999 0.649972
vt 0.336858 0.663086
vt 0.328191 0.683626
vt 0.319160 0.683654
vt 0.337280 0.683655
vt 0.320938 0.020821
vt 0.318928 0.016804
vt 0.326637 0.007950
vt 0.327193 0.016601
vt 0.982166 0.347589
vt 0.990034 0.350351
vt 0.974226 0.350376
vt 0.967678 0.358760
vt 0.303458 0.007950
vt 0.302902 0.016601
vt 0.290182 0.013201
vt 0.290331 0.003290
vt 0.269738 0.011823
vt 0.269757 0.001545
vt 0.240233 0.011626
vt 0.240233 0.001296
vt 0.337391 0.713178
vt 0.328211 0.713168
vt 0.319116 0.713178
vt 0.360357 0.011824
vt 0.360338 0.001545
vt 0.389863 0.001296
vt 0.389863 0.011627
vt 0.339914 0.013202
vt 0.339765 0.003290
vt 0.319117 0.751947
vt 0.328222 0.751937
vt 0.328226 0.795876
vt 0.319118 0.795886
vt 0.337428 0.751948
vt 0.337441 0.795887
vt 0.328222 0.839815
vt 0.319117 0.839825
vt 0.337428 0.839826
vt 0.428632 0.001296
vt 0.428632 0.011627
vt 0.201463 0.011626
vt 0.201463 0.001296
vt 0.157524 0.011626
vt 0.157524 0.001296
vt 0.113585 0.011626
vt 0.113585 0.001296
vt 0.516511 0.011627
vt 0.516511 0.001296
vt 0.472572 0.011627
vt 0.472572 0.001296
vt 0.428632 0.029427
vt 0.472572 0.029427
vt 0.472572 0.057569
vt 0.428632 0.057569
vt 0.516511 0.029427
vt 0.516511 0.057569
vt 0.472572 0.099497
vt 0.428632 0.099497
vt 0.516511 0.099497
vt 0.389863 0.029427
vt 0.555281 0.029427
vt 0.555281 0.057569
vt 0.555281 0.099497
vt 0.555281 0.158657
vt 0.516511 0.158657
vt 0.472572 0.158657
vt 0.428632 0.158657
vt 0.389863 0.099497
vt 0.389863 0.158657
vt 0.389863 0.057569
vt 0.428632 0.236196
vt 0.472572 0.236196
vt 0.472572 0.324075
vt 0.428632 0.324075
vt 0.516511 0.236196
vt 0.516511 0.324075
vt 0.472572 0.411953
vt 0.428632 0.411953
vt 0.516511 0.411953
vt 0.389863 0.236196
vt 0.555281 0.236196
vt 0.555281 0.324075
vt 0.555281 0.411953
vt 0.389863 0.411953
vt 0.389863 0.324075
vt 0.326580 0.032099
vt 0.339746 0.030332
vt 0.339467 0.057868
vt 0.325698 0.058428
vt 0.360336 0.029540
vt 0.360301 0.057606
vt 0.339337 0.099535
vt 0.325303 0.099607
vt 0.360285 0.099502
vt 0.318829 0.033329
vt 0.360283 0.158657
vt 0.339318 0.158658
vt 0.325246 0.158660
vt 0.316442 0.099654
vt 0.316343 0.158665
vt 0.317130 0.058768
vt 0.325246 0.236200
vt 0.339318 0.236197
vt 0.339318 0.324076
vt 0.325246 0.324078
vt 0.360283 0.236196
vt 0.360283 0.324075
vt 0.339318 0.411954
vt 0.325246 0.411956
vt 0.360283 0.411953
vt 0.316343 0.236205
vt 0.316343 0.411961
vt 0.316343 0.324083
vt 0.113585 0.029426
vt 0.157524 0.029426
vt 0.157524 0.057566
vt 0.113585 0.057566
vt 0.201463 0.029426
vt 0.201463 0.057566
vt 0.157524 0.099493
vt 0.113585 0.099493
vt 0.201463 0.099493
vt 0.074815 0.029426
vt 0.240233 0.029426
vt 0.240233 0.057567
vt 0.240233 0.099494
vt 0.240233 0.158653
vt 0.201463 0.158652
vt 0.157524 0.158652
vt 0.113585 0.158652
vt 0.074815 0.099494
vt 0.074815 0.158653
vt 0.074815 0.057567
vt 0.113585 0.236191
vt 0.157524 0.236191
vt 0.157524 0.324069
vt 0.113585 0.324070
vt 0.201463 0.236191
vt 0.201463 0.324070
vt 0.157524 0.411948
vt 0.113585 0.411948
vt 0.201463 0.411948
vt 0.074815 0.236192
vt 0.240233 0.236192
vt 0.240233 0.324070
vt 0.240233 0.411949
vt 0.074815 0.411949
vt 0.074815 0.324070
vt 0.011533 0.032099
vt 0.024699 0.030332
vt 0.024419 0.057867
vt 0.010650 0.058428
vt 0.045288 0.029540
vt 0.045253 0.057605
vt 0.024289 0.099533
vt 0.010255 0.099606
vt 0.045237 0.099499
vt 0.005891 0.020821
vt 0.003781 0.033329
vt 0.045235 0.158654
vt 0.024270 0.158656
vt 0.010198 0.158659
vt 0.001394 0.099654
vt 0.001296 0.158664
vt 0.002083 0.058768
vt 0.010198 0.236198
vt 0.024270 0.236195
vt 0.024270 0.324073
vt 0.010198 0.324077
vt 0.045235 0.236193
vt 0.045235 0.324071
vt 0.024270 0.411952
vt 0.010198 0.411955
vt 0.045235 0.411950
vt 0.001296 0.236204
vt 0.001296 0.411961
vt 0.001296 0.324082
vt 0.269759 0.029540
vt 0.290349 0.030332
vt 0.290628 0.057867
vt 0.269794 0.057605
vt 0.303515 0.032099
vt 0.304397 0.058428
vt 0.290759 0.099533
vt 0.269811 0.099499
vt 0.304793 0.099606
vt 0.309157 0.020821
vt 0.311266 0.033329
vt 0.312965 0.058768
vt 0.313654 0.099654
vt 0.313752 0.158664
vt 0.304849 0.158659
vt 0.290777 0.158656
vt 0.269813 0.158654
vt 0.269813 0.236193
vt 0.290777 0.236195
vt 0.290777 0.324073
vt 0.269813 0.324071
vt 0.304849 0.236198
vt 0.304849 0.324077
vt 0.290777 0.411952
vt 0.269813 0.411950
vt 0.304849 0.411955
vt 0.313752 0.236204
vt 0.313752 0.324082
vt 0.313752 0.411961
vt 0.584807 0.029540
vt 0.605397 0.030332
vt 0.605676 0.057868
vt 0.584842 0.057606
vt 0.618563 0.032099
vt 0.619445 0.058428
vt 0.605806 0.099535
vt 0.584858 0.099502
vt 0.619841 0.099607
vt 0.626314 0.033329
vt 0.628013 0.058768
vt 0.628701 0.099654
vt 0.628800 0.158665
vt 0.619897 0.158660
vt 0.605825 0.158658
vt 0.584861 0.158657
vt 0.584861 0.236196
vt 0.605825 0.236197
vt 0.605825 0.324076
vt 0.584861 0.324075
vt 0.619897 0.236200
vt 0.619897 0.324078
vt 0.605825 0.411954
vt 0.584861 0.411953
vt 0.619897 0.411956
vt 0.628800 0.236205
vt 0.628800 0.324083
vt 0.628800 0.411961
vt 0.937209 0.376555
vt 0.945069 0.375905
vt 0.945065 0.402799
vt 0.936435 0.402747
vt 0.953016 0.376580
vt 0.953813 0.402775
vt 0.945078 0.443563
vt 0.936092 0.443243
vt 0.954213 0.443272
vt 0.932777 0.364096
vt 0.930876 0.376773
vt 0.959595 0.376819
vt 0.961251 0.402091
vt 0.962027 0.442297
vt 0.962256 0.500147
vt 0.954320 0.501163
vt 0.945094 0.501492
vt 0.936045 0.501134
vt 0.928725 0.442244
vt 0.928636 0.500093
vt 0.929345 0.402040
vt 0.936046 0.577121
vt 0.945105 0.577478
vt 0.945109 0.663597
vt 0.936047 0.663239
vt 0.954357 0.577150
vt 0.954370 0.663269
vt 0.945105 0.749716
vt 0.936046 0.749358
vt 0.954357 0.749387
vt 0.928636 0.576080
vt 0.962345 0.576134
vt 0.962374 0.662252
vt 0.962345 0.748371
vt 0.928636 0.748317
vt 0.928636 0.662198
vt 0.990131 0.948603
vt 0.982271 0.949862
vt 0.982275 0.923972
vt 0.990905 0.923336
vt 0.974324 0.948629
vt 0.973527 0.923364
vt 0.982262 0.883578
vt 0.991248 0.883186
vt 0.973128 0.883215
vt 0.994563 0.958483
vt 0.989568 0.962833
vt 0.996464 0.946641
vt 0.982239 0.965025
vt 0.974843 0.962856
vt 0.969704 0.958523
vt 0.967745 0.946687
vt 0.966089 0.922096
vt 0.965313 0.882167
vt 0.965084 0.824358
vt 0.973020 0.825374
vt 0.982246 0.825703
vt 0.991295 0.825345
vt 0.998616 0.882114
vt 0.998704 0.824304
vt 0.997995 0.922045
vt 0.991294 0.749358
vt 0.982235 0.749716
vt 0.982231 0.663597
vt 0.991294 0.663240
vt 0.972983 0.749387
vt 0.972970 0.663269
vt 0.982235 0.577479
vt 0.991294 0.577121
vt 0.972983 0.577150
vt 0.998704 0.748317
vt 0.964995 0.748371
vt 0.964966 0.662252
vt 0.964995 0.576134
vt 0.998704 0.576080
vt 0.998704 0.662198
vt 0.153859 0.866621
vt 0.153859 0.884024
vt 0.136456 0.884024
vt 0.136456 0.866621
vt 0.192589 0.534144
vt 0.192589 0.551548
vt 0.186442 0.551548
vt 0.186442 0.534144
vt 0.165456 0.884024
vt 0.165456 0.866621
vt 0.171604 0.866621
vt 0.171604 0.884024
vt 0.690537 0.520355
vt 0.696690 0.522903
vt 0.699238 0.529056
vt 0.696690 0.535209
vt 0.690537 0.537758
vt 0.177762 0.866621
vt 0.177762 0.884024
vt 0.186442 0.493549
vt 0.186442 0.476145
vt 0.192608 0.476145
vt 0.192608 0.493549
vt 0.629911 0.883111
vt 0.623759 0.885659
vt 0.623759 0.868256
vt 0.629911 0.870805
vt 0.632460 0.876958
vt 0.124860 0.866621
vt 0.124860 0.884024
vt 0.107457 0.884024
vt 0.107457 0.866621
vt 0.186442 0.580547
vt 0.186442 0.563144
vt 0.192589 0.563144
vt 0.192589 0.580547
vt 0.599856 0.885659
vt 0.599856 0.868256
vt 0.606005 0.868256
vt 0.606005 0.885659
vt 0.690537 0.549354
vt 0.696690 0.551903
vt 0.699238 0.558056
vt 0.696690 0.564209
vt 0.690537 0.566758
vt 0.612162 0.868256
vt 0.612162 0.885659
vt 0.186442 0.522548
vt 0.186442 0.505145
vt 0.192608 0.505145
vt 0.192608 0.522548
vt 0.676393 0.883111
vt 0.670240 0.885659
vt 0.670240 0.868256
vt 0.676393 0.870805
vt 0.678941 0.876958
vt 0.708570 0.862643
vt 0.725973 0.862643
vt 0.725973 0.880046
vt 0.708570 0.880046
vt 0.192561 0.592144
vt 0.192561 0.609547
vt 0.186442 0.609547
vt 0.186442 0.592144
vt 0.816505 0.869168
vt 0.816505 0.851765
vt 0.822658 0.851770
vt 0.822658 0.869173
vt 0.383346 0.678032
vt 0.377193 0.675484
vt 0.374645 0.669331
vt 0.377193 0.663178
vt 0.383346 0.660629
vt 0.828811 0.851765
vt 0.828811 0.869168
vt 0.186442 0.667546
vt 0.186442 0.650143
vt 0.192561 0.650143
vt 0.192561 0.667546
vt 0.380798 0.646484
vt 0.374645 0.649033
vt 0.374645 0.631630
vt 0.380798 0.634178
vt 0.383346 0.640331
vt 0.841314 0.863362
vt 0.858717 0.863362
vt 0.858717 0.880765
vt 0.841314 0.880765
vt 0.186442 0.638546
vt 0.186442 0.621143
vt 0.192561 0.621143
vt 0.192561 0.638546
vt 0.870313 0.880765
vt 0.870313 0.863362
vt 0.876466 0.863366
vt 0.876466 0.880770
vt 0.631965 0.688746
vt 0.625813 0.686197
vt 0.623264 0.680044
vt 0.625813 0.673891
vt 0.631965 0.671343
vt 0.882619 0.863362
vt 0.882619 0.880765
vt 0.186442 0.696546
vt 0.186442 0.679142
vt 0.192561 0.679142
vt 0.192561 0.696546
vt 0.629417 0.657198
vt 0.623264 0.659747
vt 0.623264 0.642343
vt 0.629417 0.644892
vt 0.631966 0.651045
vt 0.346804 0.495653
vt 0.338892 0.491350
vt 0.344948 0.480215
vt 0.352859 0.484517
vt 0.350436 0.470123
vt 0.358348 0.474425
vt 0.354819 0.462063
vt 0.362731 0.466365
vt 0.374327 0.563721
vt 0.383333 0.563721
vt 0.383343 0.575133
vt 0.374337 0.575133
vt 0.383346 0.587784
vt 0.374340 0.587784
vt 0.374340 0.595971
vt 0.383346 0.595971
vt 0.383343 0.608621
vt 0.374337 0.608621
vt 0.383333 0.620033
vt 0.374327 0.620033
vt 0.204204 0.466365
vt 0.212116 0.462063
vt 0.216499 0.470123
vt 0.208587 0.474425
vt 0.221987 0.480214
vt 0.214075 0.484517
vt 0.228043 0.491350
vt 0.220131 0.495653
vt 0.005798 0.517082
vt 0.007802 0.504432
vt 0.013617 0.493020
vt 0.022673 0.483963
vt 0.034085 0.478149
vt 0.046735 0.476145
vt 0.054923 0.476145
vt 0.067573 0.478149
vt 0.078985 0.483963
vt 0.088042 0.493020
vt 0.093857 0.504432
vt 0.095860 0.517082
vt 0.570730 0.529089
vt 0.583381 0.531092
vt 0.594793 0.536907
vt 0.603849 0.545963
vt 0.609664 0.557375
vt 0.611668 0.570026
vt 0.521605 0.570026
vt 0.523609 0.557375
vt 0.529424 0.545963
vt 0.538480 0.536907
vt 0.549892 0.531092
vt 0.562543 0.529089
vt 0.237785 0.916364
vt 0.254151 0.916382
vt 0.254114 0.937086
vt 0.238396 0.936937
vt 0.270733 0.916364
vt 0.269993 0.936937
vt 0.254080 0.950552
vt 0.239766 0.950065
vt 0.268507 0.950065
vt 0.224149 0.886840
vt 0.237702 0.886840
vt 0.224309 0.916345
vt 0.254183 0.886840
vt 0.270930 0.886840
vt 0.285278 0.886840
vt 0.284860 0.916345
vt 0.283439 0.936789
vt 0.280401 0.949509
vt 0.276806 0.955764
vt 0.267494 0.957775
vt 0.254062 0.958785
vt 0.240720 0.957775
vt 0.228183 0.949509
vt 0.231606 0.955764
vt 0.225426 0.936789
vt 0.013649 0.943018
vt 0.029343 0.942999
vt 0.029493 0.965780
vt 0.014422 0.965654
vt 0.045937 0.942966
vt 0.045386 0.965604
vt 0.029965 0.980612
vt 0.016231 0.980110
vt 0.044397 0.980065
vt 0.001296 0.910603
vt 0.013542 0.910542
vt 0.001472 0.943058
vt 0.029348 0.910502
vt 0.046105 0.910489
vt 0.061201 0.910507
vt 0.060811 0.942963
vt 0.059556 0.965458
vt 0.056919 0.979467
vt 0.053819 0.986370
vt 0.044290 0.988581
vt 0.030925 0.989705
vt 0.018053 0.988623
vt 0.005747 0.979550
vt 0.009523 0.986441
vt 0.002705 0.965549
vt 0.899906 0.296668
vt 0.920854 0.296649
vt 0.920724 0.319566
vt 0.899890 0.319710
vt 0.934888 0.296609
vt 0.934493 0.319257
vt 0.920445 0.334710
vt 0.899855 0.335146
vt 0.933610 0.333738
vt 0.870328 0.264132
vt 0.899908 0.264132
vt 0.870328 0.296670
vt 0.920873 0.264132
vt 0.934945 0.264130
vt 0.943848 0.264127
vt 0.943749 0.296583
vt 0.943060 0.319070
vt 0.941362 0.333061
vt 0.939253 0.339940
vt 0.932997 0.342262
vt 0.920277 0.344131
vt 0.899834 0.344889
vt 0.870328 0.335208
vt 0.870328 0.344998
vt 0.870328 0.319730
vt 0.925991 0.395782
vt 0.911940 0.395692
vt 0.911818 0.372798
vt 0.925602 0.373153
vt 0.890983 0.395648
vt 0.890976 0.372632
vt 0.911554 0.357701
vt 0.924733 0.358711
vt 0.890958 0.357247
vt 0.072704 0.910560
vt 0.072031 0.943040
vt 0.926045 0.428254
vt 0.911955 0.428199
vt 0.890981 0.428170
vt 0.861397 0.428156
vt 0.861402 0.395633
vt 0.861412 0.372603
vt 0.861430 0.357179
vt 0.220449 0.691895
vt 0.221147 0.721422
vt 0.211228 0.721422
vt 0.210810 0.691916
vt 0.890966 0.347589
vt 0.911413 0.348359
vt 0.924143 0.350256
vt 0.066018 0.980190
vt 0.058585 0.988733
vt 0.070135 0.965694
vt 0.822630 0.395628
vt 0.778691 0.395626
vt 0.778701 0.372597
vt 0.822641 0.372598
vt 0.778720 0.357176
vt 0.822659 0.357176
vt 0.822625 0.428149
vt 0.778685 0.428147
vt 0.221455 0.760192
vt 0.221558 0.804131
vt 0.211444 0.804131
vt 0.211390 0.760192
vt 0.787619 0.296670
vt 0.831559 0.296670
vt 0.831559 0.319730
vt 0.787619 0.319730
vt 0.831559 0.335208
vt 0.787619 0.335208
vt 0.787619 0.264132
vt 0.831559 0.264132
vt 0.831559 0.344998
vt 0.787619 0.344998
vt 0.165715 0.658196
vt 0.180030 0.657709
vt 0.180064 0.671175
vt 0.164346 0.671324
vt 0.194457 0.658196
vt 0.195943 0.671324
vt 0.180101 0.691879
vt 0.163735 0.691898
vt 0.196683 0.691898
vt 0.157555 0.652498
vt 0.166670 0.650487
vt 0.154133 0.658753
vt 0.180012 0.649477
vt 0.193444 0.650487
vt 0.202756 0.652497
vt 0.206351 0.658753
vt 0.209389 0.671473
vt 0.196880 0.721422
vt 0.180133 0.721422
vt 0.163652 0.721422
vt 0.150259 0.691916
vt 0.150099 0.721422
vt 0.151376 0.671473
vt 0.163654 0.760192
vt 0.180153 0.760192
vt 0.180160 0.804131
vt 0.163655 0.804131
vt 0.196948 0.760192
vt 0.196971 0.804131
vt 0.150099 0.760192
vt 0.150099 0.804131
vt 0.237705 0.804131
vt 0.254210 0.804131
vt 0.254203 0.848070
vt 0.237704 0.848070
vt 0.271021 0.804131
vt 0.270998 0.848070
vt 0.285494 0.804131
vt 0.285440 0.848070
vt 0.224149 0.848070
vt 0.224149 0.804131
vt 0.787619 0.011092
vt 0.831558 0.011092
vt 0.831558 0.026573
vt 0.787619 0.026573
vt 0.831559 0.049634
vt 0.787619 0.049634
vt 0.787619 0.001296
vt 0.831558 0.001296
vt 0.870328 0.001296
vt 0.870328 0.011092
vt 0.870328 0.026573
vt 0.870328 0.049634
vt 0.870328 0.082172
vt 0.831559 0.082172
vt 0.787619 0.082172
vt 0.787619 0.124819
vt 0.831559 0.124819
vt 0.831559 0.173152
vt 0.787619 0.173152
vt 0.831559 0.221485
vt 0.787619 0.221485
vt 0.870328 0.124819
vt 0.870328 0.173152
vt 0.870328 0.221485
vt 0.822653 0.681279
vt 0.778713 0.681278
vt 0.778695 0.665743
vt 0.822635 0.665744
vt 0.778686 0.642651
vt 0.822625 0.642653
vt 0.295505 0.848070
vt 0.295197 0.886840
vt 0.295608 0.804131
vt 0.778681 0.610099
vt 0.822621 0.610101
vt 0.861397 0.642659
vt 0.861393 0.610108
vt 0.861406 0.665748
vt 0.861423 0.681281
vt 0.822619 0.567448
vt 0.778679 0.567445
vt 0.778679 0.519111
vt 0.822619 0.519114
vt 0.778681 0.470783
vt 0.822621 0.470786
vt 0.861391 0.567456
vt 0.861394 0.470794
vt 0.861392 0.519122
vt 0.924726 0.679878
vt 0.911547 0.680809
vt 0.911811 0.665616
vt 0.925596 0.665356
vt 0.890952 0.681226
vt 0.890970 0.665737
vt 0.911935 0.642677
vt 0.925986 0.642690
vt 0.890978 0.642668
vt 0.053819 0.652787
vt 0.058585 0.650510
vt 0.066018 0.659019
vt 0.056919 0.659645
vt 0.924135 0.688475
vt 0.911406 0.690316
vt 0.890959 0.691060
vt 0.861452 0.691165
vt 0.890977 0.610122
vt 0.911951 0.610151
vt 0.926041 0.610206
vt 0.060811 0.696099
vt 0.072031 0.696129
vt 0.072704 0.728606
vt 0.061201 0.728553
vt 0.059556 0.673620
vt 0.070135 0.673487
vt 0.926041 0.567558
vt 0.911951 0.567502
vt 0.911951 0.519169
vt 0.926041 0.519226
vt 0.890976 0.567471
vt 0.890977 0.519138
vt 0.911953 0.470840
vt 0.926043 0.470896
vt 0.890978 0.470809
vt 0.073005 0.771251
vt 0.061359 0.771198
vt 0.061359 0.867861
vt 0.073005 0.867914
vt 0.061412 0.819529
vt 0.073106 0.819582
vt 0.899855 0.011154
vt 0.920445 0.011589
vt 0.920724 0.026736
vt 0.899890 0.026593
vt 0.933610 0.012558
vt 0.934493 0.027041
vt 0.920854 0.049654
vt 0.899906 0.049637
vt 0.934888 0.049691
vt 0.899834 0.001404
vt 0.920277 0.002161
vt 0.932997 0.004029
vt 0.939253 0.006347
vt 0.941362 0.013229
vt 0.943060 0.027223
vt 0.943749 0.049711
vt 0.943848 0.082167
vt 0.934945 0.082170
vt 0.920873 0.082172
vt 0.899908 0.082172
vt 0.899908 0.124819
vt 0.920873 0.124819
vt 0.920873 0.173152
vt 0.899908 0.173152
vt 0.934945 0.124817
vt 0.934945 0.173150
vt 0.920873 0.221485
vt 0.899908 0.221485
vt 0.934945 0.221483
vt 0.943848 0.124814
vt 0.943848 0.173147
vt 0.943848 0.221480
vt 0.016231 0.659064
vt 0.029965 0.658495
vt 0.029493 0.673287
vt 0.014422 0.673488
vt 0.044397 0.659019
vt 0.045386 0.673438
vt 0.029343 0.696053
vt 0.013649 0.696113
vt 0.045937 0.696061
vt 0.009523 0.652858
vt 0.018053 0.650616
vt 0.005747 0.659728
vt 0.030925 0.649477
vt 0.044290 0.650574
vt 0.046105 0.728535
vt 0.029348 0.728548
vt 0.013542 0.728587
vt 0.001472 0.696194
vt 0.001296 0.728649
vt 0.002705 0.673711
vt 0.013544 0.771233
vt 0.029368 0.771194
vt 0.029375 0.819525
vt 0.013545 0.819564
vt 0.046171 0.771181
vt 0.046194 0.819512
vt 0.029368 0.867857
vt 0.013544 0.867896
vt 0.046171 0.867844
vt 0.001296 0.771294
vt 0.001296 0.867957
vt 0.001296 0.819626
s 1
usemtl blue_cloth
f 921/1169/536 922/1170/537 925/1171/538 924/1172/539
f 922/1170/537 923/1173/540 926/1174/541 925/1171/538
f 924/1172/539 925/1171/538 928/1175/542 927/1176/543
f 925/1171/538 926/1174/541 929/1177/544 928/1175/542
f 725/1178/545 920/1179/546 921/1169/536 827/1180/547
f 920/1179/546 919/1181/548 922/1170/537 921/1169/536
f 919/1181/548 918/1182/549 923/1173/540 922/1170/537
f 918/1182/549 728/1183/550 747/1184/551 923/1173/540
f 923/1173/540 747/1184/551 748/1185/552 926/1174/541
f 926/1174/541 748/1185/552 749/1186/553 929/1177/544
f 929/1177/544 749/1186/553 712/1187/554 750/1188/555
f 928/1175/542 929/1177/544 750/1188/555 751/1189/556
f 927/1176/543 928/1175/542 751/1189/556 752/1190/557
f 825/1191/558 927/1176/543 752/1190/557 711/1192/559
f 826/1193/560 924/1172/539 927/1176/543 825/1191/558
f 827/1180/547 921/1169/536 924/1172/539 826/1193/560
f 930/1194/561 931/1195/562 934/1196/563 933/1197/564
f 931/1195/562 932/1198/565 935/1199/566 934/1196/563
f 933/1197/564 934/1196/563 937/1200/567 936/1201/568
f 934/1196/563 935/1199/566 938/1202/569 937/1200/567
f 717/1203/570 824/1204/571 930/1205/561 779/1206/572
f 824/1207/571 823/1208/573 931/1195/562 930/1194/561
f 823/1208/573 822/1209/574 932/1198/565 931/1195/562
f 822/1210/574 720/1211/575 756/1212/576 932/1213/565
f 932/1213/565 756/1212/576 757/1214/577 935/1215/566
f 935/1215/566 757/1214/577 758/1216/578 938/1217/569
f 938/1218/569 758/1219/578 716/1220/579 759/1221/580
f 937/1222/567 938/1218/569 759/1221/580 760/1223/581
f 936/1224/568 937/1222/567 760/1223/581 761/1225/582
f 777/1226/583 936/1227/568 761/1228/582 715/1229/584
f 778/1230/585 933/1231/564 936/1227/568 777/1226/583
f 779/1206/572 930/1205/561 933/1231/564 778/1230/585
f 939/1232/586 940/1233/587 943/1234/588 942/1235/589
f 940/1233/587 941/1236/590 944/1237/591 943/1234/588
f 942/1235/589 943/1234/588 946/1238/592 945/1239/593
f 943/1234/588 944/1237/591 947/1240/594 946/1238/592
f 729/1241/595 914/1242/596 939/1232/586 839/1243/597
f 914/1242/596 913/1244/598 940/1233/587 939/1232/586
f 913/1244/598 912/1245/599 941/1236/590 940/1233/587
f 912/1245/599 732/1246/600 765/1247/601 941/1236/590
f 941/1236/590 765/1247/601 766/1248/602 944/1237/591
f 944/1237/591 766/1248/602 767/1249/603 947/1240/594
f 947/1240/594 767/1249/603 714/1250/604 768/1251/605
f 946/1238/592 947/1240/594 768/1251/605 769/1252/606
f 945/1239/593 946/1238/592 769/1252/606 770/1253/607
f 837/1254/608 945/1239/593 770/1253/607 713/1255/609
f 838/1256/610 942/1235/589 945/1239/593 837/1254/608
f 839/1243/597 939/1232/586 942/1235/589 838/1256/610
f 948/1257/611 949/1258/612 952/1259/613 951/1260/614
f 949/1258/612 950/1261/615 953/1262/616 952/1259/613
f 951/1260/614 952/1259/613 955/1263/617 954/1264/618
f 952/1259/613 953/1262/616 956/1265/619 955/1263/617
f 721/1266/620 818/1267/621 948/1268/611 791/1269/622
f 818/1270/621 817/1271/623 949/1258/612 948/1257/611
f 817/1271/623 816/1272/624 950/1261/615 949/1258/612
f 816/1273/624 724/1274/625 774/1275/626 950/1276/615
f 950/1276/615 774/1275/626 775/1277/627 953/1278/616
f 953/1278/616 775/1277/627 776/1279/628 956/1280/619
f 956/1280/619 776/1279/628 710/1281/629 746/1282/630
f 955/1263/617 956/1265/619 746/1283/630 745/1284/631
f 954/1264/618 955/1263/617 745/1284/631 744/1285/632
f 789/1286/633 954/1287/618 744/1288/632 709/1289/634
f 790/1290/635 951/1291/614 954/1287/618 789/1286/633
f 791/1269/622 948/1268/611 951/1291/614 790/1290/635
f 957/1292/636 958/1293/637 961/1294/638 960/1295/639
f 958/1293/640 959/1296/641 962/1297/642 961/1294/643
f 960/1295/644 961/1294/643 964/1298/645 963/1299/646
f 961/1294/643 962/1297/642 965/1300/647 964/1298/645
f 740/1301/648 908/1302/649 957/1292/636 810/1303/650
f 908/1302/649 907/1304/651 958/1293/637 957/1292/636
f 907/1304/652 906/1305/653 959/1296/641 958/1293/640
f 906/1305/653 729/1306/595 839/1307/597 959/1296/641
f 959/1296/641 839/1307/597 838/1308/610 962/1297/642
f 962/1297/642 838/1308/610 837/1309/608 965/1300/647
f 965/1300/647 837/1309/608 713/1310/609 773/1311/654
f 964/1298/645 965/1300/647 773/1311/654 772/1312/655
f 963/1299/646 964/1298/645 772/1312/655 771/1313/656
f 812/1314/657 963/1299/646 771/1313/656 722/1315/658
f 811/1316/659 960/1295/644 963/1299/646 812/1314/657
f 810/1303/650 957/1292/636 960/1295/639 811/1316/660
f 966/1317/661 967/1318/662 970/1319/663 969/1320/664
f 967/1318/662 968/1321/665 971/1322/666 970/1319/663
f 969/1320/664 970/1319/663 973/1323/667 972/1324/668
f 970/1319/663 971/1322/666 974/1325/669 973/1323/667
f 736/1326/670 902/1327/671 966/1317/661 804/1328/672
f 902/1327/671 901/1329/673 967/1318/662 966/1317/661
f 901/1329/673 900/1330/674 968/1321/665 967/1318/662
f 900/1330/674 727/1331/675 833/1332/676 968/1321/665
f 968/1321/665 833/1332/676 832/1333/677 971/1322/666
f 971/1322/666 832/1333/677 831/1334/678 974/1325/669
f 974/1325/669 831/1334/678 710/1281/629 776/1279/628
f 973/1323/667 974/1325/669 776/1279/628 775/1277/627
f 972/1324/668 973/1323/667 775/1277/627 774/1275/626
f 806/1335/679 972/1324/668 774/1275/626 724/1274/625
f 805/1336/680 969/1320/664 972/1324/668 806/1335/679
f 804/1328/672 966/1317/661 969/1320/664 805/1336/680
f 975/1337/681 976/1338/682 979/1339/683 978/1340/684
f 976/1338/682 977/1341/685 980/1342/686 979/1339/683
f 978/1340/684 979/1339/683 982/1343/687 981/1344/688
f 979/1339/683 980/1342/686 983/1345/689 982/1343/687
f 732/1346/600 896/1347/690 975/1337/681 765/1348/601
f 896/1347/690 895/1349/691 976/1338/682 975/1337/681
f 895/1349/691 894/1350/692 977/1341/685 976/1338/682
f 894/1350/692 734/1351/693 801/1352/694 977/1341/685
f 977/1341/685 801/1352/694 802/1353/695 980/1342/686
f 980/1342/686 802/1353/695 803/1354/696 983/1345/689
f 983/1345/689 803/1354/696 723/1355/697 797/1356/698
f 982/1343/687 983/1345/689 797/1356/698 796/1357/699
f 981/1344/688 982/1343/687 796/1357/699 795/1358/700
f 767/1359/603 981/1344/688 795/1358/700 714/1360/604
f 766/1361/602 978/1340/684 981/1344/688 767/1359/603
f 765/1348/601 975/1337/681 978/1340/684 766/1361/602
f 984/1362/701 985/1363/702 988/1364/703 987/1365/704
f 985/1363/702 986/1366/705 989/1367/706 988/1364/703
f 987/1365/704 988/1364/703 991/1368/707 990/1369/708
f 988/1364/703 989/1367/706 992/1370/709 991/1368/707
f 734/1351/693 890/1371/710 984/1362/701 801/1352/694
f 890/1371/710 889/1372/711 985/1363/702 984/1362/701
f 889/1372/711 888/1373/712 986/1366/705 985/1363/702
f 888/1373/712 736/1326/670 804/1328/672 986/1366/705
f 986/1366/705 804/1328/672 805/1336/680 989/1367/706
f 989/1367/706 805/1336/680 806/1335/679 992/1370/709
f 992/1370/709 806/1335/679 724/1274/625 800/1374/713
f 991/1368/707 992/1370/709 800/1374/713 799/1375/714
f 990/1369/708 991/1368/707 799/1375/714 798/1376/715
f 803/1354/696 990/1369/708 798/1376/715 723/1355/697
f 802/1353/695 987/1365/704 990/1369/708 803/1354/696
f 801/1352/694 984/1362/701 987/1365/704 802/1353/695
f 993/1377/716 994/1378/717 997/1379/718 996/1380/719
f 994/1378/720 995/1381/721 998/1382/722 997/1379/723
f 996/1380/719 997/1379/718 1000/1383/724 999/1384/725
f 997/1379/718 998/1382/726 1001/1385/727 1000/1383/724
f 726/1386/728 884/1387/729 993/1377/716 741/1388/730
f 884/1387/729 883/1389/731 994/1378/717 993/1377/716
f 883/1389/732 882/1390/733 995/1381/721 994/1378/720
f 882/1390/733 738/1391/734 807/1392/735 995/1381/721
f 995/1381/721 807/1392/735 808/1393/736 998/1382/722
f 998/1382/726 808/1393/737 809/1394/738 1001/1385/727
f 1001/1385/727 809/1394/738 721/1266/620 791/1269/622
f 1000/1383/724 1001/1385/727 791/1269/622 790/1290/635
f 999/1384/725 1000/1383/724 790/1290/635 789/1286/633
f 743/1395/739 999/1384/725 789/1286/633 709/1289/634
f 742/1396/740 996/1380/719 999/1384/725 743/1395/739
f 741/1388/730 993/1377/716 996/1380/719 742/1396/740
f 1002/1397/741 1003/1398/741 1006/1399/742 1005/1400/742
f 1003/1398/741 1004/1401/741 1007/1402/742 1006/1399/742
f 1005/1400/743 1006/1399/743 1009/1403/744 1008/1404/744
f 1006/1399/743 1007/1402/743 1010/1405/744 1009/1403/744
f 738/1391/734 878/1406/745 1002/1397/741 807/1392/735
f 878/1406/745 877/1407/745 1003/1398/741 1002/1397/741
f 877/1407/745 876/1408/745 1004/1401/741 1003/1398/741
f 876/1408/745 740/1301/648 810/1303/650 1004/1401/741
f 1004/1401/741 810/1303/650 811/1316/660 1007/1402/742
f 1007/1402/743 811/1316/659 812/1314/657 1010/1405/744
f 1010/1405/744 812/1314/657 722/1315/658 794/1409/746
f 1009/1403/744 1010/1405/744 794/1409/746 793/1410/746
f 1008/1404/744 1009/1403/744 793/1410/746 792/1411/746
f 809/1394/738 1008/1404/744 792/1411/746 721/1266/620
f 808/1393/737 1005/1400/743 1008/1404/744 809/1394/738
f 807/1392/735 1002/1397/741 1005/1400/742 808/1393/736
f 1011/1412/747 1012/1413/748 1015/1414/749 1014/1415/750
f 1012/1413/748 1013/1416/751 1016/1417/752 1015/1414/749
f 1014/1415/750 1015/1414/749 1018/1418/753 1017/1419/754
f 1015/1414/749 1016/1417/752 1019/1420/755 1018/1418/753
f 713/1310/609 770/1421/607 1011/1422/747 773/1311/654
f 770/1423/607 769/1424/606 1012/1413/748 1011/1412/747
f 769/1424/606 768/1425/605 1013/1416/751 1012/1413/748
f 768/1426/605 714/1360/604 795/1358/700 1013/1427/751
f 1013/1427/751 795/1358/700 796/1357/699 1016/1428/752
f 1016/1428/752 796/1357/699 797/1356/698 1019/1429/755
f 1019/1429/755 797/1356/698 723/1355/697 813/1430/756
f 1018/1418/753 1019/1420/755 813/1431/756 814/1432/757
f 1017/1419/754 1018/1418/753 814/1432/757 815/1433/758
f 771/1313/656 1017/1434/754 815/1435/758 722/1315/658
f 772/1312/655 1014/1436/750 1017/1434/754 771/1313/656
f 773/1311/654 1011/1422/747 1014/1436/750 772/1312/655
f 1020/1437/759 1021/1438/760 1024/1439/761 1023/1440/759
f 1021/1438/760 1022/1441/762 1025/1442/763 1024/1439/761
f 1023/1440/759 1024/1439/761 1027/1443/760 1026/1444/759
f 1024/1439/761 1025/1442/763 1028/1445/764 1027/1443/760
f 722/1315/658 815/1435/758 1020/1446/759 794/1409/746
f 815/1433/758 814/1432/757 1021/1438/760 1020/1437/759
f 814/1432/757 813/1431/756 1022/1441/762 1021/1438/760
f 813/1430/756 723/1355/697 798/1376/715 1022/1447/762
f 1022/1447/762 798/1376/715 799/1375/714 1025/1448/763
f 1025/1448/763 799/1375/714 800/1374/713 1028/1449/764
f 1028/1449/764 800/1374/713 724/1274/625 816/1273/624
f 1027/1443/760 1028/1445/764 816/1272/624 817/1271/623
f 1026/1444/759 1027/1443/760 817/1271/623 818/1270/621
f 792/1411/746 1026/1450/759 818/1267/621 721/1266/620
f 793/1410/746 1023/1451/759 1026/1450/759 792/1411/746
f 794/1409/746 1020/1446/759 1023/1451/759 793/1410/746
f 1029/1452/765 1030/1453/766 1033/1454/767 1032/1455/768
f 1030/1453/766 1031/1456/769 1034/1457/770 1033/1454/767
f 1032/1455/768 1033/1454/767 1036/1458/771 1035/1459/772
f 1033/1454/767 1034/1457/770 1037/1460/773 1036/1458/771
f 711/1461/559 752/1462/557 1029/1463/765 755/1464/774
f 752/1190/557 751/1189/556 1030/1465/766 1029/1466/765
f 751/1189/556 750/1188/555 1031/1467/769 1030/1465/766
f 750/1188/555 712/1187/554 783/1468/775 1031/1467/769
f 1031/1469/769 783/1470/775 784/1471/776 1034/1472/770
f 1034/1472/770 784/1471/776 785/1473/777 1037/1474/773
f 1037/1474/773 785/1473/777 719/1475/778 819/1476/779
f 1036/1458/771 1037/1460/773 819/1477/779 820/1478/780
f 1035/1459/772 1036/1458/771 820/1478/780 821/1479/781
f 753/1480/782 1035/1481/772 821/1482/781 718/1483/783
f 754/1484/784 1032/1485/768 1035/1481/772 753/1480/782
f 755/1464/774 1029/1463/765 1032/1485/768 754/1484/784
f 1038/1486/785 1039/1487/786 1042/1488/787 1041/1489/785
f 1039/1487/786 1040/1490/788 1043/1491/789 1042/1488/787
f 1041/1489/785 1042/1488/787 1045/1492/786 1044/1493/785
f 1042/1488/787 1043/1491/789 1046/1494/790 1045/1492/786
f 718/1483/783 821/1482/781 1038/1495/785 782/1496/791
f 821/1479/781 820/1478/780 1039/1487/786 1038/1486/785
f 820/1478/780 819/1477/779 1040/1490/788 1039/1487/786
f 819/1476/779 719/1475/778 786/1497/792 1040/1498/788
f 1040/1498/788 786/1497/792 787/1499/793 1043/1500/789
f 1043/1500/789 787/1499/793 788/1501/794 1046/1502/790
f 1046/1502/790 788/1501/794 720/1211/575 822/1210/574
f 1045/1492/786 1046/1494/790 822/1209/574 823/1208/573
f 1044/1493/785 1045/1492/786 823/1208/573 824/1207/571
f 780/1503/791 1044/1504/785 824/1204/571 717/1203/570
f 781/1505/791 1041/1506/785 1044/1504/785 780/1503/791
f 782/1496/791 1038/1495/785 1041/1506/785 781/1505/791
f 1047/1507/795 1048/1508/795 1051/1509/796 1050/1510/796
f 1048/1508/795 1049/1511/795 1052/1512/796 1051/1509/796
f 1050/1510/797 1051/1509/797 1054/1513/798 1053/1514/798
f 1051/1509/797 1052/1512/797 1055/1515/798 1054/1513/798
f 718/1483/783 782/1496/791 1047/1507/795 861/1516/799
f 782/1496/791 781/1505/791 1048/1508/795 1047/1507/795
f 781/1505/791 780/1503/791 1049/1511/795 1048/1508/795
f 780/1503/791 717/1203/570 867/1517/800 1049/1511/795
f 1049/1511/795 867/1517/800 868/1518/801 1052/1512/796
f 1052/1512/797 868/1518/802 869/1519/803 1055/1515/798
f 1055/1515/798 869/1519/803 739/1520/804 873/1521/805
f 1054/1513/798 1055/1515/798 873/1521/805 874/1522/805
f 1053/1514/798 1054/1513/798 874/1522/805 875/1523/805
f 863/1524/806 1053/1514/798 875/1523/805 737/1525/807
f 862/1526/808 1050/1510/797 1053/1514/798 863/1524/806
f 861/1516/799 1047/1507/795 1050/1510/796 862/1526/809
f 1056/1527/11 1057/1528/11 1060/1529/11 1059/1530/11
f 1057/1528/11 1058/1531/11 1061/1532/11 1060/1529/11
f 1059/1530/11 1060/1529/11 1063/1533/11 1062/1534/11
f 1060/1529/11 1061/1532/11 1064/1535/11 1063/1533/11
f 737/1525/807 875/1523/805 1056/1527/11 864/1536/810
f 875/1523/805 874/1522/805 1057/1528/11 1056/1527/11
f 874/1522/805 873/1521/805 1058/1531/11 1057/1528/11
f 873/1521/805 739/1520/804 870/1537/811 1058/1531/11
f 1058/1531/11 870/1537/811 871/1538/811 1061/1532/11
f 1061/1532/11 871/1538/811 872/1539/811 1064/1535/11
f 1064/1535/11 872/1539/811 740/1301/648 876/1408/745
f 1063/1533/11 1064/1535/11 876/1408/745 877/1407/745
f 1062/1534/11 1063/1533/11 877/1407/745 878/1406/745
f 866/1540/810 1062/1534/11 878/1406/745 738/1391/734
f 865/1541/810 1059/1530/11 1062/1534/11 866/1540/810
f 864/1536/810 1056/1527/11 1059/1530/11 865/1541/810
f 1065/1542/812 1066/1543/813 1069/1544/814 1068/1545/815
f 1066/1543/813 1067/1546/816 1070/1547/817 1069/1544/814
f 1068/1545/815 1069/1544/814 1072/1548/818 1071/1549/819
f 1069/1544/820 1070/1547/821 1073/1550/822 1072/1548/823
f 711/1461/559 755/1464/774 1065/1542/812 825/1551/558
f 755/1464/774 754/1484/784 1066/1543/813 1065/1542/812
f 754/1484/784 753/1480/782 1067/1546/816 1066/1543/813
f 753/1480/782 718/1483/783 861/1516/799 1067/1546/816
f 1067/1546/816 861/1516/799 862/1526/809 1070/1547/817
f 1070/1547/821 862/1526/808 863/1524/806 1073/1550/822
f 1073/1550/822 863/1524/806 737/1525/807 879/1552/824
f 1072/1548/823 1073/1550/822 879/1552/824 880/1553/825
f 1071/1549/819 1072/1548/818 880/1553/826 881/1554/827
f 827/1555/547 1071/1549/819 881/1554/827 725/1556/545
f 826/1557/560 1068/1545/815 1071/1549/819 827/1555/547
f 825/1551/558 1065/1542/812 1068/1545/815 826/1557/560
f 1074/1558/828 1075/1559/829 1078/1560/829 1077/1561/828
f 1075/1559/830 1076/1562/831 1079/1563/831 1078/1560/830
f 1077/1561/828 1078/1560/829 1081/1564/829 1080/1565/828
f 1078/1560/830 1079/1563/831 1082/1566/831 1081/1564/830
f 725/1556/545 881/1554/827 1074/1558/828 828/1567/832
f 881/1554/827 880/1553/826 1075/1559/829 1074/1558/828
f 880/1553/825 879/1552/824 1076/1562/831 1075/1559/830
f 879/1552/824 737/1525/807 864/1536/810 1076/1562/831
f 1076/1562/831 864/1536/810 865/1541/810 1079/1563/831
f 1079/1563/831 865/1541/810 866/1540/810 1082/1566/831
f 1082/1566/831 866/1540/810 738/1391/734 882/1390/733
f 1081/1564/830 1082/1566/831 882/1390/733 883/1389/732
f 1080/1565/828 1081/1564/829 883/1389/731 884/1387/729
f 830/1568/832 1080/1565/828 884/1387/729 726/1386/728
f 829/1569/832 1077/1561/828 1080/1565/828 830/1568/832
f 828/1567/832 1074/1558/828 1077/1561/828 829/1569/832
f 1083/1570/833 1084/1571/834 1087/1572/835 1086/1573/836
f 1084/1571/834 1085/1574/837 1088/1575/838 1087/1572/835
f 1086/1573/836 1087/1572/835 1090/1576/839 1089/1577/840
f 1087/1572/835 1088/1575/838 1091/1578/841 1090/1576/839
f 720/1211/575 788/1501/794 1083/1570/833 849/1579/842
f 788/1501/794 787/1499/793 1084/1571/834 1083/1570/833
f 787/1499/793 786/1497/792 1085/1574/837 1084/1571/834
f 786/1497/792 719/1475/778 855/1580/843 1085/1574/837
f 1085/1574/837 855/1580/843 856/1581/844 1088/1575/838
f 1088/1575/838 856/1581/844 857/1582/845 1091/1578/841
f 1091/1578/841 857/1582/845 735/1583/846 885/1584/847
f 1090/1576/839 1091/1578/841 885/1584/847 886/1585/848
f 1089/1577/840 1090/1576/839 886/1585/848 887/1586/849
f 851/1587/850 1089/1577/840 887/1586/849 733/1588/851
f 850/1589/852 1086/1573/836 1089/1577/840 851/1587/850
f 849/1579/842 1083/1570/833 1086/1573/836 850/1589/852
f 1092/1590/853 1093/1591/854 1096/1592/13 1095/1593/855
f 1093/1591/854 1094/1594/856 1097/1595/857 1096/1592/13
f 1095/1593/855 1096/1592/13 1099/1596/858 1098/1597/859
f 1096/1592/13 1097/1595/857 1100/1598/860 1099/1596/858
f 733/1588/851 887/1586/849 1092/1590/853 852/1599/861
f 887/1586/849 886/1585/848 1093/1591/854 1092/1590/853
f 886/1585/848 885/1584/847 1094/1594/856 1093/1591/854
f 885/1584/847 735/1583/846 858/1600/862 1094/1594/856
f 1094/1594/856 858/1600/862 859/1601/863 1097/1595/857
f 1097/1595/857 859/1601/863 860/1602/864 1100/1598/860
f 1100/1598/860 860/1602/864 736/1326/670 888/1373/712
f 1099/1596/858 1100/1598/860 888/1373/712 889/1372/711
f 1098/1597/859 1099/1596/858 889/1372/711 890/1371/710
f 854/1603/865 1098/1597/859 890/1371/710 734/1351/693
f 853/1604/866 1095/1593/855 1098/1597/859 854/1603/865
f 852/1599/861 1092/1590/853 1095/1593/855 853/1604/866
f 1101/1605/867 1102/1606/868 1105/1607/869 1104/1608/870
f 1102/1606/868 1103/1609/871 1106/1610/872 1105/1607/869
f 1104/1608/870 1105/1607/869 1108/1611/873 1107/1612/874
f 1105/1607/869 1106/1610/872 1109/1613/875 1108/1611/873
f 716/1614/579 758/1216/578 1101/1605/867 843/1615/876
f 758/1216/578 757/1214/577 1102/1606/868 1101/1605/867
f 757/1214/577 756/1212/576 1103/1609/871 1102/1606/868
f 756/1212/576 720/1211/575 849/1579/842 1103/1609/871
f 1103/1609/871 849/1579/842 850/1589/852 1106/1610/872
f 1106/1610/872 850/1589/852 851/1587/850 1109/1613/875
f 1109/1613/875 851/1587/850 733/1588/851 891/1616/877
f 1108/1611/873 1109/1613/875 891/1616/877 892/1617/878
f 1107/1612/874 1108/1611/873 892/1617/878 893/1618/879
f 845/1619/880 1107/1612/874 893/1618/879 731/1620/881
f 844/1621/882 1104/1608/870 1107/1612/874 845/1619/880
f 843/1615/876 1101/1605/867 1104/1608/870 844/1621/882
f 1110/1622/883 1111/1623/884 1114/1624/885 1113/1625/886
f 1111/1623/884 1112/1626/887 1115/1627/888 1114/1624/885
f 1113/1625/886 1114/1624/885 1117/1628/889 1116/1629/890
f 1114/1624/885 1115/1627/888 1118/1630/891 1117/1628/889
f 731/1620/881 893/1618/879 1110/1622/883 846/1631/892
f 893/1618/879 892/1617/878 1111/1623/884 1110/1622/883
f 892/1617/878 891/1616/877 1112/1626/887 1111/1623/884
f 891/1616/877 733/1588/851 852/1599/861 1112/1626/887
f 1112/1626/887 852/1599/861 853/1604/866 1115/1627/888
f 1115/1627/888 853/1604/866 854/1603/865 1118/1630/891
f 1118/1630/891 854/1603/865 734/1351/693 894/1350/692
f 1117/1628/889 1118/1630/891 894/1350/692 895/1349/691
f 1116/1629/890 1117/1628/889 895/1349/691 896/1347/690
f 848/1632/893 1116/1629/890 896/1347/690 732/1346/600
f 847/1633/894 1113/1625/886 1116/1629/890 848/1632/893
f 846/1631/892 1110/1622/883 1113/1625/886 847/1633/894
f 1119/1634/895 1120/1635/896 1123/1636/897 1122/1637/898
f 1120/1635/896 1121/1638/899 1124/1639/900 1123/1636/897
f 1122/1637/898 1123/1636/897 1126/1640/901 1125/1641/902
f 1123/1636/897 1124/1639/900 1127/1642/903 1126/1640/901
f 719/1475/778 785/1473/777 1119/1634/895 855/1580/843
f 785/1473/777 784/1471/776 1120/1635/896 1119/1634/895
f 784/1471/776 783/1470/775 1121/1638/899 1120/1635/896
f 783/1470/775 712/1643/554 749/1644/553 1121/1638/899
f 1121/1638/899 749/1644/553 748/1645/552 1124/1639/900
f 1124/1639/900 748/1645/552 747/1646/551 1127/1642/903
f 1127/1642/903 747/1646/551 728/1647/550 897/1648/904
f 1126/1640/901 1127/1642/903 897/1648/904 898/1649/905
f 1125/1641/902 1126/1640/901 898/1649/905 899/1650/906
f 857/1582/845 1125/1641/902 899/1650/906 735/1583/846
f 856/1581/844 1122/1637/898 1125/1641/902 857/1582/845
f 855/1580/843 1119/1634/895 1122/1637/898 856/1581/844
f 1128/1651/907 1129/1652/908 1132/1653/909 1131/1654/910
f 1129/1652/908 1130/1655/911 1133/1656/912 1132/1653/909
f 1131/1654/910 1132/1653/909 1135/1657/913 1134/1658/914
f 1132/1653/909 1133/1656/912 1136/1659/915 1135/1657/913
f 735/1583/846 899/1650/906 1128/1651/907 858/1600/862
f 899/1650/906 898/1649/905 1129/1652/908 1128/1651/907
f 898/1649/905 897/1648/904 1130/1655/911 1129/1652/908
f 897/1648/904 728/1647/550 836/1660/916 1130/1655/911
f 1130/1655/911 836/1660/916 835/1661/917 1133/1656/912
f 1133/1656/912 835/1661/917 834/1662/918 1136/1659/915
f 1136/1659/915 834/1662/918 727/1331/675 900/1330/674
f 1135/1657/913 1136/1659/915 900/1330/674 901/1329/673
f 1134/1658/914 1135/1657/913 901/1329/673 902/1327/671
f 860/1602/864 1134/1658/914 902/1327/671 736/1326/670
f 859/1601/863 1131/1654/910 1134/1658/914 860/1602/864
f 858/1600/862 1128/1651/907 1131/1654/910 859/1601/863
f 1137/1663/919 1138/1664/920 1141/1665/921 1140/1666/922
f 1138/1664/920 1139/1667/923 1142/1668/924 1141/1665/921
f 1140/1666/925 1141/1665/926 1144/1669/927 1143/1670/928
f 1141/1665/921 1142/1668/924 1145/1671/929 1144/1669/930
f 717/1203/570 779/1206/572 1137/1663/919 867/1517/800
f 779/1206/572 778/1230/585 1138/1664/920 1137/1663/919
f 778/1230/585 777/1226/583 1139/1667/923 1138/1664/920
f 777/1226/583 715/1229/584 764/1672/931 1139/1667/923
f 1139/1667/923 764/1672/931 763/1673/932 1142/1668/924
f 1142/1668/924 763/1673/932 762/1674/933 1145/1671/929
f 1145/1671/929 762/1674/933 730/1675/934 903/1676/935
f 1144/1669/930 1145/1671/929 903/1676/935 904/1677/936
f 1143/1670/928 1144/1669/927 904/1677/937 905/1678/938
f 869/1519/803 1143/1670/928 905/1678/938 739/1520/804
f 868/1518/802 1140/1666/925 1143/1670/928 869/1519/803
f 867/1517/800 1137/1663/919 1140/1666/922 868/1518/801
f 1146/1679/939 1147/1680/940 1150/1681/940 1149/1682/939
f 1147/1680/941 1148/1683/942 1151/1684/942 1150/1681/941
f 1149/1682/939 1150/1681/940 1153/1685/940 1152/1686/939
f 1150/1681/941 1151/1684/942 1154/1687/942 1153/1685/941
f 739/1520/804 905/1678/938 1146/1679/939 870/1537/811
f 905/1678/938 904/1677/937 1147/1680/940 1146/1679/939
f 904/1677/936 903/1676/935 1148/1683/942 1147/1680/941
f 903/1676/935 730/1675/934 842/1688/943 1148/1683/942
f 1148/1683/942 842/1688/943 841/1689/943 1151/1684/942
f 1151/1684/942 841/1689/943 840/1690/943 1154/1687/942
f 1154/1687/942 840/1690/943 729/1306/595 906/1305/653
f 1153/1685/941 1154/1687/942 906/1305/653 907/1304/652
f 1152/1686/939 1153/1685/940 907/1304/651 908/1302/649
f 872/1539/811 1152/1686/939 908/1302/649 740/1301/648
f 871/1538/811 1149/1682/939 1152/1686/939 872/1539/811
f 870/1537/811 1146/1679/939 1149/1682/939 871/1538/811
f 1155/1691/944 1156/1692/945 1159/1693/946 1158/1694/947
f 1156/1692/945 1157/1695/948 1160/1696/949 1159/1693/946
f 1158/1694/947 1159/1693/946 1162/1697/950 1161/1698/951
f 1159/1693/946 1160/1696/949 1163/1699/952 1162/1697/950
f 715/1700/584 761/1225/582 1155/1691/944 764/1701/931
f 761/1225/582 760/1223/581 1156/1692/945 1155/1691/944
f 760/1223/581 759/1221/580 1157/1695/948 1156/1692/945
f 759/1221/580 716/1220/579 843/1702/876 1157/1695/948
f 1157/1695/948 843/1702/876 844/1703/882 1160/1696/949
f 1160/1696/949 844/1703/882 845/1704/880 1163/1699/952
f 1163/1699/952 845/1704/880 731/1705/881 909/1706/953
f 1162/1697/950 1163/1699/952 909/1706/953 910/1707/954
f 1161/1698/951 1162/1697/950 910/1707/954 911/1708/955
f 762/1709/933 1161/1698/951 911/1708/955 730/1710/934
f 763/1711/932 1158/1694/947 1161/1698/951 762/1709/933
f 764/1701/931 1155/1691/944 1158/1694/947 763/1711/932
f 1164/1712/956 1165/1713/957 1168/1714/958 1167/1715/956
f 1165/1713/957 1166/1716/959 1169/1717/960 1168/1714/958
f 1167/1715/956 1168/1714/958 1171/1718/957 1170/1719/956
f 1168/1714/958 1169/1717/960 1172/1720/961 1171/1718/957
f 730/1710/934 911/1708/955 1164/1712/956 842/1721/943
f 911/1708/955 910/1707/954 1165/1713/957 1164/1712/956
f 910/1707/954 909/1706/953 1166/1716/959 1165/1713/957
f 909/1706/953 731/1705/881 846/1722/892 1166/1716/959
f 1166/1716/959 846/1722/892 847/1723/894 1169/1717/960
f 1169/1717/960 847/1723/894 848/1724/893 1172/1720/961
f 1172/1720/961 848/1724/893 732/1246/600 912/1245/599
f 1171/1718/957 1172/1720/961 912/1245/599 913/1244/598
f 1170/1719/956 1171/1718/957 913/1244/598 914/1242/596
f 840/1725/943 1170/1719/956 914/1242/596 729/1241/595
f 841/1726/943 1167/1715/956 1170/1719/956 840/1725/943
f 842/1721/943 1164/1712/956 1167/1715/956 841/1726/943
f 1173/1727/962 1174/1728/963 1177/1729/964 1176/1730/965
f 1174/1728/963 1175/1731/966 1178/1732/967 1177/1729/964
f 1176/1730/965 1177/1729/964 1180/1733/968 1179/1734/969
f 1177/1729/964 1178/1732/967 1181/1735/970 1180/1733/968
f 709/1736/634 744/1737/632 1173/1727/962 743/1738/739
f 744/1737/632 745/1739/631 1174/1728/963 1173/1727/962
f 745/1739/631 746/1740/630 1175/1731/966 1174/1728/963
f 746/1740/630 710/1741/629 831/1742/678 1175/1731/966
f 1175/1731/966 831/1742/678 832/1743/677 1178/1732/967
f 1178/1732/967 832/1743/677 833/1744/676 1181/1735/970
f 1181/1735/970 833/1744/676 727/1745/675 915/1746/971
f 1180/1733/968 1181/1735/970 915/1746/971 916/1747/972
f 1179/1734/969 1180/1733/968 916/1747/972 917/1748/973
f 741/1749/730 1179/1734/969 917/1748/973 726/1750/728
f 742/1751/740 1176/1730/965 1179/1734/969 741/1749/730
f 743/1738/739 1173/1727/962 1176/1730/965 742/1751/740
f 1182/1752/974 1183/1753/975 1186/1754/976 1185/1755/974
f 1183/1753/975 1184/1756/977 1187/1757/978 1186/1754/976
f 1185/1755/974 1186/1754/976 1189/1758/975 1188/1759/974
f 1186/1754/976 1187/1757/978 1190/1760/979 1189/1758/975
f 726/1750/728 917/1748/973 1182/1752/974 830/1761/832
f 917/1748/973 916/1747/972 1183/1753/975 1182/1752/974
f 916/1747/972 915/1746/971 1184/1756/977 1183/1753/975
f 915/1746/971 727/1745/675 834/1762/918 1184/1756/977
f 1184/1756/977 834/1762/918 835/1763/917 1187/1757/978
f 1187/1757/978 835/1763/917 836/1764/916 1190/1760/979
f 1190/1760/979 836/1764/916 728/1183/550 918/1182/549
f 1189/1758/975 1190/1760/979 918/1182/549 919/1181/548
f 1188/1759/974 1189/1758/975 919/1181/548 920/1179/546
f 828/1765/832 1188/1759/974 920/1179/546 725/1178/545
f 829/1766/832 1185/1755/974 1188/1759/974 828/1765/832
f 830/1761/832 1182/1752/974 1185/1755/974 829/1766/832
f 1365/1931/1000 1366/1932/1001 1369/1933/1002 1368/1934/1003
f 1366/1932/1001 1367/1935/1004 1370/1936/1005 1369/1933/1002
f 1368/1934/1003 1369/1933/1002 1372/1937/1006 1371/1938/1007
f 1369/1933/1002 1370/1936/1005 1373/1939/1008 1372/1937/1006
f 1259/1940/1009 1314/1941/1010 1365/1931/1000 1291/1942/1011
f 1314/1941/1010 1313/1943/1012 1366/1932/1001 1365/1931/1000
f 1313/1943/1012 1312/1944/1013 1367/1935/1004 1366/1932/1001
f 1312/1944/1013 1260/1945/1014 1271/1946/1015 1367/1935/1004
f 1367/1935/1004 1271/1946/1015 1272/1947/1016 1370/1936/1005
f 1370/1936/1005 1272/1947/1016 1273/1948/1017 1373/1939/1008
f 1373/1939/1008 1273/1948/1017 1258/1949/1018 1274/1950/1019
f 1372/1937/1006 1373/1939/1008 1274/1950/1019 1275/1951/1020
f 1371/1938/1007 1372/1937/1006 1275/1951/1020 1276/1952/1021
f 1289/1953/1022 1371/1938/1007 1276/1952/1021 1257/1954/1023
f 1290/1955/1024 1368/1934/1003 1371/1938/1007 1289/1953/1022
f 1291/1942/1011 1365/1931/1000 1368/1934/1003 1290/1955/1024
f 1374/1956/1025 1375/1957/1026 1378/1958/1027 1377/1959/1028
f 1375/1957/1026 1376/1960/1029 1379/1961/1030 1378/1958/1027
f 1377/1959/1028 1378/1958/1027 1381/1962/1031 1380/1963/1032
f 1378/1958/1027 1379/1961/1030 1382/1964/1033 1381/1962/1031
f 1263/1965/1034 1364/1966/1035 1374/1956/1025 1317/1967/1036
f 1364/1966/1035 1363/1968/1037 1375/1957/1026 1374/1956/1025
f 1363/1968/1037 1362/1969/1038 1376/1960/1029 1375/1957/1026
f 1362/1969/1038 1266/1970/1039 1280/1971/1040 1376/1960/1029
f 1376/1960/1029 1280/1971/1040 1281/1972/1041 1379/1961/1030
f 1379/1961/1030 1281/1972/1041 1282/1973/1042 1382/1964/1033
f 1382/1964/1033 1282/1973/1042 1256/1974/1043 1283/1975/1044
f 1381/1962/1031 1382/1964/1033 1283/1975/1044 1284/1976/1045
f 1380/1963/1032 1381/1962/1031 1284/1976/1045 1285/1977/1046
f 1315/1978/1047 1380/1963/1032 1285/1977/1046 1255/1979/1048
f 1316/1980/1049 1377/1959/1028 1380/1963/1032 1315/1978/1047
f 1317/1967/1036 1374/1956/1025 1377/1959/1028 1316/1980/1049
f 1383/1981/1050 1384/1982/1051 1387/1983/1052 1386/1984/1053
f 1384/1982/1054 1385/1985/1055 1388/1986/1056 1387/1983/1057
f 1386/1984/1058 1387/1983/1057 1390/1987/1059 1389/1988/1060
f 1387/1983/1057 1388/1986/1056 1391/1989/1061 1390/1987/1059
f 1270/1990/1062 1358/1991/1063 1383/1981/1050 1306/1992/1064
f 1358/1991/1063 1357/1993/1065 1384/1982/1051 1383/1981/1050
f 1357/1993/1066 1356/1994/1067 1385/1985/1055 1384/1982/1054
f 1356/1994/1067 1263/1995/1034 1317/1996/1036 1385/1985/1055
f 1385/1985/1055 1317/1996/1036 1316/1997/1049 1388/1986/1056
f 1388/1986/1056 1316/1997/1049 1315/1998/1047 1391/1989/1061
f 1391/1989/1061 1315/1998/1047 1255/1999/1048 1288/2000/1068
f 1390/1987/1059 1391/1989/1061 1288/2000/1068 1287/2001/1069
f 1389/1988/1060 1390/1987/1059 1287/2001/1069 1286/2002/1070
f 1308/2003/1071 1389/1988/1060 1286/2002/1070 1261/2004/1072
f 1307/2005/1073 1386/1984/1058 1389/1988/1060 1308/2003/1071
f 1306/1992/1064 1383/1981/1050 1386/1984/1053 1307/2005/1074
f 1392/2006/1075 1393/2007/1076 1396/2008/1077 1395/2009/1078
f 1393/2007/1076 1394/2010/1079 1397/2011/1080 1396/2008/1077
f 1395/2009/1078 1396/2008/1077 1399/2012/1081 1398/2013/1082
f 1396/2008/1077 1397/2011/1080 1400/2014/1083 1399/2012/1081
f 1266/1970/1039 1352/2015/1084 1392/2016/1075 1280/1971/1040
f 1352/2017/1084 1351/2018/1085 1393/2007/1076 1392/2006/1075
f 1351/2018/1085 1350/2019/1086 1394/2010/1079 1393/2007/1076
f 1350/2019/1086 1268/2020/1087 1303/2021/1088 1394/2010/1079
f 1394/2010/1079 1303/2021/1088 1304/2022/1089 1397/2011/1080
f 1397/2011/1080 1304/2022/1089 1305/2023/1090 1400/2014/1083
f 1400/2024/1083 1305/2025/1090 1262/2026/1091 1300/2027/1092
f 1399/2012/1081 1400/2014/1083 1300/2028/1092 1299/2029/1093
f 1398/2013/1082 1399/2012/1081 1299/2029/1093 1298/2030/1094
f 1282/1973/1042 1398/2031/1082 1298/2032/1094 1256/1974/1043
f 1281/1972/1041 1395/2033/1078 1398/2031/1082 1282/1973/1042
f 1280/1971/1040 1392/2016/1075 1395/2033/1078 1281/1972/1041
f 1401/2034/1095 1402/2035/1096 1404/2036/1097 1403/2037/1098
f 1403/2037/1098 1404/2036/1097 1406/2038/1099 1405/2039/1100
f 1268/2020/1087 1346/2040/1101 1401/2034/1095 1303/2021/1088
f 1346/2040/1101 1345/2041/1102 1402/2035/1096 1401/2034/1095
f 1405/2042/1100 1406/2043/1099 1302/2044/1103 1301/2045/1104
f 1305/2025/1090 1405/2042/1100 1301/2045/1104 1262/2026/1091
f 1304/2022/1089 1403/2037/1098 1405/2039/1100 1305/2023/1090
f 1303/2021/1088 1401/2034/1095 1403/2037/1098 1304/2022/1089
f 1407/2046/1105 1408/2047/1105 1410/2048/1106 1409/2049/1106
f 1409/2049/1107 1410/2048/1107 1412/2050/1108 1411/2051/1108
f 1342/2052/1109 1341/2053/1109 1408/2047/1105 1407/2046/1105
f 1341/2053/1109 1270/1990/1062 1306/1992/1064 1408/2047/1105
f 1408/2047/1105 1306/1992/1064 1307/2005/1074 1410/2048/1106
f 1410/2048/1107 1307/2005/1073 1308/2003/1071 1412/2050/1108
f 1412/2050/1108 1308/2003/1071 1261/2004/1072 1297/2054/1110
f 1411/2051/1108 1412/2050/1108 1297/2054/1110 1296/2055/1110
f 1413/2056/1111 1414/2057/1112 1417/2058/1113 1416/2059/1114
f 1414/2057/1112 1415/2060/1115 1418/2061/1116 1417/2058/1113
f 1416/2059/1114 1417/2058/1113 1420/2062/1117 1419/2063/1118
f 1417/2058/1113 1418/2061/1116 1421/2064/1119 1420/2062/1117
f 1255/2065/1048 1285/2066/1046 1413/2056/1111 1288/2067/1068
f 1285/2066/1046 1284/2068/1045 1414/2057/1112 1413/2056/1111
f 1284/2068/1045 1283/2069/1044 1415/2060/1115 1414/2057/1112
f 1283/2069/1044 1256/2070/1043 1298/2071/1094 1415/2060/1115
f 1415/2060/1115 1298/2071/1094 1299/2072/1093 1418/2061/1116
f 1418/2061/1116 1299/2072/1093 1300/2027/1092 1421/2064/1119
f 1421/2064/1119 1300/2027/1092 1262/2026/1091 1309/2073/1120
f 1420/2062/1117 1421/2064/1119 1309/2073/1120 1310/2074/1121
f 1419/2063/1118 1420/2062/1117 1310/2074/1121 1311/2075/1122
f 1286/2076/1070 1419/2063/1118 1311/2075/1122 1261/2077/1072
f 1287/2078/1069 1416/2059/1114 1419/2063/1118 1286/2076/1070
f 1288/2067/1068 1413/2056/1111 1416/2059/1114 1287/2078/1069
f 1422/2079/1123 1423/2080/1124 1426/2081/1125 1425/2082/1123
f 1423/2080/1124 1424/2083/1126 1427/2084/1127 1426/2081/1125
f 1261/2077/1072 1311/2075/1122 1422/2079/1123 1297/2085/1110
f 1311/2075/1122 1310/2074/1121 1423/2080/1124 1422/2079/1123
f 1310/2074/1121 1309/2073/1120 1424/2083/1126 1423/2080/1124
f 1309/2073/1120 1262/2026/1091 1301/2045/1104 1424/2083/1126
f 1424/2083/1126 1301/2045/1104 1302/2044/1103 1427/2084/1127
f 1297/2085/1110 1422/2079/1123 1425/2082/1123 1296/2086/1110
f 1428/2087/1128 1429/2088/1129 1432/2089/1130 1431/2090/1128
f 1429/2088/1129 1430/2091/1131 1433/2092/1132 1432/2089/1130
f 1430/2091/1131 1294/2093/1133 1295/2094/1134 1433/2092/1132
f 1433/2092/1132 1295/2094/1134 1260/1945/1014 1312/1944/1013
f 1432/2089/1130 1433/2092/1132 1312/1944/1013 1313/1943/1012
f 1431/2090/1128 1432/2089/1130 1313/1943/1012 1314/1941/1010
f 1292/2095/1135 1431/2090/1128 1314/1941/1010 1259/1940/1009
f 1293/2096/1135 1428/2087/1128 1431/2090/1128 1292/2095/1135
f 1434/2097/1136 1435/2098/1136 1437/2099/1137 1436/2100/1137
f 1436/2100/1138 1437/2099/1138 1439/2101/1139 1438/2102/1139
f 1293/2103/1135 1292/2104/1135 1435/2098/1136 1434/2097/1136
f 1292/2104/1135 1259/2105/1009 1333/2106/1140 1435/2098/1136
f 1435/2098/1136 1333/2106/1140 1334/2107/1141 1437/2099/1137
f 1437/2099/1138 1334/2107/1142 1335/2108/1143 1439/2101/1139
f 1439/2101/1139 1335/2108/1143 1269/2109/1144 1339/2110/1145
f 1438/2102/1139 1439/2101/1139 1339/2110/1145 1340/2111/1145
f 1440/2112/1 1441/2113/1 1443/2114/1 1442/2115/1
f 1442/2115/1 1443/2114/1 1445/2116/1 1444/2117/1
f 1340/2111/1145 1339/2110/1145 1441/2113/1 1440/2112/1
f 1339/2110/1145 1269/2109/1144 1336/2118/1146 1441/2113/1
f 1441/2113/1 1336/2118/1146 1337/2119/1146 1443/2114/1
f 1443/2114/1 1337/2119/1146 1338/2120/1146 1445/2116/1
f 1445/2116/1 1338/2120/1146 1270/1990/1062 1341/2053/1109
f 1444/2117/1 1445/2116/1 1341/2053/1109 1342/2052/1109
f 1446/2121/1147 1447/2122/1148 1449/2123/1149 1448/2124/1150
f 1448/2124/1150 1449/2123/1149 1451/2125/1151 1450/2126/1152
f 1260/1945/1014 1295/2094/1134 1446/2127/1147 1327/2128/1153
f 1295/2094/1134 1294/2093/1133 1447/2129/1148 1446/2127/1147
f 1450/2126/1152 1451/2125/1151 1343/2130/1154 1344/2131/1155
f 1329/2132/1156 1450/2126/1152 1344/2131/1155 1267/2133/1157
f 1328/2134/1158 1448/2124/1150 1450/2126/1152 1329/2132/1156
f 1327/2135/1153 1446/2121/1147 1448/2124/1150 1328/2134/1158
f 1452/2136/1159 1453/2137/1160 1455/2138/1161 1454/2139/1162
f 1454/2139/1162 1455/2138/1161 1457/2140/1163 1456/2141/1164
f 1267/2133/1157 1344/2131/1155 1452/2136/1159 1330/2142/1165
f 1344/2131/1155 1343/2130/1154 1453/2137/1160 1452/2136/1159
f 1456/2141/1164 1457/2140/1163 1345/2041/1102 1346/2040/1101
f 1332/2143/1166 1456/2141/1164 1346/2040/1101 1268/2020/1087
f 1331/2144/1167 1454/2139/1162 1456/2141/1164 1332/2143/1166
f 1330/2142/1165 1452/2136/1159 1454/2139/1162 1331/2144/1167
f 1458/2145/1168 1459/2146/1169 1462/2147/1170 1461/2148/1171
f 1459/2146/1169 1460/2149/1172 1463/2150/1173 1462/2147/1170
f 1461/2148/1171 1462/2147/1170 1465/2151/1174 1464/2152/1175
f 1462/2147/1170 1463/2150/1173 1466/2153/1176 1465/2151/1174
f 1258/2154/1018 1273/2155/1017 1458/2156/1168 1321/2157/1177
f 1273/2158/1017 1272/2159/1016 1459/2146/1169 1458/2145/1168
f 1272/2159/1016 1271/2160/1015 1460/2149/1172 1459/2146/1169
f 1271/2160/1015 1260/2161/1014 1327/2135/1153 1460/2149/1172
f 1460/2149/1172 1327/2135/1153 1328/2134/1158 1463/2150/1173
f 1463/2150/1173 1328/2134/1158 1329/2132/1156 1466/2153/1176
f 1466/2153/1176 1329/2132/1156 1267/2133/1157 1347/2162/1178
f 1465/2151/1174 1466/2153/1176 1347/2162/1178 1348/2163/1179
f 1464/2152/1175 1465/2151/1174 1348/2163/1179 1349/2164/1180
f 1323/2165/1181 1464/2166/1175 1349/2167/1180 1265/2168/1182
f 1322/2169/1183 1461/2170/1171 1464/2166/1175 1323/2165/1181
f 1321/2157/1177 1458/2156/1168 1461/2170/1171 1322/2169/1183
f 1467/2171/1184 1468/2172/1185 1471/2173/1186 1470/2174/1187
f 1468/2172/1185 1469/2175/1188 1472/2176/1189 1471/2173/1186
f 1470/2174/1187 1471/2173/1186 1474/2177/1190 1473/2178/1191
f 1471/2173/1186 1472/2176/1189 1475/2179/1192 1474/2177/1190
f 1265/2168/1182 1349/2167/1180 1467/2180/1184 1324/2181/1193
f 1349/2164/1180 1348/2163/1179 1468/2172/1185 1467/2171/1184
f 1348/2163/1179 1347/2162/1178 1469/2175/1188 1468/2172/1185
f 1347/2162/1178 1267/2133/1157 1330/2142/1165 1469/2175/1188
f 1469/2175/1188 1330/2142/1165 1331/2144/1167 1472/2176/1189
f 1472/2176/1189 1331/2144/1167 1332/2143/1166 1475/2179/1192
f 1475/2179/1192 1332/2143/1166 1268/2020/1087 1350/2019/1086
f 1474/2177/1190 1475/2179/1192 1350/2019/1086 1351/2018/1085
f 1473/2178/1191 1474/2177/1190 1351/2018/1085 1352/2017/1084
f 1326/2182/1194 1473/2183/1191 1352/2015/1084 1266/1970/1039
f 1325/2184/1195 1470/2185/1187 1473/2183/1191 1326/2182/1194
f 1324/2181/1193 1467/2180/1184 1470/2185/1187 1325/2184/1195
f 1476/2186/1196 1477/2187/1197 1480/2188/1198 1479/2189/1199
f 1477/2187/1197 1478/2190/1200 1481/2191/1201 1480/2188/1198
f 1479/2189/1202 1480/2188/1203 1483/2192/1204 1482/2193/1205
f 1480/2188/1198 1481/2191/1201 1484/2194/1206 1483/2192/1207
f 1259/2105/1009 1291/2195/1011 1476/2186/1196 1333/2106/1140
f 1291/2195/1011 1290/2196/1024 1477/2187/1197 1476/2186/1196
f 1290/2196/1024 1289/2197/1022 1478/2190/1200 1477/2187/1197
f 1289/2197/1022 1257/2198/1023 1279/2199/1208 1478/2190/1200
f 1478/2190/1200 1279/2199/1208 1278/2200/1209 1481/2191/1201
f 1481/2191/1201 1278/2200/1209 1277/2201/1210 1484/2194/1206
f 1484/2194/1206 1277/2201/1210 1264/2202/1211 1353/2203/1212
f 1483/2192/1207 1484/2194/1206 1353/2203/1212 1354/2204/1213
f 1482/2193/1205 1483/2192/1204 1354/2204/1214 1355/2205/1215
f 1335/2108/1143 1482/2193/1205 1355/2205/1215 1269/2109/1144
f 1334/2107/1142 1479/2189/1202 1482/2193/1205 1335/2108/1143
f 1333/2106/1140 1476/2186/1196 1479/2189/1199 1334/2107/1141
f 1485/2206/1216 1486/2207/1217 1489/2208/1217 1488/2209/1216
f 1486/2207/1218 1487/2210/1219 1490/2211/1219 1489/2208/1218
f 1488/2209/1216 1489/2208/1217 1492/2212/1217 1491/2213/1216
f 1489/2208/1218 1490/2211/1219 1493/2214/1219 1492/2212/1218
f 1269/2109/1144 1355/2205/1215 1485/2206/1216 1336/2118/1146
f 1355/2205/1215 1354/2204/1214 1486/2207/1217 1485/2206/1216
f 1354/2204/1213 1353/2203/1212 1487/2210/1219 1486/2207/1218
f 1353/2203/1212 1264/2202/1211 1320/2215/1220 1487/2210/1219
f 1487/2210/1219 1320/2215/1220 1319/2216/1221 1490/2211/1219
f 1490/2211/1219 1319/2216/1221 1318/2217/1220 1493/2214/1219
f 1493/2214/1219 1318/2217/1220 1263/1995/1034 1356/1994/1067
f 1492/2212/1218 1493/2214/1219 1356/1994/1067 1357/1993/1066
f 1491/2213/1216 1492/2212/1217 1357/1993/1065 1358/1991/1063
f 1338/2120/1146 1491/2213/1216 1358/1991/1063 1270/1990/1062
f 1337/2119/1146 1488/2209/1216 1491/2213/1216 1338/2120/1146
f 1336/2118/1146 1485/2206/1216 1488/2209/1216 1337/2119/1146
f 1494/2218/1222 1495/2219/1223 1498/2220/1224 1497/2221/1225
f 1495/2219/1223 1496/2222/1226 1499/2223/1227 1498/2220/1224
f 1497/2221/1225 1498/2220/1224 1501/2224/1228 1500/2225/1229
f 1498/2220/1224 1499/2223/1227 1502/2226/1230 1501/2224/1228
f 1257/2227/1023 1276/2228/1021 1494/2218/1222 1279/2229/1208
f 1276/2228/1021 1275/2230/1020 1495/2219/1223 1494/2218/1222
f 1275/2230/1020 1274/2231/1019 1496/2222/1226 1495/2219/1223
f 1274/2231/1019 1258/2154/1018 1321/2157/1177 1496/2222/1226
f 1496/2222/1226 1321/2157/1177 1322/2169/1183 1499/2223/1227
f 1499/2223/1227 1322/2169/1183 1323/2165/1181 1502/2226/1230
f 1502/2226/1230 1323/2165/1181 1265/2168/1182 1359/2232/1231
f 1501/2224/1228 1502/2226/1230 1359/2232/1231 1360/2233/1232
f 1500/2225/1229 1501/2224/1228 1360/2233/1232 1361/2234/1233
f 1277/2235/1210 1500/2225/1229 1361/2234/1233 1264/2236/1211
f 1278/2237/1209 1497/2221/1225 1500/2225/1229 1277/2235/1210
f 1279/2229/1208 1494/2218/1222 1497/2221/1225 1278/2237/1209
f 1503/2238/1234 1504/2239/1235 1507/2240/1236 1506/2241/1237
f 1504/2239/1235 1505/2242/1238 1508/2243/1239 1507/2240/1236
f 1506/2241/1237 1507/2240/1236 1510/2244/1235 1509/2245/1234
f 1507/2240/1236 1508/2243/1239 1511/2246/1240 1510/2244/1235
f 1264/2236/1211 1361/2234/1233 1503/2238/1234 1320/2247/1220
f 1361/2234/1233 1360/2233/1232 1504/2239/1235 1503/2238/1234
f 1360/2233/1232 1359/2232/1231 1505/2242/1238 1504/2239/1235
f 1359/2232/1231 1265/2168/1182 1324/2181/1193 1505/2242/1238
f 1505/2242/1238 1324/2181/1193 1325/2184/1195 1508/2243/1239
f 1508/2243/1239 1325/2184/1195 1326/2182/1194 1511/2246/1240
f 1511/2246/1240 1326/2182/1194 1266/1970/1039 1362/1969/1038
f 1510/2244/1235 1511/2246/1240 1362/1969/1038 1363/1968/1037
f 1509/2245/1234 1510/2244/1235 1363/1968/1037 1364/1966/1035
f 1318/2248/1220 1509/2245/1234 1364/1966/1035 1263/1965/1034
f 1319/2249/1221 1506/2241/1237 1509/2245/1234 1318/2248/1220
f 1320/2247/1220 1503/2238/1234 1506/2241/1237 1319/2249/1221
f 1614/1931/1241 1617/1934/1242 1618/1933/1243 1615/1932/1244
f 1615/1932/1244 1618/1933/1243 1619/1936/1245 1616/1935/1246
f 1617/1934/1242 1620/1938/1247 1621/1937/1248 1618/1933/1243
f 1618/1933/1243 1621/1937/1248 1622/1939/1249 1619/1936/1245
f 1516/1940/1250 1548/1942/1251 1614/1931/1241 1567/1941/1252
f 1567/1941/1252 1614/1931/1241 1615/1932/1244 1566/1943/1253
f 1566/1943/1253 1615/1932/1244 1616/1935/1246 1565/1944/1254
f 1565/1944/1254 1616/1935/1246 1528/1946/1255 1517/1945/1256
f 1616/1935/1246 1619/1936/1245 1529/1947/1257 1528/1946/1255
f 1619/1936/1245 1622/1939/1249 1530/1948/1258 1529/1947/1257
f 1622/1939/1249 1531/1950/1259 1515/1949/1260 1530/1948/1258
f 1621/1937/1248 1532/1951/1261 1531/1950/1259 1622/1939/1249
f 1620/1938/1247 1533/1952/1262 1532/1951/1261 1621/1937/1248
f 1546/1953/1263 1514/1954/1264 1533/1952/1262 1620/1938/1247
f 1547/1955/1265 1546/1953/1263 1620/1938/1247 1617/1934/1242
f 1548/1942/1251 1547/1955/1265 1617/1934/1242 1614/1931/1241
f 1623/1956/1266 1626/1959/1267 1627/1958/1268 1624/1957/1269
f 1624/1957/1269 1627/1958/1268 1628/1961/1270 1625/1960/1271
f 1626/1959/1267 1629/1963/1272 1630/1962/1273 1627/1958/1268
f 1627/1958/1268 1630/1962/1273 1631/1964/1274 1628/1961/1270
f 1520/1965/1275 1570/1967/1276 1623/1956/1266 1613/1966/1277
f 1613/1966/1277 1623/1956/1266 1624/1957/1269 1612/1968/1278
f 1612/1968/1278 1624/1957/1269 1625/1960/1271 1611/1969/1279
f 1611/1969/1279 1625/1960/1271 1537/1971/1280 1523/1970/1281
f 1625/1960/1271 1628/1961/1270 1538/1972/1282 1537/1971/1280
f 1628/1961/1270 1631/1964/1274 1539/1973/1283 1538/1972/1282
f 1631/1964/1274 1540/1975/1284 1513/1974/1285 1539/1973/1283
f 1630/1962/1273 1541/1976/1286 1540/1975/1284 1631/1964/1274
f 1629/1963/1272 1542/1977/1287 1541/1976/1286 1630/1962/1273
f 1568/1978/1288 1512/1979/1289 1542/1977/1287 1629/1963/1272
f 1569/1980/1290 1568/1978/1288 1629/1963/1272 1626/1959/1267
f 1570/1967/1276 1569/1980/1290 1626/1959/1267 1623/1956/1266
f 1632/1981/1291 1635/1984/1292 1636/1983/1293 1633/1982/1294
f 1633/1982/1295 1636/1983/1296 1637/1986/1297 1634/1985/1298
f 1635/1984/1299 1638/1988/1300 1639/1987/1301 1636/1983/1296
f 1636/1983/1296 1639/1987/1301 1640/1989/1302 1637/1986/1297
f 1527/1990/1303 1559/1992/1304 1632/1981/1291 1607/1991/1305
f 1607/1991/1305 1632/1981/1291 1633/1982/1294 1606/1993/1306
f 1606/1993/1307 1633/1982/1295 1634/1985/1298 1605/1994/1308
f 1605/1994/1308 1634/1985/1298 1570/1996/1276 1520/1995/1275
f 1634/1985/1298 1637/1986/1297 1569/1997/1290 1570/1996/1276
f 1637/1986/1297 1640/1989/1302 1568/1998/1288 1569/1997/1290
f 1640/1989/1302 1545/2000/1309 1512/1999/1289 1568/1998/1288
f 1639/1987/1301 1544/2001/1310 1545/2000/1309 1640/1989/1302
f 1638/1988/1300 1543/2002/1311 1544/2001/1310 1639/1987/1301
f 1561/2003/1312 1518/2004/1313 1543/2002/1311 1638/1988/1300
f 1560/2005/1314 1561/2003/1312 1638/1988/1300 1635/1984/1299
f 1559/1992/1304 1560/2005/1315 1635/1984/1292 1632/1981/1291
f 1641/2006/1316 1644/2009/1317 1645/2008/1318 1642/2007/1319
f 1642/2007/1319 1645/2008/1318 1646/2011/1320 1643/2010/1321
f 1644/2009/1317 1647/2013/1322 1648/2012/1323 1645/2008/1318
f 1645/2008/1318 1648/2012/1323 1649/2014/1324 1646/2011/1320
f 1523/1970/1281 1537/1971/1280 1641/2016/1316 1601/2015/1325
f 1601/2017/1325 1641/2006/1316 1642/2007/1319 1600/2018/1326
f 1600/2018/1326 1642/2007/1319 1643/2010/1321 1599/2019/1327
f 1599/2019/1327 1643/2010/1321 1556/2021/1328 1525/2020/1329
f 1643/2010/1321 1646/2011/1320 1557/2022/1330 1556/2021/1328
f 1646/2011/1320 1649/2014/1324 1558/2023/1331 1557/2022/1330
f 1649/2024/1324 1554/2027/1332 1519/2026/1333 1558/2025/1331
f 1648/2012/1323 1553/2029/1334 1554/2028/1332 1649/2014/1324
f 1647/2013/1322 1552/2030/1335 1553/2029/1334 1648/2012/1323
f 1539/1973/1283 1513/1974/1285 1552/2032/1335 1647/2031/1322
f 1538/1972/1282 1539/1973/1283 1647/2031/1322 1644/2033/1317
f 1537/1971/1280 1538/1972/1282 1644/2033/1317 1641/2016/1316
f 1650/2034/1336 1651/2037/1337 1404/2036/1097 1402/2035/1096
f 1651/2037/1337 1652/2039/1338 1406/2038/1099 1404/2036/1097
f 1525/2020/1329 1556/2021/1328 1650/2034/1336 1595/2040/1339
f 1595/2040/1339 1650/2034/1336 1402/2035/1096 1345/2041/1102
f 1652/2042/1338 1555/2045/1340 1302/2044/1103 1406/2043/1099
f 1558/2025/1331 1519/2026/1333 1555/2045/1340 1652/2042/1338
f 1557/2022/1330 1558/2023/1331 1652/2039/1338 1651/2037/1337
f 1556/2021/1328 1557/2022/1330 1651/2037/1337 1650/2034/1336
f 1407/2046/1105 1409/2049/1106 1654/2048/1106 1653/2047/1105
f 1409/2049/1107 1411/2051/1108 1655/2050/1108 1654/2048/1107
f 1342/2052/1109 1407/2046/1105 1653/2047/1105 1593/2053/1109
f 1593/2053/1109 1653/2047/1105 1559/1992/1304 1527/1990/1303
f 1653/2047/1105 1654/2048/1106 1560/2005/1315 1559/1992/1304
f 1654/2048/1107 1655/2050/1108 1561/2003/1312 1560/2005/1314
f 1655/2050/1108 1551/2054/1110 1518/2004/1313 1561/2003/1312
f 1411/2051/1108 1296/2055/1110 1551/2054/1110 1655/2050/1108
f 1656/2056/1341 1659/2059/1342 1660/2058/1343 1657/2057/1344
f 1657/2057/1344 1660/2058/1343 1661/2061/1345 1658/2060/1346
f 1659/2059/1342 1662/2063/1347 1663/2062/1348 1660/2058/1343
f 1660/2058/1343 1663/2062/1348 1664/2064/1349 1661/2061/1345
f 1512/2065/1289 1545/2067/1309 1656/2056/1341 1542/2066/1287
f 1542/2066/1287 1656/2056/1341 1657/2057/1344 1541/2068/1286
f 1541/2068/1286 1657/2057/1344 1658/2060/1346 1540/2069/1284
f 1540/2069/1284 1658/2060/1346 1552/2071/1335 1513/2070/1285
f 1658/2060/1346 1661/2061/1345 1553/2072/1334 1552/2071/1335
f 1661/2061/1345 1664/2064/1349 1554/2027/1332 1553/2072/1334
f 1664/2064/1349 1562/2073/1350 1519/2026/1333 1554/2027/1332
f 1663/2062/1348 1563/2074/1351 1562/2073/1350 1664/2064/1349
f 1662/2063/1347 1564/2075/1352 1563/2074/1351 1663/2062/1348
f 1543/2076/1311 1518/2077/1313 1564/2075/1352 1662/2063/1347
f 1544/2078/1310 1543/2076/1311 1662/2063/1347 1659/2059/1342
f 1545/2067/1309 1544/2078/1310 1659/2059/1342 1656/2056/1341
f 1665/2079/1123 1425/2082/1123 1426/2081/1125 1666/2080/1124
f 1666/2080/1124 1426/2081/1125 1427/2084/1127 1667/2083/1353
f 1518/2077/1313 1551/2085/1110 1665/2079/1123 1564/2075/1352
f 1564/2075/1352 1665/2079/1123 1666/2080/1124 1563/2074/1351
f 1563/2074/1351 1666/2080/1124 1667/2083/1353 1562/2073/1350
f 1562/2073/1350 1667/2083/1353 1555/2045/1340 1519/2026/1333
f 1667/2083/1353 1427/2084/1127 1302/2044/1103 1555/2045/1340
f 1551/2085/1110 1296/2086/1110 1425/2082/1123 1665/2079/1123
f 1428/2087/1128 1668/2090/1128 1669/2089/1130 1429/2088/1129
f 1429/2088/1129 1669/2089/1130 1670/2092/1354 1430/2091/1131
f 1430/2091/1131 1670/2092/1354 1550/2094/1355 1294/2093/1133
f 1670/2092/1354 1565/1944/1254 1517/1945/1256 1550/2094/1355
f 1669/2089/1130 1566/1943/1253 1565/1944/1254 1670/2092/1354
f 1668/2090/1128 1567/1941/1252 1566/1943/1253 1669/2089/1130
f 1549/2095/1135 1516/1940/1250 1567/1941/1252 1668/2090/1128
f 1293/2096/1135 1549/2095/1135 1668/2090/1128 1428/2087/1128
f 1434/2097/1136 1436/2100/1137 1672/2099/1137 1671/2098/1136
f 1436/2100/1138 1438/2102/1139 1673/2101/1139 1672/2099/1138
f 1293/2103/1135 1434/2097/1136 1671/2098/1136 1549/2104/1135
f 1549/2104/1135 1671/2098/1136 1586/2106/1356 1516/2105/1250
f 1671/2098/1136 1672/2099/1137 1587/2107/1357 1586/2106/1356
f 1672/2099/1138 1673/2101/1139 1588/2108/1358 1587/2107/1359
f 1673/2101/1139 1592/2110/1145 1526/2109/1360 1588/2108/1358
f 1438/2102/1139 1340/2111/1145 1592/2110/1145 1673/2101/1139
f 1440/2112/1 1442/2115/1 1675/2114/1 1674/2113/1
f 1442/2115/1 1444/2117/1 1676/2116/1 1675/2114/1
f 1340/2111/1145 1440/2112/1 1674/2113/1 1592/2110/1145
f 1592/2110/1145 1674/2113/1 1589/2118/1361 1526/2109/1360
f 1674/2113/1 1675/2114/1 1590/2119/1361 1589/2118/1361
f 1675/2114/1 1676/2116/1 1591/2120/1361 1590/2119/1361
f 1676/2116/1 1593/2053/1109 1527/1990/1303 1591/2120/1361
f 1444/2117/1 1342/2052/1109 1593/2053/1109 1676/2116/1
f 1677/2121/1362 1678/2124/1363 1449/2123/1149 1447/2122/1148
f 1678/2124/1363 1679/2126/1364 1451/2125/1151 1449/2123/1149
f 1517/1945/1256 1580/2128/1365 1677/2127/1362 1550/2094/1355
f 1550/2094/1355 1677/2127/1362 1447/2129/1148 1294/2093/1133
f 1679/2126/1364 1594/2131/1366 1343/2130/1154 1451/2125/1151
f 1582/2132/1367 1524/2133/1368 1594/2131/1366 1679/2126/1364
f 1581/2134/1369 1582/2132/1367 1679/2126/1364 1678/2124/1363
f 1580/2135/1365 1581/2134/1369 1678/2124/1363 1677/2121/1362
f 1680/2136/1370 1681/2139/1371 1455/2138/1161 1453/2137/1160
f 1681/2139/1371 1682/2141/1372 1457/2140/1163 1455/2138/1161
f 1524/2133/1368 1583/2142/1373 1680/2136/1370 1594/2131/1366
f 1594/2131/1366 1680/2136/1370 1453/2137/1160 1343/2130/1154
f 1682/2141/1372 1595/2040/1339 1345/2041/1102 1457/2140/1163
f 1585/2143/1374 1525/2020/1329 1595/2040/1339 1682/2141/1372
f 1584/2144/1375 1585/2143/1374 1682/2141/1372 1681/2139/1371
f 1583/2142/1373 1584/2144/1375 1681/2139/1371 1680/2136/1370
f 1683/2145/1376 1686/2148/1377 1687/2147/1378 1684/2146/1379
f 1684/2146/1379 1687/2147/1378 1688/2150/1380 1685/2149/1381
f 1686/2148/1377 1689/2152/1382 1690/2151/1383 1687/2147/1378
f 1687/2147/1378 1690/2151/1383 1691/2153/1384 1688/2150/1380
f 1515/2154/1260 1574/2157/1385 1683/2156/1376 1530/2155/1258
f 1530/2158/1258 1683/2145/1376 1684/2146/1379 1529/2159/1257
f 1529/2159/1257 1684/2146/1379 1685/2149/1381 1528/2160/1255
f 1528/2160/1255 1685/2149/1381 1580/2135/1365 1517/2161/1256
f 1685/2149/1381 1688/2150/1380 1581/2134/1369 1580/2135/1365
f 1688/2150/1380 1691/2153/1384 1582/2132/1367 1581/2134/1369
f 1691/2153/1384 1596/2162/1386 1524/2133/1368 1582/2132/1367
f 1690/2151/1383 1597/2163/1387 1596/2162/1386 1691/2153/1384
f 1689/2152/1382 1598/2164/1388 1597/2163/1387 1690/2151/1383
f 1576/2165/1389 1522/2168/1390 1598/2167/1388 1689/2166/1382
f 1575/2169/1391 1576/2165/1389 1689/2166/1382 1686/2170/1377
f 1574/2157/1385 1575/2169/1391 1686/2170/1377 1683/2156/1376
f 1692/2171/1392 1695/2174/1393 1696/2173/1394 1693/2172/1395
f 1693/2172/1395 1696/2173/1394 1697/2176/1396 1694/2175/1397
f 1695/2174/1393 1698/2178/1398 1699/2177/1399 1696/2173/1394
f 1696/2173/1394 1699/2177/1399 1700/2179/1400 1697/2176/1396
f 1522/2168/1390 1577/2181/1401 1692/2180/1392 1598/2167/1388
f 1598/2164/1388 1692/2171/1392 1693/2172/1395 1597/2163/1387
f 1597/2163/1387 1693/2172/1395 1694/2175/1397 1596/2162/1386
f 1596/2162/1386 1694/2175/1397 1583/2142/1373 1524/2133/1368
f 1694/2175/1397 1697/2176/1396 1584/2144/1375 1583/2142/1373
f 1697/2176/1396 1700/2179/1400 1585/2143/1374 1584/2144/1375
f 1700/2179/1400 1599/2019/1327 1525/2020/1329 1585/2143/1374
f 1699/2177/1399 1600/2018/1326 1599/2019/1327 1700/2179/1400
f 1698/2178/1398 1601/2017/1325 1600/2018/1326 1699/2177/1399
f 1579/2182/1402 1523/1970/1281 1601/2015/1325 1698/2183/1398
f 1578/2184/1403 1579/2182/1402 1698/2183/1398 1695/2185/1393
f 1577/2181/1401 1578/2184/1403 1695/2185/1393 1692/2180/1392
f 1701/2186/1404 1704/2189/1405 1705/2188/1406 1702/2187/1407
f 1702/2187/1407 1705/2188/1406 1706/2191/1408 1703/2190/1409
f 1704/2189/1410 1707/2193/1411 1708/2192/1412 1705/2188/1413
f 1705/2188/1406 1708/2192/1414 1709/2194/1415 1706/2191/1408
f 1516/2105/1250 1586/2106/1356 1701/2186/1404 1548/2195/1251
f 1548/2195/1251 1701/2186/1404 1702/2187/1407 1547/2196/1265
f 1547/2196/1265 1702/2187/1407 1703/2190/1409 1546/2197/1263
f 1546/2197/1263 1703/2190/1409 1536/2199/1416 1514/2198/1264
f 1703/2190/1409 1706/2191/1408 1535/2200/1417 1536/2199/1416
f 1706/2191/1408 1709/2194/1415 1534/2201/1418 1535/2200/1417
f 1709/2194/1415 1602/2203/1419 1521/2202/1420 1534/2201/1418
f 1708/2192/1414 1603/2204/1421 1602/2203/1419 1709/2194/1415
f 1707/2193/1411 1604/2205/1422 1603/2204/1423 1708/2192/1412
f 1588/2108/1358 1526/2109/1360 1604/2205/1422 1707/2193/1411
f 1587/2107/1359 1588/2108/1358 1707/2193/1411 1704/2189/1410
f 1586/2106/1356 1587/2107/1357 1704/2189/1405 1701/2186/1404
f 1710/2206/1424 1713/2209/1424 1714/2208/1425 1711/2207/1425
f 1711/2207/1426 1714/2208/1426 1715/2211/1427 1712/2210/1427
f 1713/2209/1424 1716/2213/1424 1717/2212/1425 1714/2208/1425
f 1714/2208/1426 1717/2212/1426 1718/2214/1427 1715/2211/1427
f 1526/2109/1360 1589/2118/1361 1710/2206/1424 1604/2205/1422
f 1604/2205/1422 1710/2206/1424 1711/2207/1425 1603/2204/1423
f 1603/2204/1421 1711/2207/1426 1712/2210/1427 1602/2203/1419
f 1602/2203/1419 1712/2210/1427 1573/2215/1428 1521/2202/1420
f 1712/2210/1427 1715/2211/1427 1572/2216/1429 1573/2215/1428
f 1715/2211/1427 1718/2214/1427 1571/2217/1428 1572/2216/1429
f 1718/2214/1427 1605/1994/1308 1520/1995/1275 1571/2217/1428
f 1717/2212/1426 1606/1993/1307 1605/1994/1308 1718/2214/1427
f 1716/2213/1424 1607/1991/1305 1606/1993/1306 1717/2212/1425
f 1591/2120/1361 1527/1990/1303 1607/1991/1305 1716/2213/1424
f 1590/2119/1361 1591/2120/1361 1716/2213/1424 1713/2209/1424
f 1589/2118/1361 1590/2119/1361 1713/2209/1424 1710/2206/1424
f 1719/2218/1430 1722/2221/1431 1723/2220/1432 1720/2219/1433
f 1720/2219/1433 1723/2220/1432 1724/2223/1434 1721/2222/1435
f 1722/2221/1431 1725/2225/1436 1726/2224/1437 1723/2220/1432
f 1723/2220/1432 1726/2224/1437 1727/2226/1438 1724/2223/1434
f 1514/2227/1264 1536/2229/1416 1719/2218/1430 1533/2228/1262
f 1533/2228/1262 1719/2218/1430 1720/2219/1433 1532/2230/1261
f 1532/2230/1261 1720/2219/1433 1721/2222/1435 1531/2231/1259
f 1531/2231/1259 1721/2222/1435 1574/2157/1385 1515/2154/1260
f 1721/2222/1435 1724/2223/1434 1575/2169/1391 1574/2157/1385
f 1724/2223/1434 1727/2226/1438 1576/2165/1389 1575/2169/1391
f 1727/2226/1438 1608/2232/1439 1522/2168/1390 1576/2165/1389
f 1726/2224/1437 1609/2233/1440 1608/2232/1439 1727/2226/1438
f 1725/2225/1436 1610/2234/1441 1609/2233/1440 1726/2224/1437
f 1534/2235/1418 1521/2236/1420 1610/2234/1441 1725/2225/1436
f 1535/2237/1417 1534/2235/1418 1725/2225/1436 1722/2221/1431
f 1536/2229/1416 1535/2237/1417 1722/2221/1431 1719/2218/1430
f 1728/2238/1442 1731/2241/1443 1732/2240/1444 1729/2239/1445
f 1729/2239/1445 1732/2240/1444 1733/2243/1446 1730/2242/1447
f 1731/2241/1443 1734/2245/1442 1735/2244/1445 1732/2240/1444
f 1732/2240/1444 1735/2244/1445 1736/2246/1448 1733/2243/1446
f 1521/2236/1420 1573/2247/1428 1728/2238/1442 1610/2234/1441
f 1610/2234/1441 1728/2238/1442 1729/2239/1445 1609/2233/1440
f 1609/2233/1440 1729/2239/1445 1730/2242/1447 1608/2232/1439
f 1608/2232/1439 1730/2242/1447 1577/2181/1401 1522/2168/1390
f 1730/2242/1447 1733/2243/1446 1578/2184/1403 1577/2181/1401
f 1733/2243/1446 1736/2246/1448 1579/2182/1402 1578/2184/1403
f 1736/2246/1448 1611/1969/1279 1523/1970/1281 1579/2182/1402
f 1735/2244/1445 1612/1968/1278 1611/1969/1279 1736/2246/1448
f 1734/2245/1442 1613/1966/1277 1612/1968/1278 1735/2244/1445
f 1571/2248/1428 1520/1965/1275 1613/1966/1277 1734/2245/1442
f 1572/2249/1429 1571/2248/1428 1734/2245/1442 1731/2241/1443
f 1573/2247/1428 1572/2249/1429 1731/2241/1443 1728/2238/1442
usemtl black_plastic
f 1/1/1 23/2/1 105/3/1 103/4/1
f 74/5/2 75/6/2 77/7/3 78/8/3
f 7/9/1 5/10/1 101/11/1 100/12/1
f 9/13/1 7/9/1 100/12/1 102/14/1
f 81/15/4 82/16/4 83/17/5 84/18/5
f 87/19/6 88/20/6 89/21/7 90/22/7
f 21/23/1 19/24/1 106/25/1 108/26/1
f 24/27/8 22/28/9 59/29/9 60/30/8
f 93/31/9 94/32/9 95/33/8 96/34/8
f 73/35/1 74/36/1 78/37/1 79/38/1 81/39/1 84/40/1 85/41/1 87/42/1 90/43/1 91/44/1 93/45/1 96/46/1
f 2/47/10 4/48/10 75/49/10 76/50/10
f 4/48/10 6/51/10 77/52/10 75/49/10
f 6/51/10 8/53/10 80/54/10 77/52/10
f 8/53/10 10/55/10 82/56/10 80/54/10
f 10/55/10 12/57/10 83/58/10 82/56/10
f 12/57/10 14/59/10 86/60/10 83/58/10
f 14/59/10 16/61/10 88/62/10 86/60/10
f 16/61/10 18/63/10 89/64/10 88/62/10
f 18/63/10 20/65/10 92/66/10 89/64/10
f 20/65/10 22/67/10 94/68/10 92/66/10
f 22/67/10 24/69/10 95/70/10 94/68/10
f 24/69/10 2/47/10 76/50/10 95/70/10
f 39/71/3 37/72/2 61/73/2 63/74/3
f 4/75/2 2/76/11 50/77/11 49/78/2
f 18/79/7 16/80/6 56/81/6 57/82/7
f 12/83/5 10/84/4 53/85/4 54/86/5
f 2/76/11 24/27/8 60/30/8 50/77/11
f 6/87/3 4/75/2 49/78/2 51/88/3
f 20/89/12 18/90/7 57/91/7 58/92/12
f 14/93/13 12/83/5 54/86/5 55/94/13
f 8/95/14 6/96/3 51/97/3 52/98/14
f 22/99/9 20/89/12 58/92/12 59/100/9
f 16/80/6 14/93/13 55/94/13 56/81/6
f 10/101/4 8/95/14 52/98/14 53/102/4
f 38/103/10 37/104/10 49/105/10 50/106/10
f 37/104/10 39/107/10 51/108/10 49/105/10
f 39/107/10 40/109/10 52/110/10 51/108/10
f 40/109/10 41/111/10 53/112/10 52/110/10
f 41/111/10 42/113/10 54/114/10 53/112/10
f 42/113/10 43/115/10 55/116/10 54/114/10
f 43/115/10 44/117/10 56/118/10 55/116/10
f 44/117/10 45/119/10 57/120/10 56/118/10
f 45/119/10 46/121/10 58/122/10 57/120/10
f 46/121/10 47/123/10 59/124/10 58/122/10
f 47/123/10 48/125/10 60/126/10 59/124/10
f 48/125/10 38/103/10 50/106/10 60/126/10
f 61/127/10 62/128/10 72/129/10 71/130/10 70/131/10 69/132/10 68/133/10 67/134/10 66/135/10 65/136/10 64/137/10 63/138/10
f 46/139/12 45/140/7 69/141/7 70/142/12
f 43/143/13 42/144/5 66/145/5 67/146/13
f 40/147/14 39/148/3 63/149/3 64/150/14
f 47/151/9 46/139/12 70/142/12 71/152/9
f 44/153/6 43/143/13 67/146/13 68/154/6
f 41/155/4 40/147/14 64/150/14 65/156/4
f 48/157/8 47/158/9 71/159/9 72/160/8
f 37/72/2 38/161/11 62/162/11 61/73/2
f 45/163/7 44/153/6 68/154/6 69/164/7
f 42/144/5 41/165/4 65/166/4 66/145/5
f 38/161/11 48/157/8 72/160/8 62/162/11
f 1/167/11 3/168/15 74/5/2 73/169/11
f 25/170/15 26/171/11 76/172/11 75/6/2
f 3/168/15 25/170/15 75/6/2 74/5/2
f 27/173/16 5/174/16 78/175/3 77/176/3
f 5/174/16 7/177/14 79/178/14 78/175/3
f 28/179/14 27/173/16 77/176/3 80/180/14
f 7/177/14 9/181/17 81/182/4 79/178/14
f 29/183/17 28/179/14 80/180/14 82/184/4
f 9/181/17 29/183/17 82/184/4 81/182/4
f 30/185/18 11/186/18 84/18/5 83/17/5
f 11/186/18 13/187/13 85/188/13 84/18/5
f 31/189/13 30/185/18 83/17/5 86/190/13
f 13/187/13 15/191/19 87/19/6 85/188/13
f 32/192/19 31/189/13 86/190/13 88/20/6
f 15/191/19 32/192/19 88/20/6 87/19/6
f 33/193/20 17/194/20 90/195/7 89/196/7
f 17/194/20 19/197/12 91/198/12 90/195/7
f 34/199/12 33/193/20 89/196/7 92/200/12
f 19/197/12 21/201/21 93/202/9 91/198/12
f 35/203/21 34/199/12 92/200/12 94/204/9
f 21/201/21 35/203/21 94/204/9 93/202/9
f 36/205/22 23/206/22 96/34/8 95/33/8
f 23/206/22 1/167/11 73/169/11 96/34/8
f 26/171/11 36/205/22 95/33/8 76/172/11
f 15/207/1 13/208/1 97/209/1 99/210/1
f 13/208/1 11/211/1 98/212/1 97/209/1
f 3/213/1 1/1/1 103/4/1 104/214/1
f 19/24/1 17/215/1 107/216/1 106/25/1
f 110/217/23 115/218/24 118/219/25 113/220/26
f 113/221/26 118/222/25 117/223/27 112/224/28
f 112/224/28 117/223/27 116/225/29 111/226/30
f 111/226/30 116/225/29 114/227/31 109/228/32
f 119/229/33 110/217/23 113/220/26 121/230/34
f 121/231/34 113/221/26 112/224/28 122/232/35
f 122/232/35 112/224/28 111/226/30 123/233/36
f 123/233/36 111/226/30 109/228/32 120/234/37
f 125/235/38 130/236/39 133/237/40 128/238/41
f 128/239/41 133/240/40 132/241/42 127/242/43
f 127/242/43 132/241/42 131/243/44 126/244/45
f 126/244/45 131/243/44 129/245/46 124/246/47
f 134/247/48 125/235/38 128/238/41 136/248/49
f 136/249/49 128/239/41 127/242/43 137/250/50
f 137/250/50 127/242/43 126/244/45 138/251/51
f 138/251/51 126/244/45 124/246/47 135/252/52
f 144/253/53 139/254/54 141/255/55 146/256/56
f 146/257/56 141/258/55 142/259/57 147/260/58
f 147/260/58 142/259/57 143/261/59 148/262/60
f 148/262/60 143/261/59 140/263/61 145/264/62
f 139/254/54 150/265/63 153/266/64 141/255/55
f 141/258/55 153/267/64 152/268/65 142/259/57
f 142/259/57 152/268/65 151/269/66 143/261/59
f 143/261/59 151/269/66 149/270/67 140/263/61
f 155/271/68 160/272/69 163/273/70 158/274/71
f 158/275/71 163/276/70 162/277/72 157/278/73
f 157/278/73 162/277/72 161/279/74 156/280/75
f 156/280/75 161/279/74 159/281/76 154/282/77
f 164/283/78 155/271/68 158/274/71 166/284/79
f 166/285/79 158/275/71 157/278/73 167/286/80
f 167/286/80 157/278/73 156/280/75 168/287/81
f 168/287/81 156/280/75 154/282/77 165/288/82
f 97/289/13 110/217/23 119/229/33 99/290/19
f 31/291/10 32/292/10 120/234/37 109/228/32
f 98/293/18 115/218/24 110/217/23 97/289/13
f 30/294/10 31/291/10 109/228/32 114/227/31
f 11/295/14 30/296/14 114/297/14 116/298/14 117/299/14 118/300/14 115/301/14 98/302/14
f 32/303/12 15/304/12 99/305/12 119/306/12 121/307/12 122/308/12 123/309/12 120/310/12
f 100/311/14 125/235/38 134/247/48 102/312/17
f 28/313/10 29/314/10 135/252/52 124/246/47
f 101/315/16 130/236/39 125/235/38 100/311/14
f 27/316/10 28/313/10 124/246/47 129/245/46
f 5/317/11 27/318/11 129/319/11 131/320/11 132/321/11 133/322/11 130/323/11 101/324/11
f 29/325/13 9/326/13 102/327/13 134/328/13 136/329/13 137/330/13 138/331/13 135/332/13
f 105/333/22 150/265/63 139/254/54 103/334/11
f 103/334/11 139/254/54 144/253/53 104/335/15
f 36/336/10 26/337/10 140/263/61 149/270/67
f 26/337/10 25/338/10 145/264/62 140/263/61
f 25/339/14 3/340/14 104/341/14 144/342/14 146/343/14 147/344/14 148/345/14 145/346/14
f 23/347/12 36/348/12 149/349/12 151/350/12 152/351/12 153/352/12 150/353/12 105/354/12
f 106/355/12 155/271/68 164/283/78 108/356/21
f 34/357/10 35/358/10 165/288/82 154/282/77
f 107/359/20 160/272/69 155/271/68 106/355/12
f 33/360/10 34/357/10 154/282/77 159/281/76
f 17/361/13 33/362/13 159/363/13 161/364/13 162/365/13 163/366/13 160/367/13 107/368/13
f 35/369/11 21/370/11 108/371/11 164/372/11 166/373/11 167/374/11 168/375/11 165/376/11
f 175/377/14 176/378/14 180/379/14 179/380/14
f 183/381/14 186/382/14 170/383/14 169/384/14
f 439/385/13 169/386/13 170/387/13 440/388/13
f 456/389/10 440/390/10 170/391/10 186/392/10
f 171/393/14 175/377/14 179/380/14 172/394/14
f 176/378/14 177/395/14 181/396/14 180/379/14
f 177/395/14 178/397/14 182/398/14 181/396/14
f 178/397/14 173/399/14 174/400/14 182/398/14
f 452/401/83 182/402/83 174/403/84 444/404/84
f 171/405/85 441/406/85 445/407/86 175/408/86
f 175/408/86 445/407/86 446/409/87 176/410/87
f 176/411/87 446/412/87 447/413/88 177/414/88
f 177/414/88 447/413/88 448/415/89 178/416/89
f 455/417/10 456/389/10 186/392/10 185/418/10
f 184/419/1 454/420/1 441/406/1 171/405/1
f 171/393/14 172/394/14 185/421/14 184/422/14
f 186/423/13 183/424/13 187/425/13 190/426/13
f 442/427/10 455/417/10 185/418/10 172/428/10
f 178/416/89 448/415/89 443/429/90 173/430/90
f 451/431/91 181/432/91 182/402/83 452/401/83
f 450/433/92 180/434/92 181/432/91 451/431/91
f 449/435/93 179/436/93 180/437/92 450/438/92
f 442/427/94 172/428/94 179/436/93 449/435/93
f 169/439/1 439/440/1 453/441/1 183/442/1
f 189/443/95 190/444/95 194/445/96 193/446/96
f 185/418/10 186/392/10 190/444/10 189/443/10
f 183/442/1 184/419/1 188/447/1 187/448/1
f 184/449/11 185/450/11 189/451/11 188/452/11
f 193/446/96 194/445/96 198/453/97 197/454/97
f 188/452/11 189/451/11 193/455/11 192/456/11
f 187/448/98 188/447/98 192/457/99 191/458/99
f 190/426/13 187/425/13 191/459/13 194/460/13
f 196/461/11 197/462/11 201/463/11 200/464/11
f 192/456/11 193/455/11 197/462/11 196/461/11
f 191/458/99 192/457/99 196/465/100 195/466/100
f 194/460/13 191/459/13 195/467/13 198/468/13
f 202/469/13 199/470/13 203/471/13 206/472/13
f 195/466/100 196/465/100 200/473/101 199/474/101
f 198/468/13 195/467/13 199/470/13 202/469/13
f 197/454/97 198/453/97 202/475/102 201/476/102
f 204/477/11 205/478/11 209/479/11 208/480/11
f 201/476/102 202/475/102 206/481/103 205/482/103
f 200/464/11 201/463/11 205/478/11 204/477/11
f 199/474/101 200/473/101 204/483/104 203/484/104
f 208/480/11 209/479/11 213/485/11 212/486/11
f 203/487/104 204/488/104 208/489/105 207/490/105
f 206/472/13 203/471/13 207/491/13 210/492/13
f 205/493/103 206/494/103 210/495/106 209/496/106
f 214/497/13 211/498/13 215/499/107 218/500/108
f 207/490/105 208/489/105 212/501/109 211/502/109
f 210/492/13 207/491/13 211/498/13 214/497/13
f 209/496/106 210/495/106 214/503/110 213/504/110
f 218/500/108 215/499/107 219/505/111 222/506/111
f 213/504/110 214/503/110 218/507/112 217/508/113
f 212/486/11 213/485/11 217/509/114 216/510/115
f 211/502/109 212/501/109 216/511/116 215/512/117
f 217/508/113 218/507/112 222/513/12 221/514/12
f 216/510/115 217/509/114 221/515/118 220/516/118
f 215/512/117 216/511/116 220/517/14 219/518/14
f 223/519/119 226/520/120 229/521/121 228/522/122
f 226/520/120 227/523/123 230/524/124 229/521/121
f 227/523/123 239/525/125 240/526/126 230/524/124
f 228/522/122 229/521/121 232/527/127 231/528/128
f 229/521/121 230/524/124 233/529/129 232/527/127
f 230/524/124 240/526/126 241/530/130 233/529/129
f 224/531/131 234/532/132 237/533/133 236/534/134
f 234/532/132 235/535/135 238/536/136 237/533/133
f 235/535/135 247/537/137 248/538/138 238/536/136
f 236/534/134 237/533/133 240/526/126 239/525/125
f 237/533/133 238/536/136 241/530/130 240/526/126
f 238/536/136 248/538/138 249/539/139 241/530/130
f 225/540/140 242/541/141 245/542/142 244/543/143
f 242/541/141 243/544/144 246/545/145 245/542/142
f 243/544/144 231/528/128 232/527/127 246/545/145
f 244/543/143 245/542/142 248/538/138 247/537/137
f 245/542/142 246/545/145 249/539/139 248/538/138
f 246/545/145 232/527/127 233/529/129 249/539/139
f 233/529/129 241/530/130 249/539/139
f 250/546/146 253/547/147 256/548/148 255/549/149
f 253/547/147 254/550/150 257/551/151 256/548/148
f 254/550/150 266/552/152 267/553/153 257/551/151
f 255/549/149 256/548/148 259/554/154 258/555/155
f 256/548/148 257/551/151 260/556/156 259/554/154
f 257/551/151 267/553/153 268/557/157 260/556/156
f 251/558/158 261/559/159 264/560/160 263/561/161
f 261/559/159 262/562/162 265/563/163 264/560/160
f 262/562/162 274/564/164 275/565/165 265/563/163
f 263/561/161 264/560/160 267/553/153 266/552/152
f 264/560/160 265/563/163 268/557/157 267/553/153
f 265/563/163 275/565/165 276/566/166 268/557/157
f 252/567/167 269/568/168 272/569/169 271/570/170
f 269/568/168 270/571/171 273/572/172 272/569/169
f 270/571/171 258/555/155 259/554/154 273/572/172
f 271/570/170 272/569/169 275/565/165 274/564/164
f 272/569/169 273/572/172 276/566/166 275/565/165
f 273/572/172 259/554/154 260/556/156 276/566/166
f 260/556/156 268/557/157 276/566/166
f 277/573/173 280/574/174 283/575/175 282/576/176
f 280/574/174 281/577/177 284/578/178 283/575/175
f 281/577/177 293/579/179 294/580/180 284/578/178
f 282/576/176 283/575/175 286/581/181 285/582/182
f 283/575/175 284/578/178 287/583/183 286/581/181
f 284/578/178 294/580/180 295/584/184 287/583/183
f 278/585/185 288/586/186 291/587/187 290/588/188
f 288/586/186 289/589/189 292/590/190 291/587/187
f 289/589/189 301/591/191 302/592/192 292/590/190
f 290/588/188 291/587/187 294/580/180 293/579/179
f 291/587/187 292/590/190 295/584/184 294/580/180
f 292/590/190 302/592/192 303/593/193 295/584/184
f 279/594/194 296/595/195 299/596/196 298/597/197
f 296/595/195 297/598/198 300/599/199 299/596/196
f 297/598/198 285/582/182 286/581/181 300/599/199
f 298/597/197 299/596/196 302/592/192 301/591/191
f 299/596/196 300/599/199 303/593/193 302/592/192
f 300/599/199 286/581/181 287/583/183 303/593/193
f 287/583/183 295/584/184 303/593/193
f 304/600/200 307/601/201 310/602/202 309/603/203
f 307/601/201 308/604/204 311/605/205 310/602/202
f 308/604/204 320/606/206 321/607/207 311/605/205
f 309/603/203 310/602/202 313/608/208 312/609/209
f 310/602/202 311/605/205 314/610/210 313/608/208
f 311/605/205 321/607/207 322/611/211 314/610/210
f 305/612/212 315/613/213 318/614/214 317/615/215
f 315/613/213 316/616/216 319/617/217 318/614/214
f 316/616/216 328/618/218 329/619/219 319/617/217
f 317/615/215 318/614/214 321/607/207 320/606/206
f 318/614/214 319/617/217 322/611/211 321/607/207
f 319/617/217 329/619/219 330/620/220 322/611/211
f 306/621/221 323/622/222 326/623/223 325/624/224
f 323/622/222 324/625/225 327/626/226 326/623/223
f 324/625/225 312/609/209 313/608/208 327/626/226
f 325/624/224 326/623/223 329/619/219 328/618/218
f 326/623/223 327/626/226 330/620/220 329/619/219
f 327/626/226 313/608/208 314/610/210 330/620/220
f 314/610/210 322/611/211 330/620/220
f 331/627/227 334/628/228 337/629/229 336/630/230
f 334/628/228 335/631/231 338/632/232 337/629/229
f 335/631/231 347/633/233 348/634/234 338/632/232
f 336/630/230 337/629/229 340/635/235 339/636/236
f 337/629/229 338/632/232 341/637/237 340/635/235
f 338/632/232 348/634/234 349/638/238 341/637/237
f 332/639/239 342/640/240 345/641/241 344/642/242
f 342/640/240 343/643/243 346/644/244 345/641/241
f 343/643/243 355/645/245 356/646/246 346/644/244
f 344/642/242 345/641/241 348/634/234 347/633/233
f 345/641/241 346/644/244 349/638/238 348/634/234
f 346/644/244 356/646/246 357/647/247 349/638/238
f 333/648/248 350/649/249 353/650/250 352/651/251
f 350/649/249 351/652/252 354/653/253 353/650/250
f 351/652/252 339/636/236 340/635/235 354/653/253
f 352/651/251 353/650/250 356/646/246 355/645/245
f 353/650/250 354/653/253 357/647/247 356/646/246
f 354/653/253 340/635/235 341/637/237 357/647/247
f 341/637/237 349/638/238 357/647/247
f 358/654/254 361/655/255 364/656/256 363/657/257
f 361/655/255 362/658/258 365/659/259 364/656/256
f 362/658/258 374/660/260 375/661/261 365/659/259
f 363/657/257 364/656/256 367/662/262 366/663/263
f 364/656/256 365/659/259 368/664/264 367/662/262
f 365/659/259 375/661/261 376/665/265 368/664/264
f 359/666/266 369/667/267 372/668/268 371/669/269
f 369/667/267 370/670/270 373/671/271 372/668/268
f 370/670/270 382/672/272 383/673/273 373/671/271
f 371/669/269 372/668/268 375/661/261 374/660/260
f 372/668/268 373/671/271 376/665/265 375/661/261
f 373/671/271 383/673/273 384/674/274 376/665/265
f 360/675/275 377/676/276 380/677/277 379/678/278
f 377/676/276 378/679/279 381/680/280 380/677/277
f 378/679/279 366/663/263 367/662/262 381/680/280
f 379/678/278 380/677/277 383/673/273 382/672/272
f 380/677/277 381/680/280 384/674/274 383/673/273
f 381/680/280 367/662/262 368/664/264 384/674/274
f 368/664/264 376/665/265 384/674/274
f 385/681/281 388/682/282 391/683/283 390/684/284
f 388/682/282 389/685/285 392/686/286 391/683/283
f 389/685/285 401/687/287 402/688/288 392/686/286
f 390/684/284 391/683/283 394/689/289 393/690/290
f 391/683/283 392/686/286 395/691/291 394/689/289
f 392/686/286 402/688/288 403/692/292 395/691/291
f 386/693/293 396/694/294 399/695/295 398/696/296
f 396/694/294 397/697/297 400/698/298 399/695/295
f 397/697/297 409/699/299 410/700/300 400/698/298
f 398/696/296 399/695/295 402/688/288 401/687/287
f 399/695/295 400/698/298 403/692/292 402/688/288
f 400/698/298 410/700/300 411/701/301 403/692/292
f 387/702/302 404/703/303 407/704/304 406/705/305
f 404/703/303 405/706/306 408/707/307 407/704/304
f 405/706/306 393/690/290 394/689/289 408/707/307
f 406/705/305 407/704/304 410/700/300 409/699/299
f 407/704/304 408/707/307 411/701/301 410/700/300
f 408/707/307 394/689/289 395/691/291 411/701/301
f 395/691/291 403/692/292 411/701/301
f 412/708/308 415/709/309 418/710/310 417/711/311
f 415/709/309 416/712/312 419/713/313 418/710/310
f 416/712/312 428/714/314 429/715/315 419/713/313
f 417/711/311 418/710/310 421/716/316 420/717/317
f 418/710/310 419/713/313 422/718/318 421/716/316
f 419/713/313 429/715/315 430/719/319 422/718/318
f 413/720/320 423/721/321 426/722/322 425/723/323
f 423/721/321 424/724/324 427/725/325 426/722/322
f 424/724/324 436/726/326 437/727/327 427/725/325
f 425/723/323 426/722/322 429/715/315 428/714/314
f 426/722/322 427/725/325 430/719/319 429/715/315
f 427/725/325 437/727/327 438/728/328 430/719/319
f 414/729/329 431/730/330 434/731/331 433/732/332
f 431/730/330 432/733/333 435/734/334 434/731/331
f 432/733/333 420/717/317 421/716/316 435/734/334
f 433/732/332 434/731/331 437/727/327 436/726/326
f 434/731/331 435/734/334 438/728/328 437/727/327
f 435/734/334 421/716/316 422/718/318 438/728/328
f 422/718/318 430/719/319 438/728/328
f 225/540/140 251/558/158 263/561/161 242/541/141
f 242/541/141 263/561/161 266/552/152 243/544/144
f 243/544/144 266/552/152 254/550/150 231/528/128
f 231/528/128 254/550/150 253/547/147 228/522/122
f 228/522/122 253/547/147 250/546/146 223/519/119
f 279/594/194 305/612/212 317/615/215 296/595/195
f 296/595/195 317/615/215 320/606/206 297/598/198
f 297/598/198 320/606/206 308/604/204 285/582/182
f 285/582/182 308/604/204 307/601/201 282/576/176
f 282/576/176 307/601/201 304/600/200 277/573/173
f 278/585/185 252/567/167 271/570/170 288/586/186
f 288/586/186 271/570/170 274/564/164 289/589/189
f 289/589/189 274/564/164 262/562/162 301/591/191
f 301/591/191 262/562/162 261/559/159 298/597/197
f 298/597/197 261/559/159 251/558/158 279/594/194
f 305/612/212 225/540/140 244/543/143 315/613/213
f 315/613/213 244/543/143 247/537/137 316/616/216
f 316/616/216 247/537/137 235/535/135 328/618/218
f 328/618/218 235/535/135 234/532/132 325/624/224
f 325/624/224 234/532/132 224/531/131 306/621/221
f 331/627/227 358/654/254 363/657/257 334/628/228
f 334/628/228 363/657/257 366/663/263 335/631/231
f 335/631/231 366/663/263 378/679/279 347/633/233
f 347/633/233 378/679/279 377/676/276 344/642/242
f 344/642/242 377/676/276 360/675/275 332/639/239
f 385/681/281 412/708/308 417/711/311 388/682/282
f 388/682/282 417/711/311 420/717/317 389/685/285
f 389/685/285 420/717/317 432/733/333 401/687/287
f 401/687/287 432/733/333 431/730/330 398/696/296
f 398/696/296 431/730/330 414/729/329 386/693/293
f 386/693/293 360/675/275 379/678/278 396/694/294
f 396/694/294 379/678/278 382/672/272 397/697/297
f 397/697/297 382/672/272 370/670/270 409/699/299
f 409/699/299 370/670/270 369/667/267 406/705/305
f 406/705/305 369/667/267 359/666/266 387/702/302
f 413/720/320 333/648/248 352/651/251 423/721/321
f 423/721/321 352/651/251 355/645/245 424/724/324
f 424/724/324 355/645/245 343/643/243 436/726/326
f 436/726/326 343/643/243 342/640/240 433/732/332
f 433/732/332 342/640/240 332/639/239 414/729/329
f 277/735/335 385/736/335 390/737/336 280/738/336
f 280/738/336 390/737/336 393/739/337 281/740/337
f 281/741/337 393/742/337 405/743/338 293/744/338
f 293/744/338 405/743/338 404/745/339 290/746/339
f 290/746/339 404/745/339 387/747/340 278/748/340
f 358/749/341 250/750/341 255/751/342 361/752/342
f 361/752/342 255/751/342 258/753/343 362/754/343
f 362/755/343 258/756/343 270/757/344 374/758/344
f 374/758/344 270/757/344 269/759/345 371/760/345
f 371/760/345 269/759/345 252/761/346 359/762/346
f 333/763/347 224/764/347 236/765/348 350/766/348
f 350/766/348 236/765/348 239/767/349 351/768/349
f 351/768/349 239/767/349 227/769/350 339/770/350
f 339/771/350 227/772/350 226/773/351 336/774/351
f 336/774/351 226/773/351 223/775/352 331/776/352
f 412/777/353 304/778/353 309/779/354 415/780/354
f 415/780/354 309/779/354 312/781/355 416/782/355
f 416/783/355 312/784/355 324/785/356 428/786/356
f 428/786/356 324/785/356 323/787/357 425/788/357
f 425/788/357 323/787/357 306/789/358 413/790/358
f 219/791/1 220/792/1 251/558/158 225/540/140
f 223/775/352 250/750/341 358/749/341 331/776/352
f 222/793/1 219/791/1 225/540/140 305/612/212
f 306/789/358 224/764/347 333/763/347 413/790/358
f 252/761/346 278/748/340 387/747/340 359/762/346
f 220/792/1 221/794/1 279/594/194 251/558/158
f 221/794/1 222/793/1 305/612/212 279/594/194
f 277/735/335 304/778/353 412/777/353 385/736/335
f 360/675/275 386/693/293 414/729/329 332/639/239
f 445/795/12 449/796/12 450/797/12 446/798/12
f 453/799/12 439/800/12 440/801/12 456/802/12
f 441/803/12 442/804/12 449/796/12 445/795/12
f 446/798/12 450/797/12 451/805/12 447/806/12
f 447/806/12 451/805/12 452/807/12 448/808/12
f 448/808/12 452/807/12 444/809/12 443/810/12
f 441/803/12 454/811/12 455/812/12 442/804/12
f 456/813/13 460/814/13 457/815/13 453/816/13
f 459/817/359 463/818/360 464/819/360 460/820/359
f 455/417/10 459/817/10 460/820/10 456/389/10
f 453/441/1 457/821/1 458/822/1 454/420/1
f 454/823/11 458/824/11 459/825/11 455/826/11
f 463/818/360 467/827/361 468/828/361 464/819/360
f 458/824/11 462/829/11 463/830/11 459/825/11
f 457/821/362 461/831/363 462/832/363 458/822/362
f 460/814/13 464/833/13 461/834/13 457/815/13
f 466/835/11 470/836/11 471/837/11 467/838/11
f 462/829/11 466/835/11 467/838/11 463/830/11
f 461/831/363 465/839/364 466/840/364 462/832/363
f 464/833/13 468/841/13 465/842/13 461/834/13
f 472/843/13 476/844/13 473/845/13 469/846/13
f 465/839/364 469/847/365 470/848/365 466/840/364
f 468/841/13 472/843/13 469/846/13 465/842/13
f 467/827/361 471/849/366 472/850/366 468/828/361
f 474/851/11 478/852/11 479/853/11 475/854/11
f 471/849/366 475/855/367 476/856/367 472/850/366
f 470/836/11 474/851/11 475/854/11 471/837/11
f 469/847/365 473/857/368 474/858/368 470/848/365
f 478/852/11 482/859/11 483/860/11 479/853/11
f 473/861/368 477/862/369 478/863/369 474/864/368
f 476/844/13 480/865/13 477/866/13 473/845/13
f 475/867/367 479/868/370 480/869/370 476/870/367
f 484/871/13 488/872/108 485/873/107 481/874/13
f 477/862/369 481/875/371 482/876/371 478/863/369
f 480/865/13 484/871/13 481/874/13 477/866/13
f 479/868/370 483/877/372 484/878/372 480/869/370
f 488/872/108 492/879/111 489/880/111 485/873/107
f 483/877/372 487/881/373 488/882/374 484/878/372
f 482/859/11 486/883/115 487/884/114 483/860/11
f 481/875/371 485/885/375 486/886/376 482/876/371
f 487/881/373 491/887/14 492/888/14 488/882/374
f 486/883/115 490/889/118 491/890/118 487/884/114
f 485/885/375 489/891/12 490/892/12 486/886/376
f 493/893/200 498/894/201 499/895/377 496/896/378
f 496/896/378 499/895/377 500/897/379 497/898/380
f 497/898/380 500/897/379 510/899/381 509/900/382
f 498/894/201 501/901/383 502/902/205 499/895/377
f 499/895/377 502/902/205 503/903/210 500/897/379
f 500/897/379 503/903/210 511/904/384 510/899/381
f 494/905/385 506/906/386 507/907/387 504/908/224
f 504/908/224 507/907/387 508/909/388 505/910/389
f 505/910/389 508/909/388 518/911/390 517/912/391
f 506/906/386 509/900/382 510/899/381 507/907/387
f 507/907/387 510/899/381 511/904/384 508/909/388
f 508/909/388 511/904/384 519/913/392 518/911/390
f 495/914/212 514/915/393 515/916/394 512/917/395
f 512/917/395 515/916/394 516/918/396 513/919/397
f 513/919/397 516/918/396 502/902/205 501/901/383
f 514/915/393 517/912/391 518/911/390 515/916/394
f 515/916/394 518/911/390 519/913/392 516/918/396
f 516/918/396 519/913/392 503/903/210 502/902/205
f 503/903/210 519/913/392 511/904/384
f 520/920/173 525/921/398 526/922/399 523/923/176
f 523/923/176 526/922/399 527/924/400 524/925/401
f 524/925/401 527/924/400 537/926/402 536/927/403
f 525/921/398 528/928/404 529/929/405 526/922/399
f 526/922/399 529/929/405 530/930/183 527/924/400
f 527/924/400 530/930/183 538/931/406 537/926/402
f 521/932/194 533/933/407 534/934/408 531/935/409
f 531/935/409 534/934/408 535/936/410 532/937/411
f 532/937/411 535/936/410 545/938/412 544/939/413
f 533/933/407 536/927/403 537/926/402 534/934/408
f 534/934/408 537/926/402 538/931/406 535/936/410
f 535/936/410 538/931/406 546/940/184 545/938/412
f 522/941/414 541/942/186 542/943/415 539/944/416
f 539/944/416 542/943/415 543/945/417 540/946/418
f 540/946/418 543/945/417 529/929/405 528/928/404
f 541/942/186 544/939/413 545/938/412 542/943/415
f 542/943/415 545/938/412 546/940/184 543/945/417
f 543/945/417 546/940/184 530/930/183 529/929/405
f 530/930/183 546/940/184 538/931/406
f 547/947/146 552/948/147 553/949/419 550/950/420
f 550/950/420 553/949/419 554/951/421 551/952/422
f 551/952/422 554/951/421 564/953/423 563/954/424
f 552/948/147 555/955/425 556/956/151 553/949/419
f 553/949/419 556/956/151 557/957/156 554/951/421
f 554/951/421 557/957/156 565/958/426 564/953/423
f 548/959/427 560/960/428 561/961/429 558/962/170
f 558/962/170 561/961/429 562/963/430 559/964/431
f 559/964/431 562/963/430 572/965/432 571/966/433
f 560/960/428 563/954/424 564/953/423 561/961/429
f 561/961/429 564/953/423 565/958/426 562/963/430
f 562/963/430 565/958/426 573/967/434 572/965/432
f 549/968/158 568/969/159 569/970/435 566/971/436
f 566/971/436 569/970/435 570/972/437 567/973/438
f 567/973/438 570/972/437 556/956/151 555/955/425
f 568/969/159 571/966/433 572/965/432 569/970/435
f 569/970/435 572/965/432 573/967/434 570/972/437
f 570/972/437 573/967/434 557/957/156 556/956/151
f 557/957/156 573/967/434 565/958/426
f 574/974/119 579/975/439 580/976/440 577/977/122
f 577/977/122 580/976/440 581/978/441 578/979/442
f 578/979/442 581/978/441 591/980/443 590/981/444
f 579/975/439 582/982/445 583/983/446 580/976/440
f 580/976/440 583/983/446 584/984/129 581/978/441
f 581/978/441 584/984/129 592/985/447 591/980/443
f 575/986/140 587/987/448 588/988/449 585/989/450
f 585/989/450 588/988/449 589/990/451 586/991/452
f 586/991/452 589/990/451 599/992/453 598/993/454
f 587/987/448 590/981/444 591/980/443 588/988/449
f 588/988/449 591/980/443 592/985/447 589/990/451
f 589/990/451 592/985/447 600/994/455 599/992/453
f 576/995/456 595/996/132 596/997/457 593/998/458
f 593/998/458 596/997/457 597/999/459 594/1000/460
f 594/1000/460 597/999/459 583/983/446 582/982/445
f 595/996/132 598/993/454 599/992/453 596/997/457
f 596/997/457 599/992/453 600/994/455 597/999/459
f 597/999/459 600/994/455 584/984/129 583/983/446
f 584/984/129 600/994/455 592/985/447
f 601/1001/308 606/1002/461 607/1003/462 604/1004/463
f 604/1004/463 607/1003/462 608/1005/316 605/1006/464
f 605/1006/464 608/1005/316 618/1007/334 617/1008/465
f 606/1002/461 609/1009/466 610/1010/467 607/1003/462
f 607/1003/462 610/1010/467 611/1011/318 608/1005/316
f 608/1005/316 611/1011/318 619/1012/468 618/1007/334
f 602/1013/329 614/1014/469 615/1015/470 612/1016/471
f 612/1016/471 615/1015/470 616/1017/472 613/1018/473
f 613/1018/473 616/1017/472 626/1019/474 625/1020/475
f 614/1014/469 617/1008/465 618/1007/334 615/1015/470
f 615/1015/470 618/1007/334 619/1012/468 616/1017/472
f 616/1017/472 619/1012/468 627/1021/319 626/1019/474
f 603/1022/320 622/1023/321 623/1024/476 620/1025/477
f 620/1025/477 623/1024/476 624/1026/478 621/1027/479
f 621/1027/479 624/1026/478 610/1010/467 609/1009/466
f 622/1023/321 625/1020/475 626/1019/474 623/1024/476
f 623/1024/476 626/1019/474 627/1021/319 624/1026/478
f 624/1026/478 627/1021/319 611/1011/318 610/1010/467
f 611/1011/318 627/1021/319 619/1012/468
f 628/1028/281 633/1029/480 634/1030/481 631/1031/482
f 631/1031/482 634/1030/481 635/1032/483 632/1033/484
f 632/1033/484 635/1032/483 645/1034/485 644/1035/486
f 633/1029/480 636/1036/487 637/1037/286 634/1030/481
f 634/1030/481 637/1037/286 638/1038/291 635/1032/483
f 635/1032/483 638/1038/291 646/1039/301 645/1034/485
f 629/1040/488 641/1041/489 642/1042/490 639/1043/305
f 639/1043/305 642/1042/490 643/1044/491 640/1045/492
f 640/1045/492 643/1044/491 653/1046/493 652/1047/494
f 641/1041/489 644/1035/486 645/1034/485 642/1042/490
f 642/1042/490 645/1034/485 646/1039/301 643/1044/491
f 643/1044/491 646/1039/301 654/1048/292 653/1046/493
f 630/1049/293 649/1050/495 650/1051/496 647/1052/497
f 647/1052/497 650/1051/496 651/1053/288 648/1054/498
f 648/1054/498 651/1053/288 637/1037/286 636/1036/487
f 649/1050/495 652/1047/494 653/1046/493 650/1051/496
f 650/1051/496 653/1046/493 654/1048/292 651/1053/288
f 651/1053/288 654/1048/292 638/1038/291 637/1037/286
f 638/1038/291 654/1048/292 646/1039/301
f 655/1055/254 660/1056/499 661/1057/500 658/1058/501
f 658/1058/501 661/1057/500 662/1059/262 659/1060/502
f 659/1060/502 662/1059/262 672/1061/280 671/1062/503
f 660/1056/499 663/1063/504 664/1064/505 661/1057/500
f 661/1057/500 664/1064/505 665/1065/264 662/1059/262
f 662/1059/262 665/1065/264 673/1066/506 672/1061/280
f 656/1067/275 668/1068/507 669/1069/508 666/1070/509
f 666/1070/509 669/1069/508 670/1071/510 667/1072/272
f 667/1072/272 670/1071/510 680/1073/511 679/1074/512
f 668/1068/507 671/1062/503 672/1061/280 669/1069/508
f 669/1069/508 672/1061/280 673/1066/506 670/1071/510
f 670/1071/510 673/1066/506 681/1075/265 680/1073/511
f 657/1076/266 676/1077/267 677/1078/513 674/1079/514
f 674/1079/514 677/1078/513 678/1080/515 675/1081/516
f 675/1081/516 678/1080/515 664/1064/505 663/1063/504
f 676/1077/267 679/1074/512 680/1073/511 677/1078/513
f 677/1078/513 680/1073/511 681/1075/265 678/1080/515
f 678/1080/515 681/1075/265 665/1065/264 664/1064/505
f 665/1065/264 681/1075/265 673/1066/506
f 682/1082/227 687/1083/517 688/1084/518 685/1085/519
f 685/1085/519 688/1084/518 689/1086/520 686/1087/521
f 686/1087/521 689/1086/520 699/1088/522 698/1089/523
f 687/1083/517 690/1090/524 691/1091/232 688/1084/518
f 688/1084/518 691/1091/232 692/1092/237 689/1086/520
f 689/1086/520 692/1092/237 700/1093/525 699/1088/522
f 683/1094/526 695/1095/527 696/1096/528 693/1097/251
f 693/1097/251 696/1096/528 697/1098/529 694/1099/530
f 694/1099/530 697/1098/529 707/1100/531 706/1101/243
f 695/1095/527 698/1089/523 699/1088/522 696/1096/528
f 696/1096/528 699/1088/522 700/1093/525 697/1098/529
f 697/1098/529 700/1093/525 708/1102/238 707/1100/531
f 684/1103/239 703/1104/532 704/1105/533 701/1106/534
f 701/1106/534 704/1105/533 705/1107/234 702/1108/535
f 702/1108/535 705/1107/234 691/1091/232 690/1090/524
f 703/1104/532 706/1101/243 707/1100/531 704/1105/533
f 704/1105/533 707/1100/531 708/1102/238 705/1107/234
f 705/1107/234 708/1102/238 692/1092/237 691/1091/232
f 692/1092/237 708/1102/238 700/1093/525
f 495/914/212 512/917/395 533/933/407 521/932/194
f 512/917/395 513/919/397 536/927/403 533/933/407
f 513/919/397 501/901/383 524/925/401 536/927/403
f 501/901/383 498/894/201 523/923/176 524/925/401
f 498/894/201 493/893/200 520/920/173 523/923/176
f 549/968/158 566/971/436 587/987/448 575/986/140
f 566/971/436 567/973/438 590/981/444 587/987/448
f 567/973/438 555/955/425 578/979/442 590/981/444
f 555/955/425 552/948/147 577/977/122 578/979/442
f 552/948/147 547/947/146 574/974/119 577/977/122
f 548/959/427 558/962/170 541/942/186 522/941/414
f 558/962/170 559/964/431 544/939/413 541/942/186
f 559/964/431 571/966/433 532/937/411 544/939/413
f 571/966/433 568/969/159 531/935/409 532/937/411
f 568/969/159 549/968/158 521/932/194 531/935/409
f 575/986/140 585/989/450 514/915/393 495/914/212
f 585/989/450 586/991/452 517/912/391 514/915/393
f 586/991/452 598/993/454 505/910/389 517/912/391
f 598/993/454 595/996/132 504/908/224 505/910/389
f 595/996/132 576/995/456 494/905/385 504/908/224
f 601/1001/308 604/1004/463 633/1029/480 628/1028/281
f 604/1004/463 605/1006/464 636/1036/487 633/1029/480
f 605/1006/464 617/1008/465 648/1054/498 636/1036/487
f 617/1008/465 614/1014/469 647/1052/497 648/1054/498
f 614/1014/469 602/1013/329 630/1049/293 647/1052/497
f 655/1055/254 658/1058/501 687/1083/517 682/1082/227
f 658/1058/501 659/1060/502 690/1090/524 687/1083/517
f 659/1060/502 671/1062/503 702/1108/535 690/1090/524
f 671/1062/503 668/1068/507 701/1106/534 702/1108/535
f 668/1068/507 656/1067/275 684/1103/239 701/1106/534
f 656/1067/275 666/1070/509 649/1050/495 630/1049/293
f 666/1070/509 667/1072/272 652/1047/494 649/1050/495
f 667/1072/272 679/1074/512 640/1045/492 652/1047/494
f 679/1074/512 676/1077/267 639/1043/305 640/1045/492
f 676/1077/267 657/1076/266 629/1040/488 639/1043/305
f 683/1094/526 693/1097/251 622/1023/321 603/1022/320
f 693/1097/251 694/1099/530 625/1020/475 622/1023/321
f 694/1099/530 706/1101/243 613/1018/473 625/1020/475
f 706/1101/243 703/1104/532 612/1016/471 613/1018/473
f 703/1104/532 684/1103/239 602/1013/329 612/1016/471
f 547/1109/341 550/1110/342 660/1111/342 655/1112/341
f 550/1110/342 551/1113/343 663/1114/343 660/1111/342
f 551/1115/343 563/1116/344 675/1117/344 663/1118/343
f 563/1116/344 560/1119/345 674/1120/345 675/1117/344
f 560/1119/345 548/1121/346 657/1122/346 674/1120/345
f 628/1123/335 631/1124/336 525/1125/336 520/1126/335
f 631/1124/336 632/1127/337 528/1128/337 525/1125/336
f 632/1129/337 644/1130/338 540/1131/338 528/1132/337
f 644/1130/338 641/1133/339 539/1134/339 540/1131/338
f 641/1133/339 629/1135/340 522/1136/340 539/1134/339
f 603/1137/358 620/1138/357 506/1139/357 494/1140/358
f 620/1138/357 621/1141/356 509/1142/356 506/1139/357
f 621/1141/356 609/1143/355 497/1144/355 509/1142/356
f 609/1145/355 606/1146/354 496/1147/354 497/1148/355
f 606/1146/354 601/1149/353 493/1150/353 496/1147/354
f 682/1151/352 685/1152/351 579/1153/351 574/1154/352
f 685/1152/351 686/1155/350 582/1156/350 579/1153/351
f 686/1157/350 698/1158/349 594/1159/349 582/1160/350
f 698/1158/349 695/1161/348 593/1162/348 594/1159/349
f 695/1161/348 683/1163/347 576/1164/347 593/1162/348
f 489/1165/1 495/914/212 521/932/194 490/1166/1
f 493/1150/353 601/1149/353 628/1123/335 520/1126/335
f 492/1167/1 575/986/140 495/914/212 489/1165/1
f 576/1164/347 683/1163/347 603/1137/358 494/1140/358
f 522/1136/340 629/1135/340 657/1122/346 548/1121/346
f 490/1166/1 521/932/194 549/968/158 491/1168/1
f 491/1168/1 549/968/158 575/986/140 492/1167/1
f 547/1109/341 655/1112/341 682/1151/352 574/1154/352
f 630/1049/293 602/1013/329 684/1103/239 656/1067/275
f 183/442/1 453/441/1 454/420/1 184/419/1
f 1191/1767/10 1192/1768/10 1194/1769/10 1193/1770/10
f 1193/1771/980 1194/1772/980 1196/1773/980 1195/1774/980
f 1195/1775/981 1196/1776/981 1198/1777/981 1197/1778/981
f 1192/1779/12 1200/1780/12 1198/1781/12 1196/1782/12 1194/1783/12
f 1197/1778/982 1198/1777/982 1200/1784/982 1199/1785/982
f 1199/1786/983 1200/1787/983 1192/1788/983 1191/1789/983
f 1199/1790/14 1191/1791/14 1193/1792/14 1195/1793/14 1197/1794/14
f 1201/1795/10 1202/1796/10 1204/1797/10 1203/1798/10
f 1203/1799/980 1204/1800/980 1206/1801/980 1205/1802/980
f 1205/1803/981 1206/1804/981 1208/1805/981 1207/1806/981
f 1202/1807/12 1210/1808/12 1208/1809/12 1206/1810/12 1204/1811/12
f 1207/1806/982 1208/1805/982 1210/1812/982 1209/1813/982
f 1209/1814/983 1210/1815/983 1202/1816/983 1201/1817/983
f 1209/1818/14 1201/1819/14 1203/1820/14 1205/1821/14 1207/1822/14
f 1211/1823/10 1212/1824/10 1214/1825/10 1213/1826/10
f 1213/1827/984 1214/1828/984 1216/1829/984 1215/1830/984
f 1215/1831/985 1216/1832/985 1218/1833/985 1217/1834/985
f 1212/1835/11 1220/1836/11 1218/1837/11 1216/1838/11 1214/1839/11
f 1217/1834/986 1218/1833/986 1220/1840/986 1219/1841/986
f 1219/1842/987 1220/1843/987 1212/1844/987 1211/1845/987
f 1219/1846/13 1211/1847/13 1213/1848/13 1215/1849/13 1217/1850/13
f 1221/1851/10 1222/1852/10 1224/1853/10 1223/1854/10
f 1223/1855/984 1224/1856/984 1226/1857/984 1225/1858/984
f 1225/1859/985 1226/1860/985 1228/1861/985 1227/1862/985
f 1222/1863/11 1230/1864/11 1228/1865/11 1226/1866/11 1224/1867/11
f 1227/1862/986 1228/1861/986 1230/1868/986 1229/1869/986
f 1229/1870/987 1230/1871/987 1222/1872/987 1221/1873/987
f 1229/1874/13 1221/1875/13 1223/1876/13 1225/1877/13 1227/1878/13
f 1237/1879/988 1232/1880/988 1236/1881/989 1239/1882/989
f 1239/1882/989 1236/1881/989 1235/1883/990 1240/1884/990
f 1240/1884/990 1235/1883/990 1234/1885/991 1241/1886/991
f 1241/1887/991 1234/1888/991 1233/1889/992 1242/1890/992
f 1242/1890/992 1233/1889/992 1231/1891/993 1238/1892/993
f 1249/1893/994 1244/1894/994 1248/1895/995 1251/1896/995
f 1251/1896/995 1248/1895/995 1247/1897/996 1252/1898/996
f 1252/1899/996 1247/1900/996 1246/1901/997 1253/1902/997
f 1253/1902/997 1246/1901/997 1245/1903/998 1254/1904/998
f 1254/1904/998 1245/1903/998 1243/1905/999 1250/1906/999
f 1231/1891/10 1244/1894/10 1249/1893/10 1238/1892/10
f 1232/1880/14 1237/1879/14 174/400/14 173/399/14
f 173/430/90 443/429/90 1243/1907/11 1245/1908/11 1246/1909/11 1247/1910/11 1248/1911/11 1244/1912/11 1231/1913/11 1233/1914/11 1234/1915/11 1235/1916/11 1236/1917/11 1232/1918/11
f 1249/1919/13 1251/1920/13 1252/1921/13 1253/1922/13 1254/1923/13 1250/1924/13 444/404/84 174/403/84 1237/1925/13 1239/1926/13 1240/1927/13 1241/1928/13 1242/1929/13 1238/1930/13
f 1243/1905/12 443/810/12 444/809/12 1250/1906/12
