# Blender 4.5.3 LTS
# www.blender.org
mtllib conference_chair.mtl
o conference_chair
v -0.240000 0.443270 0.198000
v -0.240000 0.439562 0.198587
v -0.240000 0.436217 0.200292
v -0.240000 0.433562 0.202947
v -0.240000 0.431857 0.206292
v -0.240000 0.431270 0.210000
v -0.240000 0.431857 0.213708
v -0.240000 0.433562 0.217053
v -0.240000 0.436217 0.219708
v -0.240000 0.439562 0.221413
v -0.240000 0.443270 0.222000
v -0.240000 0.446978 0.221413
v -0.240000 0.450323 0.219708
v -0.240000 0.452978 0.217053
v -0.240000 0.454683 0.213708
v -0.240000 0.455270 0.210000
v -0.240000 0.454683 0.206292
v -0.240000 0.452978 0.202947
v -0.240000 0.450323 0.200292
v -0.240000 0.446978 0.198587
v -0.244166 0.443027 0.198000
v -0.243735 0.439344 0.198587
v -0.243347 0.436022 0.200292
v -0.243039 0.433385 0.202947
v -0.242841 0.431692 0.206292
v -0.242773 0.431109 0.210000
v -0.242841 0.431692 0.213708
v -0.243039 0.433385 0.217053
v -0.243347 0.436022 0.219708
v -0.243735 0.439344 0.221413
v -0.244166 0.443027 0.222000
v -0.244596 0.446711 0.221413
v -0.244985 0.450033 0.219708
v -0.245293 0.452670 0.217053
v -0.245491 0.454363 0.213708
v -0.245559 0.454946 0.210000
v -0.245491 0.454363 0.206292
v -0.245293 0.452670 0.202947
v -0.244985 0.450033 0.200292
v -0.244596 0.446711 0.198587
v -0.248275 0.442303 0.198000
v -0.247420 0.438695 0.198587
v -0.246649 0.435440 0.200292
v -0.246036 0.432856 0.202947
v -0.245643 0.431198 0.206292
v -0.245508 0.430626 0.210000
v -0.245643 0.431198 0.213708
v -0.246036 0.432856 0.217053
v -0.246649 0.435440 0.219708
v -0.247420 0.438695 0.221413
v -0.248275 0.442303 0.222000
v -0.249130 0.445911 0.221413
v -0.249902 0.449166 0.219708
v -0.250514 0.451749 0.217053
v -0.250907 0.453408 0.213708
v -0.251043 0.453979 0.210000
v -0.250907 0.453408 0.206292
v -0.250514 0.451749 0.202947
v -0.249902 0.449166 0.200292
v -0.249130 0.445911 0.198587
v -0.252273 0.441106 0.198000
v -0.251004 0.437621 0.198587
v -0.249860 0.434478 0.200292
v -0.248952 0.431983 0.202947
v -0.248369 0.430382 0.206292
v -0.248168 0.429830 0.210000
v -0.248369 0.430382 0.213708
v -0.248952 0.431983 0.217053
v -0.249860 0.434478 0.219708
v -0.251004 0.437621 0.221413
v -0.252273 0.441106 0.222000
v -0.253541 0.444591 0.221413
v -0.254685 0.447734 0.219708
v -0.255593 0.450229 0.217053
v -0.256176 0.451830 0.213708
v -0.256377 0.452382 0.210000
v -0.256176 0.451830 0.206292
v -0.255593 0.450229 0.202947
v -0.254685 0.447734 0.200292
v -0.253541 0.444591 0.198587
v -0.256104 0.439453 0.198000
v -0.254440 0.436140 0.198587
v -0.252938 0.433150 0.200292
v -0.251747 0.430778 0.202947
v -0.250982 0.429255 0.206292
v -0.250719 0.428730 0.210000
v -0.250982 0.429255 0.213708
v -0.251747 0.430778 0.217053
v -0.252938 0.433150 0.219708
v -0.254440 0.436140 0.221413
v -0.256104 0.439453 0.222000
v -0.257768 0.442767 0.221413
v -0.259270 0.445756 0.219708
v -0.260461 0.448129 0.217053
v -0.261226 0.449652 0.213708
v -0.261490 0.450177 0.210000
v -0.261226 0.449652 0.206292
v -0.260461 0.448129 0.202947
v -0.259270 0.445756 0.200292
v -0.257768 0.442767 0.198587
v -0.259718 0.437367 0.198000
v -0.257680 0.434269 0.198587
v -0.255842 0.431474 0.200292
v -0.254383 0.429256 0.202947
v -0.253446 0.427832 0.206292
v -0.253124 0.427341 0.210000
v -0.253446 0.427832 0.213708
v -0.254383 0.429256 0.217053
v -0.255842 0.431474 0.219708
v -0.257680 0.434269 0.221413
v -0.259718 0.437367 0.222000
v -0.261755 0.440465 0.221413
v -0.263594 0.443260 0.219708
v -0.265053 0.445478 0.217053
v -0.265989 0.446902 0.213708
v -0.266312 0.447393 0.210000
v -0.265989 0.446902 0.206292
v -0.265053 0.445478 0.202947
v -0.263594 0.443260 0.200292
v -0.261755 0.440465 0.198587
v -0.263065 0.434875 0.198000
v -0.260681 0.432035 0.198587
v -0.258531 0.429472 0.200292
v -0.256825 0.427438 0.202947
v -0.255729 0.426133 0.206292
v -0.255351 0.425683 0.210000
v -0.255729 0.426133 0.213708
v -0.256825 0.427438 0.217053
v -0.258531 0.429472 0.219708
v -0.260681 0.432035 0.221413
v -0.263065 0.434875 0.222000
v -0.265448 0.437716 0.221413
v -0.267599 0.440278 0.219708
v -0.269305 0.442312 0.217053
v -0.270401 0.443618 0.213708
v -0.270778 0.444068 0.210000
v -0.270401 0.443618 0.206292
v -0.269305 0.442312 0.202947
v -0.267599 0.440278 0.200292
v -0.265448 0.437716 0.198587
v -0.266100 0.432012 0.198000
v -0.263403 0.429467 0.198587
v -0.260970 0.427171 0.200292
v -0.259039 0.425350 0.202947
v -0.257799 0.424180 0.206292
v -0.257372 0.423777 0.210000
v -0.257799 0.424180 0.213708
v -0.259039 0.425350 0.217053
v -0.260970 0.427171 0.219708
v -0.263403 0.429467 0.221413
v -0.266100 0.432012 0.222000
v -0.268797 0.434556 0.221413
v -0.271230 0.436852 0.219708
v -0.273162 0.438674 0.217053
v -0.274401 0.439843 0.213708
v -0.274829 0.440247 0.210000
v -0.274401 0.439843 0.206292
v -0.273162 0.438674 0.202947
v -0.271230 0.436852 0.200292
v -0.268797 0.434556 0.198587
v -0.268782 0.428815 0.198000
v -0.265808 0.426601 0.198587
v -0.263124 0.424603 0.200292
v -0.260995 0.423018 0.202947
v -0.259628 0.422000 0.206292
v -0.259157 0.421649 0.210000
v -0.259628 0.422000 0.213708
v -0.260995 0.423018 0.217053
v -0.263124 0.424603 0.219708
v -0.265808 0.426601 0.221413
v -0.268782 0.428815 0.222000
v -0.271757 0.431030 0.221413
v -0.274440 0.433027 0.219708
v -0.276569 0.434612 0.217053
v -0.277937 0.435630 0.213708
v -0.278408 0.435981 0.210000
v -0.277937 0.435630 0.206292
v -0.276569 0.434612 0.202947
v -0.274440 0.433027 0.200292
v -0.271757 0.431030 0.198587
v -0.271075 0.425329 0.198000
v -0.267864 0.423475 0.198587
v -0.264967 0.421802 0.200292
v -0.262668 0.420475 0.202947
v -0.261192 0.419623 0.206292
v -0.260683 0.419329 0.210000
v -0.261192 0.419623 0.213708
v -0.262668 0.420475 0.217053
v -0.264967 0.421802 0.219708
v -0.267864 0.423475 0.221413
v -0.271075 0.425329 0.222000
v -0.274287 0.427183 0.221413
v -0.277184 0.428856 0.219708
v -0.279483 0.430183 0.217053
v -0.280959 0.431035 0.213708
v -0.281468 0.431329 0.210000
v -0.280959 0.431035 0.206292
v -0.279483 0.430183 0.202947
v -0.277184 0.428856 0.200292
v -0.274287 0.427183 0.198587
v -0.272948 0.421600 0.198000
v -0.269543 0.420131 0.198587
v -0.266471 0.418806 0.200292
v -0.264034 0.417755 0.202947
v -0.262469 0.417080 0.206292
v -0.261929 0.416847 0.210000
v -0.262469 0.417080 0.213708
v -0.264034 0.417755 0.217053
v -0.266471 0.418806 0.219708
v -0.269543 0.420131 0.221413
v -0.272948 0.421600 0.222000
v -0.276353 0.423069 0.221413
v -0.279424 0.424394 0.219708
v -0.281862 0.425445 0.217053
v -0.283427 0.426120 0.213708
v -0.283967 0.426353 0.210000
v -0.283427 0.426120 0.206292
v -0.281862 0.425445 0.202947
v -0.279424 0.424394 0.200292
v -0.276353 0.423069 0.198587
v -0.274375 0.417679 0.198000
v -0.270823 0.416615 0.198587
v -0.267618 0.415656 0.200292
v -0.265075 0.414895 0.202947
v -0.263442 0.414406 0.206292
v -0.262879 0.414237 0.210000
v -0.263442 0.414406 0.213708
v -0.265075 0.414895 0.217053
v -0.267618 0.415656 0.219708
v -0.270823 0.416615 0.221413
v -0.274375 0.417679 0.222000
v -0.277927 0.418742 0.221413
v -0.281132 0.419702 0.219708
v -0.283676 0.420463 0.217053
v -0.285308 0.420952 0.213708
v -0.285871 0.421120 0.210000
v -0.285308 0.420952 0.206292
v -0.283676 0.420463 0.202947
v -0.281132 0.419702 0.200292
v -0.277927 0.418742 0.198587
v -0.275337 0.413619 0.198000
v -0.271686 0.412975 0.198587
v -0.268391 0.412394 0.200292
v -0.265777 0.411933 0.202947
v -0.264098 0.411637 0.206292
v -0.263520 0.411535 0.210000
v -0.264098 0.411637 0.213708
v -0.265777 0.411933 0.217053
v -0.268391 0.412394 0.219708
v -0.271686 0.412975 0.221413
v -0.275337 0.413619 0.222000
v -0.278989 0.414263 0.221413
v -0.282284 0.414843 0.219708
v -0.284898 0.415304 0.217053
v -0.286577 0.415600 0.213708
v -0.287155 0.415702 0.210000
v -0.286577 0.415600 0.206292
v -0.284898 0.415304 0.202947
v -0.282284 0.414843 0.200292
v -0.278989 0.414263 0.198587
v -0.348269 -0.000000 0.198000
v -0.344617 -0.000644 0.198587
v -0.341323 -0.001225 0.200292
v -0.338709 -0.001686 0.202947
v -0.337030 -0.001982 0.206292
v -0.336452 -0.002084 0.210000
v -0.337030 -0.001982 0.213708
v -0.338709 -0.001686 0.217053
v -0.341323 -0.001225 0.219708
v -0.344617 -0.000644 0.221413
v -0.348269 -0.000000 0.222000
v -0.351921 0.000644 0.221413
v -0.355216 0.001225 0.219708
v -0.357830 0.001686 0.217053
v -0.359509 0.001982 0.213708
v -0.360087 0.002084 0.210000
v -0.359509 0.001982 0.206292
v -0.357830 0.001686 0.202947
v -0.355216 0.001225 0.200292
v -0.351921 0.000644 0.198587
v 0.240000 0.443270 0.198000
v 0.240000 0.439562 0.198587
v 0.240000 0.436217 0.200292
v 0.240000 0.433562 0.202947
v 0.240000 0.431857 0.206292
v 0.240000 0.431270 0.210000
v 0.240000 0.431857 0.213708
v 0.240000 0.433562 0.217053
v 0.240000 0.436217 0.219708
v 0.240000 0.439562 0.221413
v 0.240000 0.443270 0.222000
v 0.240000 0.446978 0.221413
v 0.240000 0.450323 0.219708
v 0.240000 0.452978 0.217053
v 0.240000 0.454683 0.213708
v 0.240000 0.455270 0.210000
v 0.240000 0.454683 0.206292
v 0.240000 0.452978 0.202947
v 0.240000 0.450323 0.200292
v 0.240000 0.446978 0.198587
v 0.244166 0.443027 0.198000
v 0.243735 0.439344 0.198587
v 0.243347 0.436022 0.200292
v 0.243039 0.433385 0.202947
v 0.242841 0.431692 0.206292
v 0.242773 0.431109 0.210000
v 0.242841 0.431692 0.213708
v 0.243039 0.433385 0.217053
v 0.243347 0.436022 0.219708
v 0.243735 0.439344 0.221413
v 0.244166 0.443027 0.222000
v 0.244596 0.446711 0.221413
v 0.244985 0.450033 0.219708
v 0.245293 0.452670 0.217053
v 0.245491 0.454363 0.213708
v 0.245559 0.454946 0.210000
v 0.245491 0.454363 0.206292
v 0.245293 0.452670 0.202947
v 0.244985 0.450033 0.200292
v 0.244596 0.446711 0.198587
v 0.248275 0.442303 0.198000
v 0.247420 0.438695 0.198587
v 0.246648 0.435440 0.200292
v 0.246036 0.432856 0.202947
v 0.245643 0.431198 0.206292
v 0.245508 0.430626 0.210000
v 0.245643 0.431198 0.213708
v 0.246036 0.432856 0.217053
v 0.246648 0.435440 0.219708
v 0.247420 0.438695 0.221413
v 0.248275 0.442303 0.222000
v 0.249130 0.445911 0.221413
v 0.249902 0.449166 0.219708
v 0.250514 0.451749 0.217053
v 0.250907 0.453408 0.213708
v 0.251042 0.453979 0.210000
v 0.250907 0.453408 0.206292
v 0.250514 0.451749 0.202947
v 0.249902 0.449166 0.200292
v 0.249130 0.445911 0.198587
v 0.252273 0.441106 0.198000
v 0.251004 0.437622 0.198587
v 0.249860 0.434478 0.200292
v 0.248952 0.431983 0.202947
v 0.248369 0.430382 0.206292
v 0.248168 0.429830 0.210000
v 0.248369 0.430382 0.213708
v 0.248952 0.431983 0.217053
v 0.249860 0.434478 0.219708
v 0.251004 0.437622 0.221413
v 0.252273 0.441106 0.222000
v 0.253541 0.444591 0.221413
v 0.254685 0.447734 0.219708
v 0.255593 0.450229 0.217053
v 0.256176 0.451831 0.213708
v 0.256377 0.452382 0.210000
v 0.256176 0.451831 0.206292
v 0.255593 0.450229 0.202947
v 0.254685 0.447734 0.200292
v 0.253541 0.444591 0.198587
v 0.256104 0.439453 0.198000
v 0.254440 0.436140 0.198587
v 0.252938 0.433150 0.200292
v 0.251747 0.430778 0.202947
v 0.250982 0.429255 0.206292
v 0.250718 0.428730 0.210000
v 0.250982 0.429255 0.213708
v 0.251747 0.430778 0.217053
v 0.252938 0.433150 0.219708
v 0.254440 0.436140 0.221413
v 0.256104 0.439453 0.222000
v 0.257768 0.442767 0.221413
v 0.259270 0.445757 0.219708
v 0.260461 0.448129 0.217053
v 0.261226 0.449652 0.213708
v 0.261490 0.450177 0.210000
v 0.261226 0.449652 0.206292
v 0.260461 0.448129 0.202947
v 0.259270 0.445757 0.200292
v 0.257768 0.442767 0.198587
v 0.259718 0.437367 0.198000
v 0.257680 0.434269 0.198587
v 0.255842 0.431474 0.200292
v 0.254383 0.429256 0.202947
v 0.253446 0.427832 0.206292
v 0.253124 0.427341 0.210000
v 0.253446 0.427832 0.213708
v 0.254383 0.429256 0.217053
v 0.255842 0.431474 0.219708
v 0.257680 0.434269 0.221413
v 0.259718 0.437367 0.222000
v 0.261755 0.440465 0.221413
v 0.263594 0.443260 0.219708
v 0.265053 0.445478 0.217053
v 0.265989 0.446902 0.213708
v 0.266312 0.447393 0.210000
v 0.265989 0.446902 0.206292
v 0.265053 0.445478 0.202947
v 0.263594 0.443260 0.200292
v 0.261755 0.440465 0.198587
v 0.263065 0.434875 0.198000
v 0.260681 0.432035 0.198587
v 0.258531 0.429472 0.200292
v 0.256824 0.427438 0.202947
v 0.255729 0.426133 0.206292
v 0.255351 0.425683 0.210000
v 0.255729 0.426133 0.213708
v 0.256824 0.427438 0.217053
v 0.258531 0.429472 0.219708
v 0.260681 0.432035 0.221413
v 0.263065 0.434875 0.222000
v 0.265448 0.437716 0.221413
v 0.267599 0.440278 0.219708
v 0.269305 0.442312 0.217053
v 0.270401 0.443618 0.213708
v 0.270778 0.444068 0.210000
v 0.270401 0.443618 0.206292
v 0.269305 0.442312 0.202947
v 0.267599 0.440278 0.200292
v 0.265448 0.437716 0.198587
v 0.266100 0.432012 0.198000
v 0.263403 0.429467 0.198587
v 0.260969 0.427171 0.200292
v 0.259038 0.425350 0.202947
v 0.257799 0.424180 0.206292
v 0.257371 0.423777 0.210000
v 0.257799 0.424180 0.213708
v 0.259038 0.425350 0.217053
v 0.260969 0.427171 0.219708
v 0.263403 0.429467 0.221413
v 0.266100 0.432012 0.222000
v 0.268797 0.434556 0.221413
v 0.271230 0.436852 0.219708
v 0.273162 0.438674 0.217053
v 0.274401 0.439844 0.213708
v 0.274828 0.440247 0.210000
v 0.274401 0.439844 0.206292
v 0.273162 0.438674 0.202947
v 0.271230 0.436852 0.200292
v 0.268797 0.434556 0.198587
v 0.268782 0.428815 0.198000
v 0.265808 0.426601 0.198587
v 0.263124 0.424603 0.200292
v 0.260995 0.423018 0.202947
v 0.259628 0.422000 0.206292
v 0.259157 0.421649 0.210000
v 0.259628 0.422000 0.213708
v 0.260995 0.423018 0.217053
v 0.263124 0.424603 0.219708
v 0.265808 0.426601 0.221413
v 0.268782 0.428815 0.222000
v 0.271757 0.431030 0.221413
v 0.274440 0.433027 0.219708
v 0.276569 0.434612 0.217053
v 0.277937 0.435630 0.213708
v 0.278408 0.435981 0.210000
v 0.277937 0.435630 0.206292
v 0.276569 0.434612 0.202947
v 0.274440 0.433027 0.200292
v 0.271757 0.431030 0.198587
v 0.271075 0.425329 0.198000
v 0.267864 0.423475 0.198587
v 0.264967 0.421802 0.200292
v 0.262668 0.420475 0.202947
v 0.261191 0.419623 0.206292
v 0.260683 0.419329 0.210000
v 0.261191 0.419623 0.213708
v 0.262668 0.420475 0.217053
v 0.264967 0.421802 0.219708
v 0.267864 0.423475 0.221413
v 0.271075 0.425329 0.222000
v 0.274286 0.427183 0.221413
v 0.277184 0.428856 0.219708
v 0.279483 0.430183 0.217053
v 0.280959 0.431035 0.213708
v 0.281467 0.431329 0.210000
v 0.280959 0.431035 0.206292
v 0.279483 0.430183 0.202947
v 0.277184 0.428856 0.200292
v 0.274286 0.427183 0.198587
v 0.272948 0.421600 0.198000
v 0.269543 0.420131 0.198587
v 0.266471 0.418806 0.200292
v 0.264034 0.417755 0.202947
v 0.262469 0.417080 0.206292
v 0.261929 0.416847 0.210000
v 0.262469 0.417080 0.213708
v 0.264034 0.417755 0.217053
v 0.266471 0.418806 0.219708
v 0.269543 0.420131 0.221413
v 0.272948 0.421600 0.222000
v 0.276353 0.423069 0.221413
v 0.279424 0.424394 0.219708
v 0.281862 0.425445 0.217053
v 0.283427 0.426120 0.213708
v 0.283966 0.426353 0.210000
v 0.283427 0.426120 0.206292
v 0.281862 0.425445 0.202947
v 0.279424 0.424394 0.200292
v 0.276353 0.423069 0.198587
v 0.274375 0.417679 0.198000
v 0.270823 0.416615 0.198587
v 0.267618 0.415656 0.200292
v 0.265075 0.414895 0.202947
v 0.263442 0.414406 0.206292
v 0.262879 0.414237 0.210000
v 0.263442 0.414406 0.213708
v 0.265075 0.414895 0.217053
v 0.267618 0.415656 0.219708
v 0.270823 0.416615 0.221413
v 0.274375 0.417679 0.222000
v 0.277927 0.418742 0.221413
v 0.281132 0.419702 0.219708
v 0.283675 0.420463 0.217053
v 0.285308 0.420952 0.213708
v 0.285871 0.421120 0.210000
v 0.285308 0.420952 0.206292
v 0.283675 0.420463 0.202947
v 0.281132 0.419702 0.200292
v 0.277927 0.418742 0.198587
v 0.275337 0.413619 0.198000
v 0.271685 0.412975 0.198587
v 0.268391 0.412394 0.200292
v 0.265777 0.411933 0.202947
v 0.264098 0.411637 0.206292
v 0.263520 0.411535 0.210000
v 0.264098 0.411637 0.213708
v 0.265777 0.411933 0.217053
v 0.268391 0.412394 0.219708
v 0.271685 0.412975 0.221413
v 0.275337 0.413619 0.222000
v 0.278989 0.414263 0.221413
v 0.282284 0.414843 0.219708
v 0.284898 0.415304 0.217053
v 0.286577 0.415600 0.213708
v 0.287155 0.415702 0.210000
v 0.286577 0.415600 0.206292
v 0.284898 0.415304 0.202947
v 0.282284 0.414843 0.200292
v 0.278989 0.414263 0.198587
v 0.348269 -0.000000 0.198000
v 0.344617 -0.000644 0.198587
v 0.341323 -0.001225 0.200292
v 0.338709 -0.001686 0.202947
v 0.337030 -0.001982 0.206292
v 0.336452 -0.002084 0.210000
v 0.337030 -0.001982 0.213708
v 0.338709 -0.001686 0.217053
v 0.341323 -0.001225 0.219708
v 0.344617 -0.000644 0.221413
v 0.348269 -0.000000 0.222000
v 0.351921 0.000644 0.221413
v 0.355216 0.001225 0.219708
v 0.357830 0.001686 0.217053
v 0.359509 0.001982 0.213708
v 0.360087 0.002084 0.210000
v 0.359509 0.001982 0.206292
v 0.357830 0.001686 0.202947
v 0.355216 0.001225 0.200292
v 0.351921 0.000644 0.198587
v -0.240000 0.443270 -0.222000
v -0.240000 0.439562 -0.221413
v -0.240000 0.436217 -0.219708
v -0.240000 0.433562 -0.217053
v -0.240000 0.431857 -0.213708
v -0.240000 0.431270 -0.210000
v -0.240000 0.431857 -0.206292
v -0.240000 0.433562 -0.202947
v -0.240000 0.436217 -0.200292
v -0.240000 0.439562 -0.198587
v -0.240000 0.443270 -0.198000
v -0.240000 0.446978 -0.198587
v -0.240000 0.450323 -0.200292
v -0.240000 0.452978 -0.202947
v -0.240000 0.454683 -0.206292
v -0.240000 0.455270 -0.210000
v -0.240000 0.454683 -0.213708
v -0.240000 0.452978 -0.217053
v -0.240000 0.450323 -0.219708
v -0.240000 0.446978 -0.221413
v -0.244166 0.443027 -0.222000
v -0.243735 0.439344 -0.221413
v -0.243347 0.436022 -0.219708
v -0.243039 0.433385 -0.217053
v -0.242841 0.431692 -0.213708
v -0.242773 0.431109 -0.210000
v -0.242841 0.431692 -0.206292
v -0.243039 0.433385 -0.202947
v -0.243347 0.436022 -0.200292
v -0.243735 0.439344 -0.198587
v -0.244166 0.443027 -0.198000
v -0.244596 0.446711 -0.198587
v -0.244985 0.450033 -0.200292
v -0.245293 0.452670 -0.202947
v -0.245491 0.454363 -0.206292
v -0.245559 0.454946 -0.210000
v -0.245491 0.454363 -0.213708
v -0.245293 0.452670 -0.217053
v -0.244985 0.450033 -0.219708
v -0.244596 0.446711 -0.221413
v -0.248275 0.442303 -0.222000
v -0.247420 0.438695 -0.221413
v -0.246649 0.435440 -0.219708
v -0.246036 0.432856 -0.217053
v -0.245643 0.431198 -0.213708
v -0.245508 0.430626 -0.210000
v -0.245643 0.431198 -0.206292
v -0.246036 0.432856 -0.202947
v -0.246649 0.435440 -0.200292
v -0.247420 0.438695 -0.198587
v -0.248275 0.442303 -0.198000
v -0.249130 0.445911 -0.198587
v -0.249902 0.449166 -0.200292
v -0.250514 0.451749 -0.202947
v -0.250907 0.453408 -0.206292
v -0.251043 0.453979 -0.210000
v -0.250907 0.453408 -0.213708
v -0.250514 0.451749 -0.217053
v -0.249902 0.449166 -0.219708
v -0.249130 0.445911 -0.221413
v -0.252273 0.441106 -0.222000
v -0.251004 0.437621 -0.221413
v -0.249860 0.434478 -0.219708
v -0.248952 0.431983 -0.217053
v -0.248369 0.430382 -0.213708
v -0.248168 0.429830 -0.210000
v -0.248369 0.430382 -0.206292
v -0.248952 0.431983 -0.202947
v -0.249860 0.434478 -0.200292
v -0.251004 0.437621 -0.198587
v -0.252273 0.441106 -0.198000
v -0.253541 0.444591 -0.198587
v -0.254685 0.447734 -0.200292
v -0.255593 0.450229 -0.202947
v -0.256176 0.451830 -0.206292
v -0.256377 0.452382 -0.210000
v -0.256176 0.451830 -0.213708
v -0.255593 0.450229 -0.217053
v -0.254685 0.447734 -0.219708
v -0.253541 0.444591 -0.221413
v -0.256104 0.439453 -0.222000
v -0.254440 0.436140 -0.221413
v -0.252938 0.433150 -0.219708
v -0.251747 0.430778 -0.217053
v -0.250982 0.429255 -0.213708
v -0.250719 0.428730 -0.210000
v -0.250982 0.429255 -0.206292
v -0.251747 0.430778 -0.202947
v -0.252938 0.433150 -0.200292
v -0.254440 0.436140 -0.198587
v -0.256104 0.439453 -0.198000
v -0.257768 0.442767 -0.198587
v -0.259270 0.445756 -0.200292
v -0.260461 0.448129 -0.202947
v -0.261226 0.449652 -0.206292
v -0.261490 0.450177 -0.210000
v -0.261226 0.449652 -0.213708
v -0.260461 0.448129 -0.217053
v -0.259270 0.445756 -0.219708
v -0.257768 0.442767 -0.221413
v -0.259718 0.437367 -0.222000
v -0.257680 0.434269 -0.221413
v -0.255842 0.431474 -0.219708
v -0.254383 0.429256 -0.217053
v -0.253446 0.427832 -0.213708
v -0.253124 0.427341 -0.210000
v -0.253446 0.427832 -0.206292
v -0.254383 0.429256 -0.202947
v -0.255842 0.431474 -0.200292
v -0.257680 0.434269 -0.198587
v -0.259718 0.437367 -0.198000
v -0.261755 0.440465 -0.198587
v -0.263594 0.443260 -0.200292
v -0.265053 0.445478 -0.202947
v -0.265989 0.446902 -0.206292
v -0.266312 0.447393 -0.210000
v -0.265989 0.446902 -0.213708
v -0.265053 0.445478 -0.217053
v -0.263594 0.443260 -0.219708
v -0.261755 0.440465 -0.221413
v -0.263065 0.434875 -0.222000
v -0.260681 0.432035 -0.221413
v -0.258531 0.429472 -0.219708
v -0.256825 0.427438 -0.217053
v -0.255729 0.426133 -0.213708
v -0.255351 0.425683 -0.210000
v -0.255729 0.426133 -0.206292
v -0.256825 0.427438 -0.202947
v -0.258531 0.429472 -0.200292
v -0.260681 0.432035 -0.198587
v -0.263065 0.434875 -0.198000
v -0.265448 0.437716 -0.198587
v -0.267599 0.440278 -0.200292
v -0.269305 0.442312 -0.202947
v -0.270401 0.443618 -0.206292
v -0.270778 0.444068 -0.210000
v -0.270401 0.443618 -0.213708
v -0.269305 0.442312 -0.217053
v -0.267599 0.440278 -0.219708
v -0.265448 0.437716 -0.221413
v -0.266100 0.432012 -0.222000
v -0.263403 0.429467 -0.221413
v -0.260970 0.427171 -0.219708
v -0.259039 0.425350 -0.217053
v -0.257799 0.424180 -0.213708
v -0.257372 0.423777 -0.210000
v -0.257799 0.424180 -0.206292
v -0.259039 0.425350 -0.202947
v -0.260970 0.427171 -0.200292
v -0.263403 0.429467 -0.198587
v -0.266100 0.432012 -0.198000
v -0.268797 0.434556 -0.198587
v -0.271230 0.436852 -0.200292
v -0.273162 0.438674 -0.202947
v -0.274401 0.439843 -0.206292
v -0.274829 0.440247 -0.210000
v -0.274401 0.439843 -0.213708
v -0.273162 0.438674 -0.217053
v -0.271230 0.436852 -0.219708
v -0.268797 0.434556 -0.221413
v -0.268782 0.428815 -0.222000
v -0.265808 0.426601 -0.221413
v -0.263124 0.424603 -0.219708
v -0.260995 0.423018 -0.217053
v -0.259628 0.422000 -0.213708
v -0.259157 0.421649 -0.210000
v -0.259628 0.422000 -0.206292
v -0.260995 0.423018 -0.202947
v -0.263124 0.424603 -0.200292
v -0.265808 0.426601 -0.198587
v -0.268782 0.428815 -0.198000
v -0.271757 0.431030 -0.198587
v -0.274440 0.433027 -0.200292
v -0.276569 0.434612 -0.202947
v -0.277937 0.435630 -0.206292
v -0.278408 0.435981 -0.210000
v -0.277937 0.435630 -0.213708
v -0.276569 0.434612 -0.217053
v -0.274440 0.433027 -0.219708
v -0.271757 0.431030 -0.221413
v -0.271075 0.425329 -0.222000
v -0.267864 0.423475 -0.221413
v -0.264967 0.421802 -0.219708
v -0.262668 0.420475 -0.217053
v -0.261192 0.419623 -0.213708
v -0.260683 0.419329 -0.210000
v -0.261192 0.419623 -0.206292
v -0.262668 0.420475 -0.202947
v -0.264967 0.421802 -0.200292
v -0.267864 0.423475 -0.198587
v -0.271075 0.425329 -0.198000
v -0.274287 0.427183 -0.198587
v -0.277184 0.428856 -0.200292
v -0.279483 0.430183 -0.202947
v -0.280959 0.431035 -0.206292
v -0.281468 0.431329 -0.210000
v -0.280959 0.431035 -0.213708
v -0.279483 0.430183 -0.217053
v -0.277184 0.428856 -0.219708
v -0.274287 0.427183 -0.221413
v -0.272948 0.421600 -0.222000
v -0.269543 0.420131 -0.221413
v -0.266471 0.418806 -0.219708
v -0.264034 0.417755 -0.217053
v -0.262469 0.417080 -0.213708
v -0.261929 0.416847 -0.210000
v -0.262469 0.417080 -0.206292
v -0.264034 0.417755 -0.202947
v -0.266471 0.418806 -0.200292
v -0.269543 0.420131 -0.198587
v -0.272948 0.421600 -0.198000
v -0.276353 0.423069 -0.198587
v -0.279424 0.424394 -0.200292
v -0.281862 0.425445 -0.202947
v -0.283427 0.426120 -0.206292
v -0.283967 0.426353 -0.210000
v -0.283427 0.426120 -0.213708
v -0.281862 0.425445 -0.217053
v -0.279424 0.424394 -0.219708
v -0.276353 0.423069 -0.221413
v -0.274375 0.417679 -0.222000
v -0.270823 0.416615 -0.221413
v -0.267618 0.415656 -0.219708
v -0.265075 0.414895 -0.217053
v -0.263442 0.414406 -0.213708
v -0.262879 0.414237 -0.210000
v -0.263442 0.414406 -0.206292
v -0.265075 0.414895 -0.202947
v -0.267618 0.415656 -0.200292
v -0.270823 0.416615 -0.198587
v -0.274375 0.417679 -0.198000
v -0.277927 0.418742 -0.198587
v -0.281132 0.419702 -0.200292
v -0.283676 0.420463 -0.202947
v -0.285308 0.420952 -0.206292
v -0.285871 0.421120 -0.210000
v -0.285308 0.420952 -0.213708
v -0.283676 0.420463 -0.217053
v -0.281132 0.419702 -0.219708
v -0.277927 0.418742 -0.221413
v -0.275337 0.413619 -0.222000
v -0.271686 0.412975 -0.221413
v -0.268391 0.412394 -0.219708
v -0.265777 0.411933 -0.217053
v -0.264098 0.411637 -0.213708
v -0.263520 0.411535 -0.210000
v -0.264098 0.411637 -0.206292
v -0.265777 0.411933 -0.202947
v -0.268391 0.412394 -0.200292
v -0.271686 0.412975 -0.198587
v -0.275337 0.413619 -0.198000
v -0.278989 0.414263 -0.198587
v -0.282284 0.414843 -0.200292
v -0.284898 0.415304 -0.202947
v -0.286577 0.415600 -0.206292
v -0.287155 0.415702 -0.210000
v -0.286577 0.415600 -0.213708
v -0.284898 0.415304 -0.217053
v -0.282284 0.414843 -0.219708
v -0.278989 0.414263 -0.221413
v -0.348269 -0.000000 -0.222000
v -0.344617 -0.000644 -0.221413
v -0.341323 -0.001225 -0.219708
v -0.338709 -0.001686 -0.217053
v -0.337030 -0.001982 -0.213708
v -0.336452 -0.002084 -0.210000
v -0.337030 -0.001982 -0.206292
v -0.338709 -0.001686 -0.202947
v -0.341323 -0.001225 -0.200292
v -0.344617 -0.000644 -0.198587
v -0.348269 -0.000000 -0.198000
v -0.351921 0.000644 -0.198587
v -0.355216 0.001225 -0.200292
v -0.357830 0.001686 -0.202947
v -0.359509 0.001982 -0.206292
v -0.360087 0.002084 -0.210000
v -0.359509 0.001982 -0.213708
v -0.357830 0.001686 -0.217053
v -0.355216 0.001225 -0.219708
v -0.351921 0.000644 -0.221413
v 0.240000 0.443270 -0.222000
v 0.240000 0.439562 -0.221413
v 0.240000 0.436217 -0.219708
v 0.240000 0.433562 -0.217053
v 0.240000 0.431857 -0.213708
v 0.240000 0.431270 -0.210000
v 0.240000 0.431857 -0.206292
v 0.240000 0.433562 -0.202947
v 0.240000 0.436217 -0.200292
v 0.240000 0.439562 -0.198587
v 0.240000 0.443270 -0.198000
v 0.240000 0.446978 -0.198587
v 0.240000 0.450323 -0.200292
v 0.240000 0.452978 -0.202947
v 0.240000 0.454683 -0.206292
v 0.240000 0.455270 -0.210000
v 0.240000 0.454683 -0.213708
v 0.240000 0.452978 -0.217053
v 0.240000 0.450323 -0.219708
v 0.240000 0.446978 -0.221413
v 0.244166 0.443027 -0.222000
v 0.243735 0.439344 -0.221413
v 0.243347 0.436022 -0.219708
v 0.243039 0.433385 -0.217053
v 0.242841 0.431692 -0.213708
v 0.242773 0.431109 -0.210000
v 0.242841 0.431692 -0.206292
v 0.243039 0.433385 -0.202947
v 0.243347 0.436022 -0.200292
v 0.243735 0.439344 -0.198587
v 0.244166 0.443027 -0.198000
v 0.244596 0.446711 -0.198587
v 0.244985 0.450033 -0.200292
v 0.245293 0.452670 -0.202947
v 0.245491 0.454363 -0.206292
v 0.245559 0.454946 -0.210000
v 0.245491 0.454363 -0.213708
v 0.245293 0.452670 -0.217053
v 0.244985 0.450033 -0.219708
v 0.244596 0.446711 -0.221413
v 0.248275 0.442303 -0.222000
v 0.247420 0.438695 -0.221413
v 0.246648 0.435440 -0.219708
v 0.246036 0.432856 -0.217053
v 0.245643 0.431198 -0.213708
v 0.245508 0.430626 -0.210000
v 0.245643 0.431198 -0.206292
v 0.246036 0.432856 -0.202947
v 0.246648 0.435440 -0.200292
v 0.247420 0.438695 -0.198587
v 0.248275 0.442303 -0.198000
v 0.249130 0.445911 -0.198587
v 0.249902 0.449166 -0.200292
v 0.250514 0.451749 -0.202947
v 0.250907 0.453408 -0.206292
v 0.251042 0.453979 -0.210000
v 0.250907 0.453408 -0.213708
v 0.250514 0.451749 -0.217053
v 0.249902 0.449166 -0.219708
v 0.249130 0.445911 -0.221413
v 0.252273 0.441106 -0.222000
v 0.251004 0.437622 -0.221413
v 0.249860 0.434478 -0.219708
v 0.248952 0.431983 -0.217053
v 0.248369 0.430382 -0.213708
v 0.248168 0.429830 -0.210000
v 0.248369 0.430382 -0.206292
v 0.248952 0.431983 -0.202947
v 0.249860 0.434478 -0.200292
v 0.251004 0.437622 -0.198587
v 0.252273 0.441106 -0.198000
v 0.253541 0.444591 -0.198587
v 0.254685 0.447734 -0.200292
v 0.255593 0.450229 -0.202947
v 0.256176 0.451831 -0.206292
v 0.256377 0.452382 -0.210000
v 0.256176 0.451831 -0.213708
v 0.255593 0.450229 -0.217053
v 0.254685 0.447734 -0.219708
v 0.253541 0.444591 -0.221413
v 0.256104 0.439453 -0.222000
v 0.254440 0.436140 -0.221413
v 0.252938 0.433150 -0.219708
v 0.251747 0.430778 -0.217053
v 0.250982 0.429255 -0.213708
v 0.250718 0.428730 -0.210000
v 0.250982 0.429255 -0.206292
v 0.251747 0.430778 -0.202947
v 0.252938 0.433150 -0.200292
v 0.254440 0.436140 -0.198587
v 0.256104 0.439453 -0.198000
v 0.257768 0.442767 -0.198587
v 0.259270 0.445757 -0.200292
v 0.260461 0.448129 -0.202947
v 0.261226 0.449652 -0.206292
v 0.261490 0.450177 -0.210000
v 0.261226 0.449652 -0.213708
v 0.260461 0.448129 -0.217053
v 0.259270 0.445757 -0.219708
v 0.257768 0.442767 -0.221413
v 0.259718 0.437367 -0.222000
v 0.257680 0.434269 -0.221413
v 0.255842 0.431474 -0.219708
v 0.254383 0.429256 -0.217053
v 0.253446 0.427832 -0.213708
v 0.253124 0.427341 -0.210000
v 0.253446 0.427832 -0.206292
v 0.254383 0.429256 -0.202947
v 0.255842 0.431474 -0.200292
v 0.257680 0.434269 -0.198587
v 0.259718 0.437367 -0.198000
v 0.261755 0.440465 -0.198587
v 0.263594 0.443260 -0.200292
v 0.265053 0.445478 -0.202947
v 0.265989 0.446902 -0.206292
v 0.266312 0.447393 -0.210000
v 0.265989 0.446902 -0.213708
v 0.265053 0.445478 -0.217053
v 0.263594 0.443260 -0.219708
v 0.261755 0.440465 -0.221413
v 0.263065 0.434875 -0.222000
v 0.260681 0.432035 -0.221413
v 0.258531 0.429472 -0.219708
v 0.256824 0.427438 -0.217053
v 0.255729 0.426133 -0.213708
v 0.255351 0.425683 -0.210000
v 0.255729 0.426133 -0.206292
v 0.256824 0.427438 -0.202947
v 0.258531 0.429472 -0.200292
v 0.260681 0.432035 -0.198587
v 0.263065 0.434875 -0.198000
v 0.265448 0.437716 -0.198587
v 0.267599 0.440278 -0.200292
v 0.269305 0.442312 -0.202947
v 0.270401 0.443618 -0.206292
v 0.270778 0.444068 -0.210000
v 0.270401 0.443618 -0.213708
v 0.269305 0.442312 -0.217053
v 0.267599 0.440278 -0.219708
v 0.265448 0.437716 -0.221413
v 0.266100 0.432012 -0.222000
v 0.263403 0.429467 -0.221413
v 0.260969 0.427171 -0.219708
v 0.259038 0.425350 -0.217053
v 0.257799 0.424180 -0.213708
v 0.257371 0.423777 -0.210000
v 0.257799 0.424180 -0.206292
v 0.259038 0.425350 -0.202947
v 0.260969 0.427171 -0.200292
v 0.263403 0.429467 -0.198587
v 0.266100 0.432012 -0.198000
v 0.268797 0.434556 -0.198587
v 0.271230 0.436852 -0.200292
v 0.273162 0.438674 -0.202947
v 0.274401 0.439844 -0.206292
v 0.274828 0.440247 -0.210000
v 0.274401 0.439844 -0.213708
v 0.273162 0.438674 -0.217053
v 0.271230 0.436852 -0.219708
v 0.268797 0.434556 -0.221413
v 0.268782 0.428815 -0.222000
v 0.265808 0.426601 -0.221413
v 0.263124 0.424603 -0.219708
v 0.260995 0.423018 -0.217053
v 0.259628 0.422000 -0.213708
v 0.259157 0.421649 -0.210000
v 0.259628 0.422000 -0.206292
v 0.260995 0.423018 -0.202947
v 0.263124 0.424603 -0.200292
v 0.265808 0.426601 -0.198587
v 0.268782 0.428815 -0.198000
v 0.271757 0.431030 -0.198587
v 0.274440 0.433027 -0.200292
v 0.276569 0.434612 -0.202947
v 0.277937 0.435630 -0.206292
v 0.278408 0.435981 -0.210000
v 0.277937 0.435630 -0.213708
v 0.276569 0.434612 -0.217053
v 0.274440 0.433027 -0.219708
v 0.271757 0.431030 -0.221413
v 0.271075 0.425329 -0.222000
v 0.267864 0.423475 -0.221413
v 0.264967 0.421802 -0.219708
v 0.262668 0.420475 -0.217053
v 0.261191 0.419623 -0.213708
v 0.260683 0.419329 -0.210000
v 0.261191 0.419623 -0.206292
v 0.262668 0.420475 -0.202947
v 0.264967 0.421802 -0.200292
v 0.267864 0.423475 -0.198587
v 0.271075 0.425329 -0.198000
v 0.274286 0.427183 -0.198587
v 0.277184 0.428856 -0.200292
v 0.279483 0.430183 -0.202947
v 0.280959 0.431035 -0.206292
v 0.281467 0.431329 -0.210000
v 0.280959 0.431035 -0.213708
v 0.279483 0.430183 -0.217053
v 0.277184 0.428856 -0.219708
v 0.274286 0.427183 -0.221413
v 0.272948 0.421600 -0.222000
v 0.269543 0.420131 -0.221413
v 0.266471 0.418806 -0.219708
v 0.264034 0.417755 -0.217053
v 0.262469 0.417080 -0.213708
v 0.261929 0.416847 -0.210000
v 0.262469 0.417080 -0.206292
v 0.264034 0.417755 -0.202947
v 0.266471 0.418806 -0.200292
v 0.269543 0.420131 -0.198587
v 0.272948 0.421600 -0.198000
v 0.276353 0.423069 -0.198587
v 0.279424 0.424394 -0.200292
v 0.281862 0.425445 -0.202947
v 0.283427 0.426120 -0.206292
v 0.283966 0.426353 -0.210000
v 0.283427 0.426120 -0.213708
v 0.281862 0.425445 -0.217053
v 0.279424 0.424394 -0.219708
v 0.276353 0.423069 -0.221413
v 0.274375 0.417679 -0.222000
v 0.270823 0.416615 -0.221413
v 0.267618 0.415656 -0.219708
v 0.265075 0.414895 -0.217053
v 0.263442 0.414406 -0.213708
v 0.262879 0.414237 -0.210000
v 0.263442 0.414406 -0.206292
v 0.265075 0.414895 -0.202947
v 0.267618 0.415656 -0.200292
v 0.270823 0.416615 -0.198587
v 0.274375 0.417679 -0.198000
v 0.277927 0.418742 -0.198587
v 0.281132 0.419702 -0.200292
v 0.283675 0.420463 -0.202947
v 0.285308 0.420952 -0.206292
v 0.285871 0.421120 -0.210000
v 0.285308 0.420952 -0.213708
v 0.283675 0.420463 -0.217053
v 0.281132 0.419702 -0.219708
v 0.277927 0.418742 -0.221413
v 0.275337 0.413619 -0.222000
v 0.271685 0.412975 -0.221413
v 0.268391 0.412394 -0.219708
v 0.265777 0.411933 -0.217053
v 0.264098 0.411637 -0.213708
v 0.263520 0.411535 -0.210000
v 0.264098 0.411637 -0.206292
v 0.265777 0.411933 -0.202947
v 0.268391 0.412394 -0.200292
v 0.271685 0.412975 -0.198587
v 0.275337 0.413619 -0.198000
v 0.278989 0.414263 -0.198587
v 0.282284 0.414843 -0.200292
v 0.284898 0.415304 -0.202947
v 0.286577 0.415600 -0.206292
v 0.287155 0.415702 -0.210000
v 0.286577 0.415600 -0.213708
v 0.284898 0.415304 -0.217053
v 0.282284 0.414843 -0.219708
v 0.278989 0.414263 -0.221413
v 0.348269 -0.000000 -0.222000
v 0.344617 -0.000644 -0.221413
v 0.341323 -0.001225 -0.219708
v 0.338709 -0.001686 -0.217053
v 0.337030 -0.001982 -0.213708
v 0.336452 -0.002084 -0.210000
v 0.337030 -0.001982 -0.206292
v 0.338709 -0.001686 -0.202947
v 0.341323 -0.001225 -0.200292
v 0.344617 -0.000644 -0.198587
v 0.348269 -0.000000 -0.198000
v 0.351921 0.000644 -0.198587
v 0.355216 0.001225 -0.200292
v 0.357830 0.001686 -0.202947
v 0.359509 0.001982 -0.206292
v 0.360087 0.002084 -0.210000
v 0.359509 0.001982 -0.213708
v 0.357830 0.001686 -0.217053
v 0.355216 0.001225 -0.219708
v 0.351921 0.000644 -0.221413
v 0.330610 0.531808 0.060000
v 0.330610 0.531808 -0.060000
v 0.342428 0.529725 0.060000
v 0.342428 0.529725 -0.060000
v 0.346052 0.619382 0.060000
v 0.351199 0.648574 0.030000
v 0.347642 0.628403 0.058532
v 0.349077 0.636541 0.054271
v 0.350216 0.642999 0.047634
v 0.350947 0.647145 0.039271
v 0.351199 0.648574 -0.030000
v 0.346052 0.619382 -0.060000
v 0.350947 0.647145 -0.039270
v 0.350216 0.642999 -0.047634
v 0.349077 0.636541 -0.054270
v 0.347642 0.628403 -0.058532
v 0.363017 0.646490 0.030000
v 0.357869 0.617299 0.060000
v 0.362765 0.645061 0.039271
v 0.362034 0.640915 0.047634
v 0.360895 0.634457 0.054271
v 0.359460 0.626319 0.058532
v 0.357869 0.617299 -0.060000
v 0.363017 0.646490 -0.030000
v 0.359460 0.626319 -0.058532
v 0.360895 0.634457 -0.054270
v 0.362034 0.640915 -0.047634
v 0.362765 0.645061 -0.039270
v 0.326710 0.517945 0.060000
v 0.326710 0.517945 -0.060000
v 0.337880 0.513561 0.060000
v 0.337880 0.513561 -0.060000
v 0.320139 0.505129 0.060000
v 0.320139 0.505129 -0.060000
v 0.330220 0.498619 0.060000
v 0.330220 0.498619 -0.060000
v 0.311160 0.493870 0.060000
v 0.311160 0.493870 -0.060000
v 0.319750 0.485491 0.060000
v 0.319750 0.485491 -0.060000
v 0.300128 0.484613 0.060000
v 0.300128 0.484613 -0.060000
v 0.306888 0.474698 0.060000
v 0.306888 0.474698 -0.060000
v 0.287480 0.477725 0.060000
v 0.287480 0.477725 -0.060000
v 0.292141 0.466667 0.060000
v 0.292141 0.466667 -0.060000
v 0.273718 0.473480 0.060000
v 0.273718 0.473480 -0.060000
v 0.276096 0.461718 0.060000
v 0.276096 0.461718 -0.060000
v 0.259388 0.472046 0.060000
v 0.259388 0.472046 -0.060000
v 0.259388 0.460046 0.060000
v 0.259388 0.460046 -0.060000
v 0.180641 0.465157 -0.060000
v 0.180641 0.465157 0.060000
v 0.180641 0.453157 -0.060000
v 0.180641 0.453157 0.060000
v 0.316886 0.536039 -0.255000
v 0.281433 0.542291 -0.255000
v 0.316886 0.536039 0.255000
v 0.281433 0.542291 0.255000
v 0.405447 1.038290 -0.255000
v 0.369994 1.044541 -0.255000
v 0.405447 1.038290 0.255000
v 0.369994 1.044541 0.255000
v 0.366690 1.060356 -0.110000
v 0.366690 1.060356 0.110000
v 0.320190 0.520225 -0.110000
v 0.320190 0.520225 0.110000
v 0.413960 1.052020 0.110000
v 0.413960 1.052020 -0.110000
v 0.272920 0.528560 0.110000
v 0.272920 0.528560 -0.110000
v 0.300703 0.686129 -0.270000
v 0.338906 0.902787 -0.270000
v 0.347974 0.677794 0.270000
v 0.386177 0.894451 0.270000
v 0.338906 0.902787 0.270000
v 0.300703 0.686129 0.270000
v 0.386177 0.894451 -0.270000
v 0.347974 0.677794 -0.270000
v 0.288886 0.688213 -0.110000
v 0.327088 0.904870 -0.110000
v 0.288886 0.688213 0.110000
v 0.327088 0.904870 0.110000
v 0.397994 0.892368 -0.110000
v 0.359792 0.675710 -0.110000
v 0.397994 0.892368 0.110000
v 0.359792 0.675710 0.110000
v 0.366760 1.060017 0.160069
v 0.367256 1.057647 0.203056
v 0.368477 1.051800 0.235830
v 0.347727 0.952073 -0.269679
v 0.356077 0.994250 -0.267430
v 0.363953 1.026142 -0.261885
v 0.308537 0.530846 -0.261564
v 0.297447 0.529454 -0.264861
v 0.287503 0.534555 -0.261564
v 0.378343 1.049735 0.261564
v 0.389433 1.051127 0.264861
v 0.399377 1.046026 0.261564
v 0.308537 0.530846 0.261564
v 0.297447 0.529454 0.264861
v 0.287503 0.534555 0.261564
v 0.399377 1.046026 -0.261564
v 0.389433 1.051127 -0.264861
v 0.378343 1.049735 -0.261564
v 0.394745 0.943783 0.269679
v 0.401323 0.986272 0.267431
v 0.404830 1.018934 0.261885
v 0.320120 0.520564 0.160069
v 0.319624 0.522934 0.203056
v 0.318403 0.528780 0.235830
v 0.292135 0.636798 0.269679
v 0.285557 0.594309 0.267431
v 0.282050 0.561647 0.261885
v 0.413778 1.051726 -0.160069
v 0.412502 1.049668 -0.203056
v 0.409355 1.044592 -0.235830
v 0.339153 0.628508 -0.269679
v 0.330803 0.586331 -0.267430
v 0.322927 0.554439 -0.261885
v 0.273102 0.528854 -0.160069
v 0.274378 0.530912 -0.203056
v 0.277525 0.535988 -0.235830
v 0.368477 1.051800 -0.235830
v 0.367256 1.057647 -0.203056
v 0.366760 1.060017 -0.160069
v 0.366690 1.060356 -0.055937
v 0.366690 1.060356 0.000000
v 0.366690 1.060356 0.055938
v 0.318403 0.528780 -0.235830
v 0.319624 0.522934 -0.203056
v 0.320120 0.520564 -0.160069
v 0.320190 0.520225 -0.055937
v 0.320190 0.520225 0.000000
v 0.320190 0.520225 0.055938
v 0.409355 1.044592 0.235830
v 0.412502 1.049669 0.203056
v 0.413778 1.051726 0.160069
v 0.413960 1.052020 0.055938
v 0.413960 1.052020 0.000000
v 0.413960 1.052020 -0.055937
v 0.277525 0.535988 0.235830
v 0.274378 0.530912 0.203056
v 0.273102 0.528854 0.160069
v 0.272920 0.528560 0.055938
v 0.272920 0.528560 0.000000
v 0.272920 0.528560 -0.055937
v 0.306550 0.505495 -0.110000
v 0.292648 0.502235 -0.110000
v 0.280699 0.510053 -0.110000
v 0.306550 0.505495 0.110000
v 0.292648 0.502235 0.110000
v 0.280699 0.510053 0.110000
v 0.336010 0.954386 -0.110000
v 0.345062 0.998166 -0.110000
v 0.355028 1.034170 -0.110000
v 0.336010 0.954386 0.110000
v 0.345062 0.998166 0.110000
v 0.355028 1.034170 0.110000
v 0.406181 1.070528 0.110000
v 0.394232 1.078346 0.110000
v 0.380330 1.075086 0.110000
v 0.406181 1.070528 -0.110000
v 0.394232 1.078346 -0.110000
v 0.380330 1.075086 -0.110000
v 0.350870 0.626195 -0.110000
v 0.341818 0.582414 -0.110000
v 0.331852 0.546410 -0.110000
v 0.350870 0.626195 0.110000
v 0.341818 0.582414 0.110000
v 0.331852 0.546410 0.110000
v 0.282050 0.561647 -0.261885
v 0.285557 0.594309 -0.267431
v 0.292135 0.636798 -0.269679
v 0.310091 0.739370 -0.270000
v 0.319805 0.794458 -0.270000
v 0.329518 0.849546 -0.270000
v 0.322927 0.554439 0.261885
v 0.330803 0.586331 0.267431
v 0.339153 0.628508 0.269679
v 0.357362 0.731035 0.270000
v 0.367075 0.786123 0.270000
v 0.376789 0.841210 0.270000
v 0.363953 1.026142 0.261885
v 0.356077 0.994250 0.267431
v 0.347727 0.952073 0.269679
v 0.329518 0.849546 0.270000
v 0.319805 0.794458 0.270000
v 0.310091 0.739370 0.270000
v 0.404830 1.018934 -0.261885
v 0.401323 0.986272 -0.267430
v 0.394745 0.943783 -0.269679
v 0.376789 0.841210 -0.270000
v 0.367075 0.786123 -0.270000
v 0.357362 0.731035 -0.270000
v 0.270917 0.557155 -0.110000
v 0.273866 0.594396 -0.110000
v 0.280334 0.638632 -0.110000
v 0.298273 0.741454 -0.110000
v 0.307987 0.796542 -0.110000
v 0.317700 0.851629 -0.110000
v 0.270917 0.557155 0.110000
v 0.273866 0.594396 0.110000
v 0.280334 0.638632 0.110000
v 0.298273 0.741454 0.110000
v 0.307987 0.796542 0.110000
v 0.317700 0.851629 0.110000
v 0.415963 1.023426 -0.110000
v 0.413014 0.986185 -0.110000
v 0.406546 0.941948 -0.110000
v 0.388607 0.839127 -0.110000
v 0.378893 0.784039 -0.110000
v 0.369180 0.728952 -0.110000
v 0.415963 1.023426 0.110000
v 0.413014 0.986185 0.110000
v 0.406546 0.941948 0.110000
v 0.388607 0.839127 0.110000
v 0.378893 0.784039 0.110000
v 0.369180 0.728952 0.110000
v 0.359792 0.675710 -0.055937
v 0.359792 0.675710 0.000000
v 0.359792 0.675710 0.055938
v 0.397994 0.892368 -0.055937
v 0.397994 0.892368 0.000000
v 0.397994 0.892368 0.055938
v 0.354806 0.676589 -0.242187
v 0.358315 0.675971 -0.205000
v 0.359607 0.675743 -0.160312
v 0.393009 0.893247 -0.242187
v 0.396517 0.892628 -0.205000
v 0.397810 0.892400 -0.160312
v 0.327088 0.904870 -0.055937
v 0.327088 0.904870 0.000000
v 0.327088 0.904870 0.055938
v 0.288886 0.688213 -0.055937
v 0.288886 0.688213 0.000000
v 0.288886 0.688213 0.055938
v 0.332074 0.903991 -0.242187
v 0.328565 0.904610 -0.205000
v 0.327273 0.904838 -0.160312
v 0.293871 0.687334 -0.242187
v 0.290363 0.687953 -0.205000
v 0.289070 0.688181 -0.160312
v 0.375467 0.896340 -0.286875
v 0.362541 0.898619 -0.292500
v 0.349616 0.900898 -0.286875
v 0.337264 0.679683 -0.286875
v 0.324339 0.681962 -0.292500
v 0.311413 0.684241 -0.286875
v 0.327273 0.904838 0.160313
v 0.328565 0.904610 0.205000
v 0.332074 0.903991 0.242188
v 0.289070 0.688181 0.160313
v 0.290363 0.687953 0.205000
v 0.293871 0.687334 0.242188
v 0.337264 0.679683 0.286875
v 0.324339 0.681962 0.292500
v 0.311413 0.684241 0.286875
v 0.375467 0.896340 0.286875
v 0.362541 0.898619 0.292500
v 0.349616 0.900898 0.286875
v 0.359607 0.675743 0.160313
v 0.358315 0.675971 0.205000
v 0.354806 0.676590 0.242188
v 0.397810 0.892400 0.160313
v 0.396517 0.892628 0.205000
v 0.393009 0.893247 0.242188
v 0.406361 0.941973 0.160305
v 0.412825 0.986156 0.160252
v 0.415770 1.023273 0.160138
v 0.405065 0.942148 0.204939
v 0.411507 0.985957 0.204514
v 0.414418 1.022200 0.203602
v 0.401554 0.942651 0.242003
v 0.407974 0.985654 0.240712
v 0.410905 1.019894 0.237831
v 0.358390 0.950254 0.286468
v 0.371257 0.948047 0.292066
v 0.384102 0.945721 0.286468
v 0.366416 0.992920 0.283620
v 0.378869 0.991218 0.289028
v 0.391153 0.988559 0.283620
v 0.373429 1.026315 0.276016
v 0.384983 1.025892 0.280799
v 0.395985 1.022338 0.276016
v 0.380329 1.074673 -0.160130
v 0.394157 1.077919 -0.160191
v 0.406041 1.070139 -0.160130
v 0.380322 1.071782 -0.203542
v 0.393629 1.074927 -0.204028
v 0.405058 1.067420 -0.203542
v 0.380091 1.064101 -0.237647
v 0.392200 1.066823 -0.239236
v 0.402648 1.060124 -0.237647
v 0.280519 0.638608 0.160305
v 0.274055 0.594424 0.160252
v 0.271110 0.557308 0.160138
v 0.281814 0.638433 0.204939
v 0.275373 0.594624 0.204514
v 0.272462 0.558381 0.203602
v 0.285326 0.637929 0.242003
v 0.278906 0.594926 0.240712
v 0.275975 0.560686 0.237831
v 0.280839 0.510442 0.160130
v 0.292723 0.502662 0.160191
v 0.306551 0.505908 0.160130
v 0.281822 0.513161 0.203542
v 0.293251 0.505654 0.204028
v 0.306558 0.508799 0.203542
v 0.284232 0.520457 0.237647
v 0.294680 0.513758 0.239236
v 0.306789 0.516479 0.237647
v 0.302778 0.634860 -0.286468
v 0.315623 0.632533 -0.292066
v 0.328490 0.630326 -0.286468
v 0.295727 0.592022 -0.283620
v 0.308011 0.589363 -0.289028
v 0.320464 0.587660 -0.283620
v 0.290895 0.558243 -0.276016
v 0.301897 0.554689 -0.280799
v 0.313451 0.554266 -0.276016
v 0.284232 0.520457 -0.237647
v 0.294680 0.513758 -0.239236
v 0.306789 0.516479 -0.237647
v 0.281822 0.513161 -0.203542
v 0.293251 0.505654 -0.204028
v 0.306558 0.508799 -0.203542
v 0.280839 0.510442 -0.160130
v 0.292723 0.502662 -0.160191
v 0.306551 0.505908 -0.160130
v 0.280699 0.510053 -0.055937
v 0.292648 0.502235 -0.055937
v 0.306550 0.505495 -0.055937
v 0.280699 0.510053 0.000000
v 0.292648 0.502235 0.000000
v 0.306550 0.505495 0.000000
v 0.280699 0.510053 0.055938
v 0.292648 0.502235 0.055938
v 0.306550 0.505495 0.055938
v 0.285326 0.637929 -0.242003
v 0.278906 0.594926 -0.240712
v 0.275975 0.560686 -0.237831
v 0.281814 0.638433 -0.204939
v 0.275373 0.594624 -0.204514
v 0.272462 0.558381 -0.203602
v 0.280519 0.638608 -0.160305
v 0.274055 0.594424 -0.160252
v 0.271110 0.557308 -0.160138
v 0.280334 0.638632 -0.055937
v 0.273866 0.594396 -0.055937
v 0.270917 0.557155 -0.055937
v 0.280334 0.638632 0.000000
v 0.273866 0.594396 0.000000
v 0.270917 0.557155 0.000000
v 0.280334 0.638632 0.055938
v 0.273866 0.594396 0.055938
v 0.270917 0.557155 0.055938
v 0.380091 1.064101 0.237647
v 0.392200 1.066823 0.239236
v 0.402648 1.060124 0.237647
v 0.380322 1.071782 0.203542
v 0.393629 1.074927 0.204028
v 0.405058 1.067420 0.203542
v 0.380329 1.074673 0.160130
v 0.394157 1.077919 0.160191
v 0.406041 1.070139 0.160130
v 0.380330 1.075086 0.055938
v 0.394232 1.078346 0.055938
v 0.406181 1.070528 0.055938
v 0.380330 1.075086 0.000000
v 0.394232 1.078346 0.000000
v 0.406181 1.070527 0.000000
v 0.380330 1.075086 -0.055937
v 0.394232 1.078346 -0.055937
v 0.406181 1.070528 -0.055937
v 0.401554 0.942651 -0.242003
v 0.407974 0.985654 -0.240712
v 0.410905 1.019894 -0.237831
v 0.405065 0.942148 -0.204939
v 0.411507 0.985957 -0.204514
v 0.414418 1.022200 -0.203602
v 0.406361 0.941973 -0.160305
v 0.412825 0.986156 -0.160252
v 0.415770 1.023273 -0.160138
v 0.406546 0.941948 -0.055937
v 0.413014 0.986185 -0.055937
v 0.415963 1.023426 -0.055937
v 0.406546 0.941948 0.000000
v 0.413014 0.986185 0.000000
v 0.415963 1.023426 0.000000
v 0.406546 0.941948 0.055938
v 0.413014 0.986185 0.055938
v 0.415963 1.023426 0.055938
v 0.331852 0.546410 -0.055937
v 0.341818 0.582414 -0.055937
v 0.350870 0.626195 -0.055937
v 0.331852 0.546410 0.000000
v 0.341818 0.582414 0.000000
v 0.350870 0.626195 0.000000
v 0.331852 0.546410 0.055938
v 0.341818 0.582414 0.055938
v 0.350870 0.626195 0.055938
v 0.369180 0.728952 -0.055937
v 0.378893 0.784039 -0.055937
v 0.388607 0.839127 -0.055937
v 0.369180 0.728951 0.000000
v 0.378893 0.784039 0.000000
v 0.388607 0.839127 0.000000
v 0.369180 0.728952 0.055938
v 0.378893 0.784039 0.055938
v 0.388607 0.839127 0.055938
v 0.328307 0.551459 -0.237831
v 0.337263 0.584637 -0.240712
v 0.345939 0.627242 -0.242003
v 0.330819 0.548091 -0.203602
v 0.340480 0.583144 -0.204514
v 0.349411 0.626514 -0.204939
v 0.331723 0.546621 -0.160138
v 0.341651 0.582505 -0.160252
v 0.350688 0.626235 -0.160305
v 0.364194 0.729831 -0.242187
v 0.373907 0.784918 -0.242187
v 0.383621 0.840006 -0.242187
v 0.367702 0.729212 -0.205000
v 0.377416 0.784299 -0.205000
v 0.387129 0.839387 -0.205000
v 0.368995 0.728984 -0.160312
v 0.378708 0.784072 -0.160312
v 0.388422 0.839159 -0.160312
v 0.355028 1.034170 -0.055937
v 0.345062 0.998166 -0.055937
v 0.336010 0.954386 -0.055937
v 0.355028 1.034170 0.000000
v 0.345062 0.998166 0.000000
v 0.336010 0.954386 0.000000
v 0.355028 1.034170 0.055938
v 0.345062 0.998166 0.055938
v 0.336010 0.954386 0.055938
v 0.317700 0.851629 -0.055937
v 0.307987 0.796542 -0.055937
v 0.298273 0.741454 -0.055937
v 0.317700 0.851629 0.000000
v 0.307987 0.796542 0.000000
v 0.298273 0.741454 0.000000
v 0.317700 0.851629 0.055938
v 0.307987 0.796542 0.055938
v 0.298273 0.741454 0.055938
v 0.358573 1.029122 -0.237831
v 0.349617 0.995944 -0.240712
v 0.340941 0.953339 -0.242003
v 0.356061 1.032490 -0.203602
v 0.346400 0.997437 -0.204514
v 0.337469 0.954067 -0.204939
v 0.355157 1.033960 -0.160138
v 0.345229 0.998075 -0.160252
v 0.336192 0.954346 -0.160305
v 0.322686 0.850750 -0.242187
v 0.312973 0.795663 -0.242187
v 0.303259 0.740575 -0.242187
v 0.319178 0.851369 -0.205000
v 0.309464 0.796281 -0.205000
v 0.299751 0.741194 -0.205000
v 0.317885 0.851597 -0.160312
v 0.308172 0.796509 -0.160312
v 0.298458 0.741422 -0.160312
v 0.373429 1.026315 -0.276016
v 0.384983 1.025892 -0.280799
v 0.395985 1.022338 -0.276016
v 0.366416 0.992920 -0.283620
v 0.378869 0.991218 -0.289028
v 0.391153 0.988559 -0.283620
v 0.358390 0.950254 -0.286468
v 0.371257 0.948047 -0.292066
v 0.384102 0.945721 -0.286468
v 0.340228 0.847657 -0.286875
v 0.353153 0.845378 -0.292500
v 0.366079 0.843099 -0.286875
v 0.330514 0.792569 -0.286875
v 0.343440 0.790290 -0.292500
v 0.356366 0.788011 -0.286875
v 0.320801 0.737482 -0.286875
v 0.333727 0.735203 -0.292500
v 0.346652 0.732924 -0.286875
v 0.355157 1.033960 0.160138
v 0.345229 0.998075 0.160252
v 0.336192 0.954346 0.160305
v 0.356061 1.032490 0.203602
v 0.346400 0.997437 0.204514
v 0.337469 0.954067 0.204939
v 0.358573 1.029122 0.237831
v 0.349617 0.995944 0.240712
v 0.340941 0.953339 0.242003
v 0.317885 0.851597 0.160313
v 0.308172 0.796509 0.160313
v 0.298458 0.741422 0.160313
v 0.319178 0.851369 0.205000
v 0.309464 0.796281 0.205000
v 0.299751 0.741194 0.205000
v 0.322686 0.850750 0.242188
v 0.312973 0.795663 0.242188
v 0.303259 0.740575 0.242188
v 0.290895 0.558243 0.276016
v 0.301897 0.554689 0.280799
v 0.313451 0.554266 0.276016
v 0.295727 0.592022 0.283620
v 0.308011 0.589363 0.289028
v 0.320464 0.587660 0.283620
v 0.302778 0.634860 0.286468
v 0.315623 0.632533 0.292066
v 0.328490 0.630326 0.286468
v 0.320801 0.737482 0.286875
v 0.333727 0.735203 0.292500
v 0.346652 0.732924 0.286875
v 0.330514 0.792569 0.286875
v 0.343440 0.790290 0.292500
v 0.356366 0.788011 0.286875
v 0.340228 0.847657 0.286875
v 0.353153 0.845378 0.292500
v 0.366079 0.843099 0.286875
v 0.331723 0.546621 0.160138
v 0.341651 0.582505 0.160252
v 0.350688 0.626235 0.160305
v 0.330819 0.548091 0.203602
v 0.340480 0.583144 0.204514
v 0.349411 0.626514 0.204939
v 0.328307 0.551459 0.237831
v 0.337263 0.584637 0.240712
v 0.345939 0.627242 0.242003
v 0.368995 0.728984 0.160313
v 0.378708 0.784072 0.160313
v 0.388422 0.839159 0.160313
v 0.367702 0.729212 0.205000
v 0.377416 0.784299 0.205000
v 0.387129 0.839387 0.205000
v 0.364194 0.729831 0.242188
v 0.373907 0.784918 0.242188
v 0.383621 0.840006 0.242188
v 0.255000 0.509270 -0.255000
v 0.255000 0.473270 -0.255000
v 0.255000 0.509270 0.255000
v 0.255000 0.473270 0.255000
v -0.255000 0.509270 -0.255000
v -0.255000 0.473270 -0.255000
v -0.255000 0.509270 0.255000
v -0.255000 0.473270 0.255000
v -0.270000 0.467270 -0.110000
v -0.270000 0.467270 0.110000
v 0.270000 0.515270 -0.110000
v 0.270000 0.515270 0.110000
v -0.270000 0.515270 0.110000
v -0.270000 0.515270 -0.110000
v 0.270000 0.467270 0.110000
v 0.270000 0.467270 -0.110000
v 0.110000 0.467270 -0.270000
v -0.110000 0.467270 -0.270000
v 0.110000 0.515270 0.270000
v -0.110000 0.515270 0.270000
v -0.110000 0.467270 0.270000
v 0.110000 0.467270 0.270000
v -0.110000 0.515270 -0.270000
v 0.110000 0.515270 -0.270000
v 0.110000 0.455270 -0.110000
v -0.110000 0.455270 -0.110000
v 0.110000 0.455270 0.110000
v -0.110000 0.455270 0.110000
v -0.110000 0.527270 -0.110000
v 0.110000 0.527270 -0.110000
v -0.110000 0.527270 0.110000
v 0.110000 0.527270 0.110000
v -0.269679 0.467398 0.160069
v -0.267431 0.468298 0.203056
v -0.261885 0.470516 0.235830
v -0.160070 0.467398 -0.269679
v -0.203056 0.468298 -0.267430
v -0.235831 0.470516 -0.261885
v 0.261564 0.501949 -0.261564
v 0.264861 0.491270 -0.264861
v 0.261564 0.480590 -0.261564
v -0.261564 0.480590 0.261564
v -0.264861 0.491270 0.264861
v -0.261564 0.501949 0.261564
v 0.261564 0.501949 0.261564
v 0.264861 0.491270 0.264861
v 0.261564 0.480590 0.261564
v -0.261564 0.501949 -0.261564
v -0.264861 0.491270 -0.264861
v -0.261564 0.480591 -0.261564
v -0.160070 0.515141 0.269679
v -0.203056 0.514242 0.267431
v -0.235831 0.512024 0.261885
v 0.269679 0.515141 0.160069
v 0.267431 0.514242 0.203056
v 0.261885 0.512024 0.235830
v 0.160069 0.467398 0.269679
v 0.203056 0.468298 0.267431
v 0.235830 0.470516 0.261885
v -0.269679 0.515141 -0.160069
v -0.267431 0.514242 -0.203056
v -0.261885 0.512024 -0.235830
v 0.160069 0.515141 -0.269679
v 0.203056 0.514242 -0.267430
v 0.235830 0.512024 -0.261885
v 0.269679 0.467398 -0.160069
v 0.267431 0.468298 -0.203056
v 0.261885 0.470516 -0.235830
v -0.261885 0.470516 -0.235830
v -0.267431 0.468298 -0.203056
v -0.269679 0.467398 -0.160069
v -0.270000 0.467270 -0.055937
v -0.270000 0.467270 0.000000
v -0.270000 0.467270 0.055938
v 0.261885 0.512024 -0.235830
v 0.267431 0.514242 -0.203056
v 0.269679 0.515141 -0.160069
v 0.270000 0.515270 -0.055937
v 0.270000 0.515270 0.000000
v 0.270000 0.515270 0.055938
v -0.261885 0.512024 0.235830
v -0.267431 0.514242 0.203056
v -0.269679 0.515141 0.160069
v -0.270000 0.515270 0.055938
v -0.270000 0.515270 0.000000
v -0.270000 0.515270 -0.055937
v 0.261885 0.470516 0.235830
v 0.267431 0.468298 0.203056
v 0.269679 0.467398 0.160069
v 0.270000 0.467270 0.055938
v 0.270000 0.467270 0.000000
v 0.270000 0.467270 -0.055937
v 0.286875 0.504395 -0.110000
v 0.292500 0.491270 -0.110000
v 0.286875 0.478145 -0.110000
v 0.286875 0.504395 0.110000
v 0.292500 0.491270 0.110000
v 0.286875 0.478145 0.110000
v -0.160313 0.455457 -0.110000
v -0.205000 0.456770 -0.110000
v -0.242188 0.460332 -0.110000
v -0.160313 0.455457 0.110000
v -0.205000 0.456770 0.110000
v -0.242188 0.460332 0.110000
v -0.286875 0.504395 0.110000
v -0.292500 0.491270 0.110000
v -0.286875 0.478145 0.110000
v -0.286875 0.504395 -0.110000
v -0.292500 0.491270 -0.110000
v -0.286875 0.478145 -0.110000
v 0.160313 0.527082 -0.110000
v 0.205000 0.525770 -0.110000
v 0.242188 0.522207 -0.110000
v 0.160313 0.527082 0.110000
v 0.205000 0.525770 0.110000
v 0.242188 0.522207 0.110000
v 0.235830 0.470516 -0.261885
v 0.203056 0.468298 -0.267431
v 0.160069 0.467398 -0.269679
v 0.055937 0.467270 -0.270000
v -0.000000 0.467270 -0.270000
v -0.055938 0.467270 -0.270000
v 0.235830 0.512024 0.261885
v 0.203056 0.514242 0.267431
v 0.160069 0.515141 0.269679
v 0.055937 0.515270 0.270000
v -0.000000 0.515270 0.270000
v -0.055938 0.515270 0.270000
v -0.235831 0.470516 0.261885
v -0.203056 0.468298 0.267431
v -0.160070 0.467398 0.269679
v -0.055938 0.467270 0.270000
v -0.000000 0.467270 0.270000
v 0.055937 0.467270 0.270000
v -0.235831 0.512024 -0.261885
v -0.203056 0.514242 -0.267430
v -0.160070 0.515141 -0.269679
v -0.055938 0.515270 -0.270000
v -0.000000 0.515270 -0.270000
v 0.055937 0.515270 -0.270000
v 0.242188 0.460332 -0.110000
v 0.205000 0.456770 -0.110000
v 0.160312 0.455457 -0.110000
v 0.055937 0.455270 -0.110000
v -0.000000 0.455270 -0.110000
v -0.055938 0.455270 -0.110000
v 0.242188 0.460332 0.110000
v 0.205000 0.456770 0.110000
v 0.160312 0.455457 0.110000
v 0.055937 0.455270 0.110000
v -0.000000 0.455270 0.110000
v -0.055938 0.455270 0.110000
v -0.242188 0.522207 -0.110000
v -0.205000 0.525770 -0.110000
v -0.160313 0.527082 -0.110000
v -0.055938 0.527270 -0.110000
v -0.000000 0.527270 -0.110000
v 0.055937 0.527270 -0.110000
v -0.242188 0.522207 0.110000
v -0.205000 0.525770 0.110000
v -0.160313 0.527082 0.110000
v -0.055938 0.527270 0.110000
v -0.000000 0.527270 0.110000
v 0.055937 0.527270 0.110000
v 0.110000 0.527270 -0.055937
v 0.110000 0.527270 0.000000
v 0.110000 0.527270 0.055938
v -0.110000 0.527270 -0.055937
v -0.110000 0.527270 0.000000
v -0.110000 0.527270 0.055938
v 0.110000 0.522207 -0.242187
v 0.110000 0.525770 -0.205000
v 0.110000 0.527082 -0.160312
v -0.110000 0.522207 -0.242187
v -0.110000 0.525770 -0.205000
v -0.110000 0.527082 -0.160312
v -0.110000 0.455270 -0.055937
v -0.110000 0.455270 0.000000
v -0.110000 0.455270 0.055938
v 0.110000 0.455270 -0.055937
v 0.110000 0.455270 0.000000
v 0.110000 0.455270 0.055938
v -0.110000 0.460332 -0.242187
v -0.110000 0.456770 -0.205000
v -0.110000 0.455457 -0.160312
v 0.110000 0.460332 -0.242187
v 0.110000 0.456770 -0.205000
v 0.110000 0.455457 -0.160312
v -0.110000 0.504395 -0.286875
v -0.110000 0.491270 -0.292500
v -0.110000 0.478145 -0.286875
v 0.110000 0.504395 -0.286875
v 0.110000 0.491270 -0.292500
v 0.110000 0.478145 -0.286875
v -0.110000 0.455457 0.160313
v -0.110000 0.456770 0.205000
v -0.110000 0.460332 0.242188
v 0.110000 0.455457 0.160313
v 0.110000 0.456770 0.205000
v 0.110000 0.460332 0.242188
v 0.110000 0.504395 0.286875
v 0.110000 0.491270 0.292500
v 0.110000 0.478145 0.286875
v -0.110000 0.504395 0.286875
v -0.110000 0.491270 0.292500
v -0.110000 0.478145 0.286875
v 0.110000 0.527082 0.160313
v 0.110000 0.525770 0.205000
v 0.110000 0.522207 0.242188
v -0.110000 0.527082 0.160313
v -0.110000 0.525770 0.205000
v -0.110000 0.522207 0.242188
v -0.160305 0.526896 0.160305
v -0.204939 0.525589 0.160252
v -0.242003 0.522044 0.160138
v -0.160252 0.525589 0.204939
v -0.204514 0.524325 0.204514
v -0.240712 0.520898 0.203602
v -0.160138 0.522044 0.242003
v -0.203603 0.520898 0.240712
v -0.237831 0.517840 0.237831
v -0.160130 0.478216 0.286468
v -0.160191 0.491270 0.292066
v -0.160130 0.504324 0.286468
v -0.203542 0.478711 0.283620
v -0.204028 0.491270 0.289028
v -0.203542 0.503829 0.283620
v -0.237647 0.479818 0.276016
v -0.239236 0.491270 0.280799
v -0.237647 0.502722 0.276016
v -0.286468 0.478216 -0.160130
v -0.292066 0.491270 -0.160191
v -0.286468 0.504324 -0.160130
v -0.283620 0.478711 -0.203542
v -0.289028 0.491270 -0.204028
v -0.283620 0.503829 -0.203542
v -0.276016 0.479818 -0.237647
v -0.280799 0.491270 -0.239236
v -0.276016 0.502722 -0.237647
v 0.160305 0.455644 0.160305
v 0.204939 0.456951 0.160252
v 0.242003 0.460496 0.160138
v 0.160252 0.456951 0.204939
v 0.204514 0.458214 0.204514
v 0.240712 0.461641 0.203602
v 0.160138 0.460496 0.242003
v 0.203602 0.461641 0.240712
v 0.237831 0.464700 0.237831
v 0.286468 0.478216 0.160130
v 0.292066 0.491270 0.160191
v 0.286468 0.504324 0.160130
v 0.283620 0.478711 0.203542
v 0.289028 0.491270 0.204028
v 0.283620 0.503829 0.203542
v 0.276016 0.479818 0.237647
v 0.280799 0.491270 0.239236
v 0.276016 0.502722 0.237647
v 0.160130 0.478216 -0.286468
v 0.160191 0.491270 -0.292066
v 0.160130 0.504324 -0.286468
v 0.203542 0.478711 -0.283620
v 0.204028 0.491270 -0.289028
v 0.203542 0.503829 -0.283620
v 0.237647 0.479818 -0.276016
v 0.239236 0.491270 -0.280799
v 0.237647 0.502722 -0.276016
v 0.276016 0.479818 -0.237647
v 0.280799 0.491270 -0.239236
v 0.276016 0.502722 -0.237647
v 0.283620 0.478711 -0.203542
v 0.289028 0.491270 -0.204028
v 0.283620 0.503829 -0.203542
v 0.286468 0.478216 -0.160130
v 0.292066 0.491270 -0.160191
v 0.286468 0.504324 -0.160130
v 0.286875 0.478145 -0.055937
v 0.292500 0.491270 -0.055937
v 0.286875 0.504395 -0.055937
v 0.286875 0.478145 0.000000
v 0.292500 0.491270 0.000000
v 0.286875 0.504395 0.000000
v 0.286875 0.478145 0.055938
v 0.292500 0.491270 0.055938
v 0.286875 0.504395 0.055938
v 0.160138 0.460496 -0.242003
v 0.203602 0.461641 -0.240712
v 0.237831 0.464700 -0.237831
v 0.160252 0.456951 -0.204939
v 0.204514 0.458214 -0.204514
v 0.240712 0.461641 -0.203602
v 0.160305 0.455644 -0.160305
v 0.204939 0.456951 -0.160252
v 0.242003 0.460496 -0.160138
v 0.160312 0.455457 -0.055937
v 0.205000 0.456770 -0.055937
v 0.242188 0.460332 -0.055937
v 0.160313 0.455457 0.000000
v 0.205000 0.456770 0.000000
v 0.242188 0.460332 0.000000
v 0.160313 0.455457 0.055938
v 0.205000 0.456770 0.055938
v 0.242188 0.460332 0.055938
v -0.276016 0.479817 0.237647
v -0.280799 0.491270 0.239236
v -0.276016 0.502722 0.237647
v -0.283620 0.478711 0.203542
v -0.289028 0.491270 0.204028
v -0.283620 0.503829 0.203542
v -0.286468 0.478216 0.160130
v -0.292066 0.491270 0.160191
v -0.286468 0.504324 0.160130
v -0.286875 0.478145 0.055938
v -0.292500 0.491270 0.055938
v -0.286875 0.504395 0.055938
v -0.286875 0.478145 0.000000
v -0.292500 0.491270 0.000000
v -0.286875 0.504395 0.000000
v -0.286875 0.478145 -0.055937
v -0.292500 0.491270 -0.055937
v -0.286875 0.504395 -0.055937
v -0.160138 0.522044 -0.242003
v -0.203603 0.520898 -0.240712
v -0.237831 0.517840 -0.237831
v -0.160252 0.525589 -0.204939
v -0.204514 0.524325 -0.204514
v -0.240712 0.520898 -0.203602
v -0.160305 0.526896 -0.160305
v -0.204939 0.525589 -0.160252
v -0.242003 0.522044 -0.160138
v -0.160313 0.527082 -0.055937
v -0.205000 0.525770 -0.055937
v -0.242188 0.522207 -0.055937
v -0.160313 0.527082 0.000000
v -0.205000 0.525770 0.000000
v -0.242188 0.522207 0.000000
v -0.160313 0.527082 0.055938
v -0.205000 0.525770 0.055938
v -0.242188 0.522207 0.055938
v 0.242188 0.522207 -0.055937
v 0.205000 0.525770 -0.055937
v 0.160312 0.527082 -0.055937
v 0.242188 0.522207 0.000000
v 0.205000 0.525770 0.000000
v 0.160313 0.527082 0.000000
v 0.242188 0.522207 0.055938
v 0.205000 0.525770 0.055938
v 0.160312 0.527082 0.055938
v 0.055937 0.527270 -0.055937
v -0.000000 0.527270 -0.055937
v -0.055938 0.527270 -0.055937
v 0.055937 0.527270 0.000000
v -0.000000 0.527270 0.000000
v -0.055938 0.527270 0.000000
v 0.055937 0.527270 0.055938
v -0.000000 0.527270 0.055938
v -0.055938 0.527270 0.055938
v 0.237831 0.517840 -0.237831
v 0.203602 0.520898 -0.240712
v 0.160138 0.522044 -0.242003
v 0.240712 0.520898 -0.203602
v 0.204514 0.524325 -0.204514
v 0.160252 0.525589 -0.204939
v 0.242003 0.522044 -0.160138
v 0.204939 0.525589 -0.160252
v 0.160305 0.526896 -0.160305
v 0.055937 0.522207 -0.242187
v -0.000000 0.522207 -0.242187
v -0.055938 0.522207 -0.242187
v 0.055937 0.525770 -0.205000
v -0.000000 0.525770 -0.205000
v -0.055938 0.525770 -0.205000
v 0.055937 0.527082 -0.160312
v -0.000000 0.527082 -0.160312
v -0.055938 0.527082 -0.160312
v -0.242188 0.460332 -0.055937
v -0.205000 0.456770 -0.055937
v -0.160313 0.455457 -0.055937
v -0.242188 0.460332 0.000000
v -0.205000 0.456770 0.000000
v -0.160313 0.455457 0.000000
v -0.242188 0.460332 0.055938
v -0.205000 0.456770 0.055938
v -0.160313 0.455457 0.055938
v -0.055938 0.455270 -0.055937
v -0.000000 0.455270 -0.055937
v 0.055937 0.455270 -0.055937
v -0.055938 0.455270 0.000000
v -0.000000 0.455270 0.000000
v 0.055937 0.455270 0.000000
v -0.055938 0.455270 0.055938
v -0.000000 0.455270 0.055938
v 0.055937 0.455270 0.055938
v -0.237831 0.464700 -0.237831
v -0.203603 0.461641 -0.240712
v -0.160138 0.460496 -0.242003
v -0.240712 0.461641 -0.203602
v -0.204514 0.458214 -0.204514
v -0.160252 0.456951 -0.204939
v -0.242003 0.460496 -0.160138
v -0.204939 0.456951 -0.160252
v -0.160305 0.455644 -0.160305
v -0.055938 0.460332 -0.242187
v -0.000000 0.460332 -0.242187
v 0.055937 0.460332 -0.242187
v -0.055938 0.456770 -0.205000
v -0.000000 0.456770 -0.205000
v 0.055937 0.456770 -0.205000
v -0.055938 0.455457 -0.160312
v -0.000000 0.455457 -0.160312
v 0.055937 0.455457 -0.160312
v -0.237647 0.479818 -0.276016
v -0.239236 0.491270 -0.280799
v -0.237647 0.502722 -0.276016
v -0.203542 0.478711 -0.283620
v -0.204028 0.491270 -0.289028
v -0.203542 0.503829 -0.283620
v -0.160130 0.478216 -0.286468
v -0.160191 0.491270 -0.292066
v -0.160130 0.504324 -0.286468
v -0.055938 0.478145 -0.286875
v -0.055938 0.491270 -0.292500
v -0.055938 0.504395 -0.286875
v -0.000000 0.478145 -0.286875
v -0.000000 0.491270 -0.292500
v -0.000000 0.504395 -0.286875
v 0.055937 0.478145 -0.286875
v 0.055937 0.491270 -0.292500
v 0.055937 0.504395 -0.286875
v -0.242003 0.460496 0.160138
v -0.204939 0.456951 0.160252
v -0.160305 0.455644 0.160305
v -0.240712 0.461641 0.203602
v -0.204514 0.458214 0.204514
v -0.160252 0.456951 0.204939
v -0.237831 0.464700 0.237831
v -0.203603 0.461641 0.240712
v -0.160138 0.460496 0.242003
v -0.055938 0.455457 0.160313
v -0.000000 0.455457 0.160313
v 0.055937 0.455457 0.160313
v -0.055938 0.456770 0.205000
v -0.000000 0.456770 0.205000
v 0.055937 0.456770 0.205000
v -0.055938 0.460332 0.242188
v -0.000000 0.460332 0.242188
v 0.055937 0.460332 0.242188
v 0.237647 0.479818 0.276016
v 0.239236 0.491270 0.280799
v 0.237647 0.502722 0.276016
v 0.203542 0.478711 0.283620
v 0.204028 0.491270 0.289028
v 0.203542 0.503829 0.283620
v 0.160130 0.478216 0.286468
v 0.160191 0.491270 0.292066
v 0.160130 0.504324 0.286468
v 0.055937 0.478145 0.286875
v 0.055937 0.491270 0.292500
v 0.055937 0.504395 0.286875
v -0.000000 0.478145 0.286875
v -0.000000 0.491270 0.292500
v -0.000000 0.504395 0.286875
v -0.055938 0.478145 0.286875
v -0.055938 0.491270 0.292500
v -0.055938 0.504395 0.286875
v 0.242003 0.522044 0.160138
v 0.204939 0.525589 0.160252
v 0.160305 0.526896 0.160305
v 0.240712 0.520898 0.203602
v 0.204514 0.524325 0.204514
v 0.160252 0.525589 0.204939
v 0.237831 0.517840 0.237831
v 0.203602 0.520898 0.240712
v 0.160138 0.522044 0.242003
v 0.055937 0.527082 0.160313
v -0.000000 0.527082 0.160313
v -0.055938 0.527082 0.160313
v 0.055937 0.525770 0.205000
v -0.000000 0.525770 0.205000
v -0.055938 0.525770 0.205000
v 0.055937 0.522207 0.242188
v -0.000000 0.522207 0.242188
v -0.055938 0.522207 0.242188
vn -0.0172 0.5896 0.8075
vn -0.0235 0.8098 0.5863
vn -0.0941 0.8055 0.5851
vn -0.0687 0.5875 0.8063
vn 0.0172 0.5896 -0.8075
vn 0.0091 0.3116 -0.9502
vn -0.0091 0.3116 -0.9502
vn -0.0172 0.5896 -0.8075
vn 0.0235 0.8098 -0.5863
vn -0.0235 0.8098 -0.5863
vn 0.0276 0.9510 -0.3081
vn -0.0276 0.9510 -0.3081
vn 0.0290 0.9996 -0.0000
vn -0.0290 0.9996 -0.0000
vn 0.0276 0.9510 0.3081
vn -0.0276 0.9510 0.3081
vn 0.0235 0.8098 0.5863
vn 0.0172 0.5896 0.8075
vn 0.0091 0.3116 0.9502
vn -0.0091 0.3116 0.9502
vn 0.0002 0.0029 1.0000
vn -0.0002 0.0029 1.0000
vn -0.0089 -0.3064 0.9519
vn 0.0089 -0.3064 0.9519
vn -0.0170 -0.5858 0.8103
vn 0.0170 -0.5858 0.8103
vn -0.0235 -0.8078 0.5890
vn 0.0235 -0.8078 0.5890
vn -0.0277 -0.9504 0.3098
vn 0.0277 -0.9504 0.3098
vn -0.0292 -0.9996 -0.0000
vn 0.0292 -0.9996 -0.0000
vn -0.0277 -0.9504 -0.3098
vn 0.0277 -0.9504 -0.3098
vn -0.0235 -0.8078 -0.5890
vn 0.0235 -0.8078 -0.5890
vn -0.0170 -0.5858 -0.8103
vn 0.0170 -0.5858 -0.8103
vn -0.0089 -0.3064 -0.9519
vn 0.0089 -0.3064 -0.9519
vn 0.0002 0.0029 -1.0000
vn -0.0002 0.0029 -1.0000
vn -0.0007 0.0058 -1.0000
vn 0.0353 -0.3017 -0.9527
vn 0.0701 -0.2956 -0.9527
vn -0.0013 0.0056 -1.0000
vn 0.0678 -0.5800 -0.8118
vn -0.0941 0.8055 -0.5851
vn -0.1105 0.9452 -0.3073
vn 0.1104 -0.9441 0.3107
vn 0.1161 -0.9932 -0.0000
vn -0.0007 0.0058 1.0000
vn 0.0353 -0.3017 0.9527
vn -0.1105 0.9452 0.3073
vn 0.0937 -0.8015 -0.5906
vn -0.0687 0.5875 -0.8063
vn 0.0937 -0.8015 0.5906
vn -0.0365 0.3121 0.9493
vn -0.1161 0.9932 -0.0000
vn 0.1104 -0.9441 -0.3107
vn -0.0365 0.3121 -0.9493
vn 0.0678 -0.5800 0.8118
vn -0.1364 0.5756 0.8063
vn -0.1870 0.7891 0.5851
vn -0.2774 0.7621 0.5850
vn -0.2023 0.5559 0.8063
vn -0.2195 0.9260 -0.3073
vn -0.2306 0.9730 -0.0000
vn 0.0701 -0.2956 0.9527
vn 0.1347 -0.5682 0.8118
vn 0.1347 -0.5682 -0.8118
vn -0.1870 0.7891 -0.5850
vn -0.0013 0.0056 1.0000
vn 0.1861 -0.7852 -0.5906
vn -0.1364 0.5756 -0.8063
vn -0.0725 0.3058 0.9493
vn 0.2192 -0.9249 -0.3107
vn -0.0725 0.3058 -0.9493
vn 0.2306 -0.9730 -0.0000
vn 0.2192 -0.9249 0.3107
vn -0.2195 0.9260 0.3073
vn 0.1861 -0.7852 0.5906
vn 0.1039 -0.2854 0.9527
vn -0.0020 0.0054 1.0000
vn -0.0026 0.0052 1.0000
vn 0.1363 -0.2715 0.9527
vn 0.3251 -0.8932 0.3107
vn 0.3420 -0.9397 -0.0000
vn -0.3255 0.8942 0.3073
vn 0.2760 -0.7583 0.5906
vn -0.3420 0.9397 -0.0000
vn 0.1997 -0.5488 0.8118
vn 0.1039 -0.2854 -0.9527
vn -0.0020 0.0054 -1.0000
vn -0.3255 0.8942 -0.3073
vn 0.1997 -0.5488 -0.8118
vn -0.2774 0.7621 -0.5850
vn 0.2760 -0.7583 -0.5906
vn -0.2023 0.5559 -0.8063
vn -0.1075 0.2953 0.9493
vn 0.3251 -0.8932 -0.3107
vn -0.1075 0.2953 -0.9493
vn 0.4266 -0.8494 0.3107
vn 0.3622 -0.7212 0.5906
vn 0.4435 -0.6742 0.5906
vn 0.5223 -0.7941 0.3107
vn 0.3622 -0.7212 -0.5906
vn 0.2621 -0.5219 -0.8118
vn -0.2655 0.5286 -0.8063
vn -0.3640 0.7247 -0.5851
vn -0.1410 0.2808 0.9493
vn 0.4266 -0.8494 -0.3107
vn -0.1410 0.2808 -0.9493
vn -0.2655 0.5286 0.8063
vn 0.4488 -0.8936 -0.0000
vn -0.0026 0.0052 -1.0000
vn -0.3640 0.7247 0.5851
vn -0.4271 0.8504 0.3073
vn -0.4488 0.8936 -0.0000
vn 0.2621 -0.5219 0.8118
vn 0.1363 -0.2714 -0.9527
vn -0.4271 0.8504 -0.3073
vn 0.4435 -0.6742 -0.5906
vn 0.5223 -0.7941 -0.3107
vn 0.6110 -0.7281 -0.3107
vn 0.5187 -0.6182 -0.5906
vn -0.5495 0.8355 -0.0000
vn -0.5229 0.7951 0.3073
vn 0.3209 -0.4879 0.8118
vn 0.1669 -0.2538 -0.9527
vn -0.0032 0.0048 -1.0000
vn -0.5229 0.7951 -0.3073
vn 0.1669 -0.2538 0.9527
vn 0.3209 -0.4879 -0.8118
vn -0.4456 0.6776 -0.5851
vn -0.0032 0.0048 1.0000
vn -0.3251 0.4942 -0.8063
vn -0.1727 0.2625 0.9493
vn -0.1727 0.2625 -0.9493
vn -0.3251 0.4942 0.8063
vn 0.5495 -0.8355 -0.0000
vn -0.4456 0.6776 0.5851
vn -0.0037 0.0044 -1.0000
vn 0.1953 -0.2327 -0.9527
vn 0.2209 -0.2085 -0.9527
vn -0.0042 0.0040 -1.0000
vn -0.2020 0.2407 -0.9493
vn -0.3802 0.4532 -0.8063
vn -0.3802 0.4532 0.8063
vn -0.2020 0.2407 0.9493
vn 0.6428 -0.7660 -0.0000
vn -0.5213 0.6213 0.5851
vn 0.6110 -0.7281 0.3107
vn -0.6117 0.7290 0.3073
vn 0.5187 -0.6182 0.5906
vn -0.6428 0.7660 -0.0000
vn 0.3754 -0.4474 0.8118
vn -0.6117 0.7290 -0.3073
vn 0.1953 -0.2327 0.9527
vn 0.3754 -0.4473 -0.8118
vn -0.5213 0.6213 -0.5851
vn -0.0037 0.0044 1.0000
vn -0.2286 0.2156 -0.9493
vn -0.0046 0.0035 -1.0000
vn -0.2521 0.1876 -0.9493
vn -0.6922 0.6530 -0.3073
vn -0.7274 0.6862 -0.0000
vn 0.2209 -0.2085 0.9527
vn 0.4248 -0.4007 0.8118
vn 0.4248 -0.4007 -0.8118
vn -0.5899 0.5565 -0.5850
vn -0.0042 0.0040 1.0000
vn 0.5870 -0.5538 -0.5906
vn -0.4303 0.4059 -0.8063
vn -0.2286 0.2156 0.9493
vn 0.6914 -0.6523 -0.3107
vn -0.4303 0.4059 0.8063
vn 0.7274 -0.6862 -0.0000
vn -0.5899 0.5565 0.5850
vn 0.6914 -0.6523 0.3107
vn -0.6922 0.6530 0.3073
vn 0.5870 -0.5538 0.5906
vn -0.7633 0.5683 -0.3073
vn -0.6505 0.4843 -0.5850
vn -0.7023 0.4055 -0.5850
vn -0.8241 0.4758 -0.3073
vn -0.6505 0.4843 0.5850
vn -0.4745 0.3532 0.8063
vn 0.7624 -0.5676 0.3107
vn 0.8021 -0.5972 -0.0000
vn -0.7633 0.5683 0.3073
vn 0.6473 -0.4819 0.5906
vn -0.8021 0.5972 -0.0000
vn 0.4684 -0.3487 0.8118
vn 0.2437 -0.1814 -0.9527
vn 0.2437 -0.1814 0.9527
vn 0.4684 -0.3487 -0.8118
vn -0.0046 0.0035 1.0000
vn 0.6473 -0.4819 -0.5906
vn -0.4745 0.3532 -0.8063
vn -0.2521 0.1876 0.9493
vn 0.7624 -0.5676 -0.3107
vn -0.7023 0.4055 0.5850
vn -0.8241 0.4758 0.3073
vn -0.8738 0.3769 0.3073
vn -0.7447 0.3212 0.5851
vn -0.0050 0.0029 1.0000
vn 0.2631 -0.1519 0.9527
vn 0.6989 -0.4035 -0.5906
vn 0.5057 -0.2920 -0.8118
vn -0.5123 0.2958 -0.8063
vn -0.2721 0.1571 0.9493
vn 0.8232 -0.4752 -0.3107
vn -0.2721 0.1571 -0.9493
vn -0.5123 0.2958 0.8063
vn 0.8660 -0.5000 -0.0000
vn -0.0050 0.0029 -1.0000
vn 0.8232 -0.4752 0.3107
vn 0.6989 -0.4035 0.5906
vn -0.8660 0.5000 -0.0000
vn 0.5057 -0.2920 0.8118
vn 0.2631 -0.1519 -0.9527
vn -0.0053 0.0023 1.0000
vn -0.2885 0.1245 0.9493
vn -0.3010 0.0901 0.9493
vn -0.0055 0.0017 1.0000
vn 0.7410 -0.3196 0.5906
vn 0.8728 -0.3765 0.3107
vn -0.9182 0.3961 -0.0000
vn 0.5362 -0.2313 0.8118
vn 0.2789 -0.1203 -0.9527
vn -0.0053 0.0023 -1.0000
vn -0.8738 0.3769 -0.3073
vn 0.2789 -0.1203 0.9527
vn 0.5362 -0.2313 -0.8118
vn -0.7447 0.3212 -0.5851
vn 0.7410 -0.3196 -0.5906
vn -0.5432 0.2343 -0.8063
vn 0.8728 -0.3765 -0.3107
vn -0.2885 0.1245 -0.9493
vn -0.5432 0.2343 0.8063
vn 0.9182 -0.3961 -0.0000
vn 0.7731 -0.2314 0.5906
vn 0.5594 -0.1675 0.8118
vn 0.5739 -0.1185 0.8103
vn 0.7914 -0.1634 0.5890
vn 0.9106 -0.2726 -0.3107
vn 0.7731 -0.2314 -0.5906
vn -0.3010 0.0901 -0.9493
vn -0.5667 0.1697 -0.8063
vn -0.5667 0.1697 0.8063
vn 0.9580 -0.2868 -0.0000
vn -0.0055 0.0017 -1.0000
vn -0.7769 0.2326 0.5851
vn 0.9106 -0.2726 0.3107
vn -0.9116 0.2729 0.3073
vn -0.9580 0.2868 -0.0000
vn 0.2910 -0.0871 -0.9527
vn -0.9116 0.2729 -0.3073
vn 0.2910 -0.0871 0.9527
vn 0.5594 -0.1675 -0.8118
vn -0.7769 0.2326 -0.5851
vn 0.9312 -0.1923 -0.3098
vn 0.9793 -0.2023 -0.0000
vn 0.9848 -0.1736 -0.0000
vn 0.9366 -0.1651 -0.3090
vn 0.3002 -0.0619 -0.9519
vn -0.0028 0.0007 -1.0000
vn -0.9317 0.1923 -0.3081
vn -0.9794 0.2021 -0.0000
vn 0.3002 -0.0619 0.9519
vn 0.5739 -0.1185 -0.8103
vn -0.7934 0.1638 -0.5863
vn -0.0028 0.0007 1.0000
vn 0.7914 -0.1634 -0.5890
vn -0.5776 0.1193 -0.8075
vn -0.3053 0.0631 0.9502
vn -0.3053 0.0631 -0.9502
vn -0.5776 0.1193 0.8075
vn -0.7934 0.1638 0.5863
vn 0.9312 -0.1923 0.3098
vn -0.9317 0.1923 0.3081
vn -0.1736 -0.9848 -0.0000
vn -0.0000 -0.0000 -1.0000
vn -0.3043 0.0537 -0.9511
vn -0.7967 0.1405 0.5878
vn -0.5788 0.1021 0.8090
vn 0.9366 -0.1651 0.3090
vn -0.9366 0.1651 0.3090
vn 0.7967 -0.1405 0.5878
vn -0.9848 0.1736 -0.0000
vn 0.5789 -0.1021 0.8090
vn 0.3043 -0.0537 -0.9511
vn -0.9366 0.1651 -0.3090
vn 0.3043 -0.0537 0.9511
vn 0.5789 -0.1021 -0.8090
vn -0.7967 0.1405 -0.5878
vn -0.0000 -0.0000 1.0000
vn 0.7967 -0.1405 -0.5878
vn -0.5788 0.1021 -0.8090
vn -0.3043 0.0537 0.9511
vn 0.0687 0.5876 0.8063
vn 0.0942 0.8055 0.5851
vn 0.0007 0.0057 -1.0000
vn 0.0013 0.0056 -1.0000
vn -0.0701 -0.2956 -0.9527
vn -0.0353 -0.3017 -0.9527
vn -0.0678 -0.5800 -0.8118
vn 0.1105 0.9452 -0.3073
vn 0.0942 0.8055 -0.5851
vn -0.1161 -0.9932 -0.0000
vn -0.1104 -0.9441 0.3107
vn -0.0353 -0.3017 0.9527
vn 0.0007 0.0057 1.0000
vn 0.1105 0.9452 0.3073
vn -0.0937 -0.8015 -0.5906
vn 0.0687 0.5876 -0.8063
vn -0.0937 -0.8015 0.5906
vn 0.0365 0.3121 0.9493
vn 0.1161 0.9932 -0.0000
vn -0.1104 -0.9441 -0.3107
vn 0.0365 0.3121 -0.9493
vn -0.0678 -0.5800 0.8118
vn 0.1364 0.5756 0.8063
vn 0.2023 0.5559 0.8063
vn 0.2774 0.7621 0.5851
vn 0.1870 0.7891 0.5851
vn 0.2306 0.9730 -0.0000
vn 0.2195 0.9260 -0.3073
vn -0.1347 -0.5682 0.8118
vn -0.0701 -0.2956 0.9527
vn -0.1347 -0.5682 -0.8118
vn 0.1870 0.7891 -0.5851
vn 0.0013 0.0056 1.0000
vn -0.1861 -0.7852 -0.5906
vn 0.1364 0.5756 -0.8063
vn 0.0725 0.3058 0.9493
vn -0.2192 -0.9249 -0.3107
vn 0.0725 0.3058 -0.9493
vn -0.2306 -0.9730 -0.0000
vn -0.2192 -0.9249 0.3107
vn 0.2195 0.9260 0.3073
vn -0.1861 -0.7852 0.5906
vn -0.1039 -0.2854 0.9527
vn -0.1363 -0.2715 0.9527
vn 0.0026 0.0052 1.0000
vn 0.0020 0.0054 1.0000
vn -0.3420 -0.9397 -0.0000
vn -0.3251 -0.8932 0.3107
vn 0.3255 0.8942 0.3073
vn -0.2760 -0.7583 0.5906
vn 0.3420 0.9397 -0.0000
vn -0.1997 -0.5488 0.8118
vn 0.0020 0.0054 -1.0000
vn -0.1039 -0.2854 -0.9527
vn 0.3255 0.8942 -0.3073
vn -0.1997 -0.5488 -0.8118
vn 0.2774 0.7621 -0.5851
vn -0.2760 -0.7583 -0.5906
vn 0.2023 0.5559 -0.8063
vn 0.1075 0.2953 0.9493
vn -0.3251 -0.8932 -0.3107
vn 0.1075 0.2953 -0.9493
vn -0.4266 -0.8494 0.3107
vn -0.5223 -0.7941 0.3107
vn -0.4435 -0.6742 0.5905
vn -0.3622 -0.7212 0.5905
vn -0.2621 -0.5219 -0.8118
vn -0.3622 -0.7212 -0.5905
vn 0.3640 0.7247 -0.5851
vn 0.2655 0.5286 -0.8063
vn 0.1410 0.2808 0.9493
vn -0.4266 -0.8494 -0.3107
vn 0.1410 0.2808 -0.9493
vn 0.2655 0.5286 0.8063
vn -0.4488 -0.8936 -0.0000
vn 0.0026 0.0052 -1.0000
vn 0.3640 0.7247 0.5851
vn 0.4271 0.8504 0.3073
vn 0.4488 0.8936 -0.0000
vn -0.2621 -0.5219 0.8118
vn -0.1363 -0.2715 -0.9527
vn 0.4271 0.8504 -0.3073
vn -0.4435 -0.6742 -0.5905
vn -0.5187 -0.6182 -0.5905
vn -0.6110 -0.7281 -0.3107
vn -0.5223 -0.7941 -0.3107
vn 0.5229 0.7951 0.3073
vn 0.5495 0.8355 -0.0000
vn -0.3209 -0.4879 0.8118
vn 0.0032 0.0048 -1.0000
vn -0.1669 -0.2538 -0.9527
vn 0.5229 0.7951 -0.3073
vn -0.1669 -0.2538 0.9527
vn -0.3209 -0.4879 -0.8118
vn 0.4457 0.6776 -0.5850
vn 0.0032 0.0048 1.0000
vn 0.3251 0.4942 -0.8063
vn 0.1727 0.2625 0.9493
vn 0.1727 0.2625 -0.9493
vn 0.3251 0.4942 0.8063
vn -0.5495 -0.8355 -0.0000
vn 0.4456 0.6776 0.5851
vn 0.0037 0.0044 -1.0000
vn 0.0042 0.0040 -1.0000
vn -0.2209 -0.2085 -0.9527
vn -0.1953 -0.2327 -0.9527
vn 0.3802 0.4532 -0.8063
vn 0.2020 0.2407 -0.9493
vn 0.2020 0.2407 0.9493
vn 0.3802 0.4532 0.8063
vn -0.6428 -0.7660 -0.0000
vn 0.5213 0.6213 0.5851
vn -0.6110 -0.7281 0.3107
vn 0.6117 0.7290 0.3073
vn -0.5187 -0.6182 0.5905
vn 0.6428 0.7660 -0.0000
vn -0.3754 -0.4474 0.8118
vn 0.6117 0.7290 -0.3073
vn -0.1953 -0.2327 0.9527
vn -0.3754 -0.4473 -0.8118
vn 0.5213 0.6213 -0.5851
vn 0.0037 0.0044 1.0000
vn 0.2286 0.2156 -0.9493
vn 0.2521 0.1876 -0.9493
vn 0.0046 0.0035 -1.0000
vn 0.7274 0.6862 -0.0000
vn 0.6922 0.6530 -0.3073
vn -0.4248 -0.4007 0.8118
vn -0.2209 -0.2085 0.9527
vn -0.4248 -0.4007 -0.8118
vn 0.5899 0.5565 -0.5851
vn 0.0042 0.0040 1.0000
vn -0.5870 -0.5538 -0.5905
vn 0.4303 0.4059 -0.8063
vn 0.2286 0.2156 0.9493
vn -0.6914 -0.6523 -0.3107
vn 0.4303 0.4059 0.8063
vn -0.7274 -0.6862 -0.0000
vn 0.5899 0.5565 0.5850
vn -0.6914 -0.6523 0.3107
vn 0.6922 0.6530 0.3073
vn -0.5870 -0.5538 0.5905
vn 0.7633 0.5683 -0.3073
vn 0.8241 0.4758 -0.3073
vn 0.7023 0.4055 -0.5850
vn 0.6505 0.4843 -0.5850
vn 0.4745 0.3532 0.8063
vn 0.6505 0.4843 0.5850
vn -0.8021 -0.5972 -0.0000
vn -0.7624 -0.5676 0.3107
vn 0.7633 0.5683 0.3073
vn -0.6473 -0.4819 0.5905
vn 0.8021 0.5972 -0.0000
vn -0.4684 -0.3487 0.8118
vn -0.2437 -0.1814 -0.9527
vn -0.2437 -0.1814 0.9527
vn -0.4684 -0.3487 -0.8118
vn 0.0046 0.0035 1.0000
vn -0.6473 -0.4819 -0.5905
vn 0.4745 0.3532 -0.8063
vn 0.2521 0.1876 0.9493
vn -0.7624 -0.5676 -0.3107
vn 0.7023 0.4055 0.5850
vn 0.7447 0.3212 0.5850
vn 0.8738 0.3769 0.3073
vn 0.8241 0.4758 0.3073
vn -0.2631 -0.1519 0.9527
vn 0.0050 0.0029 1.0000
vn -0.5057 -0.2920 -0.8118
vn -0.6989 -0.4035 -0.5906
vn 0.5123 0.2958 -0.8063
vn 0.2721 0.1571 0.9493
vn -0.8232 -0.4752 -0.3107
vn 0.2721 0.1571 -0.9493
vn 0.5123 0.2958 0.8063
vn -0.8660 -0.5000 -0.0000
vn 0.0050 0.0029 -1.0000
vn -0.8232 -0.4752 0.3107
vn -0.6989 -0.4035 0.5906
vn 0.8660 0.5000 -0.0000
vn -0.5057 -0.2920 0.8118
vn -0.2631 -0.1519 -0.9527
vn 0.0053 0.0023 1.0000
vn 0.0055 0.0017 1.0000
vn 0.3010 0.0901 0.9493
vn 0.2885 0.1245 0.9493
vn -0.8728 -0.3765 0.3107
vn -0.7410 -0.3196 0.5906
vn 0.9182 0.3961 -0.0000
vn -0.5362 -0.2313 0.8118
vn 0.0053 0.0023 -1.0000
vn -0.2789 -0.1203 -0.9527
vn 0.8738 0.3769 -0.3073
vn -0.2789 -0.1203 0.9527
vn -0.5362 -0.2313 -0.8118
vn 0.7447 0.3212 -0.5850
vn -0.7410 -0.3196 -0.5906
vn 0.5432 0.2343 -0.8063
vn -0.8728 -0.3765 -0.3107
vn 0.2885 0.1245 -0.9493
vn 0.5432 0.2343 0.8063
vn -0.9182 -0.3961 -0.0000
vn -0.7731 -0.2314 0.5906
vn -0.7914 -0.1634 0.5890
vn -0.5739 -0.1185 0.8103
vn -0.5594 -0.1675 0.8118
vn -0.7731 -0.2314 -0.5906
vn -0.9106 -0.2726 -0.3107
vn 0.5667 0.1697 -0.8063
vn 0.3010 0.0901 -0.9493
vn 0.5667 0.1697 0.8063
vn -0.9580 -0.2868 -0.0000
vn 0.0055 0.0017 -1.0000
vn 0.7769 0.2326 0.5851
vn -0.9106 -0.2726 0.3107
vn 0.9116 0.2729 0.3073
vn 0.9580 0.2868 -0.0000
vn -0.2910 -0.0871 -0.9527
vn 0.9116 0.2729 -0.3073
vn -0.2910 -0.0871 0.9527
vn -0.5594 -0.1675 -0.8118
vn 0.7769 0.2326 -0.5851
vn -0.9312 -0.1923 -0.3098
vn -0.9366 -0.1651 -0.3090
vn -0.9848 -0.1736 -0.0000
vn -0.9793 -0.2023 -0.0000
vn 0.0028 0.0007 -1.0000
vn -0.3002 -0.0619 -0.9519
vn 0.9794 0.2021 -0.0000
vn 0.9317 0.1923 -0.3081
vn -0.3002 -0.0619 0.9519
vn -0.5739 -0.1185 -0.8103
vn 0.7934 0.1638 -0.5863
vn 0.0028 0.0007 1.0000
vn -0.7914 -0.1634 -0.5890
vn 0.5776 0.1193 -0.8075
vn 0.3053 0.0631 0.9502
vn 0.3053 0.0631 -0.9502
vn 0.5776 0.1193 0.8075
vn 0.7934 0.1638 0.5863
vn -0.9312 -0.1923 0.3098
vn 0.9317 0.1923 0.3081
vn 0.1736 -0.9848 -0.0000
vn 0.3043 0.0537 -0.9511
vn 0.5789 0.1021 0.8090
vn 0.7967 0.1405 0.5878
vn -0.9366 -0.1651 0.3090
vn 0.9366 0.1651 0.3090
vn -0.7967 -0.1405 0.5878
vn 0.9848 0.1736 -0.0000
vn -0.5789 -0.1021 0.8090
vn -0.3043 -0.0537 -0.9511
vn 0.9366 0.1651 -0.3090
vn -0.3043 -0.0537 0.9511
vn -0.5789 -0.1021 -0.8090
vn 0.7967 0.1405 -0.5878
vn -0.7967 -0.1405 -0.5878
vn 0.5789 0.1021 -0.8090
vn 0.3043 0.0537 0.9511
vn -0.1870 0.7891 -0.5851
vn -0.2774 0.7621 -0.5851
vn 0.3622 -0.7212 -0.5905
vn 0.1363 -0.2715 -0.9527
vn 0.4435 -0.6742 -0.5905
vn 0.5187 -0.6182 0.5905
vn 0.3754 -0.4473 0.8118
vn 0.5870 -0.5538 0.5905
vn 0.6473 -0.4819 -0.5905
vn -0.7447 0.3212 0.5850
vn -0.7447 0.3212 -0.5850
vn -0.7769 0.2326 0.5850
vn -0.7769 0.2326 -0.5850
vn 0.0007 0.0058 1.0000
vn -0.3622 -0.7212 0.5906
vn 0.4457 0.6776 0.5851
vn 0.3802 0.4531 -0.8063
vn -0.3754 -0.4473 0.8118
vn 0.7769 0.2326 0.5850
vn 0.7769 0.2326 -0.5850
vn -0.9626 0.2708 -0.0000
vn -0.9309 0.3653 -0.0000
vn 0.1731 0.9818 -0.0775
vn 0.1653 0.9376 -0.3058
vn 0.1410 0.7999 -0.5834
vn 0.1028 0.5832 -0.8058
vn 0.0542 0.3075 -0.9500
vn 0.0138 0.0782 -0.9968
vn 0.1731 0.9818 0.0775
vn 0.1653 0.9376 0.3058
vn 0.1410 0.7999 0.5834
vn 0.1028 0.5832 0.8058
vn 0.0542 0.3075 0.9500
vn 0.0138 0.0782 0.9968
vn 0.9309 -0.3653 -0.0000
vn 0.8400 -0.5425 -0.0000
vn 0.9626 -0.2708 -0.0000
vn 0.7159 -0.6982 -0.0000
vn -0.8400 0.5425 -0.0000
vn -0.7159 0.6982 -0.0000
vn 0.5633 -0.8262 -0.0000
vn 0.3884 -0.9215 -0.0000
vn -0.5633 0.8262 -0.0000
vn -0.3884 0.9215 -0.0000
vn -0.1981 0.9802 -0.0000
vn 0.1981 -0.9802 -0.0000
vn 0.0934 -0.9956 -0.0000
vn 0.0872 -0.9962 -0.0000
vn -0.0934 0.9956 -0.0000
vn -1.0000 -0.0000 -0.0000
vn -0.0872 0.9962 -0.0000
vn 0.9874 -0.1574 0.0164
vn 0.9936 -0.1119 0.0164
vn 0.9918 -0.1113 0.0626
vn 0.9856 -0.1571 0.0623
vn 0.9998 -0.0041 0.0175
vn 0.9978 -0.0028 0.0664
vn 0.9797 -0.1053 0.1705
vn 0.9734 -0.1539 0.1696
vn 0.9855 -0.0012 0.1699
vn 0.9851 -0.1718 0.0019
vn 0.9875 -0.1573 0.0018
vn 0.9850 -0.1718 0.0165
vn 0.9937 -0.1119 0.0018
vn 1.0000 -0.0045 0.0019
vn 0.9727 0.2320 0.0024
vn 0.9722 0.2332 0.0223
vn 0.9687 0.2339 0.0835
vn 0.9519 0.2308 0.2013
vn 0.9123 0.2013 0.3566
vn 0.9187 0.0425 0.3926
vn 0.9140 -0.0763 0.3986
vn 0.9068 -0.1373 0.3985
vn 0.9709 -0.1692 0.1692
vn 0.9041 -0.1569 0.3974
vn 0.9832 -0.1715 0.0624
vn -0.6284 0.1434 0.7646
vn 0.0068 0.0384 0.9992
vn 0.0258 0.1465 0.9889
vn -0.6089 0.2303 0.7590
vn 0.6395 -0.0802 0.7646
vn 0.6510 0.0082 0.7590
vn 0.0661 0.3750 0.9247
vn -0.5591 0.4053 0.7233
vn 0.6640 0.1896 0.7233
vn -0.9033 0.1618 0.3974
vn -0.6348 0.1155 0.7640
vn -0.8991 0.1812 0.3985
vn 0.0008 0.0043 1.0000
vn 0.6360 -0.1085 0.7640
vn 0.6920 0.4506 0.5639
vn 0.1228 0.6964 0.7071
vn -0.4962 0.6601 0.5639
vn -0.8488 0.3541 0.3926
vn -0.7884 0.5012 0.3566
vn -0.8849 0.2409 0.3986
vn -0.5012 0.8647 -0.0321
vn 0.1735 0.9841 -0.0390
vn 0.1717 0.9739 -0.1487
vn -0.4982 0.8586 -0.1211
vn 0.7667 0.6412 -0.0321
vn 0.7618 0.6364 -0.1211
vn 0.1606 0.9106 -0.3808
vn -0.4860 0.8201 -0.3020
vn 0.7372 0.6045 -0.3020
vn -0.8347 0.5507 -0.0024
vn -0.5027 0.8644 -0.0036
vn -0.8338 0.5517 -0.0223
vn 0.1736 0.9848 -0.0043
vn 0.7681 0.6404 -0.0036
vn 0.9727 0.2320 -0.0024
vn 0.9722 0.2332 -0.0223
vn 0.9687 0.2339 -0.0835
vn 0.9519 0.2308 -0.2013
vn 0.9123 0.2013 -0.3566
vn 0.6920 0.4506 -0.5639
vn 0.1228 0.6964 -0.7071
vn -0.4962 0.6601 -0.5639
vn -0.8156 0.5425 -0.2013
vn -0.7884 0.5012 -0.3566
vn -0.8302 0.5511 -0.0835
vn -0.9874 0.1574 0.0164
vn -0.9936 0.1119 0.0164
vn -0.9918 0.1113 0.0626
vn -0.9856 0.1571 0.0623
vn -0.9998 0.0041 0.0175
vn -0.9978 0.0028 0.0664
vn -0.9797 0.1053 0.1705
vn -0.9734 0.1539 0.1696
vn -0.9855 0.0012 0.1699
vn -0.9851 0.1718 0.0019
vn -0.9875 0.1573 0.0018
vn -0.9850 0.1718 0.0165
vn -0.9937 0.1119 0.0018
vn -1.0000 0.0045 0.0019
vn -0.9727 -0.2320 0.0024
vn -0.9722 -0.2332 0.0223
vn -0.9687 -0.2339 0.0835
vn -0.9519 -0.2308 0.2013
vn -0.9123 -0.2013 0.3566
vn -0.9187 -0.0425 0.3926
vn -0.9140 0.0763 0.3986
vn -0.9068 0.1373 0.3985
vn -0.9709 0.1692 0.1692
vn -0.9041 0.1569 0.3974
vn -0.9832 0.1715 0.0624
vn -0.7667 -0.6412 0.0321
vn -0.1735 -0.9841 0.0390
vn -0.1717 -0.9739 0.1487
vn -0.7618 -0.6364 0.1211
vn 0.5012 -0.8647 0.0321
vn 0.4982 -0.8586 0.1211
vn -0.1606 -0.9106 0.3808
vn -0.7372 -0.6045 0.3020
vn 0.4860 -0.8201 0.3020
vn -0.7681 -0.6404 0.0036
vn -0.1736 -0.9848 0.0043
vn 0.5027 -0.8644 0.0036
vn 0.8347 -0.5507 0.0024
vn 0.8338 -0.5517 0.0223
vn 0.8302 -0.5511 0.0835
vn 0.8156 -0.5425 0.2013
vn 0.7884 -0.5012 0.3566
vn 0.4962 -0.6601 0.5639
vn -0.1228 -0.6964 0.7071
vn -0.6920 -0.4506 0.5639
vn -0.6395 0.0802 -0.7646
vn -0.0068 -0.0384 -0.9992
vn -0.0258 -0.1465 -0.9889
vn -0.6510 -0.0082 -0.7590
vn 0.6284 -0.1434 -0.7646
vn 0.6089 -0.2303 -0.7590
vn -0.0661 -0.3750 -0.9247
vn -0.6640 -0.1896 -0.7233
vn 0.5591 -0.4053 -0.7233
vn -0.9041 0.1569 -0.3974
vn -0.6360 0.1085 -0.7640
vn -0.9068 0.1373 -0.3985
vn -0.0008 -0.0043 -1.0000
vn 0.6348 -0.1155 -0.7640
vn 0.9033 -0.1618 -0.3974
vn 0.8991 -0.1812 -0.3985
vn 0.8849 -0.2409 -0.3986
vn 0.8488 -0.3541 -0.3926
vn 0.7884 -0.5012 -0.3566
vn 0.4962 -0.6601 -0.5639
vn -0.1228 -0.6964 -0.7071
vn -0.6920 -0.4506 -0.5639
vn -0.9187 -0.0425 -0.3926
vn -0.9123 -0.2013 -0.3566
vn -0.9140 0.0763 -0.3986
vn -0.7372 -0.6045 -0.3020
vn -0.1606 -0.9106 -0.3808
vn -0.1717 -0.9739 -0.1487
vn -0.7618 -0.6364 -0.1211
vn 0.4860 -0.8201 -0.3020
vn 0.4982 -0.8586 -0.1211
vn -0.1735 -0.9841 -0.0390
vn -0.7667 -0.6412 -0.0321
vn 0.5012 -0.8647 -0.0321
vn -0.9519 -0.2308 -0.2013
vn 0.8156 -0.5425 -0.2013
vn 0.8302 -0.5511 -0.0835
vn 0.8338 -0.5517 -0.0223
vn 0.8347 -0.5507 -0.0024
vn 0.5027 -0.8644 -0.0036
vn -0.1736 -0.9848 -0.0043
vn -0.7681 -0.6404 -0.0036
vn -0.9722 -0.2332 -0.0223
vn -0.9727 -0.2320 -0.0024
vn -0.9687 -0.2339 -0.0835
vn -0.7683 -0.6401 -0.0000
vn 0.5030 -0.8643 -0.0000
vn -0.9728 -0.2318 -0.0000
vn 0.8348 -0.5505 -0.0000
vn -0.9734 0.1539 -0.1696
vn -0.9797 0.1053 -0.1705
vn -0.9918 0.1113 -0.0626
vn -0.9856 0.1571 -0.0623
vn -0.9855 0.0012 -0.1699
vn -0.9978 0.0028 -0.0664
vn -0.9936 0.1119 -0.0164
vn -0.9874 0.1574 -0.0164
vn -0.9998 0.0041 -0.0175
vn -0.9709 0.1692 -0.1692
vn -1.0000 0.0045 -0.0019
vn -0.9937 0.1119 -0.0018
vn -0.9875 0.1573 -0.0018
vn -0.9850 0.1718 -0.0165
vn -0.9851 0.1718 -0.0019
vn -0.9832 0.1715 -0.0624
vn -0.9875 0.1573 -0.0000
vn -0.9937 0.1119 -0.0000
vn -1.0000 0.0046 -0.0000
vn -0.9851 0.1718 -0.0000
vn -0.4860 0.8201 0.3020
vn 0.1606 0.9106 0.3808
vn 0.1717 0.9739 0.1487
vn -0.4982 0.8586 0.1211
vn 0.7372 0.6045 0.3020
vn 0.7618 0.6364 0.1211
vn 0.1735 0.9841 0.0390
vn -0.5012 0.8647 0.0321
vn 0.7667 0.6412 0.0321
vn -0.8156 0.5425 0.2013
vn 0.7681 0.6404 0.0036
vn 0.1736 0.9848 0.0043
vn -0.5027 0.8644 0.0036
vn -0.8338 0.5517 0.0223
vn -0.8347 0.5507 0.0024
vn -0.8302 0.5511 0.0835
vn -0.5030 0.8643 -0.0000
vn 0.1736 0.9848 -0.0000
vn 0.7683 0.6401 -0.0000
vn -0.8348 0.5505 -0.0000
vn 0.9728 0.2318 -0.0000
vn 0.9734 -0.1539 -0.1696
vn 0.9797 -0.1053 -0.1705
vn 0.9918 -0.1113 -0.0626
vn 0.9856 -0.1571 -0.0623
vn 0.9855 -0.0012 -0.1699
vn 0.9978 -0.0028 -0.0664
vn 0.9936 -0.1119 -0.0164
vn 0.9874 -0.1574 -0.0164
vn 0.9998 -0.0041 -0.0175
vn 0.9041 -0.1569 -0.3974
vn 0.9068 -0.1373 -0.3985
vn 0.9709 -0.1692 -0.1692
vn 0.9140 -0.0763 -0.3986
vn 0.9187 0.0425 -0.3926
vn 1.0000 -0.0045 -0.0019
vn 0.9937 -0.1119 -0.0018
vn 0.9875 -0.1573 -0.0018
vn 0.9850 -0.1718 -0.0165
vn 0.9851 -0.1718 -0.0019
vn 0.9832 -0.1715 -0.0624
vn 0.9875 -0.1573 -0.0000
vn 0.9937 -0.1119 -0.0000
vn 1.0000 -0.0046 -0.0000
vn 0.9851 -0.1718 -0.0000
vn 0.9412 -0.3377 -0.0000
vn 0.9721 -0.2348 -0.0000
vn 0.9818 -0.1899 -0.0000
vn 0.9412 -0.3378 -0.0019
vn 0.9721 -0.2347 -0.0018
vn 0.9818 -0.1899 -0.0018
vn 0.9845 -0.1755 -0.0019
vn 0.9845 -0.1755 -0.0000
vn 0.9845 -0.1755 0.0019
vn 0.9818 -0.1899 0.0018
vn 0.9721 -0.2347 0.0018
vn 0.9412 -0.3378 0.0019
vn 0.9848 -0.1736 -0.0019
vn 0.9848 -0.1736 0.0019
vn 0.9264 -0.3359 -0.1699
vn 0.9567 -0.2361 -0.1705
vn 0.9701 -0.2347 -0.0626
vn 0.9386 -0.3386 -0.0664
vn 0.9673 -0.1883 -0.1696
vn 0.9799 -0.1894 -0.0623
vn 0.9719 -0.2346 -0.0164
vn 0.9409 -0.3381 -0.0175
vn 0.9817 -0.1898 -0.0164
vn 0.9703 -0.1730 -0.1692
vn 0.9826 -0.1751 -0.0624
vn 0.9844 -0.1754 -0.0165
vn 0.9706 -0.1711 -0.1692
vn 0.9829 -0.1733 -0.0624
vn 0.9847 -0.1736 -0.0165
vn 0.9038 -0.1594 -0.3972
vn -0.9412 0.3377 -0.0000
vn -0.9721 0.2348 -0.0000
vn -0.9818 0.1899 -0.0000
vn -0.9412 0.3378 -0.0019
vn -0.9721 0.2347 -0.0018
vn -0.9818 0.1899 -0.0018
vn -0.9845 0.1755 -0.0019
vn -0.9845 0.1755 -0.0000
vn -0.9845 0.1755 0.0019
vn -0.9818 0.1899 0.0018
vn -0.9721 0.2347 0.0018
vn -0.9412 0.3378 0.0019
vn -0.9848 0.1736 -0.0019
vn -0.9848 0.1736 0.0019
vn -0.9264 0.3359 -0.1699
vn -0.9567 0.2361 -0.1705
vn -0.9701 0.2347 -0.0626
vn -0.9386 0.3386 -0.0664
vn -0.9673 0.1883 -0.1696
vn -0.9799 0.1894 -0.0623
vn -0.9719 0.2346 -0.0164
vn -0.9409 0.3381 -0.0175
vn -0.9817 0.1898 -0.0164
vn -0.8488 0.3541 -0.3926
vn -0.8849 0.2409 -0.3986
vn -0.8991 0.1812 -0.3985
vn -0.9033 0.1618 -0.3974
vn -0.9703 0.1730 -0.1692
vn -0.9826 0.1751 -0.0624
vn -0.9844 0.1754 -0.0165
vn -0.9706 0.1711 -0.1692
vn -0.9829 0.1733 -0.0624
vn -0.9847 0.1736 -0.0165
vn -0.9038 0.1594 -0.3972
vn -0.5591 0.4053 -0.7233
vn 0.0661 0.3750 -0.9247
vn 0.0258 0.1465 -0.9889
vn -0.6089 0.2303 -0.7590
vn 0.6640 0.1896 -0.7233
vn 0.6510 0.0082 -0.7590
vn 0.0068 0.0384 -0.9992
vn -0.6284 0.1434 -0.7646
vn 0.6395 -0.0802 -0.7646
vn 0.6360 -0.1085 -0.7640
vn 0.0008 0.0043 -1.0000
vn -0.6348 0.1155 -0.7640
vn -0.6356 0.1121 -0.7638
vn 0.6356 -0.1121 -0.7638
vn -0.9409 0.3381 0.0175
vn -0.9719 0.2346 0.0164
vn -0.9701 0.2347 0.0626
vn -0.9386 0.3386 0.0664
vn -0.9817 0.1898 0.0164
vn -0.9799 0.1894 0.0623
vn -0.9567 0.2361 0.1705
vn -0.9264 0.3359 0.1699
vn -0.9673 0.1883 0.1696
vn -0.9844 0.1754 0.0165
vn -0.9826 0.1751 0.0624
vn -0.9703 0.1730 0.1692
vn -0.9847 0.1736 0.0165
vn -0.9829 0.1733 0.0624
vn -0.9706 0.1711 0.1692
vn -0.9038 0.1594 0.3972
vn -0.6640 -0.1896 0.7233
vn -0.0661 -0.3750 0.9247
vn -0.0258 -0.1465 0.9889
vn -0.6510 -0.0082 0.7590
vn 0.5591 -0.4053 0.7233
vn 0.6089 -0.2303 0.7590
vn -0.0068 -0.0384 0.9992
vn -0.6395 0.0802 0.7646
vn 0.6284 -0.1434 0.7646
vn 0.8488 -0.3541 0.3926
vn 0.8849 -0.2409 0.3986
vn 0.8991 -0.1812 0.3985
vn 0.9033 -0.1618 0.3974
vn 0.6348 -0.1155 0.7640
vn -0.0008 -0.0043 1.0000
vn -0.6360 0.1085 0.7640
vn -0.6356 0.1121 0.7638
vn 0.6356 -0.1121 0.7638
vn 0.9038 -0.1594 0.3972
vn 0.9409 -0.3381 0.0175
vn 0.9719 -0.2346 0.0164
vn 0.9701 -0.2347 0.0626
vn 0.9386 -0.3386 0.0664
vn 0.9817 -0.1898 0.0164
vn 0.9799 -0.1894 0.0623
vn 0.9567 -0.2361 0.1705
vn 0.9264 -0.3359 0.1699
vn 0.9673 -0.1883 0.1696
vn 0.9844 -0.1754 0.0165
vn 0.9826 -0.1751 0.0624
vn 0.9703 -0.1730 0.1692
vn 0.9847 -0.1736 0.0165
vn 0.9829 -0.1733 0.0624
vn 0.9706 -0.1711 0.1692
vn -0.0164 0.9997 0.0164
vn -0.0623 0.9979 0.0164
vn -0.0626 0.9961 0.0626
vn -0.0164 0.9979 0.0623
vn -0.1696 0.9854 0.0175
vn -0.1705 0.9831 0.0664
vn -0.0664 0.9831 0.1705
vn -0.0175 0.9854 0.1696
vn -0.1699 0.9707 0.1699
vn -0.0019 1.0000 0.0019
vn -0.0165 0.9999 0.0018
vn -0.0018 0.9999 0.0165
vn -0.0624 0.9981 0.0018
vn -0.1692 0.9856 0.0019
vn -0.3974 0.9176 0.0024
vn -0.3985 0.9169 0.0223
vn -0.3986 0.9133 0.0835
vn -0.3926 0.8974 0.2013
vn -0.3566 0.8635 0.3566
vn -0.2013 0.8974 0.3926
vn -0.0835 0.9133 0.3986
vn -0.0223 0.9169 0.3985
vn -0.0019 0.9856 0.1692
vn -0.0024 0.9176 0.3974
vn -0.0018 0.9981 0.0624
vn -0.0321 -0.6437 0.7646
vn -0.0390 -0.0000 0.9992
vn -0.1487 -0.0000 0.9889
vn -0.1211 -0.6397 0.7590
vn -0.0321 0.6437 0.7646
vn -0.1211 0.6397 0.7590
vn -0.3808 -0.0000 0.9247
vn -0.3020 -0.6210 0.7233
vn -0.3020 0.6210 0.7233
vn -0.0024 -0.9176 0.3974
vn -0.0036 -0.6452 0.7640
vn -0.0223 -0.9169 0.3985
vn -0.0043 -0.0000 1.0000
vn -0.0036 0.6452 0.7640
vn -0.5639 0.6033 0.5639
vn -0.7071 -0.0000 0.7071
vn -0.5639 -0.6033 0.5639
vn -0.2013 -0.8974 0.3926
vn -0.3566 -0.8635 0.3566
vn -0.0835 -0.9133 0.3986
vn -0.7646 -0.6438 -0.0321
vn -0.9992 -0.0000 -0.0390
vn -0.9889 -0.0000 -0.1487
vn -0.7590 -0.6397 -0.1211
vn -0.7646 0.6437 -0.0321
vn -0.7590 0.6397 -0.1211
vn -0.9247 -0.0000 -0.3808
vn -0.7233 -0.6210 -0.3020
vn -0.7233 0.6210 -0.3020
vn -0.3974 -0.9176 -0.0024
vn -0.7640 -0.6452 -0.0036
vn -0.3985 -0.9169 -0.0223
vn -1.0000 -0.0000 -0.0043
vn -0.7640 0.6452 -0.0036
vn -0.3974 0.9176 -0.0024
vn -0.3985 0.9169 -0.0223
vn -0.3986 0.9133 -0.0835
vn -0.3926 0.8974 -0.2013
vn -0.3566 0.8635 -0.3566
vn -0.5639 0.6033 -0.5639
vn -0.7071 -0.0000 -0.7071
vn -0.5639 -0.6033 -0.5639
vn -0.3926 -0.8974 -0.2013
vn -0.3566 -0.8635 -0.3566
vn -0.3986 -0.9133 -0.0835
vn 0.0164 -0.9997 0.0164
vn 0.0623 -0.9979 0.0164
vn 0.0626 -0.9961 0.0626
vn 0.0164 -0.9979 0.0623
vn 0.1696 -0.9854 0.0175
vn 0.1705 -0.9831 0.0664
vn 0.0664 -0.9831 0.1705
vn 0.0175 -0.9854 0.1696
vn 0.1699 -0.9707 0.1699
vn 0.0019 -1.0000 0.0019
vn 0.0165 -0.9999 0.0018
vn 0.0018 -0.9999 0.0165
vn 0.0624 -0.9981 0.0018
vn 0.1692 -0.9856 0.0019
vn 0.3974 -0.9176 0.0024
vn 0.3985 -0.9169 0.0223
vn 0.3986 -0.9133 0.0835
vn 0.3926 -0.8974 0.2013
vn 0.3566 -0.8635 0.3566
vn 0.2013 -0.8974 0.3926
vn 0.0835 -0.9133 0.3986
vn 0.0223 -0.9169 0.3985
vn 0.0019 -0.9856 0.1692
vn 0.0024 -0.9176 0.3974
vn 0.0018 -0.9981 0.0624
vn 0.7646 -0.6438 0.0321
vn 0.9992 -0.0000 0.0390
vn 0.9889 -0.0000 0.1487
vn 0.7590 -0.6397 0.1211
vn 0.7646 0.6437 0.0321
vn 0.7590 0.6397 0.1211
vn 0.9247 -0.0000 0.3808
vn 0.7233 -0.6210 0.3020
vn 0.7233 0.6210 0.3020
vn 0.7640 -0.6452 0.0036
vn 1.0000 -0.0000 0.0043
vn 0.7640 0.6452 0.0036
vn 0.3974 0.9176 0.0024
vn 0.3985 0.9169 0.0223
vn 0.3986 0.9133 0.0835
vn 0.3926 0.8974 0.2013
vn 0.3566 0.8635 0.3566
vn 0.5639 0.6033 0.5639
vn 0.7071 -0.0000 0.7071
vn 0.5639 -0.6033 0.5639
vn 0.0321 -0.6437 -0.7646
vn 0.0390 -0.0000 -0.9992
vn 0.1487 -0.0000 -0.9889
vn 0.1211 -0.6397 -0.7590
vn 0.0321 0.6437 -0.7646
vn 0.1211 0.6397 -0.7590
vn 0.3808 -0.0000 -0.9247
vn 0.3020 -0.6210 -0.7233
vn 0.3020 0.6210 -0.7233
vn 0.0024 -0.9176 -0.3974
vn 0.0036 -0.6452 -0.7640
vn 0.0223 -0.9169 -0.3985
vn 0.0043 -0.0000 -1.0000
vn 0.0036 0.6452 -0.7640
vn 0.0024 0.9176 -0.3974
vn 0.0223 0.9169 -0.3985
vn 0.0835 0.9133 -0.3986
vn 0.2013 0.8974 -0.3926
vn 0.3566 0.8635 -0.3566
vn 0.5639 0.6033 -0.5639
vn 0.7071 -0.0000 -0.7071
vn 0.5639 -0.6033 -0.5639
vn 0.2013 -0.8974 -0.3926
vn 0.3566 -0.8635 -0.3566
vn 0.0835 -0.9133 -0.3986
vn 0.7233 -0.6210 -0.3020
vn 0.9247 -0.0000 -0.3808
vn 0.9889 -0.0000 -0.1487
vn 0.7590 -0.6397 -0.1211
vn 0.7233 0.6210 -0.3020
vn 0.7590 0.6397 -0.1211
vn 0.9992 -0.0000 -0.0390
vn 0.7646 -0.6437 -0.0321
vn 0.7646 0.6437 -0.0321
vn 0.3926 -0.8974 -0.2013
vn 0.3926 0.8974 -0.2013
vn 0.3986 0.9133 -0.0835
vn 0.3985 0.9169 -0.0223
vn 0.3974 0.9176 -0.0024
vn 0.7640 0.6452 -0.0036
vn 1.0000 -0.0000 -0.0043
vn 0.7640 -0.6452 -0.0036
vn 0.3985 -0.9169 -0.0223
vn 0.3974 -0.9176 -0.0024
vn 0.3986 -0.9133 -0.0835
vn 0.7638 -0.6455 -0.0000
vn 1.0000 -0.0000 -0.0000
vn 0.7638 0.6455 -0.0000
vn 0.3972 -0.9177 -0.0000
vn 0.3972 0.9177 -0.0000
vn 0.0175 -0.9854 -0.1696
vn 0.0664 -0.9831 -0.1705
vn 0.0626 -0.9961 -0.0626
vn 0.0164 -0.9979 -0.0623
vn 0.1699 -0.9707 -0.1699
vn 0.1705 -0.9831 -0.0664
vn 0.0623 -0.9979 -0.0164
vn 0.0164 -0.9997 -0.0164
vn 0.1696 -0.9854 -0.0175
vn 0.0019 -0.9856 -0.1692
vn 0.1692 -0.9856 -0.0019
vn 0.0624 -0.9981 -0.0018
vn 0.0165 -0.9999 -0.0018
vn 0.0018 -0.9999 -0.0165
vn 0.0019 -1.0000 -0.0019
vn 0.0018 -0.9981 -0.0624
vn 0.0165 -0.9999 -0.0000
vn 0.0624 -0.9981 -0.0000
vn 0.1692 -0.9856 -0.0000
vn 0.0019 -1.0000 -0.0000
vn -0.7233 -0.6210 0.3020
vn -0.9247 -0.0000 0.3808
vn -0.9889 -0.0000 0.1487
vn -0.7590 -0.6397 0.1211
vn -0.7233 0.6210 0.3020
vn -0.7590 0.6397 0.1211
vn -0.9992 -0.0000 0.0390
vn -0.7646 -0.6438 0.0321
vn -0.7646 0.6437 0.0321
vn -0.3926 -0.8974 0.2013
vn -0.7640 0.6452 0.0036
vn -1.0000 -0.0000 0.0043
vn -0.7640 -0.6452 0.0036
vn -0.3985 -0.9169 0.0223
vn -0.3974 -0.9176 0.0024
vn -0.3986 -0.9133 0.0835
vn -0.7638 -0.6455 -0.0000
vn -0.7638 0.6455 -0.0000
vn -0.3972 -0.9177 -0.0000
vn -0.3972 0.9177 -0.0000
vn -0.0175 0.9854 -0.1696
vn -0.0664 0.9831 -0.1705
vn -0.0626 0.9961 -0.0626
vn -0.0164 0.9979 -0.0623
vn -0.1699 0.9707 -0.1699
vn -0.1705 0.9831 -0.0664
vn -0.0623 0.9979 -0.0164
vn -0.0164 0.9997 -0.0164
vn -0.1696 0.9854 -0.0175
vn -0.0024 0.9176 -0.3974
vn -0.0223 0.9169 -0.3985
vn -0.0019 0.9856 -0.1692
vn -0.0835 0.9133 -0.3986
vn -0.2013 0.8974 -0.3926
vn -0.1692 0.9856 -0.0019
vn -0.0624 0.9981 -0.0018
vn -0.0165 0.9999 -0.0018
vn -0.0018 0.9999 -0.0165
vn -0.0019 1.0000 -0.0019
vn -0.0018 0.9981 -0.0624
vn -0.0165 0.9999 -0.0000
vn -0.0624 0.9981 -0.0000
vn -0.1692 0.9856 -0.0000
vn -0.0019 1.0000 -0.0000
vn 0.1692 0.9856 -0.0000
vn 0.0624 0.9981 -0.0000
vn 0.0165 0.9999 -0.0000
vn 0.1692 0.9856 -0.0019
vn 0.0624 0.9981 -0.0018
vn 0.0165 0.9999 -0.0018
vn 0.0019 1.0000 -0.0019
vn 0.0019 1.0000 -0.0000
vn 0.0019 1.0000 0.0019
vn 0.0165 0.9999 0.0018
vn 0.0624 0.9981 0.0018
vn 0.1692 0.9856 0.0019
vn -0.0000 1.0000 -0.0000
vn -0.0000 1.0000 -0.0019
vn -0.0000 1.0000 0.0019
vn 0.1699 0.9707 -0.1699
vn 0.0664 0.9831 -0.1705
vn 0.0626 0.9961 -0.0626
vn 0.1705 0.9831 -0.0664
vn 0.0175 0.9854 -0.1696
vn 0.0164 0.9979 -0.0623
vn 0.0623 0.9979 -0.0164
vn 0.1696 0.9854 -0.0175
vn 0.0164 0.9997 -0.0164
vn 0.0019 0.9856 -0.1692
vn 0.0018 0.9981 -0.0624
vn 0.0018 0.9999 -0.0165
vn -0.0000 0.9856 -0.1692
vn -0.0000 0.9981 -0.0624
vn -0.0000 0.9999 -0.0165
vn -0.0000 0.9177 -0.3972
vn -0.1692 -0.9856 -0.0000
vn -0.0624 -0.9981 -0.0000
vn -0.0165 -0.9999 -0.0000
vn -0.1692 -0.9856 -0.0019
vn -0.0624 -0.9981 -0.0018
vn -0.0165 -0.9999 -0.0018
vn -0.0019 -1.0000 -0.0019
vn -0.0019 -1.0000 -0.0000
vn -0.0019 -1.0000 0.0019
vn -0.0165 -0.9999 0.0018
vn -0.0624 -0.9981 0.0018
vn -0.1692 -0.9856 0.0019
vn -0.0000 -1.0000 -0.0000
vn -0.0000 -1.0000 -0.0019
vn -0.0000 -1.0000 0.0019
vn -0.1699 -0.9707 -0.1699
vn -0.0664 -0.9831 -0.1705
vn -0.0626 -0.9961 -0.0626
vn -0.1705 -0.9831 -0.0664
vn -0.0175 -0.9854 -0.1696
vn -0.0164 -0.9979 -0.0623
vn -0.0623 -0.9979 -0.0164
vn -0.1696 -0.9854 -0.0175
vn -0.0164 -0.9997 -0.0164
vn -0.2013 -0.8974 -0.3926
vn -0.0835 -0.9133 -0.3986
vn -0.0223 -0.9169 -0.3985
vn -0.0024 -0.9176 -0.3974
vn -0.0019 -0.9856 -0.1692
vn -0.0018 -0.9981 -0.0624
vn -0.0018 -0.9999 -0.0165
vn -0.0000 -0.9856 -0.1692
vn -0.0000 -0.9981 -0.0624
vn -0.0000 -0.9999 -0.0165
vn -0.0000 -0.9177 -0.3972
vn -0.3020 -0.6210 -0.7233
vn -0.3808 -0.0000 -0.9247
vn -0.1487 -0.0000 -0.9889
vn -0.1211 -0.6397 -0.7590
vn -0.3020 0.6210 -0.7233
vn -0.1211 0.6397 -0.7590
vn -0.0390 -0.0000 -0.9992
vn -0.0321 -0.6437 -0.7646
vn -0.0321 0.6437 -0.7646
vn -0.0036 0.6452 -0.7640
vn -0.0043 -0.0000 -1.0000
vn -0.0036 -0.6452 -0.7640
vn -0.0000 -0.6455 -0.7638
vn -0.0000 0.6455 -0.7638
vn -0.1696 -0.9854 0.0175
vn -0.0623 -0.9979 0.0164
vn -0.0626 -0.9961 0.0626
vn -0.1705 -0.9831 0.0664
vn -0.0164 -0.9997 0.0164
vn -0.0164 -0.9979 0.0623
vn -0.0664 -0.9831 0.1705
vn -0.1699 -0.9707 0.1699
vn -0.0175 -0.9854 0.1696
vn -0.0018 -0.9999 0.0165
vn -0.0018 -0.9981 0.0624
vn -0.0019 -0.9856 0.1692
vn -0.0000 -0.9999 0.0165
vn -0.0000 -0.9981 0.0624
vn -0.0000 -0.9856 0.1692
vn -0.0000 -0.9177 0.3972
vn 0.3020 -0.6210 0.7233
vn 0.3808 -0.0000 0.9247
vn 0.1487 -0.0000 0.9889
vn 0.1211 -0.6397 0.7590
vn 0.3020 0.6210 0.7233
vn 0.1211 0.6397 0.7590
vn 0.0390 -0.0000 0.9992
vn 0.0321 -0.6438 0.7646
vn 0.0321 0.6437 0.7646
vn 0.2013 0.8974 0.3926
vn 0.0835 0.9133 0.3986
vn 0.0223 0.9169 0.3985
vn 0.0024 0.9176 0.3974
vn 0.0036 0.6452 0.7640
vn 0.0043 -0.0000 1.0000
vn 0.0036 -0.6452 0.7640
vn -0.0000 -0.6455 0.7638
vn -0.0000 0.6455 0.7638
vn -0.0000 0.9177 0.3972
vn 0.1696 0.9854 0.0175
vn 0.0623 0.9979 0.0164
vn 0.0626 0.9961 0.0626
vn 0.1705 0.9831 0.0664
vn 0.0164 0.9997 0.0164
vn 0.0164 0.9979 0.0623
vn 0.0664 0.9831 0.1705
vn 0.1699 0.9707 0.1699
vn 0.0175 0.9854 0.1696
vn 0.0018 0.9999 0.0165
vn 0.0018 0.9981 0.0624
vn 0.0019 0.9856 0.1692
vn -0.0000 0.9999 0.0165
vn -0.0000 0.9981 0.0624
vn -0.0000 0.9856 0.1692
vt 0.079169 0.939723
vt 0.079624 0.940361
vt 0.079572 0.947616
vt 0.079119 0.946555
vt 0.164792 0.275031
vt 0.165366 0.274227
vt 0.165354 0.938918
vt 0.164781 0.939722
vt 0.164337 0.275670
vt 0.164325 0.940361
vt 0.371953 0.278459
vt 0.372517 0.278043
vt 0.372517 0.942581
vt 0.371953 0.942997
vt 0.371327 0.278603
vt 0.371327 0.943140
vt 0.370702 0.278459
vt 0.370702 0.942997
vt 0.370137 0.278043
vt 0.370137 0.942581
vt 0.079157 0.275032
vt 0.079613 0.275670
vt 0.078584 0.274227
vt 0.078595 0.938918
vt 0.077948 0.273335
vt 0.077960 0.938026
vt 0.077313 0.272443
vt 0.077325 0.937134
vt 0.076741 0.271638
vt 0.076753 0.936329
vt 0.076287 0.271000
vt 0.076299 0.935691
vt 0.329608 0.272844
vt 0.330172 0.273260
vt 0.330172 0.937806
vt 0.329608 0.937390
vt 0.328983 0.272701
vt 0.328983 0.937247
vt 0.328357 0.272844
vt 0.328357 0.937390
vt 0.327793 0.273260
vt 0.327793 0.937806
vt 0.167208 0.271638
vt 0.167662 0.271000
vt 0.167651 0.935690
vt 0.167197 0.936329
vt 0.166636 0.272443
vt 0.166625 0.937134
vt 0.166001 0.273335
vt 0.165990 0.938026
vt 0.166031 0.943736
vt 0.166662 0.942254
vt 0.166773 0.947200
vt 0.166155 0.949252
vt 0.167230 0.940917
vt 0.372517 0.949833
vt 0.371953 0.950520
vt 0.329608 0.941283
vt 0.328983 0.941046
vt 0.077918 0.943736
vt 0.077288 0.942254
vt 0.370702 0.950520
vt 0.370137 0.949833
vt 0.167681 0.939856
vt 0.164830 0.946555
vt 0.164378 0.947616
vt 0.330172 0.941970
vt 0.078549 0.945218
vt 0.371327 0.950757
vt 0.328357 0.941283
vt 0.327793 0.941970
vt 0.165400 0.945218
vt 0.076719 0.940917
vt 0.076269 0.939856
vt 0.078971 0.953156
vt 0.079414 0.954625
vt 0.079154 0.961292
vt 0.078725 0.959435
vt 0.371953 0.957786
vt 0.371327 0.958113
vt 0.077176 0.947200
vt 0.076620 0.945349
vt 0.167330 0.945349
vt 0.372517 0.956836
vt 0.077794 0.949252
vt 0.167771 0.943879
vt 0.164979 0.953156
vt 0.164535 0.954625
vt 0.078412 0.951304
vt 0.328357 0.945042
vt 0.327793 0.945991
vt 0.165537 0.951304
vt 0.328983 0.944715
vt 0.329608 0.945042
vt 0.370702 0.957786
vt 0.370137 0.956836
vt 0.330172 0.945991
vt 0.076178 0.943880
vt 0.076993 0.951905
vt 0.077589 0.954500
vt 0.077306 0.959408
vt 0.076739 0.956306
vt 0.329608 0.948617
vt 0.328983 0.948204
vt 0.370702 0.964695
vt 0.370137 0.963497
vt 0.330172 0.949815
vt 0.371327 0.965108
vt 0.076455 0.949565
vt 0.076029 0.947707
vt 0.166957 0.951905
vt 0.166360 0.954500
vt 0.371953 0.964695
vt 0.167494 0.949565
vt 0.372517 0.963497
vt 0.167921 0.947707
vt 0.165224 0.959435
vt 0.164796 0.961292
vt 0.078186 0.957094
vt 0.328357 0.948617
vt 0.327793 0.949815
vt 0.165763 0.957094
vt 0.329608 0.951959
vt 0.330172 0.953390
vt 0.330172 0.956668
vt 0.329608 0.955024
vt 0.168127 0.951288
vt 0.167722 0.953508
vt 0.165563 0.965308
vt 0.165155 0.967528
vt 0.077874 0.962510
vt 0.328357 0.951959
vt 0.327793 0.953390
vt 0.166075 0.962510
vt 0.078387 0.965308
vt 0.328983 0.951466
vt 0.166643 0.959408
vt 0.078794 0.967529
vt 0.370702 0.971155
vt 0.370137 0.969724
vt 0.371327 0.971648
vt 0.076228 0.953508
vt 0.075822 0.951288
vt 0.167210 0.956306
vt 0.371953 0.971155
vt 0.372517 0.969724
vt 0.327793 0.956668
vt 0.328357 0.955024
vt 0.328357 0.957769
vt 0.327793 0.959605
vt 0.371327 0.977644
vt 0.370702 0.977078
vt 0.075941 0.957126
vt 0.075562 0.954572
vt 0.167531 0.960343
vt 0.167000 0.963910
vt 0.371953 0.977078
vt 0.076419 0.960343
vt 0.168009 0.957125
vt 0.372517 0.975433
vt 0.076949 0.963910
vt 0.168388 0.954572
vt 0.165990 0.970695
vt 0.165609 0.973249
vt 0.077480 0.967477
vt 0.166469 0.967477
vt 0.077959 0.970695
vt 0.328983 0.954457
vt 0.078340 0.973249
vt 0.370137 0.975433
vt 0.167427 0.967946
vt 0.167913 0.963962
vt 0.168353 0.967113
vt 0.167917 0.971460
vt 0.166940 0.971930
vt 0.166501 0.975524
vt 0.077449 0.975524
vt 0.077009 0.971930
vt 0.328983 0.957137
vt 0.077798 0.978376
vt 0.329608 0.957769
vt 0.370702 0.982383
vt 0.370137 0.980548
vt 0.330172 0.959605
vt 0.371327 0.983016
vt 0.075598 0.960368
vt 0.075250 0.957516
vt 0.371953 0.982383
vt 0.076036 0.963962
vt 0.168352 0.960368
vt 0.372517 0.980548
vt 0.076522 0.967946
vt 0.168699 0.957515
vt 0.166151 0.978376
vt 0.167481 0.975807
vt 0.168465 0.974405
vt 0.168085 0.979057
vt 0.371953 0.987000
vt 0.371327 0.987690
vt 0.075596 0.967113
vt 0.075204 0.963191
vt 0.168746 0.963191
vt 0.372517 0.984998
vt 0.076032 0.971460
vt 0.169057 0.960079
vt 0.167087 0.979729
vt 0.166774 0.982841
vt 0.076468 0.975807
vt 0.328357 0.960158
vt 0.327793 0.962160
vt 0.076862 0.979729
vt 0.328983 0.959468
vt 0.077175 0.982841
vt 0.329608 0.960158
vt 0.370702 0.987000
vt 0.370137 0.984998
vt 0.330172 0.962160
vt 0.074893 0.960079
vt 0.167294 0.988721
vt 0.167470 0.986583
vt 0.168228 0.989552
vt 0.168081 0.991801
vt 0.076480 0.986584
vt 0.076207 0.983253
vt 0.329608 0.962159
vt 0.328983 0.961421
vt 0.077377 0.984839
vt 0.076655 0.988722
vt 0.074694 0.958081
vt 0.074493 0.962227
vt 0.074320 0.960089
vt 0.371327 0.991604
vt 0.370702 0.990866
vt 0.074764 0.965558
vt 0.168844 0.969754
vt 0.371953 0.990866
vt 0.075106 0.969754
vt 0.169185 0.965558
vt 0.166573 0.984839
vt 0.075485 0.974406
vt 0.169456 0.962227
vt 0.167742 0.983253
vt 0.075864 0.979057
vt 0.169256 0.958081
vt 0.169629 0.960089
vt 0.328357 0.962159
vt 0.075721 0.989552
vt 0.075868 0.991801
vt 0.075027 0.994037
vt 0.074910 0.991708
vt 0.074888 0.976742
vt 0.074570 0.971849
vt 0.169891 0.963932
vt 0.169665 0.967435
vt 0.168457 0.986049
vt 0.075206 0.981635
vt 0.170036 0.961683
vt 0.168744 0.981635
vt 0.075493 0.986049
vt 0.328983 0.962967
vt 0.328357 0.963743
vt 0.169062 0.976742
vt 0.329608 0.963743
vt 0.074058 0.963932
vt 0.073913 0.961683
vt 0.371327 0.994704
vt 0.370702 0.993928
vt 0.074284 0.967435
vt 0.169379 0.971849
vt 0.371953 0.993928
vt 0.074249 0.978438
vt 0.074501 0.983507
vt 0.073760 0.984647
vt 0.073578 0.979472
vt 0.073592 0.965169
vt 0.073478 0.962840
vt 0.371327 0.996949
vt 0.370702 0.996145
vt 0.073771 0.968798
vt 0.169952 0.973370
vt 0.169700 0.978438
vt 0.371953 0.996145
vt 0.073998 0.973370
vt 0.170178 0.968798
vt 0.169040 0.991707
vt 0.168923 0.994037
vt 0.170357 0.965169
vt 0.169221 0.988079
vt 0.170472 0.962839
vt 0.169448 0.983507
vt 0.074729 0.988079
vt 0.328983 0.964087
vt 0.328357 0.964891
vt 0.329608 0.964891
vt 0.073102 0.965923
vt 0.073232 0.969628
vt 0.072673 0.969914
vt 0.072595 0.966182
vt 0.170930 0.963544
vt 0.170847 0.965923
vt 0.170189 0.984646
vt 0.170024 0.989315
vt 0.073925 0.989315
vt 0.328983 0.964765
vt 0.328357 0.965585
vt 0.170372 0.979471
vt 0.074056 0.993020
vt 0.329608 0.965585
vt 0.074142 0.995399
vt 0.073020 0.963544
vt 0.371327 0.998308
vt 0.370702 0.997488
vt 0.170554 0.974296
vt 0.371953 0.997488
vt 0.073396 0.974296
vt 0.170718 0.969628
vt 0.169893 0.993020
vt 0.169808 0.995399
vt 0.171404 0.963787
vt 0.171420 0.962961
vt 0.242257 0.964461
vt 0.242241 0.965286
vt 0.171177 0.974615
vt 0.171067 0.979827
vt 0.169778 0.996218
vt 0.170724 0.995868
vt 0.170705 0.996693
vt 0.072772 0.974616
vt 0.171276 0.969914
vt 0.170776 0.993472
vt 0.072882 0.979827
vt 0.171354 0.966182
vt 0.170856 0.989741
vt 0.072993 0.985039
vt 0.170957 0.985039
vt 0.073093 0.989741
vt 0.170957 0.962724
vt 0.073173 0.993472
vt 0.072992 0.962724
vt 0.072546 0.963787
vt 0.072530 0.962961
vt 0.073225 0.995868
vt 0.074172 0.996218
vt 0.073244 0.996693
vt 0.381666 0.494286
vt 0.381666 0.489072
vt 0.381864 0.484365
vt 0.382241 0.480624
vt 0.382760 0.478218
vt 0.383369 0.477381
vt 0.384010 0.478194
vt 0.384620 0.480579
vt 0.385139 0.484302
vt 0.385516 0.488999
vt 0.385714 0.494209
vt 0.385714 0.499423
vt 0.385516 0.504130
vt 0.385139 0.507870
vt 0.384620 0.510277
vt 0.384010 0.511114
vt 0.383369 0.510301
vt 0.382760 0.507916
vt 0.382241 0.504193
vt 0.381864 0.499496
vt 0.241904 0.981327
vt 0.241794 0.986539
vt 0.002336 0.994972
vt 0.002256 0.991241
vt 0.001708 0.965286
vt 0.001692 0.964461
vt 0.002388 0.997368
vt 0.001758 0.967682
vt 0.002407 0.998193
vt 0.001836 0.971413
vt 0.242015 0.976115
vt 0.241562 0.997367
vt 0.241543 0.998193
vt 0.001935 0.976115
vt 0.242114 0.971413
vt 0.241614 0.994972
vt 0.002045 0.981327
vt 0.242192 0.967682
vt 0.241694 0.991240
vt 0.002155 0.986539
vt 0.079107 0.268059
vt 0.079560 0.268267
vt 0.166043 0.267508
vt 0.166167 0.261643
vt 0.166785 0.261959
vt 0.166673 0.267218
vt 0.167242 0.266957
vt 0.371953 0.270780
vt 0.372517 0.270640
vt 0.328983 0.268823
vt 0.329608 0.268871
vt 0.077276 0.267218
vt 0.077907 0.267508
vt 0.370137 0.270640
vt 0.370702 0.270780
vt 0.167692 0.266749
vt 0.164390 0.268267
vt 0.164842 0.268059
vt 0.330172 0.269010
vt 0.078538 0.267798
vt 0.371327 0.270828
vt 0.327793 0.269010
vt 0.328357 0.268871
vt 0.165412 0.267798
vt 0.076257 0.266749
vt 0.076708 0.266957
vt 0.078959 0.261042
vt 0.078713 0.254074
vt 0.079142 0.253416
vt 0.079402 0.260815
vt 0.371327 0.263000
vt 0.371953 0.263048
vt 0.076608 0.262245
vt 0.077165 0.261959
vt 0.167342 0.262245
vt 0.372517 0.263187
vt 0.077782 0.261643
vt 0.327345 0.269227
vt 0.327345 0.264514
vt 0.327793 0.264731
vt 0.164547 0.260815
vt 0.164991 0.261042
vt 0.078401 0.261327
vt 0.328357 0.264870
vt 0.165549 0.261327
vt 0.328983 0.264918
vt 0.329608 0.264870
vt 0.370137 0.263187
vt 0.370702 0.263048
vt 0.330172 0.264731
vt 0.330620 0.264514
vt 0.330620 0.269227
vt 0.076981 0.256738
vt 0.076727 0.251624
vt 0.077294 0.250116
vt 0.077577 0.255820
vt 0.328983 0.261041
vt 0.329608 0.260897
vt 0.370137 0.255784
vt 0.370702 0.255368
vt 0.330172 0.260481
vt 0.371327 0.255225
vt 0.076166 0.262471
vt 0.076017 0.258223
vt 0.076443 0.257566
vt 0.166372 0.255820
vt 0.166969 0.256738
vt 0.371953 0.255368
vt 0.167506 0.257566
vt 0.372517 0.255784
vt 0.167933 0.258223
vt 0.167783 0.262471
vt 0.164808 0.253416
vt 0.165236 0.254073
vt 0.078174 0.254902
vt 0.327793 0.260481
vt 0.328357 0.260897
vt 0.165775 0.254902
vt 0.329608 0.257005
vt 0.329608 0.253246
vt 0.330172 0.252296
vt 0.330172 0.256317
vt 0.167734 0.252984
vt 0.168139 0.254063
vt 0.165168 0.246170
vt 0.165575 0.247249
vt 0.077862 0.248609
vt 0.327793 0.256317
vt 0.328357 0.257005
vt 0.166088 0.248609
vt 0.078375 0.247249
vt 0.328983 0.257241
vt 0.166655 0.250116
vt 0.078782 0.246170
vt 0.370137 0.248531
vt 0.370702 0.247844
vt 0.371327 0.247608
vt 0.075810 0.254063
vt 0.076216 0.252984
vt 0.167223 0.251624
vt 0.371953 0.247844
vt 0.372517 0.248531
vt 0.327793 0.252296
vt 0.327793 0.248473
vt 0.328357 0.249671
vt 0.328357 0.253246
vt 0.370702 0.240579
vt 0.371327 0.240252
vt 0.075550 0.250047
vt 0.075928 0.248560
vt 0.167013 0.244610
vt 0.167543 0.246687
vt 0.371953 0.240579
vt 0.076406 0.246687
vt 0.168021 0.248560
vt 0.372517 0.241528
vt 0.076937 0.244610
vt 0.168400 0.250047
vt 0.165622 0.239174
vt 0.166003 0.240661
vt 0.077468 0.242534
vt 0.166482 0.242534
vt 0.077947 0.240661
vt 0.328983 0.253573
vt 0.078328 0.239174
vt 0.370137 0.241528
vt 0.167439 0.239376
vt 0.167930 0.234484
vt 0.168366 0.237607
vt 0.167926 0.241993
vt 0.166513 0.234397
vt 0.166953 0.236759
vt 0.076997 0.236759
vt 0.077436 0.234398
vt 0.328983 0.250084
vt 0.077785 0.232524
vt 0.329608 0.249671
vt 0.370137 0.234867
vt 0.370702 0.233669
vt 0.330172 0.248473
vt 0.371327 0.233256
vt 0.075238 0.246229
vt 0.075586 0.244355
vt 0.371953 0.233669
vt 0.076024 0.241994
vt 0.168364 0.244355
vt 0.372517 0.234867
vt 0.076510 0.239376
vt 0.168711 0.246228
vt 0.166164 0.232523
vt 0.167494 0.231361
vt 0.168098 0.226415
vt 0.168478 0.230001
vt 0.371327 0.226716
vt 0.371953 0.227209
vt 0.075191 0.240425
vt 0.075584 0.237607
vt 0.168758 0.240424
vt 0.372517 0.228640
vt 0.076019 0.234484
vt 0.169069 0.242660
vt 0.166787 0.226308
vt 0.167100 0.228544
vt 0.076455 0.231361
vt 0.327793 0.244898
vt 0.328357 0.246329
vt 0.076849 0.228544
vt 0.328983 0.246822
vt 0.077162 0.226308
vt 0.329608 0.246329
vt 0.370137 0.228640
vt 0.370702 0.227209
vt 0.330172 0.244898
vt 0.074881 0.242660
vt 0.371953 0.221286
vt 0.371953 0.215980
vt 0.372517 0.217815
vt 0.372517 0.222930
vt 0.076194 0.223180
vt 0.076467 0.220612
vt 0.328983 0.243831
vt 0.329608 0.243264
vt 0.370137 0.222930
vt 0.370702 0.221286
vt 0.330172 0.241620
vt 0.371327 0.220719
vt 0.074481 0.239390
vt 0.074752 0.236823
vt 0.168856 0.233587
vt 0.075093 0.233587
vt 0.169198 0.236822
vt 0.075472 0.230001
vt 0.169468 0.239390
vt 0.167483 0.220612
vt 0.167755 0.223180
vt 0.075851 0.226415
vt 0.327793 0.241620
vt 0.328357 0.243264
vt 0.370137 0.217815
vt 0.370137 0.213364
vt 0.370702 0.211362
vt 0.370702 0.215980
vt 0.074558 0.229988
vt 0.074875 0.225987
vt 0.169678 0.233598
vt 0.169904 0.236462
vt 0.168242 0.215512
vt 0.168470 0.218377
vt 0.075193 0.221986
vt 0.327793 0.238683
vt 0.328357 0.240519
vt 0.168757 0.221986
vt 0.075480 0.218377
vt 0.328983 0.241152
vt 0.169075 0.225987
vt 0.075708 0.215512
vt 0.329608 0.240519
vt 0.330172 0.238683
vt 0.371327 0.215347
vt 0.074046 0.236462
vt 0.074272 0.233598
vt 0.169392 0.229988
vt 0.074236 0.222497
vt 0.073565 0.219578
vt 0.073747 0.214914
vt 0.074488 0.218135
vt 0.329608 0.238130
vt 0.330172 0.236128
vt 0.371327 0.210672
vt 0.073580 0.233916
vt 0.073759 0.230794
vt 0.169713 0.222497
vt 0.169965 0.226859
vt 0.371953 0.211362
vt 0.073985 0.226859
vt 0.170191 0.230793
vt 0.372517 0.213364
vt 0.170370 0.233916
vt 0.169053 0.211078
vt 0.169234 0.214200
vt 0.327793 0.236128
vt 0.328357 0.238130
vt 0.169462 0.218135
vt 0.074715 0.214201
vt 0.328983 0.238820
vt 0.074896 0.211078
vt 0.073090 0.231787
vt 0.072583 0.230102
vt 0.072660 0.226593
vt 0.073219 0.228448
vt 0.170860 0.231786
vt 0.170942 0.233930
vt 0.170484 0.235921
vt 0.170038 0.210707
vt 0.170203 0.214914
vt 0.073912 0.210707
vt 0.328357 0.236130
vt 0.328983 0.236868
vt 0.170385 0.219577
vt 0.074043 0.207368
vt 0.329608 0.236130
vt 0.074128 0.205225
vt 0.075013 0.209073
vt 0.073465 0.235921
vt 0.073007 0.233930
vt 0.370702 0.207496
vt 0.371327 0.206758
vt 0.170567 0.224241
vt 0.371953 0.207496
vt 0.073383 0.224241
vt 0.170730 0.228448
vt 0.168936 0.209073
vt 0.169821 0.205225
vt 0.169906 0.207368
vt 0.328357 0.234546
vt 0.328357 0.032622
vt 0.328983 0.033398
vt 0.328983 0.235322
vt 0.171080 0.217268
vt 0.171190 0.222170
vt 0.371327 0.203657
vt 0.371953 0.204433
vt 0.072759 0.222170
vt 0.171289 0.226592
vt 0.170738 0.202181
vt 0.170790 0.204434
vt 0.072869 0.217268
vt 0.171367 0.230102
vt 0.170870 0.207944
vt 0.072980 0.212366
vt 0.171416 0.232355
vt 0.170970 0.212366
vt 0.073080 0.207944
vt 0.073159 0.204434
vt 0.329608 0.234546
vt 0.073211 0.202181
vt 0.072533 0.232355
vt 0.370702 0.204433
vt 0.326958 0.017545
vt 0.327057 0.012646
vt 0.327345 0.008227
vt 0.327793 0.004720
vt 0.328357 0.002468
vt 0.328983 0.001692
vt 0.329608 0.002468
vt 0.330172 0.004720
vt 0.330620 0.008227
vt 0.330908 0.012646
vt 0.331007 0.017545
vt 0.330908 0.022444
vt 0.330620 0.026863
vt 0.330172 0.030370
vt 0.329608 0.032622
vt 0.327793 0.030370
vt 0.327345 0.026863
vt 0.327057 0.022444
vt 0.241811 0.011877
vt 0.241921 0.016779
vt 0.002239 0.007455
vt 0.002319 0.003946
vt 0.002371 0.001692
vt 0.001692 0.031867
vt 0.001742 0.029613
vt 0.370702 0.002468
vt 0.371327 0.001692
vt 0.001820 0.026104
vt 0.242031 0.021682
vt 0.371953 0.002468
vt 0.001918 0.021682
vt 0.242130 0.026104
vt 0.241579 0.001692
vt 0.241631 0.003945
vt 0.002028 0.016780
vt 0.242208 0.029613
vt 0.241711 0.007455
vt 0.002139 0.011877
vt 0.242257 0.031866
vt 0.160485 0.939722
vt 0.160941 0.940361
vt 0.160888 0.947616
vt 0.160435 0.946555
vt 0.246109 0.275031
vt 0.246682 0.274227
vt 0.246671 0.938918
vt 0.246097 0.939722
vt 0.245653 0.275670
vt 0.245642 0.940361
vt 0.377717 0.278459
vt 0.378281 0.278043
vt 0.378281 0.942581
vt 0.377717 0.942997
vt 0.377091 0.278603
vt 0.377091 0.943140
vt 0.376466 0.278459
vt 0.376466 0.942997
vt 0.375902 0.278043
vt 0.375902 0.942581
vt 0.160474 0.275032
vt 0.160929 0.275670
vt 0.159900 0.274227
vt 0.159911 0.938918
vt 0.159265 0.273335
vt 0.159276 0.938026
vt 0.158630 0.272443
vt 0.158641 0.937134
vt 0.158058 0.271638
vt 0.158069 0.936329
vt 0.157604 0.271000
vt 0.157615 0.935691
vt 0.337041 0.272844
vt 0.337606 0.273260
vt 0.337606 0.937806
vt 0.337041 0.937390
vt 0.336416 0.272701
vt 0.336416 0.937247
vt 0.335790 0.272844
vt 0.335790 0.937390
vt 0.335226 0.273260
vt 0.335226 0.937806
vt 0.248525 0.271638
vt 0.248978 0.271000
vt 0.248967 0.935690
vt 0.248513 0.936329
vt 0.247953 0.272443
vt 0.247941 0.937134
vt 0.247318 0.273335
vt 0.247306 0.938026
vt 0.247348 0.943736
vt 0.247978 0.942254
vt 0.248089 0.947200
vt 0.247472 0.949252
vt 0.248547 0.940917
vt 0.378281 0.949833
vt 0.377717 0.950520
vt 0.337041 0.941283
vt 0.336416 0.941046
vt 0.159235 0.943736
vt 0.158604 0.942254
vt 0.376466 0.950520
vt 0.375902 0.949833
vt 0.248997 0.939856
vt 0.246147 0.946555
vt 0.245694 0.947616
vt 0.337606 0.941970
vt 0.159866 0.945218
vt 0.377091 0.950757
vt 0.335790 0.941283
vt 0.335226 0.941970
vt 0.246717 0.945218
vt 0.158036 0.940917
vt 0.157585 0.939856
vt 0.160287 0.953156
vt 0.160730 0.954625
vt 0.160470 0.961292
vt 0.160042 0.959435
vt 0.377717 0.957786
vt 0.377091 0.958113
vt 0.158493 0.947200
vt 0.157936 0.945349
vt 0.248646 0.945349
vt 0.378281 0.956836
vt 0.159111 0.949252
vt 0.249088 0.943879
vt 0.246295 0.953156
vt 0.245852 0.954625
vt 0.159729 0.951304
vt 0.335790 0.945042
vt 0.335226 0.945991
vt 0.246853 0.951304
vt 0.336416 0.944715
vt 0.337041 0.945042
vt 0.376466 0.957786
vt 0.375902 0.956836
vt 0.337606 0.945991
vt 0.157495 0.943879
vt 0.158309 0.951905
vt 0.158906 0.954500
vt 0.158623 0.959408
vt 0.158055 0.956306
vt 0.337041 0.948617
vt 0.336416 0.948204
vt 0.376466 0.964695
vt 0.375902 0.963497
vt 0.337606 0.949815
vt 0.377091 0.965108
vt 0.157771 0.949565
vt 0.157345 0.947707
vt 0.248273 0.951905
vt 0.247677 0.954500
vt 0.377717 0.964695
vt 0.248811 0.949565
vt 0.378281 0.963497
vt 0.249237 0.947707
vt 0.246540 0.959435
vt 0.246112 0.961292
vt 0.159503 0.957094
vt 0.335790 0.948617
vt 0.335226 0.949815
vt 0.247079 0.957094
vt 0.337041 0.951959
vt 0.337606 0.953390
vt 0.337606 0.956668
vt 0.337041 0.955024
vt 0.249444 0.951288
vt 0.249038 0.953508
vt 0.246879 0.965308
vt 0.246472 0.967528
vt 0.159191 0.962510
vt 0.335790 0.951959
vt 0.335226 0.953390
vt 0.247392 0.962510
vt 0.159703 0.965308
vt 0.336416 0.951466
vt 0.247960 0.959408
vt 0.160111 0.967529
vt 0.376466 0.971155
vt 0.375902 0.969724
vt 0.377091 0.971648
vt 0.157544 0.953508
vt 0.157139 0.951288
vt 0.248527 0.956306
vt 0.377717 0.971155
vt 0.378281 0.969724
vt 0.335226 0.956668
vt 0.335790 0.955024
vt 0.335790 0.957769
vt 0.335226 0.959605
vt 0.377091 0.977644
vt 0.376466 0.977078
vt 0.157257 0.957126
vt 0.156878 0.954572
vt 0.248847 0.960343
vt 0.248317 0.963910
vt 0.377717 0.977078
vt 0.157735 0.960343
vt 0.249325 0.957125
vt 0.378281 0.975433
vt 0.158266 0.963910
vt 0.249704 0.954572
vt 0.247307 0.970695
vt 0.246926 0.973249
vt 0.158796 0.967477
vt 0.247786 0.967477
vt 0.159276 0.970695
vt 0.336416 0.954457
vt 0.159657 0.973249
vt 0.375902 0.975433
vt 0.248743 0.967946
vt 0.249230 0.963962
vt 0.249669 0.967113
vt 0.249234 0.971460
vt 0.248257 0.971930
vt 0.247817 0.975524
vt 0.158765 0.975524
vt 0.158326 0.971930
vt 0.336416 0.957137
vt 0.159115 0.978376
vt 0.337041 0.957769
vt 0.376466 0.982383
vt 0.375902 0.980548
vt 0.337606 0.959605
vt 0.377091 0.983016
vt 0.156914 0.960368
vt 0.156567 0.957516
vt 0.377717 0.982383
vt 0.157353 0.963962
vt 0.249668 0.960368
vt 0.378281 0.980548
vt 0.157839 0.967946
vt 0.250015 0.957515
vt 0.247468 0.978376
vt 0.248798 0.975807
vt 0.249781 0.974405
vt 0.249402 0.979057
vt 0.377717 0.987000
vt 0.377091 0.987690
vt 0.156913 0.967113
vt 0.156520 0.963191
vt 0.250062 0.963191
vt 0.378281 0.984998
vt 0.157349 0.971460
vt 0.250373 0.960079
vt 0.248404 0.979729
vt 0.248091 0.982841
vt 0.157785 0.975807
vt 0.335790 0.960158
vt 0.335226 0.962160
vt 0.158179 0.979729
vt 0.336416 0.959468
vt 0.158492 0.982841
vt 0.337041 0.960158
vt 0.376466 0.987000
vt 0.375902 0.984998
vt 0.337606 0.962160
vt 0.156209 0.960079
vt 0.248611 0.988721
vt 0.248786 0.986583
vt 0.249545 0.989552
vt 0.249398 0.991801
vt 0.157796 0.986584
vt 0.157524 0.983253
vt 0.337041 0.962159
vt 0.336416 0.961421
vt 0.158693 0.984839
vt 0.157972 0.988721
vt 0.156010 0.958081
vt 0.155810 0.962227
vt 0.155637 0.960089
vt 0.377091 0.991604
vt 0.376466 0.990866
vt 0.156081 0.965558
vt 0.250160 0.969754
vt 0.377717 0.990866
vt 0.156422 0.969754
vt 0.250502 0.965558
vt 0.247889 0.984839
vt 0.156801 0.974405
vt 0.250772 0.962227
vt 0.249059 0.983253
vt 0.157181 0.979057
vt 0.250572 0.958081
vt 0.250945 0.960089
vt 0.335790 0.962159
vt 0.157038 0.989552
vt 0.157185 0.991801
vt 0.156343 0.994037
vt 0.156226 0.991708
vt 0.156204 0.976742
vt 0.155887 0.971849
vt 0.251208 0.963932
vt 0.250981 0.967435
vt 0.249773 0.986049
vt 0.156522 0.981635
vt 0.251353 0.961683
vt 0.250060 0.981635
vt 0.156809 0.986049
vt 0.336416 0.962967
vt 0.335790 0.963743
vt 0.250378 0.976742
vt 0.337041 0.963743
vt 0.155374 0.963932
vt 0.155230 0.961683
vt 0.377091 0.994704
vt 0.376466 0.993928
vt 0.155601 0.967435
vt 0.250696 0.971849
vt 0.377717 0.993928
vt 0.155566 0.978438
vt 0.155817 0.983507
vt 0.155076 0.984647
vt 0.154894 0.979471
vt 0.154909 0.965169
vt 0.154794 0.962840
vt 0.377091 0.996949
vt 0.376466 0.996145
vt 0.155088 0.968798
vt 0.251268 0.973370
vt 0.251017 0.978438
vt 0.377717 0.996145
vt 0.155314 0.973370
vt 0.251495 0.968798
vt 0.250356 0.991707
vt 0.250239 0.994037
vt 0.251674 0.965169
vt 0.250537 0.988079
vt 0.251788 0.962839
vt 0.250765 0.983507
vt 0.156045 0.988079
vt 0.336416 0.964087
vt 0.335790 0.964891
vt 0.337041 0.964891
vt 0.154419 0.965923
vt 0.154548 0.969628
vt 0.153990 0.969914
vt 0.153912 0.966182
vt 0.252246 0.963544
vt 0.252164 0.965923
vt 0.251506 0.984646
vt 0.251341 0.989315
vt 0.155242 0.989315
vt 0.336416 0.964765
vt 0.335790 0.965585
vt 0.251688 0.979471
vt 0.155373 0.993020
vt 0.337041 0.965585
vt 0.155458 0.995399
vt 0.154336 0.963544
vt 0.377091 0.998308
vt 0.376466 0.997488
vt 0.251870 0.974296
vt 0.377717 0.997488
vt 0.154712 0.974296
vt 0.252034 0.969628
vt 0.251209 0.993020
vt 0.251124 0.995399
vt 0.252720 0.963787
vt 0.252736 0.962961
vt 0.323574 0.964461
vt 0.323558 0.965286
vt 0.252494 0.974615
vt 0.252384 0.979827
vt 0.251094 0.996218
vt 0.252041 0.995868
vt 0.252022 0.996693
vt 0.154089 0.974615
vt 0.252593 0.969914
vt 0.252093 0.993472
vt 0.154199 0.979827
vt 0.252671 0.966182
vt 0.252173 0.989741
vt 0.154309 0.985039
vt 0.252273 0.985039
vt 0.154409 0.989741
vt 0.252273 0.962724
vt 0.154489 0.993472
vt 0.154309 0.962724
vt 0.153862 0.963787
vt 0.153846 0.962961
vt 0.154541 0.995868
vt 0.155488 0.996218
vt 0.154560 0.996693
vt 0.381666 0.531404
vt 0.381666 0.526190
vt 0.381864 0.521483
vt 0.382241 0.517743
vt 0.382760 0.515336
vt 0.383369 0.514499
vt 0.384010 0.515312
vt 0.384620 0.517697
vt 0.385139 0.521420
vt 0.385516 0.526117
vt 0.385714 0.531327
vt 0.385714 0.536541
vt 0.385516 0.541249
vt 0.385139 0.544989
vt 0.384620 0.547395
vt 0.384010 0.548232
vt 0.383369 0.547419
vt 0.382760 0.545034
vt 0.382241 0.541311
vt 0.381864 0.536614
vt 0.323221 0.981327
vt 0.323110 0.986539
vt 0.083652 0.994972
vt 0.083572 0.991241
vt 0.083025 0.965286
vt 0.083009 0.964461
vt 0.083704 0.997368
vt 0.083074 0.967682
vt 0.083723 0.998193
vt 0.083152 0.971413
vt 0.323331 0.976115
vt 0.322878 0.997367
vt 0.322859 0.998193
vt 0.083251 0.976115
vt 0.323430 0.971413
vt 0.322930 0.994972
vt 0.083361 0.981327
vt 0.323508 0.967682
vt 0.323010 0.991240
vt 0.083472 0.986539
vt 0.160424 0.268059
vt 0.160876 0.268267
vt 0.247359 0.267508
vt 0.247484 0.261643
vt 0.248101 0.261959
vt 0.247990 0.267218
vt 0.248558 0.266957
vt 0.377717 0.270780
vt 0.378281 0.270640
vt 0.336416 0.268823
vt 0.337041 0.268871
vt 0.158593 0.267218
vt 0.159223 0.267508
vt 0.375902 0.270640
vt 0.376466 0.270780
vt 0.249009 0.266749
vt 0.245706 0.268267
vt 0.246159 0.268059
vt 0.337606 0.269010
vt 0.159854 0.267798
vt 0.377091 0.270828
vt 0.335226 0.269010
vt 0.335790 0.268871
vt 0.246728 0.267798
vt 0.157574 0.266749
vt 0.158024 0.266957
vt 0.160275 0.261042
vt 0.160030 0.254073
vt 0.160458 0.253416
vt 0.160719 0.260815
vt 0.377091 0.263000
vt 0.377717 0.263048
vt 0.157924 0.262245
vt 0.158481 0.261959
vt 0.248658 0.262245
vt 0.378281 0.263187
vt 0.159099 0.261643
vt 0.334778 0.269227
vt 0.334778 0.264514
vt 0.335226 0.264731
vt 0.245864 0.260815
vt 0.246307 0.261042
vt 0.159717 0.261327
vt 0.335790 0.264870
vt 0.246865 0.261327
vt 0.336416 0.264918
vt 0.337041 0.264870
vt 0.375902 0.263187
vt 0.376466 0.263048
vt 0.337606 0.264731
vt 0.338054 0.264514
vt 0.338054 0.269227
vt 0.158297 0.256738
vt 0.158043 0.251624
vt 0.158611 0.250116
vt 0.158894 0.255820
vt 0.336416 0.261041
vt 0.337041 0.260897
vt 0.375902 0.255784
vt 0.376466 0.255368
vt 0.337606 0.260481
vt 0.377091 0.255225
vt 0.157483 0.262471
vt 0.157333 0.258223
vt 0.157760 0.257566
vt 0.247689 0.255820
vt 0.248285 0.256738
vt 0.377717 0.255368
vt 0.248823 0.257566
vt 0.378281 0.255784
vt 0.249249 0.258223
vt 0.249099 0.262471
vt 0.246124 0.253416
vt 0.246553 0.254073
vt 0.159491 0.254902
vt 0.335226 0.260481
vt 0.335790 0.260897
vt 0.247092 0.254902
vt 0.337041 0.257005
vt 0.337041 0.253246
vt 0.337606 0.252296
vt 0.337606 0.256317
vt 0.249050 0.252984
vt 0.249456 0.254063
vt 0.246484 0.246170
vt 0.246891 0.247249
vt 0.159178 0.248609
vt 0.335226 0.256317
vt 0.335790 0.257005
vt 0.247404 0.248609
vt 0.159691 0.247249
vt 0.336416 0.257241
vt 0.247972 0.250116
vt 0.160098 0.246170
vt 0.375902 0.248531
vt 0.376466 0.247844
vt 0.377091 0.247608
vt 0.157127 0.254063
vt 0.157532 0.252984
vt 0.248539 0.251624
vt 0.377717 0.247844
vt 0.378281 0.248531
vt 0.335226 0.252296
vt 0.335226 0.248473
vt 0.335790 0.249671
vt 0.335790 0.253246
vt 0.376466 0.240579
vt 0.377091 0.240252
vt 0.156866 0.250047
vt 0.157245 0.248560
vt 0.248329 0.244610
vt 0.248859 0.246687
vt 0.377717 0.240579
vt 0.157723 0.246687
vt 0.249337 0.248560
vt 0.378281 0.241528
vt 0.158253 0.244610
vt 0.249716 0.250047
vt 0.246938 0.239174
vt 0.247319 0.240661
vt 0.158784 0.242534
vt 0.247798 0.242534
vt 0.159263 0.240661
vt 0.336416 0.253573
vt 0.159644 0.239174
vt 0.375902 0.241528
vt 0.248756 0.239376
vt 0.249246 0.234484
vt 0.249682 0.237607
vt 0.249242 0.241993
vt 0.247830 0.234397
vt 0.248269 0.236759
vt 0.158313 0.236759
vt 0.158753 0.234397
vt 0.336416 0.250084
vt 0.159102 0.232523
vt 0.337041 0.249671
vt 0.375902 0.234867
vt 0.376466 0.233669
vt 0.337606 0.248473
vt 0.377091 0.233256
vt 0.156555 0.246229
vt 0.156902 0.244355
vt 0.377717 0.233669
vt 0.157340 0.241994
vt 0.249680 0.244355
vt 0.378281 0.234867
vt 0.157826 0.239376
vt 0.250028 0.246228
vt 0.247481 0.232523
vt 0.248810 0.231361
vt 0.249415 0.226415
vt 0.249794 0.230001
vt 0.377091 0.226716
vt 0.377717 0.227209
vt 0.156508 0.240424
vt 0.156900 0.237607
vt 0.250074 0.240424
vt 0.378281 0.228640
vt 0.157336 0.234484
vt 0.250385 0.242660
vt 0.248104 0.226308
vt 0.248417 0.228544
vt 0.157772 0.231361
vt 0.335226 0.244898
vt 0.335790 0.246329
vt 0.158166 0.228544
vt 0.336416 0.246822
vt 0.158479 0.226308
vt 0.337041 0.246329
vt 0.375902 0.228640
vt 0.376466 0.227209
vt 0.337606 0.244898
vt 0.156197 0.242660
vt 0.377717 0.221286
vt 0.377717 0.215980
vt 0.378281 0.217815
vt 0.378281 0.222930
vt 0.157511 0.223180
vt 0.157783 0.220612
vt 0.336416 0.243831
vt 0.337041 0.243264
vt 0.375902 0.222930
vt 0.376466 0.221286
vt 0.337606 0.241620
vt 0.377091 0.220719
vt 0.155798 0.239390
vt 0.156068 0.236823
vt 0.250173 0.233587
vt 0.156409 0.233587
vt 0.250514 0.236822
vt 0.156788 0.230001
vt 0.250785 0.239390
vt 0.248799 0.220612
vt 0.249072 0.223180
vt 0.157168 0.226415
vt 0.335226 0.241620
vt 0.335790 0.243264
vt 0.375902 0.217815
vt 0.375902 0.213364
vt 0.376466 0.211362
vt 0.376466 0.215980
vt 0.155874 0.229988
vt 0.156191 0.225987
vt 0.250994 0.233598
vt 0.251220 0.236462
vt 0.249558 0.215512
vt 0.249786 0.218377
vt 0.156509 0.221986
vt 0.335226 0.238683
vt 0.335790 0.240519
vt 0.250073 0.221986
vt 0.156796 0.218377
vt 0.336416 0.241152
vt 0.250391 0.225987
vt 0.157024 0.215512
vt 0.337041 0.240519
vt 0.337606 0.238683
vt 0.377091 0.215347
vt 0.155362 0.236462
vt 0.155588 0.233598
vt 0.250708 0.229988
vt 0.155553 0.222497
vt 0.154881 0.219578
vt 0.155063 0.214914
vt 0.155804 0.218135
vt 0.337041 0.238130
vt 0.337606 0.236128
vt 0.377091 0.210672
vt 0.154896 0.233916
vt 0.155075 0.230794
vt 0.251030 0.222497
vt 0.251281 0.226859
vt 0.377717 0.211362
vt 0.155301 0.226859
vt 0.251507 0.230793
vt 0.378281 0.213364
vt 0.251686 0.233916
vt 0.250370 0.211078
vt 0.250551 0.214200
vt 0.335226 0.236128
vt 0.335790 0.238130
vt 0.250778 0.218135
vt 0.156032 0.214200
vt 0.336416 0.238820
vt 0.156213 0.211078
vt 0.154406 0.231787
vt 0.153899 0.230102
vt 0.153977 0.226593
vt 0.154536 0.228448
vt 0.252176 0.231786
vt 0.252259 0.233930
vt 0.251801 0.235921
vt 0.251354 0.210707
vt 0.251519 0.214914
vt 0.155228 0.210707
vt 0.335790 0.236130
vt 0.336416 0.236868
vt 0.251701 0.219577
vt 0.155360 0.207368
vt 0.337041 0.236130
vt 0.155444 0.205225
vt 0.156330 0.209073
vt 0.154782 0.235921
vt 0.154324 0.233930
vt 0.376466 0.207496
vt 0.377091 0.206758
vt 0.251883 0.224241
vt 0.377717 0.207496
vt 0.154699 0.224241
vt 0.252047 0.228448
vt 0.250253 0.209073
vt 0.251138 0.205225
vt 0.251223 0.207368
vt 0.335790 0.234546
vt 0.335790 0.032622
vt 0.336416 0.033398
vt 0.336416 0.235322
vt 0.252397 0.217268
vt 0.252507 0.222170
vt 0.377091 0.203657
vt 0.377717 0.204433
vt 0.154076 0.222170
vt 0.252606 0.226592
vt 0.252055 0.202181
vt 0.252106 0.204434
vt 0.154186 0.217268
vt 0.252683 0.230102
vt 0.252186 0.207944
vt 0.154296 0.212366
vt 0.252733 0.232355
vt 0.252286 0.212366
vt 0.154396 0.207944
vt 0.154476 0.204434
vt 0.337041 0.234546
vt 0.154528 0.202181
vt 0.153850 0.232355
vt 0.376466 0.204433
vt 0.334391 0.017545
vt 0.334490 0.012646
vt 0.334778 0.008227
vt 0.335226 0.004720
vt 0.335790 0.002468
vt 0.336416 0.001692
vt 0.337041 0.002468
vt 0.337606 0.004720
vt 0.338054 0.008227
vt 0.338341 0.012646
vt 0.338440 0.017545
vt 0.338341 0.022444
vt 0.338054 0.026863
vt 0.337606 0.030370
vt 0.337041 0.032622
vt 0.335226 0.030370
vt 0.334778 0.026863
vt 0.334490 0.022444
vt 0.323127 0.011877
vt 0.323238 0.016779
vt 0.083555 0.007455
vt 0.083635 0.003946
vt 0.083687 0.001692
vt 0.083009 0.031867
vt 0.083058 0.029613
vt 0.376466 0.002468
vt 0.377091 0.001692
vt 0.083136 0.026104
vt 0.323348 0.021682
vt 0.377717 0.002468
vt 0.083235 0.021682
vt 0.323446 0.026104
vt 0.322895 0.001692
vt 0.322947 0.003945
vt 0.083345 0.016780
vt 0.323524 0.029613
vt 0.323027 0.007455
vt 0.083455 0.011877
vt 0.323574 0.031866
vt 0.381666 0.449883
vt 0.401910 0.449883
vt 0.401910 0.452301
vt 0.381666 0.452301
vt 0.398536 0.459780
vt 0.381666 0.459780
vt 0.381666 0.458216
vt 0.398536 0.458216
vt 0.381666 0.456805
vt 0.398536 0.456805
vt 0.381666 0.455685
vt 0.398536 0.455685
vt 0.341825 0.018311
vt 0.344726 0.001692
vt 0.346101 0.001932
vt 0.343199 0.018551
vt 0.347624 0.002198
vt 0.344722 0.018817
vt 0.381666 0.469902
vt 0.398536 0.469902
vt 0.398536 0.471466
vt 0.381666 0.471466
vt 0.398536 0.472876
vt 0.381666 0.472876
vt 0.398536 0.473996
vt 0.381666 0.473996
vt 0.363851 0.215946
vt 0.366753 0.232564
vt 0.365378 0.232804
vt 0.362476 0.216186
vt 0.363855 0.233070
vt 0.360954 0.216452
vt 0.346176 0.219032
vt 0.349077 0.235650
vt 0.381666 0.434882
vt 0.381914 0.433337
vt 0.382632 0.431943
vt 0.383752 0.430836
vt 0.385163 0.430126
vt 0.386727 0.429881
vt 0.396849 0.429881
vt 0.398413 0.430126
vt 0.399823 0.430836
vt 0.400943 0.431943
vt 0.401662 0.433337
vt 0.401910 0.434882
vt 0.359500 0.021397
vt 0.362402 0.004778
vt 0.401910 0.406495
vt 0.401910 0.421496
vt 0.401662 0.423042
vt 0.400943 0.424435
vt 0.399823 0.425542
vt 0.398413 0.426252
vt 0.396849 0.426497
vt 0.386727 0.426497
vt 0.385163 0.426252
vt 0.383752 0.425542
vt 0.382632 0.424435
vt 0.381914 0.423042
vt 0.381666 0.421496
vt 0.381666 0.406495
vt 0.381666 0.001692
vt 0.401910 0.001692
vt 0.401910 0.008651
vt 0.381666 0.008651
vt 0.347042 0.238052
vt 0.343803 0.221832
vt 0.364774 0.007578
vt 0.361535 0.023798
vt 0.381666 0.403676
vt 0.401910 0.403676
vt 0.401910 0.019941
vt 0.381666 0.019941
vt 0.381666 0.210956
vt 0.401910 0.210956
vt 0.401910 0.216923
vt 0.381666 0.216923
vt 0.345782 0.244330
vt 0.342334 0.229152
vt 0.366244 0.014898
vt 0.362796 0.030076
vt 0.341825 0.240701
vt 0.345345 0.254235
vt 0.345750 0.267375
vt 0.342297 0.256021
vt 0.401910 0.226605
vt 0.381666 0.226605
vt 0.366753 0.026447
vt 0.363232 0.039982
vt 0.381666 0.035115
vt 0.401910 0.035115
vt 0.401910 0.053571
vt 0.381666 0.053571
vt 0.366281 0.041768
vt 0.362827 0.053122
vt 0.401910 0.239618
vt 0.381666 0.239618
vt 0.381666 0.255447
vt 0.401910 0.255447
vt 0.401910 0.273463
vt 0.381666 0.273463
vt 0.346980 0.283229
vt 0.343731 0.274505
vt 0.364846 0.060252
vt 0.361597 0.068976
vt 0.346071 0.295421
vt 0.348987 0.301168
vt 0.351691 0.320480
vt 0.349223 0.317937
vt 0.362506 0.081167
vt 0.359590 0.086914
vt 0.401910 0.074577
vt 0.381666 0.074577
vt 0.381666 0.097301
vt 0.401910 0.097301
vt 0.401910 0.204643
vt 0.381666 0.204643
vt 0.359354 0.103684
vt 0.356886 0.106227
vt 0.401910 0.292952
vt 0.381666 0.292952
vt 0.381666 0.207571
vt 0.401910 0.207571
vt 0.401910 0.400292
vt 0.381666 0.400292
vt 0.366753 0.426815
vt 0.364285 0.424272
vt 0.344292 0.210018
vt 0.341825 0.212561
vt 0.902218 0.501352
vt 0.902183 0.530746
vt 0.931629 0.530613
vt 0.931912 0.501468
vt 0.902107 0.555438
vt 0.931023 0.554725
vt 0.955711 0.530412
vt 0.956570 0.501803
vt 0.953794 0.553191
vt 0.868751 0.468350
vt 0.868751 0.501335
vt 0.902223 0.468372
vt 0.868751 0.530765
vt 0.868751 0.555540
vt 0.868751 0.574564
vt 0.902061 0.574368
vt 0.930659 0.572999
vt 0.952463 0.569622
vt 0.965216 0.565429
vt 0.969797 0.552552
vt 0.973486 0.530822
vt 0.974982 0.502555
vt 0.956693 0.468935
vt 0.975196 0.469736
vt 0.931953 0.468523
vt 0.986151 0.506861
vt 0.989876 0.505393
vt 0.987854 0.534113
vt 0.984257 0.535246
vt 0.986151 0.503845
vt 0.984257 0.532344
vt 0.982380 0.557181
vt 0.979198 0.557462
vt 0.979198 0.554816
vt 0.975196 0.475282
vt 0.986422 0.474025
vt 0.974982 0.508071
vt 0.990164 0.472509
vt 0.986422 0.470993
vt 0.969583 0.570575
vt 0.971777 0.573969
vt 0.969583 0.573043
vt 0.969797 0.557347
vt 0.965216 0.569588
vt 0.973486 0.536130
vt 0.689040 0.589634
vt 0.688999 0.591793
vt 0.659836 0.589803
vt 0.660159 0.587710
vt 0.689040 0.586618
vt 0.660159 0.584809
vt 0.636412 0.584411
vt 0.637470 0.582601
vt 0.637470 0.579955
vt 0.722390 0.580109
vt 0.722390 0.589908
vt 0.689080 0.579884
vt 0.722390 0.592078
vt 0.722390 0.586876
vt 0.722390 0.574564
vt 0.689080 0.574368
vt 0.660483 0.572999
vt 0.638678 0.569622
vt 0.625925 0.565429
vt 0.621558 0.570575
vt 0.619365 0.573969
vt 0.621558 0.573043
vt 0.638678 0.574417
vt 0.625925 0.569588
vt 0.660483 0.578307
vt 0.902218 0.299529
vt 0.902183 0.270135
vt 0.931629 0.270268
vt 0.931912 0.299413
vt 0.902107 0.245442
vt 0.931023 0.246156
vt 0.955711 0.270469
vt 0.956570 0.299078
vt 0.953794 0.247690
vt 0.868751 0.332530
vt 0.868751 0.299546
vt 0.902223 0.332509
vt 0.868751 0.270116
vt 0.868751 0.245340
vt 0.868751 0.226317
vt 0.902061 0.226513
vt 0.930659 0.227882
vt 0.952463 0.231259
vt 0.965216 0.235451
vt 0.969797 0.248329
vt 0.973486 0.270058
vt 0.974982 0.298325
vt 0.956693 0.331945
vt 0.975196 0.331144
vt 0.931953 0.332357
vt 0.902102 0.214263
vt 0.902142 0.209087
vt 0.931306 0.211078
vt 0.930982 0.216072
vt 0.902102 0.211247
vt 0.930982 0.213170
vt 0.954729 0.216470
vt 0.953672 0.220926
vt 0.953672 0.218280
vt 0.868751 0.214005
vt 0.868751 0.208803
vt 0.868751 0.210972
vt 0.868751 0.220772
vt 0.902061 0.220997
vt 0.930659 0.222574
vt 0.952463 0.226463
vt 0.965216 0.231292
vt 0.969583 0.227838
vt 0.971777 0.226911
vt 0.969583 0.230305
vt 0.604990 0.297036
vt 0.601266 0.295488
vt 0.603287 0.266767
vt 0.606885 0.268537
vt 0.604990 0.294020
vt 0.606885 0.265635
vt 0.608762 0.243700
vt 0.611944 0.246064
vt 0.611944 0.243418
vt 0.615946 0.331144
vt 0.604719 0.329888
vt 0.616160 0.298325
vt 0.600977 0.328372
vt 0.604719 0.326855
vt 0.615946 0.325599
vt 0.616160 0.292810
vt 0.617655 0.264751
vt 0.621345 0.243534
vt 0.625925 0.231292
vt 0.621558 0.227838
vt 0.619365 0.226911
vt 0.621558 0.230305
vt 0.621345 0.248329
vt 0.625925 0.235451
vt 0.617655 0.270058
vt 0.637470 0.220926
vt 0.636412 0.216470
vt 0.659836 0.211078
vt 0.660159 0.216072
vt 0.637470 0.218280
vt 0.660159 0.213170
vt 0.688999 0.209087
vt 0.689040 0.214263
vt 0.689040 0.211247
vt 0.638678 0.231259
vt 0.638678 0.226463
vt 0.660483 0.222574
vt 0.689080 0.220997
vt 0.722390 0.220772
vt 0.722390 0.210972
vt 0.722390 0.208803
vt 0.722390 0.214005
vt 0.689080 0.226513
vt 0.722390 0.226317
vt 0.660483 0.227882
vt 0.758357 0.214005
vt 0.758357 0.208803
vt 0.795571 0.208803
vt 0.795571 0.214005
vt 0.758357 0.210972
vt 0.795571 0.210972
vt 0.832785 0.208803
vt 0.832785 0.214005
vt 0.832785 0.210972
vt 0.758357 0.226317
vt 0.758357 0.220772
vt 0.795571 0.220772
vt 0.832785 0.220772
vt 0.832785 0.226317
vt 0.795571 0.226317
vt 0.634572 0.299078
vt 0.635431 0.270469
vt 0.659512 0.270268
vt 0.659229 0.299413
vt 0.637347 0.247690
vt 0.660119 0.246156
vt 0.688959 0.270135
vt 0.688924 0.299529
vt 0.689035 0.245442
vt 0.634449 0.331945
vt 0.722390 0.245340
vt 0.722390 0.270116
vt 0.722390 0.299546
vt 0.688919 0.332509
vt 0.722390 0.332530
vt 0.659189 0.332357
vt 0.758357 0.299546
vt 0.758357 0.270116
vt 0.795571 0.270116
vt 0.795571 0.299546
vt 0.758357 0.245340
vt 0.795571 0.245340
vt 0.832785 0.270116
vt 0.832785 0.299546
vt 0.832785 0.245340
vt 0.758357 0.332530
vt 0.832785 0.332530
vt 0.795571 0.332530
vt 0.953672 0.582601
vt 0.954729 0.584411
vt 0.931306 0.589803
vt 0.930982 0.587710
vt 0.953672 0.579955
vt 0.930982 0.584809
vt 0.902142 0.591793
vt 0.902102 0.589634
vt 0.902102 0.586618
vt 0.952463 0.574417
vt 0.868751 0.586876
vt 0.868751 0.592078
vt 0.868751 0.589908
vt 0.902061 0.579884
vt 0.868751 0.580109
vt 0.930659 0.578307
vt 0.832785 0.589908
vt 0.832785 0.592078
vt 0.795571 0.592078
vt 0.795571 0.589908
vt 0.832785 0.586876
vt 0.795571 0.586876
vt 0.758357 0.592078
vt 0.758357 0.589908
vt 0.758357 0.586876
vt 0.832785 0.580109
vt 0.832785 0.574564
vt 0.795571 0.574564
vt 0.758357 0.574564
vt 0.758357 0.580109
vt 0.795571 0.580109
vt 0.634572 0.501803
vt 0.635431 0.530412
vt 0.659512 0.530613
vt 0.659229 0.501468
vt 0.637347 0.553191
vt 0.660119 0.554725
vt 0.688959 0.530746
vt 0.688924 0.501352
vt 0.689035 0.555438
vt 0.615946 0.469736
vt 0.616160 0.502555
vt 0.634449 0.468935
vt 0.617655 0.530822
vt 0.621345 0.552552
vt 0.722390 0.555540
vt 0.722390 0.530765
vt 0.722390 0.501335
vt 0.688919 0.468372
vt 0.722390 0.468350
vt 0.659189 0.468523
vt 0.758357 0.501335
vt 0.758357 0.530765
vt 0.795571 0.530765
vt 0.795571 0.501335
vt 0.758357 0.555540
vt 0.795571 0.555540
vt 0.832785 0.530765
vt 0.832785 0.501335
vt 0.832785 0.555540
vt 0.758357 0.468350
vt 0.832785 0.468350
vt 0.795571 0.468350
vt 0.758357 0.238192
vt 0.758357 0.262145
vt 0.795571 0.262145
vt 0.795571 0.238192
vt 0.758357 0.291271
vt 0.795571 0.291271
vt 0.832785 0.262145
vt 0.832785 0.238192
vt 0.832785 0.291271
vt 0.722390 0.238192
vt 0.722390 0.262145
vt 0.722390 0.291271
vt 0.722390 0.324213
vt 0.758357 0.324213
vt 0.795571 0.324213
vt 0.832785 0.324213
vt 0.868751 0.324213
vt 0.868751 0.291271
vt 0.868751 0.262145
vt 0.868751 0.238192
vt 0.758357 0.359633
vt 0.758357 0.396281
vt 0.795571 0.396281
vt 0.795571 0.359633
vt 0.758357 0.432930
vt 0.795571 0.432930
vt 0.832785 0.396281
vt 0.832785 0.359633
vt 0.832785 0.432930
vt 0.722390 0.359633
vt 0.722390 0.396281
vt 0.722390 0.432930
vt 0.868751 0.432930
vt 0.868751 0.396281
vt 0.868751 0.359633
vt 0.637347 0.241551
vt 0.635431 0.263623
vt 0.659512 0.262630
vt 0.660119 0.239310
vt 0.634572 0.291968
vt 0.659229 0.291483
vt 0.688959 0.262205
vt 0.689035 0.238332
vt 0.688924 0.291298
vt 0.634449 0.324798
vt 0.659189 0.324386
vt 0.688919 0.324234
vt 0.634449 0.360218
vt 0.634449 0.396866
vt 0.659189 0.396455
vt 0.659189 0.359806
vt 0.634449 0.433515
vt 0.659189 0.433103
vt 0.688919 0.396303
vt 0.688919 0.359655
vt 0.688919 0.432952
vt 0.615946 0.361019
vt 0.615946 0.397668
vt 0.615946 0.434316
vt 0.758357 0.562688
vt 0.758357 0.538736
vt 0.795571 0.538736
vt 0.795571 0.562688
vt 0.758357 0.509609
vt 0.795571 0.509609
vt 0.832785 0.538736
vt 0.832785 0.562688
vt 0.832785 0.509609
vt 0.722390 0.562688
vt 0.722390 0.538736
vt 0.722390 0.509609
vt 0.722390 0.476668
vt 0.758357 0.476668
vt 0.795571 0.476668
vt 0.832785 0.476668
vt 0.868751 0.476668
vt 0.868751 0.509609
vt 0.868751 0.538736
vt 0.868751 0.562688
vt 0.758357 0.441248
vt 0.758357 0.404599
vt 0.795571 0.404599
vt 0.795571 0.441248
vt 0.758357 0.367951
vt 0.795571 0.367951
vt 0.832785 0.404599
vt 0.832785 0.441248
vt 0.832785 0.367951
vt 0.722390 0.441248
vt 0.722390 0.404599
vt 0.722390 0.367951
vt 0.868751 0.367951
vt 0.868751 0.404599
vt 0.868751 0.441248
vt 0.637347 0.559330
vt 0.635431 0.537257
vt 0.659512 0.538250
vt 0.660119 0.561570
vt 0.634572 0.508913
vt 0.659229 0.509397
vt 0.688959 0.538675
vt 0.689035 0.562548
vt 0.688924 0.509583
vt 0.621345 0.557347
vt 0.617655 0.536130
vt 0.616160 0.508071
vt 0.615946 0.475282
vt 0.634449 0.476083
vt 0.659189 0.476495
vt 0.688919 0.476646
vt 0.634449 0.440663
vt 0.634449 0.404014
vt 0.659189 0.404426
vt 0.659189 0.441074
vt 0.634449 0.367366
vt 0.659189 0.367777
vt 0.688919 0.404578
vt 0.688919 0.441226
vt 0.688919 0.367929
vt 0.615946 0.439861
vt 0.615946 0.403213
vt 0.615946 0.366564
vt 0.611944 0.557462
vt 0.608762 0.557181
vt 0.603287 0.534113
vt 0.606885 0.535246
vt 0.611944 0.554816
vt 0.606885 0.532344
vt 0.601266 0.505393
vt 0.604990 0.506861
vt 0.604990 0.503845
vt 0.604719 0.470993
vt 0.600977 0.472509
vt 0.604719 0.474025
vt 0.604719 0.438605
vt 0.600977 0.437089
vt 0.600977 0.400440
vt 0.604719 0.401957
vt 0.604719 0.435573
vt 0.604719 0.398924
vt 0.600977 0.363792
vt 0.604719 0.365308
vt 0.604719 0.362275
vt 0.902107 0.562548
vt 0.902183 0.538675
vt 0.931629 0.538250
vt 0.931023 0.561570
vt 0.902218 0.509583
vt 0.931912 0.509397
vt 0.955711 0.537257
vt 0.953794 0.559330
vt 0.956570 0.508913
vt 0.902223 0.476646
vt 0.931953 0.476495
vt 0.956693 0.476083
vt 0.902223 0.441226
vt 0.902223 0.404578
vt 0.931953 0.404426
vt 0.931953 0.441074
vt 0.902223 0.367929
vt 0.931953 0.367777
vt 0.956693 0.404014
vt 0.956693 0.440663
vt 0.956693 0.367366
vt 0.975196 0.366564
vt 0.975196 0.403213
vt 0.975196 0.439861
vt 0.979198 0.246064
vt 0.982380 0.243700
vt 0.987854 0.266767
vt 0.984257 0.268537
vt 0.979198 0.243418
vt 0.984257 0.265635
vt 0.989876 0.295488
vt 0.986151 0.297036
vt 0.986151 0.294020
vt 0.969797 0.243534
vt 0.973486 0.264751
vt 0.974982 0.292810
vt 0.975196 0.325599
vt 0.986422 0.326855
vt 0.990164 0.328372
vt 0.986422 0.329888
vt 0.986422 0.365308
vt 0.990164 0.363792
vt 0.990164 0.400440
vt 0.986422 0.401957
vt 0.986422 0.362275
vt 0.986422 0.398924
vt 0.990164 0.437089
vt 0.986422 0.438605
vt 0.986422 0.435573
vt 0.975196 0.361019
vt 0.975196 0.397668
vt 0.975196 0.434316
vt 0.902107 0.238332
vt 0.902183 0.262205
vt 0.931629 0.262630
vt 0.931023 0.239310
vt 0.902218 0.291298
vt 0.931912 0.291483
vt 0.955711 0.263623
vt 0.953794 0.241551
vt 0.956570 0.291968
vt 0.902223 0.324234
vt 0.931953 0.324386
vt 0.956693 0.324798
vt 0.902223 0.359655
vt 0.902223 0.396303
vt 0.931953 0.396455
vt 0.931953 0.359806
vt 0.902223 0.432952
vt 0.931953 0.433103
vt 0.956693 0.396866
vt 0.956693 0.360218
vt 0.956693 0.433515
vt 0.121068 0.506177
vt 0.089612 0.506140
vt 0.089912 0.537333
vt 0.121105 0.537633
vt 0.063491 0.506059
vt 0.064401 0.536691
vt 0.090554 0.562844
vt 0.121186 0.563754
vt 0.066431 0.560814
vt 0.156520 0.470725
vt 0.121062 0.470725
vt 0.156520 0.506183
vt 0.089569 0.470725
vt 0.063361 0.470725
vt 0.043760 0.470725
vt 0.043987 0.506011
vt 0.045571 0.536306
vt 0.049479 0.559404
vt 0.054332 0.572913
vt 0.067841 0.577766
vt 0.090939 0.581674
vt 0.121234 0.583258
vt 0.156520 0.563884
vt 0.156520 0.583485
vt 0.156520 0.537676
vt 0.121191 0.595091
vt 0.121148 0.599036
vt 0.090254 0.596895
vt 0.090597 0.593083
vt 0.090597 0.593083
vt 0.065441 0.591095
vt 0.066561 0.587725
vt 0.066561 0.587724
vt 0.156520 0.595377
vt 0.156520 0.599342
vt 0.156520 0.595377
vt 0.049706 0.577539
vt 0.047382 0.579863
vt 0.049706 0.577539
vt 0.090939 0.581674
vt 0.032154 0.280351
vt 0.028209 0.280308
vt 0.030351 0.249414
vt 0.034162 0.249757
vt 0.032155 0.280351
vt 0.036150 0.224601
vt 0.039521 0.225721
vt 0.043760 0.315680
vt 0.031868 0.315680
vt 0.043987 0.280394
vt 0.027904 0.315680
vt 0.031868 0.315680
vt 0.043987 0.280394
vt 0.045571 0.250099
vt 0.049479 0.227001
vt 0.054332 0.213492
vt 0.049706 0.208866
vt 0.047382 0.206542
vt 0.049479 0.227001
vt 0.347017 0.506177
vt 0.378473 0.506140
vt 0.378173 0.537333
vt 0.346980 0.537633
vt 0.404594 0.506059
vt 0.403684 0.536691
vt 0.377531 0.562844
vt 0.346899 0.563754
vt 0.401654 0.560814
vt 0.311565 0.470725
vt 0.347023 0.470725
vt 0.311565 0.506183
vt 0.378516 0.470725
vt 0.404724 0.470725
vt 0.424325 0.470725
vt 0.424098 0.506011
vt 0.422514 0.536306
vt 0.418606 0.559404
vt 0.413754 0.572913
vt 0.400244 0.577766
vt 0.377146 0.581674
vt 0.346851 0.583258
vt 0.311565 0.563884
vt 0.311565 0.583485
vt 0.311565 0.537676
vt 0.435931 0.506054
vt 0.439876 0.506097
vt 0.437735 0.536991
vt 0.433923 0.536648
vt 0.431935 0.561804
vt 0.428565 0.560684
vt 0.436217 0.470725
vt 0.440182 0.470725
vt 0.424325 0.470725
vt 0.418379 0.577539
vt 0.420703 0.579863
vt 0.346894 0.191314
vt 0.346937 0.187369
vt 0.377831 0.189511
vt 0.377488 0.193322
vt 0.402644 0.195310
vt 0.401524 0.198681
vt 0.311565 0.202920
vt 0.311565 0.191028
vt 0.346851 0.203147
vt 0.311565 0.187063
vt 0.377146 0.204731
vt 0.400244 0.208639
vt 0.413754 0.213492
vt 0.418379 0.208866
vt 0.420703 0.206542
vt 0.400244 0.208639
vt 0.428564 0.225721
vt 0.431935 0.224601
vt 0.437735 0.249414
vt 0.433923 0.249757
vt 0.428565 0.225721
vt 0.439876 0.280308
vt 0.435931 0.280351
vt 0.418606 0.227001
vt 0.422514 0.250099
vt 0.424098 0.280394
vt 0.424325 0.315680
vt 0.436217 0.315680
vt 0.440182 0.315680
vt 0.424325 0.315680
vt 0.436217 0.353781
vt 0.440182 0.353781
vt 0.440182 0.393203
vt 0.436217 0.393203
vt 0.436217 0.393202
vt 0.440182 0.432624
vt 0.436217 0.432624
vt 0.424325 0.353781
vt 0.424325 0.393203
vt 0.424325 0.432624
vt 0.346899 0.222651
vt 0.377531 0.223561
vt 0.378173 0.249072
vt 0.346980 0.248772
vt 0.401654 0.225591
vt 0.403684 0.249714
vt 0.378473 0.280265
vt 0.347017 0.280228
vt 0.404594 0.280346
vt 0.311565 0.222521
vt 0.404724 0.315680
vt 0.378516 0.315680
vt 0.347023 0.315680
vt 0.311565 0.280222
vt 0.311565 0.315680
vt 0.311565 0.248729
vt 0.347023 0.353781
vt 0.378516 0.353781
vt 0.378516 0.393203
vt 0.347023 0.393203
vt 0.404724 0.353781
vt 0.404724 0.393202
vt 0.378516 0.432624
vt 0.347023 0.432624
vt 0.404724 0.432624
vt 0.311565 0.353781
vt 0.311565 0.432624
vt 0.311565 0.393203
vt 0.039521 0.560684
vt 0.036150 0.561804
vt 0.030351 0.536991
vt 0.034162 0.536648
vt 0.028209 0.506097
vt 0.032154 0.506054
vt 0.049479 0.559404
vt 0.031868 0.470725
vt 0.027904 0.470725
vt 0.031868 0.470725
vt 0.043987 0.506011
vt 0.031868 0.432624
vt 0.027904 0.432624
vt 0.027904 0.393203
vt 0.031868 0.393203
vt 0.031868 0.432624
vt 0.031868 0.393203
vt 0.027904 0.353781
vt 0.031868 0.353781
vt 0.031868 0.353781
vt 0.043760 0.432624
vt 0.043760 0.393203
vt 0.043760 0.353781
vt 0.121186 0.222651
vt 0.090554 0.223561
vt 0.089912 0.249072
vt 0.121105 0.248772
vt 0.066431 0.225591
vt 0.064401 0.249714
vt 0.089612 0.280265
vt 0.121068 0.280228
vt 0.063491 0.280346
vt 0.156520 0.202920
vt 0.121234 0.203147
vt 0.156520 0.222521
vt 0.090939 0.204731
vt 0.067841 0.208639
vt 0.063361 0.315680
vt 0.089569 0.315680
vt 0.121062 0.315680
vt 0.156520 0.280222
vt 0.156520 0.315680
vt 0.156520 0.248729
vt 0.121062 0.353781
vt 0.089569 0.353781
vt 0.089569 0.393203
vt 0.121062 0.393203
vt 0.063361 0.353781
vt 0.063361 0.393203
vt 0.089569 0.432624
vt 0.121062 0.432624
vt 0.063361 0.432624
vt 0.156520 0.353781
vt 0.156520 0.432624
vt 0.156520 0.393203
vt 0.404724 0.393203
vt 0.347023 0.393202
vt 0.347023 0.315680
vt 0.273465 0.353781
vt 0.234043 0.353781
vt 0.234043 0.393203
vt 0.273465 0.393203
vt 0.194621 0.353781
vt 0.194621 0.393202
vt 0.234043 0.432624
vt 0.273465 0.432624
vt 0.194621 0.432624
vt 0.273465 0.315680
vt 0.234043 0.315680
vt 0.194621 0.315680
vt 0.194621 0.470725
vt 0.234043 0.470725
vt 0.273465 0.470725
vt 0.273465 0.222521
vt 0.234043 0.222521
vt 0.234043 0.248729
vt 0.273465 0.248729
vt 0.194621 0.222521
vt 0.194621 0.248729
vt 0.234043 0.280222
vt 0.273465 0.280222
vt 0.194621 0.280222
vt 0.273465 0.202920
vt 0.234043 0.202920
vt 0.194621 0.202920
vt 0.089569 0.353781
vt 0.121062 0.393202
vt 0.089569 0.315680
vt 0.089569 0.470725
vt 0.194621 0.393203
vt 0.273465 0.393202
vt 0.194621 0.315680
vt 0.273465 0.315680
vt 0.089912 0.249072
vt 0.064401 0.249714
vt 0.063491 0.280346
vt 0.067841 0.208639
vt 0.090939 0.204731
vt 0.156520 0.248729
vt 0.156520 0.280222
vt 0.234043 0.248729
vt 0.066561 0.198681
vt 0.065441 0.195310
vt 0.090254 0.189511
vt 0.090597 0.193322
vt 0.090597 0.193322
vt 0.121148 0.187369
vt 0.121191 0.191314
vt 0.156520 0.191028
vt 0.156520 0.187063
vt 0.194621 0.191028
vt 0.194621 0.187063
vt 0.234043 0.187063
vt 0.234043 0.191028
vt 0.234043 0.191028
vt 0.273465 0.187063
vt 0.273465 0.191028
vt 0.063491 0.506059
vt 0.089912 0.537333
vt 0.121068 0.506177
vt 0.156520 0.506183
vt 0.194621 0.506183
vt 0.234043 0.506183
vt 0.234043 0.537676
vt 0.194621 0.537676
vt 0.273465 0.506183
vt 0.273465 0.537676
vt 0.234043 0.563884
vt 0.194621 0.563884
vt 0.273465 0.563884
vt 0.273465 0.583485
vt 0.234043 0.583485
vt 0.194621 0.583485
vt 0.401524 0.587724
vt 0.402644 0.591095
vt 0.377831 0.596895
vt 0.377488 0.593083
vt 0.346937 0.599036
vt 0.346894 0.595091
vt 0.346851 0.583258
vt 0.311565 0.595377
vt 0.311565 0.599342
vt 0.273465 0.595377
vt 0.273465 0.599342
vt 0.234043 0.599342
vt 0.234043 0.595377
vt 0.234043 0.595377
vt 0.194621 0.599342
vt 0.194621 0.595377
vt 0.378173 0.537333
vt 0.234043 0.537676
s 1
usemtl blue_cloth
f 1393/1573/612 1394/1574/613 1397/1575/614 1396/1576/615
f 1394/1574/613 1395/1577/616 1398/1578/617 1397/1575/614
f 1396/1576/615 1397/1575/614 1400/1579/618 1399/1580/619
f 1397/1575/614 1398/1578/617 1401/1581/620 1400/1579/618
f 1211/1582/621 1341/1583/622 1393/1573/612 1390/1584/623
f 1341/1583/622 1340/1585/624 1394/1574/613 1393/1573/612
f 1340/1585/624 1339/1586/625 1395/1577/616 1394/1574/613
f 1339/1586/625 1193/1587/626 1263/1588/627 1395/1577/616
f 1395/1577/616 1263/1588/627 1262/1589/628 1398/1578/617
f 1398/1578/617 1262/1589/628 1261/1590/629 1401/1581/620
f 1401/1581/620 1261/1590/629 1187/1591/630 1233/1592/631
f 1400/1579/618 1401/1581/620 1233/1592/631 1232/1593/632
f 1399/1580/619 1400/1579/618 1232/1593/632 1231/1594/633
f 1392/1595/634 1399/1580/619 1231/1594/633 1200/1596/635
f 1391/1597/636 1396/1576/615 1399/1580/619 1392/1595/634
f 1390/1584/623 1393/1573/612 1396/1576/615 1391/1597/636
f 1402/1598/637 1403/1599/638 1406/1600/639 1405/1601/640
f 1403/1599/638 1404/1602/641 1407/1603/642 1406/1600/639
f 1405/1601/640 1406/1600/639 1409/1604/643 1408/1605/644
f 1406/1600/639 1407/1603/642 1410/1606/645 1409/1604/643
f 1201/1607/646 1386/1608/647 1402/1598/637 1311/1609/648
f 1386/1608/647 1385/1610/649 1403/1599/638 1402/1598/637
f 1385/1610/649 1384/1611/650 1404/1602/641 1403/1599/638
f 1384/1611/650 1200/1596/635 1231/1594/633 1404/1602/641
f 1404/1602/641 1231/1594/633 1232/1593/632 1407/1603/642
f 1407/1603/642 1232/1593/632 1233/1592/631 1410/1606/645
f 1410/1606/645 1233/1592/631 1187/1591/630 1224/1612/651
f 1409/1604/643 1410/1606/645 1224/1612/651 1223/1613/652
f 1408/1605/644 1409/1604/643 1223/1613/652 1222/1614/653
f 1309/1615/654 1408/1605/644 1222/1614/653 1188/1616/655
f 1310/1617/656 1405/1601/640 1408/1605/644 1309/1615/654
f 1311/1609/648 1402/1598/637 1405/1601/640 1310/1617/656
f 1411/1618/657 1412/1619/658 1415/1620/659 1414/1621/660
f 1412/1619/658 1413/1622/661 1416/1623/662 1415/1620/659
f 1414/1621/660 1415/1620/659 1418/1624/663 1417/1625/664
f 1415/1620/659 1416/1623/662 1419/1626/665 1418/1624/663
f 1189/1627/666 1290/1628/667 1411/1618/657 1251/1629/668
f 1290/1628/667 1289/1630/669 1412/1619/658 1411/1618/657
f 1289/1630/669 1288/1631/670 1413/1622/661 1412/1619/658
f 1288/1631/670 1194/1632/671 1240/1633/672 1413/1622/661
f 1413/1622/661 1240/1633/672 1241/1634/673 1416/1623/662
f 1416/1623/662 1241/1634/673 1242/1635/674 1419/1626/665
f 1419/1626/665 1242/1635/674 1185/1636/675 1228/1637/676
f 1418/1624/663 1419/1626/665 1228/1637/676 1229/1638/677
f 1417/1625/664 1418/1624/663 1229/1638/677 1230/1639/678
f 1249/1640/679 1417/1625/664 1230/1639/678 1186/1641/680
f 1250/1642/681 1414/1621/660 1417/1625/664 1249/1640/679
f 1251/1629/668 1411/1618/657 1414/1621/660 1250/1642/681
f 1420/1643/682 1421/1644/683 1424/1645/684 1423/1646/685
f 1421/1644/683 1422/1647/686 1425/1648/687 1424/1645/684
f 1423/1646/685 1424/1645/684 1427/1649/688 1426/1650/689
f 1424/1645/684 1425/1648/687 1428/1651/690 1427/1649/688
f 1207/1652/691 1329/1653/692 1420/1643/682 1378/1654/693
f 1329/1653/692 1328/1655/694 1421/1644/683 1420/1643/682
f 1328/1655/694 1327/1656/695 1422/1647/686 1421/1644/683
f 1327/1656/695 1195/1657/696 1269/1658/697 1422/1647/686
f 1422/1647/686 1269/1658/697 1268/1659/698 1425/1648/687
f 1425/1648/687 1268/1659/698 1267/1660/699 1428/1651/690
f 1428/1651/690 1267/1660/699 1184/1661/700 1239/1662/701
f 1427/1649/688 1428/1651/690 1239/1662/701 1238/1663/702
f 1426/1650/689 1427/1649/688 1238/1663/702 1237/1664/703
f 1380/1665/704 1426/1650/689 1237/1664/703 1202/1666/705
f 1379/1667/706 1423/1646/685 1426/1650/689 1380/1665/704
f 1378/1654/693 1420/1643/682 1423/1646/685 1379/1667/706
f 1429/1668/707 1430/1669/708 1433/1670/709 1432/1671/710
f 1430/1669/708 1431/1672/711 1434/1673/712 1433/1670/709
f 1432/1671/710 1433/1670/709 1436/1674/713 1435/1675/714
f 1433/1670/709 1434/1673/712 1437/1676/715 1436/1674/713
f 1195/1657/696 1278/1677/716 1429/1668/707 1269/1658/697
f 1278/1677/716 1277/1678/717 1430/1669/708 1429/1668/707
f 1277/1678/717 1276/1679/718 1431/1672/711 1430/1669/708
f 1276/1679/718 1192/1680/719 1234/1681/720 1431/1672/711
f 1431/1672/711 1234/1681/720 1235/1682/721 1434/1673/712
f 1434/1673/712 1235/1682/721 1236/1683/722 1437/1676/715
f 1437/1676/715 1236/1683/722 1183/1684/723 1225/1685/724
f 1436/1674/713 1437/1676/715 1225/1685/724 1226/1686/725
f 1435/1675/714 1436/1674/713 1226/1686/725 1227/1687/726
f 1267/1660/699 1435/1675/714 1227/1687/726 1184/1661/700
f 1268/1659/698 1432/1671/710 1435/1675/714 1267/1660/699
f 1269/1658/697 1429/1668/707 1432/1671/710 1268/1659/698
f 1438/1688/727 1439/1689/728 1442/1690/729 1441/1691/730
f 1439/1689/728 1440/1692/731 1443/1693/732 1442/1690/729
f 1441/1691/730 1442/1690/729 1445/1694/733 1444/1695/734
f 1442/1690/729 1443/1693/732 1446/1696/735 1445/1694/733
f 1197/1697/736 1374/1698/737 1438/1688/727 1299/1699/738
f 1374/1698/737 1373/1700/739 1439/1689/728 1438/1688/727
f 1373/1700/739 1372/1701/740 1440/1692/731 1439/1689/728
f 1372/1701/740 1204/1702/741 1243/1703/742 1440/1692/731
f 1440/1692/731 1243/1703/742 1244/1704/743 1443/1693/732
f 1443/1693/732 1244/1704/743 1245/1705/744 1446/1696/735
f 1446/1696/735 1245/1705/744 1181/1706/745 1219/1707/746
f 1445/1694/733 1446/1696/735 1219/1707/746 1220/1708/747
f 1444/1695/734 1445/1694/733 1220/1708/747 1221/1709/748
f 1297/1710/749 1444/1695/734 1221/1709/748 1182/1711/750
f 1298/1712/751 1441/1691/730 1444/1695/734 1297/1710/749
f 1299/1699/738 1438/1688/727 1441/1691/730 1298/1712/751
f 1447/1713/752 1448/1714/753 1451/1715/754 1450/1716/755
f 1448/1714/753 1449/1717/756 1452/1718/757 1451/1715/754
f 1450/1716/755 1451/1715/754 1454/1719/758 1453/1720/759
f 1451/1715/754 1452/1718/757 1455/1721/760 1454/1719/758
f 1182/1711/750 1221/1709/748 1447/1713/752 1248/1722/761
f 1221/1709/748 1220/1708/747 1448/1714/753 1447/1713/752
f 1220/1708/747 1219/1707/746 1449/1717/756 1448/1714/753
f 1219/1707/746 1181/1706/745 1255/1723/762 1449/1717/756
f 1449/1717/756 1255/1723/762 1256/1724/763 1452/1718/757
f 1452/1718/757 1256/1724/763 1257/1725/764 1455/1721/760
f 1455/1721/760 1257/1725/764 1191/1726/765 1273/1727/766
f 1454/1719/758 1455/1721/760 1273/1727/766 1274/1728/767
f 1453/1720/759 1454/1719/758 1274/1728/767 1275/1729/768
f 1246/1730/769 1453/1720/759 1275/1729/768 1196/1731/770
f 1247/1732/771 1450/1716/755 1453/1720/759 1246/1730/769
f 1248/1722/761 1447/1713/752 1450/1716/755 1247/1732/771
f 1456/1733/772 1457/1734/283 1460/1735/283 1459/1736/772
f 1457/1734/283 1458/1737/773 1461/1738/773 1460/1735/283
f 1459/1736/772 1460/1735/283 1463/1739/283 1462/1740/772
f 1460/1735/283 1461/1738/773 1464/1741/773 1463/1739/283
f 1196/1731/770 1275/1729/768 1456/1733/772 1272/1742/774
f 1275/1729/768 1274/1728/767 1457/1734/283 1456/1733/772
f 1274/1728/767 1273/1727/766 1458/1737/773 1457/1734/283
f 1273/1727/766 1191/1726/765 1258/1743/775 1458/1737/773
f 1458/1737/773 1258/1743/775 1259/1744/775 1461/1738/773
f 1461/1738/773 1259/1744/775 1260/1745/775 1464/1741/773
f 1464/1741/773 1260/1745/775 1192/1680/719 1276/1679/718
f 1463/1739/283 1464/1741/773 1276/1679/718 1277/1678/717
f 1462/1740/772 1463/1739/283 1277/1678/717 1278/1677/716
f 1270/1746/774 1462/1740/772 1278/1677/716 1195/1657/696
f 1271/1747/774 1459/1736/772 1462/1740/772 1270/1746/774
f 1272/1742/774 1456/1733/772 1459/1736/772 1271/1747/774
f 1465/1748/776 1466/1749/777 1469/1750/778 1468/1751/779
f 1466/1749/777 1467/1752/780 1470/1753/781 1469/1750/778
f 1468/1751/779 1469/1750/778 1472/1754/782 1471/1755/783
f 1469/1750/778 1470/1753/781 1473/1756/784 1472/1754/782
f 1197/1697/736 1299/1699/738 1465/1748/776 1366/1757/785
f 1299/1699/738 1298/1712/751 1466/1749/777 1465/1748/776
f 1298/1712/751 1297/1710/749 1467/1752/780 1466/1749/777
f 1297/1710/749 1182/1711/750 1248/1722/761 1467/1752/780
f 1467/1752/780 1248/1722/761 1247/1732/771 1470/1753/781
f 1470/1753/781 1247/1732/771 1246/1730/769 1473/1756/784
f 1473/1756/784 1246/1730/769 1196/1731/770 1321/1758/786
f 1472/1754/782 1473/1756/784 1321/1758/786 1322/1759/787
f 1471/1755/783 1472/1754/782 1322/1759/787 1323/1760/788
f 1368/1761/789 1471/1755/783 1323/1760/788 1205/1762/790
f 1367/1763/791 1468/1751/779 1471/1755/783 1368/1761/789
f 1366/1757/785 1465/1748/776 1468/1751/779 1367/1763/791
f 1474/1764/792 1475/1765/793 1478/1766/793 1477/1767/792
f 1475/1765/793 1476/1768/794 1479/1769/794 1478/1766/793
f 1477/1767/792 1478/1766/793 1481/1770/793 1480/1771/792
f 1478/1766/793 1479/1769/794 1482/1772/794 1481/1770/793
f 1205/1762/790 1323/1760/788 1474/1764/792 1360/1773/795
f 1323/1760/788 1322/1759/787 1475/1765/793 1474/1764/792
f 1322/1759/787 1321/1758/786 1476/1768/794 1475/1765/793
f 1321/1758/786 1196/1731/770 1272/1742/774 1476/1768/794
f 1476/1768/794 1272/1742/774 1271/1747/774 1479/1769/794
f 1479/1769/794 1271/1747/774 1270/1746/774 1482/1772/794
f 1482/1772/794 1270/1746/774 1195/1657/696 1327/1656/695
f 1481/1770/793 1482/1772/794 1327/1656/695 1328/1655/694
f 1480/1771/792 1481/1770/793 1328/1655/694 1329/1653/692
f 1362/1774/795 1480/1771/792 1329/1653/692 1207/1652/691
f 1361/1775/795 1477/1767/792 1480/1771/792 1362/1774/795
f 1360/1773/795 1474/1764/792 1477/1767/792 1361/1775/795
f 1483/1776/796 1484/1777/797 1487/1778/798 1486/1779/799
f 1484/1777/797 1485/1780/800 1488/1781/801 1487/1778/798
f 1486/1779/799 1487/1778/798 1490/1782/802 1489/1783/803
f 1487/1778/798 1488/1781/801 1491/1784/804 1490/1782/802
f 1188/1616/655 1222/1614/653 1483/1776/796 1215/1785/805
f 1222/1614/653 1223/1613/652 1484/1777/797 1483/1776/796
f 1223/1613/652 1224/1612/651 1485/1780/800 1484/1777/797
f 1224/1612/651 1187/1591/630 1261/1590/629 1485/1780/800
f 1485/1780/800 1261/1590/629 1262/1589/628 1488/1781/801
f 1488/1781/801 1262/1589/628 1263/1588/627 1491/1784/804
f 1491/1784/804 1263/1588/627 1193/1587/626 1285/1786/806
f 1490/1782/802 1491/1784/804 1285/1786/806 1286/1787/807
f 1489/1783/803 1490/1782/802 1286/1787/807 1287/1788/808
f 1213/1789/809 1489/1783/803 1287/1788/808 1190/1790/810
f 1214/1791/811 1486/1779/799 1489/1783/803 1213/1789/809
f 1215/1785/805 1483/1776/796 1486/1779/799 1214/1791/811
f 1492/1792/812 1493/1793/813 1496/1794/813 1495/1795/812
f 1493/1793/813 1494/1796/814 1497/1797/814 1496/1794/813
f 1495/1795/812 1496/1794/813 1499/1798/813 1498/1799/812
f 1496/1794/813 1497/1797/814 1500/1800/814 1499/1798/813
f 1190/1790/810 1287/1788/808 1492/1792/812 1254/1801/815
f 1287/1788/808 1286/1787/807 1493/1793/813 1492/1792/812
f 1286/1787/807 1285/1786/806 1494/1796/814 1493/1793/813
f 1285/1786/806 1193/1587/626 1264/1802/816 1494/1796/814
f 1494/1796/814 1264/1802/816 1265/1803/816 1497/1797/814
f 1497/1797/814 1265/1803/816 1266/1804/816 1500/1800/814
f 1500/1800/814 1266/1804/816 1194/1632/671 1288/1631/670
f 1499/1798/813 1500/1800/814 1288/1631/670 1289/1630/669
f 1498/1799/812 1499/1798/813 1289/1630/669 1290/1628/667
f 1252/1805/815 1498/1799/812 1290/1628/667 1189/1627/666
f 1253/1806/815 1495/1795/812 1498/1799/812 1252/1805/815
f 1254/1801/815 1492/1792/812 1495/1795/812 1253/1806/815
f 1501/1807/817 1502/1808/818 1505/1809/819 1504/1810/820
f 1502/1808/818 1503/1811/821 1506/1812/822 1505/1809/819
f 1504/1810/820 1505/1809/819 1508/1813/823 1507/1814/824
f 1505/1809/819 1506/1812/822 1509/1815/825 1508/1813/823
f 1203/1816/826 1317/1817/827 1501/1807/817 1354/1818/828
f 1317/1817/827 1316/1819/829 1502/1808/818 1501/1807/817
f 1316/1819/829 1315/1820/830 1503/1811/821 1502/1808/818
f 1315/1820/830 1185/1636/675 1242/1635/674 1503/1811/821
f 1503/1811/821 1242/1635/674 1241/1634/673 1506/1812/822
f 1506/1812/822 1241/1634/673 1240/1633/672 1509/1815/825
f 1509/1815/825 1240/1633/672 1194/1632/671 1333/1821/831
f 1508/1813/823 1509/1815/825 1333/1821/831 1334/1822/832
f 1507/1814/824 1508/1813/823 1334/1822/832 1335/1823/833
f 1356/1824/834 1507/1814/824 1335/1823/833 1209/1825/835
f 1355/1826/836 1504/1810/820 1507/1814/824 1356/1824/834
f 1354/1818/828 1501/1807/817 1504/1810/820 1355/1826/836
f 1510/1827/837 1511/1828/838 1514/1829/838 1513/1830/837
f 1511/1828/838 1512/1831/839 1515/1832/839 1514/1829/838
f 1513/1830/837 1514/1829/838 1517/1833/838 1516/1834/837
f 1514/1829/838 1515/1832/839 1518/1835/839 1517/1833/838
f 1209/1825/835 1335/1823/833 1510/1827/837 1348/1836/840
f 1335/1823/833 1334/1822/832 1511/1828/838 1510/1827/837
f 1334/1822/832 1333/1821/831 1512/1831/839 1511/1828/838
f 1333/1821/831 1194/1632/671 1266/1804/816 1512/1831/839
f 1512/1831/839 1266/1804/816 1265/1803/816 1515/1832/839
f 1515/1832/839 1265/1803/816 1264/1802/816 1518/1835/839
f 1518/1835/839 1264/1802/816 1193/1587/626 1339/1586/625
f 1517/1833/838 1518/1835/839 1339/1586/625 1340/1585/624
f 1516/1834/837 1517/1833/838 1340/1585/624 1341/1583/622
f 1350/1837/840 1516/1834/837 1341/1583/622 1211/1582/621
f 1349/1838/840 1513/1830/837 1516/1834/837 1350/1837/840
f 1348/1836/840 1510/1827/837 1513/1830/837 1349/1838/840
f 1519/1839/841 1520/1840/842 1523/1841/842 1522/1842/841
f 1520/1840/842 1521/1843/843 1524/1844/843 1523/1841/842
f 1522/1842/841 1523/1841/842 1526/1845/842 1525/1846/841
f 1523/1841/842 1524/1844/843 1527/1847/843 1526/1845/842
f 1191/1726/765 1293/1848/844 1519/1839/841 1258/1743/775
f 1293/1848/844 1292/1849/845 1520/1840/842 1519/1839/841
f 1292/1849/845 1291/1850/846 1521/1843/843 1520/1840/842
f 1291/1850/846 1210/1851/847 1345/1852/848 1521/1843/843
f 1521/1843/843 1345/1852/848 1346/1853/848 1524/1844/843
f 1524/1844/843 1346/1853/848 1347/1854/848 1527/1847/843
f 1527/1847/843 1347/1854/848 1212/1855/849 1294/1856/850
f 1526/1845/842 1527/1847/843 1294/1856/850 1295/1857/851
f 1525/1846/841 1526/1845/842 1295/1857/851 1296/1858/852
f 1260/1745/775 1525/1846/841 1296/1858/852 1192/1680/719
f 1259/1744/775 1522/1842/841 1525/1846/841 1260/1745/775
f 1258/1743/775 1519/1839/841 1522/1842/841 1259/1744/775
f 1528/1859/265 1529/1860/265 1532/1861/265 1531/1862/265
f 1529/1860/265 1530/1863/265 1533/1864/265 1532/1861/265
f 1531/1862/265 1532/1861/265 1535/1865/265 1534/1866/265
f 1532/1861/265 1533/1864/265 1536/1867/265 1535/1865/265
f 1210/1851/847 1338/1868/853 1528/1859/265 1345/1852/848
f 1338/1868/853 1337/1869/853 1529/1860/265 1528/1859/265
f 1337/1869/853 1336/1870/853 1530/1863/265 1529/1860/265
f 1336/1870/853 1209/1825/835 1348/1836/840 1530/1863/265
f 1530/1863/265 1348/1836/840 1349/1838/840 1533/1864/265
f 1533/1864/265 1349/1838/840 1350/1837/840 1536/1867/265
f 1536/1867/265 1350/1837/840 1211/1582/621 1342/1871/854
f 1535/1865/265 1536/1867/265 1342/1871/854 1343/1872/854
f 1534/1866/265 1535/1865/265 1343/1872/854 1344/1873/854
f 1347/1854/848 1534/1866/265 1344/1873/854 1212/1855/849
f 1346/1853/848 1531/1862/265 1534/1866/265 1347/1854/848
f 1345/1852/848 1528/1859/265 1531/1862/265 1346/1853/848
f 1537/1874/855 1538/1875/856 1541/1876/857 1540/1877/858
f 1538/1875/856 1539/1878/859 1542/1879/860 1541/1876/857
f 1540/1877/858 1541/1876/857 1544/1880/861 1543/1881/862
f 1541/1876/857 1542/1879/860 1545/1882/863 1544/1880/861
f 1181/1706/745 1245/1705/744 1537/1874/855 1255/1723/762
f 1245/1705/744 1244/1704/743 1538/1875/856 1537/1874/855
f 1244/1704/743 1243/1703/742 1539/1878/859 1538/1875/856
f 1243/1703/742 1204/1702/741 1351/1883/864 1539/1878/859
f 1539/1878/859 1351/1883/864 1352/1884/865 1542/1879/860
f 1542/1879/860 1352/1884/865 1353/1885/866 1545/1882/863
f 1545/1882/863 1353/1885/866 1210/1851/847 1291/1850/846
f 1544/1880/861 1545/1882/863 1291/1850/846 1292/1849/845
f 1543/1881/862 1544/1880/861 1292/1849/845 1293/1848/844
f 1257/1725/764 1543/1881/862 1293/1848/844 1191/1726/765
f 1256/1724/763 1540/1877/858 1543/1881/862 1257/1725/764
f 1255/1723/762 1537/1874/855 1540/1877/858 1256/1724/763
f 1546/1886/867 1547/1887/867 1550/1888/868 1549/1889/868
f 1547/1887/867 1548/1890/867 1551/1891/868 1550/1888/868
f 1549/1889/868 1550/1888/868 1553/1892/869 1552/1893/869
f 1550/1888/868 1551/1891/868 1554/1894/869 1553/1892/869
f 1204/1702/741 1320/1895/870 1546/1886/867 1351/1883/864
f 1320/1895/870 1319/1896/870 1547/1887/867 1546/1886/867
f 1319/1896/870 1318/1897/870 1548/1890/867 1547/1887/867
f 1318/1897/870 1203/1816/826 1354/1818/828 1548/1890/867
f 1548/1890/867 1354/1818/828 1355/1826/836 1551/1891/868
f 1551/1891/868 1355/1826/836 1356/1824/834 1554/1894/869
f 1554/1894/869 1356/1824/834 1209/1825/835 1336/1870/853
f 1553/1892/869 1554/1894/869 1336/1870/853 1337/1869/853
f 1552/1893/869 1553/1892/869 1337/1869/853 1338/1868/853
f 1353/1885/866 1552/1893/869 1338/1868/853 1210/1851/847
f 1352/1884/865 1549/1889/868 1552/1893/869 1353/1885/866
f 1351/1883/864 1546/1886/867 1549/1889/868 1352/1884/865
f 1555/1898/871 1556/1899/872 1559/1900/872 1558/1901/871
f 1556/1899/872 1557/1902/873 1560/1903/873 1559/1900/872
f 1558/1901/871 1559/1900/872 1562/1904/872 1561/1905/871
f 1559/1900/872 1560/1903/873 1563/1906/873 1562/1904/872
f 1189/1627/666 1281/1907/874 1555/1898/871 1252/1805/815
f 1281/1907/874 1280/1908/875 1556/1899/872 1555/1898/871
f 1280/1908/875 1279/1909/876 1557/1902/873 1556/1899/872
f 1279/1909/876 1206/1910/877 1357/1911/878 1557/1902/873
f 1557/1902/873 1357/1911/878 1358/1912/878 1560/1903/873
f 1560/1903/873 1358/1912/878 1359/1913/878 1563/1906/873
f 1563/1906/873 1359/1913/878 1208/1914/879 1282/1915/880
f 1562/1904/872 1563/1906/873 1282/1915/880 1283/1916/881
f 1561/1905/871 1562/1904/872 1283/1916/881 1284/1917/882
f 1254/1801/815 1561/1905/871 1284/1917/882 1190/1790/810
f 1253/1806/815 1558/1901/871 1561/1905/871 1254/1801/815
f 1252/1805/815 1555/1898/871 1558/1901/871 1253/1806/815
f 1564/1918/291 1565/1919/291 1568/1920/291 1567/1921/291
f 1565/1919/291 1566/1922/291 1569/1923/291 1568/1920/291
f 1567/1921/291 1568/1920/291 1571/1924/291 1570/1925/291
f 1568/1920/291 1569/1923/291 1572/1926/291 1571/1924/291
f 1206/1910/877 1326/1927/883 1564/1918/291 1357/1911/878
f 1326/1927/883 1325/1928/883 1565/1919/291 1564/1918/291
f 1325/1928/883 1324/1929/883 1566/1922/291 1565/1919/291
f 1324/1929/883 1205/1762/790 1360/1773/795 1566/1922/291
f 1566/1922/291 1360/1773/795 1361/1775/795 1569/1923/291
f 1569/1923/291 1361/1775/795 1362/1774/795 1572/1926/291
f 1572/1926/291 1362/1774/795 1207/1652/691 1330/1930/884
f 1571/1924/291 1572/1926/291 1330/1930/884 1331/1931/884
f 1570/1925/291 1571/1924/291 1331/1931/884 1332/1932/884
f 1359/1913/878 1570/1925/291 1332/1932/884 1208/1914/879
f 1358/1912/878 1567/1921/291 1570/1925/291 1359/1913/878
f 1357/1911/878 1564/1918/291 1567/1921/291 1358/1912/878
f 1573/1933/885 1574/1934/886 1577/1935/887 1576/1936/888
f 1574/1934/886 1575/1937/889 1578/1938/890 1577/1935/887
f 1576/1936/888 1577/1935/887 1580/1939/891 1579/1940/892
f 1577/1935/887 1578/1938/890 1581/1941/893 1580/1939/891
f 1186/1641/680 1218/1942/894 1573/1933/885 1249/1640/679
f 1218/1942/894 1217/1943/895 1574/1934/886 1573/1933/885
f 1217/1943/895 1216/1944/896 1575/1937/889 1574/1934/886
f 1216/1944/896 1198/1945/897 1363/1946/898 1575/1937/889
f 1575/1937/889 1363/1946/898 1364/1947/899 1578/1938/890
f 1578/1938/890 1364/1947/899 1365/1948/900 1581/1941/893
f 1581/1941/893 1365/1948/900 1206/1910/877 1279/1909/876
f 1580/1939/891 1581/1941/893 1279/1909/876 1280/1908/875
f 1579/1940/892 1580/1939/891 1280/1908/875 1281/1907/874
f 1251/1629/668 1579/1940/892 1281/1907/874 1189/1627/666
f 1250/1642/681 1576/1936/888 1579/1940/892 1251/1629/668
f 1249/1640/679 1573/1933/885 1576/1936/888 1250/1642/681
f 1582/1949/901 1583/1950/901 1586/1951/902 1585/1952/902
f 1583/1950/901 1584/1953/901 1587/1954/902 1586/1951/902
f 1585/1952/902 1586/1951/902 1589/1955/903 1588/1956/903
f 1586/1951/902 1587/1954/902 1590/1957/903 1589/1955/903
f 1198/1945/897 1302/1958/904 1582/1949/901 1363/1946/898
f 1302/1958/904 1301/1959/904 1583/1950/901 1582/1949/901
f 1301/1959/904 1300/1960/904 1584/1953/901 1583/1950/901
f 1300/1960/904 1197/1697/736 1366/1757/785 1584/1953/901
f 1584/1953/901 1366/1757/785 1367/1763/791 1587/1954/902
f 1587/1954/902 1367/1763/791 1368/1761/789 1590/1957/903
f 1590/1957/903 1368/1761/789 1205/1762/790 1324/1929/883
f 1589/1955/903 1590/1957/903 1324/1929/883 1325/1928/883
f 1588/1956/903 1589/1955/903 1325/1928/883 1326/1927/883
f 1365/1948/900 1588/1956/903 1326/1927/883 1206/1910/877
f 1364/1947/899 1585/1952/902 1588/1956/903 1365/1948/900
f 1363/1946/898 1582/1949/901 1585/1952/902 1364/1947/899
f 1591/1961/905 1592/1962/906 1595/1963/907 1594/1964/908
f 1592/1962/906 1593/1965/909 1596/1966/910 1595/1963/907
f 1594/1964/908 1595/1963/907 1598/1967/911 1597/1968/912
f 1595/1963/907 1596/1966/910 1599/1969/913 1598/1967/911
f 1186/1641/680 1230/1639/678 1591/1961/905 1218/1942/894
f 1230/1639/678 1229/1638/677 1592/1962/906 1591/1961/905
f 1229/1638/677 1228/1637/676 1593/1965/909 1592/1962/906
f 1228/1637/676 1185/1636/675 1315/1820/830 1593/1965/909
f 1593/1965/909 1315/1820/830 1316/1819/829 1596/1966/910
f 1596/1966/910 1316/1819/829 1317/1817/827 1599/1969/913
f 1599/1969/913 1317/1817/827 1203/1816/826 1369/1970/914
f 1598/1967/911 1599/1969/913 1369/1970/914 1370/1971/915
f 1597/1968/912 1598/1967/911 1370/1971/915 1371/1972/916
f 1216/1944/896 1597/1968/912 1371/1972/916 1198/1945/897
f 1217/1943/895 1594/1964/908 1597/1968/912 1216/1944/896
f 1218/1942/894 1591/1961/905 1594/1964/908 1217/1943/895
f 1600/1973/917 1601/1974/284 1604/1975/284 1603/1976/917
f 1601/1974/284 1602/1977/918 1605/1978/918 1604/1975/284
f 1603/1976/917 1604/1975/284 1607/1979/284 1606/1980/917
f 1604/1975/284 1605/1978/918 1608/1981/918 1607/1979/284
f 1198/1945/897 1371/1972/916 1600/1973/917 1302/1958/904
f 1371/1972/916 1370/1971/915 1601/1974/284 1600/1973/917
f 1370/1971/915 1369/1970/914 1602/1977/918 1601/1974/284
f 1369/1970/914 1203/1816/826 1318/1897/870 1602/1977/918
f 1602/1977/918 1318/1897/870 1319/1896/870 1605/1978/918
f 1605/1978/918 1319/1896/870 1320/1895/870 1608/1981/918
f 1608/1981/918 1320/1895/870 1204/1702/741 1372/1701/740
f 1607/1979/284 1608/1981/918 1372/1701/740 1373/1700/739
f 1606/1980/917 1607/1979/284 1373/1700/739 1374/1698/737
f 1300/1960/904 1606/1980/917 1374/1698/737 1197/1697/736
f 1301/1959/904 1603/1976/917 1606/1980/917 1300/1960/904
f 1302/1958/904 1600/1973/917 1603/1976/917 1301/1959/904
f 1609/1982/919 1610/1983/920 1613/1984/921 1612/1985/922
f 1610/1983/920 1611/1986/923 1614/1987/924 1613/1984/921
f 1612/1985/922 1613/1984/921 1616/1988/925 1615/1989/926
f 1613/1984/921 1614/1987/924 1617/1990/927 1616/1988/925
f 1190/1790/810 1284/1917/882 1609/1982/919 1213/1789/809
f 1284/1917/882 1283/1916/881 1610/1983/920 1609/1982/919
f 1283/1916/881 1282/1915/880 1611/1986/923 1610/1983/920
f 1282/1915/880 1208/1914/879 1375/1991/928 1611/1986/923
f 1611/1986/923 1375/1991/928 1376/1992/929 1614/1987/924
f 1614/1987/924 1376/1992/929 1377/1993/930 1617/1990/927
f 1617/1990/927 1377/1993/930 1201/1607/646 1311/1609/648
f 1616/1988/925 1617/1990/927 1311/1609/648 1310/1617/656
f 1615/1989/926 1616/1988/925 1310/1617/656 1309/1615/654
f 1215/1785/805 1615/1989/926 1309/1615/654 1188/1616/655
f 1214/1791/811 1612/1985/922 1615/1989/926 1215/1785/805
f 1213/1789/809 1609/1982/919 1612/1985/922 1214/1791/811
f 1618/1994/931 1619/1995/931 1622/1996/932 1621/1997/932
f 1619/1995/931 1620/1998/931 1623/1999/932 1622/1996/932
f 1621/1997/932 1622/1996/932 1625/2000/933 1624/2001/933
f 1622/1996/932 1623/1999/932 1626/2002/933 1625/2000/933
f 1208/1914/879 1332/1932/884 1618/1994/931 1375/1991/928
f 1332/1932/884 1331/1931/884 1619/1995/931 1618/1994/931
f 1331/1931/884 1330/1930/884 1620/1998/931 1619/1995/931
f 1330/1930/884 1207/1652/691 1378/1654/693 1620/1998/931
f 1620/1998/931 1378/1654/693 1379/1667/706 1623/1999/932
f 1623/1999/932 1379/1667/706 1380/1665/704 1626/2002/933
f 1626/2002/933 1380/1665/704 1202/1666/705 1314/2003/934
f 1625/2000/933 1626/2002/933 1314/2003/934 1313/2004/934
f 1624/2001/933 1625/2000/933 1313/2004/934 1312/2005/934
f 1377/1993/930 1624/2001/933 1312/2005/934 1201/1607/646
f 1376/1992/929 1621/1997/932 1624/2001/933 1377/1993/930
f 1375/1991/928 1618/1994/931 1621/1997/932 1376/1992/929
f 1627/2006/935 1628/2007/936 1631/2008/937 1630/2009/938
f 1628/2007/936 1629/2010/939 1632/2011/940 1631/2008/937
f 1630/2009/938 1631/2008/937 1634/2012/941 1633/2013/942
f 1631/2008/937 1632/2011/940 1635/2014/943 1634/2012/941
f 1184/1661/700 1227/1687/726 1627/2006/935 1239/1662/701
f 1227/1687/726 1226/1686/725 1628/2007/936 1627/2006/935
f 1226/1686/725 1225/1685/724 1629/2010/939 1628/2007/936
f 1225/1685/724 1183/1684/723 1303/2015/944 1629/2010/939
f 1629/2010/939 1303/2015/944 1304/2016/945 1632/2011/940
f 1632/2011/940 1304/2016/945 1305/2017/946 1635/2014/943
f 1635/2014/943 1305/2017/946 1199/2018/947 1381/2019/948
f 1634/2012/941 1635/2014/943 1381/2019/948 1382/2020/949
f 1633/2013/942 1634/2012/941 1382/2020/949 1383/2021/950
f 1237/1664/703 1633/2013/942 1383/2021/950 1202/1666/705
f 1238/1663/702 1630/2009/938 1633/2013/942 1237/1664/703
f 1239/1662/701 1627/2006/935 1630/2009/938 1238/1663/702
f 1636/2022/951 1637/2023/298 1640/2024/298 1639/2025/951
f 1637/2023/298 1638/2026/952 1641/2027/952 1640/2024/298
f 1639/2025/951 1640/2024/298 1643/2028/298 1642/2029/951
f 1640/2024/298 1641/2027/952 1644/2030/952 1643/2028/298
f 1202/1666/705 1383/2021/950 1636/2022/951 1314/2003/934
f 1383/2021/950 1382/2020/949 1637/2023/298 1636/2022/951
f 1382/2020/949 1381/2019/948 1638/2026/952 1637/2023/298
f 1381/2019/948 1199/2018/947 1306/2031/953 1638/2026/952
f 1638/2026/952 1306/2031/953 1307/2032/953 1641/2027/952
f 1641/2027/952 1307/2032/953 1308/2033/953 1644/2030/952
f 1644/2030/952 1308/2033/953 1200/1596/635 1384/1611/650
f 1643/2028/298 1644/2030/952 1384/1611/650 1385/1610/649
f 1642/2029/951 1643/2028/298 1385/1610/649 1386/1608/647
f 1312/2005/934 1642/2029/951 1386/1608/647 1201/1607/646
f 1313/2004/934 1639/2025/951 1642/2029/951 1312/2005/934
f 1314/2003/934 1636/2022/951 1639/2025/951 1313/2004/934
f 1645/2034/954 1646/2035/955 1649/2036/956 1648/2037/957
f 1646/2035/955 1647/2038/958 1650/2039/959 1649/2036/956
f 1648/2037/957 1649/2036/956 1652/2040/960 1651/2041/961
f 1649/2036/956 1650/2039/959 1653/2042/962 1652/2040/960
f 1192/1680/719 1296/1858/852 1645/2034/954 1234/1681/720
f 1296/1858/852 1295/1857/851 1646/2035/955 1645/2034/954
f 1295/1857/851 1294/1856/850 1647/2038/958 1646/2035/955
f 1294/1856/850 1212/1855/849 1387/2043/963 1647/2038/958
f 1647/2038/958 1387/2043/963 1388/2044/964 1650/2039/959
f 1650/2039/959 1388/2044/964 1389/2045/965 1653/2042/962
f 1653/2042/962 1389/2045/965 1199/2018/947 1305/2017/946
f 1652/2040/960 1653/2042/962 1305/2017/946 1304/2016/945
f 1651/2041/961 1652/2040/960 1304/2016/945 1303/2015/944
f 1236/1683/722 1651/2041/961 1303/2015/944 1183/1684/723
f 1235/1682/721 1648/2037/957 1651/2041/961 1236/1683/722
f 1234/1681/720 1645/2034/954 1648/2037/957 1235/1682/721
f 1654/2046/966 1655/2047/966 1658/2048/967 1657/2049/967
f 1655/2047/966 1656/2050/966 1659/2051/967 1658/2048/967
f 1657/2049/967 1658/2048/967 1661/2052/968 1660/2053/968
f 1658/2048/967 1659/2051/967 1662/2054/968 1661/2052/968
f 1212/1855/849 1344/1873/854 1654/2046/966 1387/2043/963
f 1344/1873/854 1343/1872/854 1655/2047/966 1654/2046/966
f 1343/1872/854 1342/1871/854 1656/2050/966 1655/2047/966
f 1342/1871/854 1211/1582/621 1390/1584/623 1656/2050/966
f 1656/2050/966 1390/1584/623 1391/1597/636 1659/2051/967
f 1659/2051/967 1391/1597/636 1392/1595/634 1662/2054/968
f 1662/2054/968 1392/1595/634 1200/1596/635 1308/2033/953
f 1661/2052/968 1662/2054/968 1308/2033/953 1307/2032/953
f 1660/2053/968 1661/2052/968 1307/2032/953 1306/2031/953
f 1389/2045/965 1660/2053/968 1306/2031/953 1199/2018/947
f 1388/2044/964 1657/2049/967 1660/2053/968 1389/2045/965
f 1387/2043/963 1654/2046/966 1657/2049/967 1388/2044/964
f 1875/2055/969 1876/2056/970 1879/2057/971 1878/2058/972
f 1876/2056/970 1877/2059/973 1880/2060/974 1879/2057/971
f 1878/2058/972 1879/2057/971 1882/2061/975 1881/2062/976
f 1879/2057/971 1880/2060/974 1883/2063/977 1882/2061/975
f 1693/2064/978 1823/2065/979 1875/2055/969 1872/2066/980
f 1823/2065/979 1822/2067/981 1876/2056/970 1875/2055/969
f 1822/2067/981 1821/2068/982 1877/2059/973 1876/2056/970
f 1821/2068/982 1675/2069/983 1745/2070/984 1877/2059/973
f 1877/2059/973 1745/2070/984 1744/2071/985 1880/2060/974
f 1880/2060/974 1744/2071/985 1743/2072/986 1883/2063/977
f 1883/2063/977 1743/2072/986 1669/2073/987 1715/2074/988
f 1882/2061/975 1883/2063/977 1715/2074/988 1714/2075/989
f 1881/2062/976 1882/2061/975 1714/2075/989 1713/2076/990
f 1874/2077/991 1881/2062/976 1713/2076/990 1682/2078/992
f 1873/2079/993 1878/2058/972 1881/2062/976 1874/2077/991
f 1872/2066/980 1875/2055/969 1878/2058/972 1873/2079/993
f 1884/2080/994 1885/2081/995 1888/2082/996 1887/2083/997
f 1885/2081/995 1886/2080/998 1889/2084/999 1888/2082/996
f 1887/2083/997 1888/2082/996 1891/2085/1000 1890/2086/1001
f 1888/2082/996 1889/2084/999 1892/2087/1002 1891/2085/1000
f 1683/2078/1003 1868/2088/1004 1884/2080/994 1793/2076/1005
f 1868/2088/1004 1867/2089/1006 1885/2081/995 1884/2080/994
f 1867/2089/1006 1866/2090/1007 1886/2080/998 1885/2081/995
f 1866/2090/1007 1682/2078/992 1713/2076/990 1886/2080/998
f 1886/2080/998 1713/2076/990 1714/2075/989 1889/2084/999
f 1889/2084/999 1714/2075/989 1715/2074/988 1892/2087/1002
f 1892/2087/1002 1715/2074/988 1669/2073/987 1706/2091/1008
f 1891/2085/1000 1892/2087/1002 1706/2091/1008 1705/2092/1009
f 1890/2086/1001 1891/2085/1000 1705/2092/1009 1704/2093/1010
f 1791/2074/1011 1890/2086/1001 1704/2093/1010 1670/2073/1012
f 1792/2094/1013 1887/2083/997 1890/2086/1001 1791/2074/1011
f 1793/2076/1005 1884/2080/994 1887/2083/997 1792/2094/1013
f 1893/2095/1014 1894/2096/1015 1897/2097/1016 1896/2098/1017
f 1894/2096/1015 1895/2099/1018 1898/2098/1019 1897/2097/1016
f 1896/2098/1017 1897/2097/1016 1900/2100/1020 1899/2101/1021
f 1897/2097/1016 1898/2098/1019 1901/2101/1022 1900/2100/1020
f 1671/2102/1023 1772/2103/1024 1893/2095/1014 1733/2104/1025
f 1772/2103/1024 1771/2105/1026 1894/2096/1015 1893/2095/1014
f 1771/2105/1026 1770/2106/1027 1895/2099/1018 1894/2096/1015
f 1770/2106/1027 1676/2102/1028 1722/2107/1029 1895/2099/1018
f 1895/2099/1018 1722/2107/1029 1723/2108/1030 1898/2098/1019
f 1898/2098/1019 1723/2108/1030 1724/2109/1031 1901/2101/1022
f 1901/2101/1022 1724/2109/1031 1667/2110/1032 1710/2111/1033
f 1900/2100/1020 1901/2101/1022 1710/2111/1033 1711/2112/1034
f 1899/2101/1021 1900/2100/1020 1711/2112/1034 1712/2111/1035
f 1731/2113/1036 1899/2101/1021 1712/2111/1035 1668/2110/1037
f 1732/2108/1038 1896/2098/1017 1899/2101/1021 1731/2113/1036
f 1733/2104/1025 1893/2095/1014 1896/2098/1017 1732/2108/1038
f 1902/2114/1039 1903/2115/1040 1906/2116/1041 1905/2117/1042
f 1903/2115/1040 1904/2118/1043 1907/2119/1044 1906/2116/1041
f 1905/2117/1042 1906/2116/1041 1909/2120/1045 1908/2121/1046
f 1906/2116/1041 1907/2119/1044 1910/2122/1047 1909/2120/1045
f 1689/2123/1048 1811/2124/1049 1902/2114/1039 1860/2125/1050
f 1811/2124/1049 1810/2126/1051 1903/2115/1040 1902/2114/1039
f 1810/2126/1051 1809/2127/1052 1904/2118/1043 1903/2115/1040
f 1809/2127/1052 1677/2128/1053 1751/2129/1054 1904/2118/1043
f 1904/2118/1043 1751/2129/1054 1750/2130/1055 1907/2119/1044
f 1907/2119/1044 1750/2130/1055 1749/2131/1056 1910/2122/1047
f 1910/2122/1047 1749/2131/1056 1666/2132/1057 1721/2133/1058
f 1909/2120/1045 1910/2122/1047 1721/2133/1058 1720/2134/1059
f 1908/2121/1046 1909/2120/1045 1720/2134/1059 1719/2135/1060
f 1862/2136/1061 1908/2121/1046 1719/2135/1060 1684/2137/1062
f 1861/2138/1063 1905/2117/1042 1908/2121/1046 1862/2136/1061
f 1860/2125/1050 1902/2114/1039 1905/2117/1042 1861/2138/1063
f 1911/2139/1064 1912/2140/1065 1915/2141/1066 1914/2142/1067
f 1912/2140/1065 1913/2139/1068 1916/2142/1069 1915/2141/1066
f 1914/2142/1067 1915/2141/1066 1918/2143/1070 1917/2144/1071
f 1915/2141/1066 1916/2142/1069 1919/2144/1072 1918/2143/1070
f 1677/2128/1053 1760/2145/1073 1911/2139/1064 1751/2129/1054
f 1760/2145/1073 1759/2146/1074 1912/2140/1065 1911/2139/1064
f 1759/2146/1074 1758/2145/1075 1913/2139/1068 1912/2140/1065
f 1758/2145/1075 1674/2147/1076 1716/2129/1077 1913/2139/1068
f 1913/2139/1068 1716/2129/1077 1717/2130/1078 1916/2142/1069
f 1916/2142/1069 1717/2130/1078 1718/2131/1079 1919/2144/1072
f 1919/2144/1072 1718/2131/1079 1665/2132/1080 1707/2148/1081
f 1918/2143/1070 1919/2144/1072 1707/2148/1081 1708/2149/1082
f 1917/2144/1071 1918/2143/1070 1708/2149/1082 1709/2148/1083
f 1749/2131/1056 1917/2144/1071 1709/2148/1083 1666/2132/1057
f 1750/2130/1055 1914/2142/1067 1917/2144/1071 1749/2131/1056
f 1751/2129/1054 1911/2139/1064 1914/2142/1067 1750/2130/1055
f 1920/2150/1084 1921/2151/1085 1924/2152/1086 1923/2153/1087
f 1921/2151/1085 1922/2150/1088 1925/2153/1089 1924/2152/1086
f 1923/2153/1087 1924/2152/1086 1927/2154/1090 1926/2155/1091
f 1924/2152/1086 1925/2153/1089 1928/2155/1092 1927/2154/1090
f 1679/2156/1093 1856/2157/1094 1920/2150/1084 1781/2158/1095
f 1856/2157/1094 1855/2159/1096 1921/2151/1085 1920/2150/1084
f 1855/2159/1096 1854/2157/1097 1922/2150/1088 1921/2151/1085
f 1854/2157/1097 1686/2156/1098 1725/2158/1099 1922/2150/1088
f 1922/2150/1088 1725/2158/1099 1726/2160/1100 1925/2153/1089
f 1925/2153/1089 1726/2160/1100 1727/2161/1101 1928/2155/1092
f 1928/2155/1092 1727/2161/1101 1663/2162/1102 1701/2163/1103
f 1927/2154/1090 1928/2155/1092 1701/2163/1103 1702/2164/1104
f 1926/2155/1091 1927/2154/1090 1702/2164/1104 1703/2163/1105
f 1779/2165/1106 1926/2155/1091 1703/2163/1105 1664/2162/1107
f 1780/2160/1108 1923/2153/1087 1926/2155/1091 1779/2165/1106
f 1781/2158/1095 1920/2150/1084 1923/2153/1087 1780/2160/1108
f 1929/2166/1109 1930/2167/1110 1933/2168/1111 1932/2169/1112
f 1930/2167/1110 1931/2170/1113 1934/2169/1114 1933/2168/1111
f 1932/2169/1112 1933/2168/1111 1936/2171/1115 1935/2172/1116
f 1933/2168/1111 1934/2169/1114 1937/2172/1117 1936/2171/1115
f 1664/2162/1107 1703/2163/1105 1929/2166/1109 1730/2173/1118
f 1703/2163/1105 1702/2164/1104 1930/2167/1110 1929/2166/1109
f 1702/2164/1104 1701/2163/1103 1931/2170/1113 1930/2167/1110
f 1701/2163/1103 1663/2162/1102 1737/2173/1119 1931/2170/1113
f 1931/2170/1113 1737/2173/1119 1738/2174/1120 1934/2169/1114
f 1934/2169/1114 1738/2174/1120 1739/2175/1121 1937/2172/1117
f 1937/2172/1117 1739/2175/1121 1673/2176/1122 1755/2177/1123
f 1936/2171/1115 1937/2172/1117 1755/2177/1123 1756/2178/1124
f 1935/2172/1116 1936/2171/1115 1756/2178/1124 1757/2177/1125
f 1728/2175/1126 1935/2172/1116 1757/2177/1125 1678/2179/1127
f 1729/2174/1128 1932/2169/1112 1935/2172/1116 1728/2175/1126
f 1730/2173/1118 1929/2166/1109 1932/2169/1112 1729/2174/1128
f 1938/2180/1129 1939/2181/1130 1942/2182/1130 1941/2183/1129
f 1939/2181/1130 1940/2180/1131 1943/2184/1131 1942/2182/1130
f 1941/2183/1129 1942/2182/1130 1945/2185/1130 1944/2186/1129
f 1942/2182/1130 1943/2184/1131 1946/2186/1131 1945/2185/1130
f 1678/2179/1127 1757/2177/1125 1938/2180/1129 1754/2187/1132
f 1757/2177/1125 1756/2178/1124 1939/2181/1130 1938/2180/1129
f 1756/2178/1124 1755/2177/1123 1940/2180/1131 1939/2181/1130
f 1755/2177/1123 1673/2176/1122 1740/2187/1133 1940/2180/1131
f 1940/2180/1131 1740/2187/1133 1741/2188/1133 1943/2184/1131
f 1943/2184/1131 1741/2188/1133 1742/2189/1133 1946/2186/1131
f 1946/2186/1131 1742/2189/1133 1674/2147/1076 1758/2145/1075
f 1945/2185/1130 1946/2186/1131 1758/2145/1075 1759/2146/1074
f 1944/2186/1129 1945/2185/1130 1759/2146/1074 1760/2145/1073
f 1752/2189/1132 1944/2186/1129 1760/2145/1073 1677/2128/1053
f 1753/2188/1132 1941/2183/1129 1944/2186/1129 1752/2189/1132
f 1754/2187/1132 1938/2180/1129 1941/2183/1129 1753/2188/1132
f 1947/2190/1134 1948/2191/1135 1951/2192/1136 1950/2193/1137
f 1948/2191/1135 1949/2194/1138 1952/2195/1139 1951/2192/1136
f 1950/2193/1137 1951/2192/1136 1954/2196/1140 1953/2197/1141
f 1951/2192/1136 1952/2195/1139 1955/2198/1142 1954/2196/1140
f 1679/2156/1093 1781/2158/1095 1947/2190/1134 1848/2199/1143
f 1781/2158/1095 1780/2160/1108 1948/2191/1135 1947/2190/1134
f 1780/2160/1108 1779/2165/1106 1949/2194/1138 1948/2191/1135
f 1779/2165/1106 1664/2162/1107 1730/2173/1118 1949/2194/1138
f 1949/2194/1138 1730/2173/1118 1729/2174/1128 1952/2195/1139
f 1952/2195/1139 1729/2174/1128 1728/2175/1126 1955/2198/1142
f 1955/2198/1142 1728/2175/1126 1678/2179/1127 1803/2200/1144
f 1954/2196/1140 1955/2198/1142 1803/2200/1144 1804/2201/1145
f 1953/2197/1141 1954/2196/1140 1804/2201/1145 1805/2202/1146
f 1850/2203/1147 1953/2197/1141 1805/2202/1146 1687/2204/1148
f 1849/2205/1149 1950/2193/1137 1953/2197/1141 1850/2203/1147
f 1848/2199/1143 1947/2190/1134 1950/2193/1137 1849/2205/1149
f 1956/2206/1150 1957/2207/1151 1960/2208/1151 1959/2209/1150
f 1957/2207/1151 1958/2210/1152 1961/2211/1152 1960/2208/1151
f 1959/2209/1150 1960/2208/1151 1963/2212/1151 1962/2213/1150
f 1960/2208/1151 1961/2211/1152 1964/2214/1152 1963/2212/1151
f 1687/2204/1148 1805/2202/1146 1956/2206/1150 1842/2215/1153
f 1805/2202/1146 1804/2201/1145 1957/2207/1151 1956/2206/1150
f 1804/2201/1145 1803/2200/1144 1958/2210/1152 1957/2207/1151
f 1803/2200/1144 1678/2179/1127 1754/2187/1132 1958/2210/1152
f 1958/2210/1152 1754/2187/1132 1753/2188/1132 1961/2211/1152
f 1961/2211/1152 1753/2188/1132 1752/2189/1132 1964/2214/1152
f 1964/2214/1152 1752/2189/1132 1677/2128/1053 1809/2127/1052
f 1963/2212/1151 1964/2214/1152 1809/2127/1052 1810/2126/1051
f 1962/2213/1150 1963/2212/1151 1810/2126/1051 1811/2124/1049
f 1844/2216/1153 1962/2213/1150 1811/2124/1049 1689/2123/1048
f 1843/2217/1153 1959/2209/1150 1962/2213/1150 1844/2216/1153
f 1842/2215/1153 1956/2206/1150 1959/2209/1150 1843/2217/1153
f 1965/2218/1154 1966/2219/1155 1969/2220/1156 1968/2221/1157
f 1966/2219/1155 1967/2218/1158 1970/2221/1159 1969/2220/1156
f 1968/2221/1157 1969/2220/1156 1972/2222/1160 1971/2223/1161
f 1969/2220/1156 1970/2221/1159 1973/2223/1162 1972/2222/1160
f 1670/2073/1012 1704/2093/1010 1965/2218/1154 1697/2224/1163
f 1704/2093/1010 1705/2092/1009 1966/2219/1155 1965/2218/1154
f 1705/2092/1009 1706/2091/1008 1967/2218/1158 1966/2219/1155
f 1706/2091/1008 1669/2073/987 1743/2072/986 1967/2218/1158
f 1967/2218/1158 1743/2072/986 1744/2071/985 1970/2221/1159
f 1970/2221/1159 1744/2071/985 1745/2070/984 1973/2223/1162
f 1973/2223/1162 1745/2070/984 1675/2069/983 1767/2225/1164
f 1972/2222/1160 1973/2223/1162 1767/2225/1164 1768/2226/1165
f 1971/2223/1161 1972/2222/1160 1768/2226/1165 1769/2227/1166
f 1695/2228/1167 1971/2223/1161 1769/2227/1166 1672/2069/1168
f 1696/2071/1169 1968/2221/1157 1971/2223/1161 1695/2228/1167
f 1697/2224/1163 1965/2218/1154 1968/2221/1157 1696/2071/1169
f 1974/2229/1170 1975/2230/610 1978/2231/610 1977/2232/1170
f 1975/2230/610 1976/2233/1171 1979/2234/1171 1978/2231/610
f 1977/2232/1170 1978/2231/610 1981/2235/610 1980/2236/1170
f 1978/2231/610 1979/2234/1171 1982/2237/1171 1981/2235/610
f 1672/2069/1168 1769/2227/1166 1974/2229/1170 1736/2238/1172
f 1769/2227/1166 1768/2226/1165 1975/2230/610 1974/2229/1170
f 1768/2226/1165 1767/2225/1164 1976/2233/1171 1975/2230/610
f 1767/2225/1164 1675/2069/983 1746/2238/1173 1976/2233/1171
f 1976/2233/1171 1746/2238/1173 1747/2239/1173 1979/2234/1171
f 1979/2234/1171 1747/2239/1173 1748/2240/1173 1982/2237/1171
f 1982/2237/1171 1748/2240/1173 1676/2102/1028 1770/2106/1027
f 1981/2235/610 1982/2237/1171 1770/2106/1027 1771/2105/1026
f 1980/2236/1170 1981/2235/610 1771/2105/1026 1772/2103/1024
f 1734/2240/1172 1980/2236/1170 1772/2103/1024 1671/2102/1023
f 1735/2239/1172 1977/2232/1170 1980/2236/1170 1734/2240/1172
f 1736/2238/1172 1974/2229/1170 1977/2232/1170 1735/2239/1172
f 1983/2241/1174 1984/2242/1175 1987/2243/1176 1986/2244/1177
f 1984/2242/1175 1985/2245/1178 1988/2246/1179 1987/2243/1176
f 1986/2244/1177 1987/2243/1176 1990/2247/1180 1989/2248/1181
f 1987/2243/1176 1988/2246/1179 1991/2249/1182 1990/2247/1180
f 1685/2250/1183 1799/2251/1184 1983/2241/1174 1836/2252/1185
f 1799/2251/1184 1798/2253/1186 1984/2242/1175 1983/2241/1174
f 1798/2253/1186 1797/2254/1187 1985/2245/1178 1984/2242/1175
f 1797/2254/1187 1667/2110/1032 1724/2109/1031 1985/2245/1178
f 1985/2245/1178 1724/2109/1031 1723/2108/1030 1988/2246/1179
f 1988/2246/1179 1723/2108/1030 1722/2107/1029 1991/2249/1182
f 1991/2249/1182 1722/2107/1029 1676/2102/1028 1815/2255/1188
f 1990/2247/1180 1991/2249/1182 1815/2255/1188 1816/2256/1189
f 1989/2248/1181 1990/2247/1180 1816/2256/1189 1817/2257/1190
f 1838/2258/1191 1989/2248/1181 1817/2257/1190 1691/2259/1192
f 1837/2260/1193 1986/2244/1177 1989/2248/1181 1838/2258/1191
f 1836/2252/1185 1983/2241/1174 1986/2244/1177 1837/2260/1193
f 1992/2261/1194 1993/2262/1195 1996/2263/1195 1995/2264/1194
f 1993/2262/1195 1994/2265/1196 1997/2266/1196 1996/2263/1195
f 1995/2264/1194 1996/2263/1195 1999/2267/1195 1998/2268/1194
f 1996/2263/1195 1997/2266/1196 2000/2269/1196 1999/2267/1195
f 1691/2259/1192 1817/2257/1190 1992/2261/1194 1830/2270/1197
f 1817/2257/1190 1816/2256/1189 1993/2262/1195 1992/2261/1194
f 1816/2256/1189 1815/2255/1188 1994/2265/1196 1993/2262/1195
f 1815/2255/1188 1676/2102/1028 1748/2240/1173 1994/2265/1196
f 1994/2265/1196 1748/2240/1173 1747/2239/1173 1997/2266/1196
f 1997/2266/1196 1747/2239/1173 1746/2238/1173 2000/2269/1196
f 2000/2269/1196 1746/2238/1173 1675/2069/983 1821/2068/982
f 1999/2267/1195 2000/2269/1196 1821/2068/982 1822/2067/981
f 1998/2268/1194 1999/2267/1195 1822/2067/981 1823/2065/979
f 1832/2271/1197 1998/2268/1194 1823/2065/979 1693/2064/978
f 1831/2272/1197 1995/2264/1194 1998/2268/1194 1832/2271/1197
f 1830/2270/1197 1992/2261/1194 1995/2264/1194 1831/2272/1197
f 2001/2210/1198 2002/2207/1199 2005/2208/1199 2004/2273/1198
f 2002/2207/1199 2003/2206/1200 2006/2274/1200 2005/2208/1199
f 2004/2273/1198 2005/2208/1199 2008/2212/1199 2007/2214/1198
f 2005/2208/1199 2006/2274/1200 2009/2213/1200 2008/2212/1199
f 1673/2176/1122 1775/2200/1201 2001/2210/1198 1740/2187/1133
f 1775/2200/1201 1774/2201/1202 2002/2207/1199 2001/2210/1198
f 1774/2201/1202 1773/2275/1203 2003/2206/1200 2002/2207/1199
f 1773/2275/1203 1692/2204/1204 1827/2215/1205 2003/2206/1200
f 2003/2206/1200 1827/2215/1205 1828/2217/1205 2006/2274/1200
f 2006/2274/1200 1828/2217/1205 1829/2216/1205 2009/2213/1200
f 2009/2213/1200 1829/2216/1205 1694/2123/1206 1776/2124/1207
f 2008/2212/1199 2009/2213/1200 1776/2124/1207 1777/2126/1208
f 2007/2214/1198 2008/2212/1199 1777/2126/1208 1778/2127/1209
f 1742/2189/1133 2007/2214/1198 1778/2127/1209 1674/2147/1076
f 1741/2188/1133 2004/2273/1198 2007/2214/1198 1742/2189/1133
f 1740/2187/1133 2001/2210/1198 2004/2273/1198 1741/2188/1133
f 2010/2276/1210 2011/2277/1210 2014/2278/1210 2013/2279/1210
f 2011/2277/1210 2012/2280/1210 2015/2281/1210 2014/2278/1210
f 2013/2279/1210 2014/2278/1210 2017/2282/1210 2016/2283/1210
f 2014/2278/1210 2015/2281/1210 2018/2284/1210 2017/2282/1210
f 1692/2204/1204 1820/2285/1211 2010/2276/1210 1827/2215/1205
f 1820/2285/1211 1819/2286/1211 2011/2277/1210 2010/2276/1210
f 1819/2286/1211 1818/2287/1211 2012/2280/1210 2011/2277/1210
f 1818/2287/1211 1691/2259/1192 1830/2270/1197 2012/2280/1210
f 2012/2280/1210 1830/2270/1197 1831/2272/1197 2015/2281/1210
f 2015/2281/1210 1831/2272/1197 1832/2271/1197 2018/2284/1210
f 2018/2284/1210 1832/2271/1197 1693/2064/978 1824/2288/1212
f 2017/2282/1210 2018/2284/1210 1824/2288/1212 1825/2289/1212
f 2016/2283/1210 2017/2282/1210 1825/2289/1212 1826/2290/1212
f 1829/2216/1205 2016/2283/1210 1826/2290/1212 1694/2123/1206
f 1828/2217/1205 2013/2279/1210 2016/2283/1210 1829/2216/1205
f 1827/2215/1205 2010/2276/1210 2013/2279/1210 1828/2217/1205
f 2019/2194/1213 2020/2191/1214 2023/2192/1215 2022/2195/1216
f 2020/2191/1214 2021/2190/1217 2024/2193/1218 2023/2192/1215
f 2022/2195/1216 2023/2192/1215 2026/2196/1219 2025/2198/1220
f 2023/2192/1215 2024/2193/1218 2027/2197/1221 2026/2196/1219
f 1663/2162/1102 1727/2161/1101 2019/2194/1213 1737/2173/1119
f 1727/2161/1101 1726/2160/1100 2020/2191/1214 2019/2194/1213
f 1726/2160/1100 1725/2158/1099 2021/2190/1217 2020/2191/1214
f 1725/2158/1099 1686/2156/1098 1833/2199/1222 2021/2190/1217
f 2021/2190/1217 1833/2199/1222 1834/2205/1223 2024/2193/1218
f 2024/2193/1218 1834/2205/1223 1835/2203/1224 2027/2197/1221
f 2027/2197/1221 1835/2203/1224 1692/2204/1204 1773/2275/1203
f 2026/2196/1219 2027/2197/1221 1773/2275/1203 1774/2201/1202
f 2025/2198/1220 2026/2196/1219 1774/2201/1202 1775/2200/1201
f 1739/2175/1121 2025/2198/1220 1775/2200/1201 1673/2176/1122
f 1738/2174/1120 2022/2195/1216 2025/2198/1220 1739/2175/1121
f 1737/2173/1119 2019/2194/1213 2022/2195/1216 1738/2174/1120
f 2028/2291/1225 2029/2292/1225 2032/2293/1226 2031/2294/1226
f 2029/2292/1225 2030/2295/1225 2033/2296/1226 2032/2293/1226
f 2031/2294/1226 2032/2293/1226 2035/2297/1227 2034/2298/1227
f 2032/2293/1226 2033/2296/1226 2036/2299/1227 2035/2297/1227
f 1686/2156/1098 1802/2300/1228 2028/2291/1225 1833/2199/1222
f 1802/2300/1228 1801/2301/1228 2029/2292/1225 2028/2291/1225
f 1801/2301/1228 1800/2302/1228 2030/2295/1225 2029/2292/1225
f 1800/2302/1228 1685/2250/1183 1836/2252/1185 2030/2295/1225
f 2030/2295/1225 1836/2252/1185 1837/2260/1193 2033/2296/1226
f 2033/2296/1226 1837/2260/1193 1838/2258/1191 2036/2299/1227
f 2036/2299/1227 1838/2258/1191 1691/2259/1192 1818/2287/1211
f 2035/2297/1227 2036/2299/1227 1818/2287/1211 1819/2286/1211
f 2034/2298/1227 2035/2297/1227 1819/2286/1211 1820/2285/1211
f 1835/2203/1224 2034/2298/1227 1820/2285/1211 1692/2204/1204
f 1834/2205/1223 2031/2294/1226 2034/2298/1227 1835/2203/1224
f 1833/2199/1222 2028/2291/1225 2031/2294/1226 1834/2205/1223
f 2037/2265/1229 2038/2303/1230 2041/2263/1230 2040/2266/1229
f 2038/2303/1230 2039/2261/1231 2042/2304/1231 2041/2263/1230
f 2040/2266/1229 2041/2263/1230 2044/2267/1230 2043/2269/1229
f 2041/2263/1230 2042/2304/1231 2045/2268/1231 2044/2267/1230
f 1671/2102/1023 1763/2255/1232 2037/2265/1229 1734/2240/1172
f 1763/2255/1232 1762/2305/1233 2038/2303/1230 2037/2265/1229
f 1762/2305/1233 1761/2257/1234 2039/2261/1231 2038/2303/1230
f 1761/2257/1234 1688/2259/1235 1839/2270/1236 2039/2261/1231
f 2039/2261/1231 1839/2270/1236 1840/2272/1236 2042/2304/1231
f 2042/2304/1231 1840/2272/1236 1841/2271/1236 2045/2268/1231
f 2045/2268/1231 1841/2271/1236 1690/2064/1237 1764/2065/1238
f 2044/2267/1230 2045/2268/1231 1764/2065/1238 1765/2306/1239
f 2043/2269/1229 2044/2267/1230 1765/2306/1239 1766/2068/1240
f 1736/2238/1172 2043/2269/1229 1766/2068/1240 1672/2069/1168
f 1735/2239/1172 2040/2266/1229 2043/2269/1229 1736/2238/1172
f 1734/2240/1172 2037/2265/1229 2040/2266/1229 1735/2239/1172
f 2046/2280/1241 2047/2277/1241 2050/2278/1241 2049/2307/1241
f 2047/2277/1241 2048/2276/1241 2051/2308/1241 2050/2278/1241
f 2049/2307/1241 2050/2278/1241 2053/2282/1241 2052/2284/1241
f 2050/2278/1241 2051/2308/1241 2054/2283/1241 2053/2282/1241
f 1688/2259/1235 1808/2309/1242 2046/2280/1241 1839/2270/1236
f 1808/2309/1242 1807/2286/1242 2047/2277/1241 2046/2280/1241
f 1807/2286/1242 1806/2310/1242 2048/2276/1241 2047/2277/1241
f 1806/2310/1242 1687/2204/1148 1842/2215/1153 2048/2276/1241
f 2048/2276/1241 1842/2215/1153 1843/2217/1153 2051/2308/1241
f 2051/2308/1241 1843/2217/1153 1844/2216/1153 2054/2283/1241
f 2054/2283/1241 1844/2216/1153 1689/2123/1048 1812/2290/1243
f 2053/2282/1241 2054/2283/1241 1812/2290/1243 1813/2289/1243
f 2052/2284/1241 2053/2282/1241 1813/2289/1243 1814/2288/1243
f 1841/2271/1236 2052/2284/1241 1814/2288/1243 1690/2064/1237
f 1840/2272/1236 2049/2307/1241 2052/2284/1241 1841/2271/1236
f 1839/2270/1236 2046/2280/1241 2049/2307/1241 1840/2272/1236
f 2055/2245/1244 2056/2242/1245 2059/2311/1246 2058/2312/1247
f 2056/2242/1245 2057/2241/1248 2060/2244/1249 2059/2311/1246
f 2058/2312/1247 2059/2311/1246 2062/2247/1250 2061/2313/1251
f 2059/2311/1246 2060/2244/1249 2063/2248/1252 2062/2247/1250
f 1668/2110/1037 1700/2314/1253 2055/2245/1244 1731/2113/1036
f 1700/2314/1253 1699/2315/1254 2056/2242/1245 2055/2245/1244
f 1699/2315/1254 1698/2251/1255 2057/2241/1248 2056/2242/1245
f 1698/2251/1255 1680/2250/1256 1845/2252/1257 2057/2241/1248
f 2057/2241/1248 1845/2252/1257 1846/2316/1258 2060/2244/1249
f 2060/2244/1249 1846/2316/1258 1847/2317/1259 2063/2248/1252
f 2063/2248/1252 1847/2317/1259 1688/2259/1235 1761/2257/1234
f 2062/2247/1250 2063/2248/1252 1761/2257/1234 1762/2305/1233
f 2061/2313/1251 2062/2247/1250 1762/2305/1233 1763/2255/1232
f 1733/2104/1025 2061/2313/1251 1763/2255/1232 1671/2102/1023
f 1732/2108/1038 2058/2312/1247 2061/2313/1251 1733/2104/1025
f 1731/2113/1036 2055/2245/1244 2058/2312/1247 1732/2108/1038
f 2064/2295/1260 2065/2292/1260 2068/2318/1261 2067/2296/1261
f 2065/2292/1260 2066/2291/1260 2069/2294/1261 2068/2318/1261
f 2067/2296/1261 2068/2318/1261 2071/2297/1262 2070/2299/1262
f 2068/2318/1261 2069/2294/1261 2072/2298/1262 2071/2297/1262
f 1680/2250/1256 1784/2302/1263 2064/2295/1260 1845/2252/1257
f 1784/2302/1263 1783/2301/1263 2065/2292/1260 2064/2295/1260
f 1783/2301/1263 1782/2300/1263 2066/2291/1260 2065/2292/1260
f 1782/2300/1263 1679/2156/1093 1848/2199/1143 2066/2291/1260
f 2066/2291/1260 1848/2199/1143 1849/2205/1149 2069/2294/1261
f 2069/2294/1261 1849/2205/1149 1850/2203/1147 2072/2298/1262
f 2072/2298/1262 1850/2203/1147 1687/2204/1148 1806/2310/1242
f 2071/2297/1262 2072/2298/1262 1806/2310/1242 1807/2286/1242
f 2070/2299/1262 2071/2297/1262 1807/2286/1242 1808/2309/1242
f 1847/2317/1259 2070/2299/1262 1808/2309/1242 1688/2259/1235
f 1846/2316/1258 2067/2296/1261 2070/2299/1262 1847/2317/1259
f 1845/2252/1257 2064/2295/1260 2067/2296/1261 1846/2316/1258
f 2073/2319/1264 2074/2320/1265 2077/2321/1266 2076/2322/1267
f 2074/2320/1265 2075/2319/1268 2078/2323/1269 2077/2321/1266
f 2076/2322/1267 2077/2321/1266 2080/2324/1270 2079/2325/1271
f 2077/2321/1266 2078/2323/1269 2081/2325/1272 2080/2324/1270
f 1668/2110/1037 1712/2111/1035 2073/2319/1264 1700/2314/1253
f 1712/2111/1035 1711/2112/1034 2074/2320/1265 2073/2319/1264
f 1711/2112/1034 1710/2111/1033 2075/2319/1268 2074/2320/1265
f 1710/2111/1033 1667/2110/1032 1797/2254/1187 2075/2319/1268
f 2075/2319/1268 1797/2254/1187 1798/2253/1186 2078/2323/1269
f 2078/2323/1269 1798/2253/1186 1799/2251/1184 2081/2325/1272
f 2081/2325/1272 1799/2251/1184 1685/2250/1183 1851/2326/1273
f 2080/2324/1270 2081/2325/1272 1851/2326/1273 1852/2327/1274
f 2079/2325/1271 2080/2324/1270 1852/2327/1274 1853/2326/1275
f 1698/2251/1255 2079/2325/1271 1853/2326/1275 1680/2250/1256
f 1699/2315/1254 2076/2322/1267 2079/2325/1271 1698/2251/1255
f 1700/2314/1253 2073/2319/1264 2076/2322/1267 1699/2315/1254
f 2082/2328/1276 2083/2329/284 2086/2330/284 2085/2331/1276
f 2083/2329/284 2084/2328/1277 2087/2332/1277 2086/2330/284
f 2085/2331/1276 2086/2330/284 2089/2333/284 2088/2334/1276
f 2086/2330/284 2087/2332/1277 2090/2334/1277 2089/2333/284
f 1680/2250/1256 1853/2326/1275 2082/2328/1276 1784/2302/1263
f 1853/2326/1275 1852/2327/1274 2083/2329/284 2082/2328/1276
f 1852/2327/1274 1851/2326/1273 2084/2328/1277 2083/2329/284
f 1851/2326/1273 1685/2250/1183 1800/2302/1228 2084/2328/1277
f 2084/2328/1277 1800/2302/1228 1801/2301/1228 2087/2332/1277
f 2087/2332/1277 1801/2301/1228 1802/2300/1228 2090/2334/1277
f 2090/2334/1277 1802/2300/1228 1686/2156/1098 1854/2157/1097
f 2089/2333/284 2090/2334/1277 1854/2157/1097 1855/2159/1096
f 2088/2334/1276 2089/2333/284 1855/2159/1096 1856/2157/1094
f 1782/2300/1263 2088/2334/1276 1856/2157/1094 1679/2156/1093
f 1783/2301/1263 2085/2331/1276 2088/2334/1276 1782/2300/1263
f 1784/2302/1263 2082/2328/1276 2085/2331/1276 1783/2301/1263
f 2091/2335/1278 2092/2056/1279 2095/2336/1280 2094/2060/1281
f 2092/2056/1279 2093/2337/1282 2096/2058/1283 2095/2336/1280
f 2094/2060/1281 2095/2336/1280 2098/2061/1284 2097/2063/1285
f 2095/2336/1280 2096/2058/1283 2099/2062/1286 2098/2061/1284
f 1672/2069/1168 1766/2068/1240 2091/2335/1278 1695/2228/1167
f 1766/2068/1240 1765/2306/1239 2092/2056/1279 2091/2335/1278
f 1765/2306/1239 1764/2065/1238 2093/2337/1282 2092/2056/1279
f 1764/2065/1238 1690/2064/1237 1857/2338/1287 2093/2337/1282
f 2093/2337/1282 1857/2338/1287 1858/2079/1288 2096/2058/1283
f 2096/2058/1283 1858/2079/1288 1859/2077/1289 2099/2062/1286
f 2099/2062/1286 1859/2077/1289 1683/2078/1003 1793/2076/1005
f 2098/2061/1284 2099/2062/1286 1793/2076/1005 1792/2094/1013
f 2097/2063/1285 2098/2061/1284 1792/2094/1013 1791/2074/1011
f 1697/2224/1163 2097/2063/1285 1791/2074/1011 1670/2073/1012
f 1696/2071/1169 2094/2060/1281 2097/2063/1285 1697/2224/1163
f 1695/2228/1167 2091/2335/1278 2094/2060/1281 1696/2071/1169
f 2100/2339/1290 2101/2340/1290 2104/2341/1291 2103/2342/1291
f 2101/2340/1290 2102/2343/1290 2105/2344/1291 2104/2341/1291
f 2103/2342/1291 2104/2341/1291 2107/2345/1292 2106/2346/1292
f 2104/2341/1291 2105/2344/1291 2108/2347/1292 2107/2345/1292
f 1690/2064/1237 1814/2288/1243 2100/2339/1290 1857/2338/1287
f 1814/2288/1243 1813/2289/1243 2101/2340/1290 2100/2339/1290
f 1813/2289/1243 1812/2290/1243 2102/2343/1290 2101/2340/1290
f 1812/2290/1243 1689/2123/1048 1860/2125/1050 2102/2343/1290
f 2102/2343/1290 1860/2125/1050 1861/2138/1063 2105/2344/1291
f 2105/2344/1291 1861/2138/1063 1862/2136/1061 2108/2347/1292
f 2108/2347/1292 1862/2136/1061 1684/2137/1062 1796/2348/1293
f 2107/2345/1292 2108/2347/1292 1796/2348/1293 1795/2349/1293
f 2106/2346/1292 2107/2345/1292 1795/2349/1293 1794/2350/1293
f 1859/2077/1289 2106/2346/1292 1794/2350/1293 1683/2078/1003
f 1858/2079/1288 2103/2342/1291 2106/2346/1292 1859/2077/1289
f 1857/2338/1287 2100/2339/1290 2103/2342/1291 1858/2079/1288
f 2109/2351/1294 2110/2352/1295 2113/2353/1296 2112/2354/1297
f 2110/2352/1295 2111/2351/1298 2114/2354/1299 2113/2353/1296
f 2112/2354/1297 2113/2353/1296 2116/2355/1300 2115/2356/1301
f 2113/2353/1296 2114/2354/1299 2117/2356/1302 2116/2355/1300
f 1666/2132/1057 1709/2148/1083 2109/2351/1294 1721/2133/1058
f 1709/2148/1083 1708/2149/1082 2110/2352/1295 2109/2351/1294
f 1708/2149/1082 1707/2148/1081 2111/2351/1298 2110/2352/1295
f 1707/2148/1081 1665/2132/1080 1785/2133/1303 2111/2351/1298
f 2111/2351/1298 1785/2133/1303 1786/2134/1304 2114/2354/1299
f 2114/2354/1299 1786/2134/1304 1787/2357/1305 2117/2356/1302
f 2117/2356/1302 1787/2357/1305 1681/2137/1306 1863/2358/1307
f 2116/2355/1300 2117/2356/1302 1863/2358/1307 1864/2359/1308
f 2115/2356/1301 2116/2355/1300 1864/2359/1308 1865/2358/1309
f 1719/2135/1060 2115/2356/1301 1865/2358/1309 1684/2137/1062
f 1720/2134/1059 2112/2354/1297 2115/2356/1301 1719/2135/1060
f 1721/2133/1058 2109/2351/1294 2112/2354/1297 1720/2134/1059
f 2118/2360/1310 2119/2361/298 2122/2362/298 2121/2363/1310
f 2119/2361/298 2120/2360/1311 2123/2364/1311 2122/2362/298
f 2121/2363/1310 2122/2362/298 2125/2365/298 2124/2366/1310
f 2122/2362/298 2123/2364/1311 2126/2366/1311 2125/2365/298
f 1684/2137/1062 1865/2358/1309 2118/2360/1310 1796/2348/1293
f 1865/2358/1309 1864/2359/1308 2119/2361/298 2118/2360/1310
f 1864/2359/1308 1863/2358/1307 2120/2360/1311 2119/2361/298
f 1863/2358/1307 1681/2137/1306 1788/2348/1312 2120/2360/1311
f 2120/2360/1311 1788/2348/1312 1789/2349/1312 2123/2364/1311
f 2123/2364/1311 1789/2349/1312 1790/2350/1312 2126/2366/1311
f 2126/2366/1311 1790/2350/1312 1682/2078/992 1866/2090/1007
f 2125/2365/298 2126/2366/1311 1866/2090/1007 1867/2089/1006
f 2124/2366/1310 2125/2365/298 1867/2089/1006 1868/2088/1004
f 1794/2350/1293 2124/2366/1310 1868/2088/1004 1683/2078/1003
f 1795/2349/1293 2121/2363/1310 2124/2366/1310 1794/2350/1293
f 1796/2348/1293 2118/2360/1310 2121/2363/1310 1795/2349/1293
f 2127/2118/1313 2128/2115/1314 2131/2367/1315 2130/2119/1316
f 2128/2115/1314 2129/2114/1317 2132/2117/1318 2131/2367/1315
f 2130/2119/1316 2131/2367/1315 2134/2120/1319 2133/2122/1320
f 2131/2367/1315 2132/2117/1318 2135/2121/1321 2134/2120/1319
f 1674/2147/1076 1778/2127/1209 2127/2118/1313 1716/2129/1077
f 1778/2127/1209 1777/2126/1208 2128/2115/1314 2127/2118/1313
f 1777/2126/1208 1776/2124/1207 2129/2114/1317 2128/2115/1314
f 1776/2124/1207 1694/2123/1206 1869/2125/1322 2129/2114/1317
f 2129/2114/1317 1869/2125/1322 1870/2138/1323 2132/2117/1318
f 2132/2117/1318 1870/2138/1323 1871/2136/1324 2135/2121/1321
f 2135/2121/1321 1871/2136/1324 1681/2137/1306 1787/2357/1305
f 2134/2120/1319 2135/2121/1321 1787/2357/1305 1786/2134/1304
f 2133/2122/1320 2134/2120/1319 1786/2134/1304 1785/2133/1303
f 1718/2131/1079 2133/2122/1320 1785/2133/1303 1665/2132/1080
f 1717/2130/1078 2130/2119/1316 2133/2122/1320 1718/2131/1079
f 1716/2129/1077 2127/2118/1313 2130/2119/1316 1717/2130/1078
f 2136/2343/1325 2137/2340/1325 2140/2368/1326 2139/2344/1326
f 2137/2340/1325 2138/2339/1325 2141/2342/1326 2140/2368/1326
f 2139/2344/1326 2140/2368/1326 2143/2345/1327 2142/2347/1327
f 2140/2368/1326 2141/2342/1326 2144/2346/1327 2143/2345/1327
f 1694/2123/1206 1826/2290/1212 2136/2343/1325 1869/2125/1322
f 1826/2290/1212 1825/2289/1212 2137/2340/1325 2136/2343/1325
f 1825/2289/1212 1824/2288/1212 2138/2339/1325 2137/2340/1325
f 1824/2288/1212 1693/2064/978 1872/2066/980 2138/2339/1325
f 2138/2339/1325 1872/2066/980 1873/2079/993 2141/2342/1326
f 2141/2342/1326 1873/2079/993 1874/2077/991 2144/2346/1327
f 2144/2346/1327 1874/2077/991 1682/2078/992 1790/2350/1312
f 2143/2345/1327 2144/2346/1327 1790/2350/1312 1789/2349/1312
f 2142/2347/1327 2143/2345/1327 1789/2349/1312 1788/2348/1312
f 1871/2136/1324 2142/2347/1327 1788/2348/1312 1681/2137/1306
f 1870/2138/1323 2139/2344/1326 2142/2347/1327 1871/2136/1324
f 1869/2125/1322 2136/2343/1325 2139/2344/1326 1870/2138/1323
usemtl black_plastic
f 13/1/1 14/2/2 34/3/3 33/4/4
f 299/5/5 300/6/6 20/7/7 19/8/8
f 298/9/9 299/5/5 19/8/8 18/10/10
f 297/11/11 298/12/9 18/13/10 17/14/12
f 296/15/13 297/11/11 17/14/12 16/16/14
f 295/17/15 296/15/13 16/16/14 15/18/16
f 294/19/17 295/17/15 15/18/16 14/20/2
f 293/21/18 294/22/17 14/2/2 13/1/1
f 292/23/19 293/21/18 13/1/1 12/24/20
f 291/25/21 292/23/19 12/24/20 11/26/22
f 290/27/23 291/25/21 11/26/22 10/28/24
f 289/29/25 290/27/23 10/28/24 9/30/26
f 288/31/27 289/29/25 9/30/26 8/32/28
f 287/33/29 288/34/27 8/35/28 7/36/30
f 286/37/31 287/33/29 7/36/30 6/38/32
f 285/39/33 286/37/31 6/38/32 5/40/34
f 284/41/35 285/39/33 5/40/34 4/42/36
f 283/43/37 284/44/35 4/45/36 3/46/38
f 282/47/39 283/43/37 3/46/38 2/48/40
f 281/49/41 282/47/39 2/48/40 1/50/42
f 21/51/43 22/52/44 42/53/45 41/54/46
f 2/48/40 3/46/38 23/55/47 22/52/44
f 17/14/12 18/13/10 38/56/48 37/57/49
f 6/38/32 7/36/30 27/58/50 26/59/51
f 10/28/24 11/26/22 31/60/52 30/61/53
f 14/20/2 15/18/16 35/62/54 34/63/3
f 3/46/38 4/45/36 24/64/55 23/55/47
f 18/10/10 19/8/8 39/65/56 38/66/48
f 7/36/30 8/35/28 28/67/57 27/58/50
f 11/26/22 12/24/20 32/68/58 31/60/52
f 15/18/16 16/16/14 36/69/59 35/62/54
f 4/42/36 5/40/34 25/70/60 24/71/55
f 19/8/8 20/7/7 40/72/61 39/65/56
f 8/32/28 9/30/26 29/73/62 28/74/57
f 12/24/20 13/1/1 33/4/4 32/68/58
f 1/50/42 2/48/40 22/52/44 21/51/43
f 16/16/14 17/14/12 37/57/49 36/69/59
f 5/40/34 6/38/32 26/59/51 25/70/60
f 20/7/7 1/50/42 21/51/43 40/72/61
f 9/30/26 10/28/24 30/61/53 29/73/62
f 53/75/63 54/76/64 74/77/65 73/78/66
f 36/69/59 37/57/49 57/79/67 56/80/68
f 29/73/62 30/61/53 50/81/69 49/82/70
f 22/52/44 23/55/47 43/83/71 42/53/45
f 37/57/49 38/56/48 58/84/72 57/79/67
f 30/61/53 31/60/52 51/85/73 50/81/69
f 23/55/47 24/64/55 44/86/74 43/83/71
f 38/66/48 39/65/56 59/87/75 58/88/72
f 31/60/52 32/68/58 52/89/76 51/85/73
f 24/71/55 25/70/60 45/90/77 44/91/74
f 39/65/56 40/72/61 60/92/78 59/87/75
f 32/68/58 33/4/4 53/75/63 52/89/76
f 25/70/60 26/59/51 46/93/79 45/90/77
f 40/72/61 21/51/43 41/54/46 60/92/78
f 33/4/4 34/3/3 54/76/64 53/75/63
f 26/59/51 27/58/50 47/94/80 46/93/79
f 34/63/3 35/62/54 55/95/81 54/96/64
f 27/58/50 28/67/57 48/97/82 47/94/80
f 35/62/54 36/69/59 56/80/68 55/95/81
f 28/74/57 29/73/62 49/82/70 48/98/82
f 70/99/83 71/100/84 91/101/85 90/102/86
f 46/93/79 47/94/80 67/103/87 66/104/88
f 54/96/64 55/95/81 75/105/89 74/106/65
f 47/94/80 48/97/82 68/107/90 67/103/87
f 55/95/81 56/80/68 76/108/91 75/105/89
f 48/98/82 49/82/70 69/109/92 68/110/90
f 41/54/46 42/53/45 62/111/93 61/112/94
f 56/80/68 57/79/67 77/113/95 76/108/91
f 49/82/70 50/81/69 70/99/83 69/109/92
f 42/53/45 43/83/71 63/114/96 62/111/93
f 57/79/67 58/84/72 78/115/97 77/113/95
f 50/81/69 51/85/73 71/100/84 70/99/83
f 43/83/71 44/86/74 64/116/98 63/114/96
f 58/88/72 59/87/75 79/117/99 78/118/97
f 51/85/73 52/89/76 72/119/100 71/100/84
f 44/91/74 45/90/77 65/120/101 64/121/98
f 59/87/75 60/92/78 80/122/102 79/117/99
f 52/89/76 53/75/63 73/78/66 72/119/100
f 45/90/77 46/93/79 66/104/88 65/120/101
f 60/92/78 41/54/46 61/112/94 80/122/102
f 87/123/103 88/124/104 108/125/105 107/126/106
f 63/114/96 64/116/98 84/127/107 83/128/108
f 78/118/97 79/117/99 99/129/109 98/130/110
f 71/100/84 72/119/100 92/131/111 91/101/85
f 64/121/98 65/120/101 85/132/112 84/133/107
f 79/117/99 80/122/102 100/134/113 99/129/109
f 72/119/100 73/78/66 93/135/114 92/131/111
f 65/120/101 66/104/88 86/136/115 85/132/112
f 80/122/102 61/112/94 81/137/116 100/134/113
f 73/78/66 74/77/65 94/138/117 93/135/114
f 66/104/88 67/103/87 87/123/103 86/136/115
f 74/106/65 75/105/89 95/139/118 94/140/117
f 67/103/87 68/107/90 88/124/104 87/123/103
f 75/105/89 76/108/91 96/141/119 95/139/118
f 68/110/90 69/109/92 89/142/120 88/143/104
f 61/112/94 62/111/93 82/144/121 81/137/116
f 76/108/91 77/113/95 97/145/122 96/141/119
f 69/109/92 70/99/83 90/102/86 89/142/120
f 62/111/93 63/114/96 83/128/108 82/144/121
f 77/113/95 78/115/97 98/146/110 97/145/122
f 104/147/123 105/148/124 125/149/125 124/150/126
f 95/139/118 96/141/119 116/151/127 115/152/128
f 88/143/104 89/142/120 109/153/129 108/154/105
f 81/137/116 82/144/121 102/155/130 101/156/131
f 96/141/119 97/145/122 117/157/132 116/151/127
f 89/142/120 90/102/86 110/158/133 109/153/129
f 82/144/121 83/128/108 103/159/134 102/155/130
f 97/145/122 98/146/110 118/160/135 117/157/132
f 90/102/86 91/101/85 111/161/136 110/158/133
f 83/128/108 84/127/107 104/162/123 103/159/134
f 98/130/110 99/129/109 119/163/137 118/164/135
f 91/101/85 92/131/111 112/165/138 111/161/136
f 84/133/107 85/132/112 105/148/124 104/147/123
f 99/129/109 100/134/113 120/166/139 119/163/137
f 92/131/111 93/135/114 113/167/140 112/165/138
f 85/132/112 86/136/115 106/168/141 105/148/124
f 100/134/113 81/137/116 101/156/131 120/166/139
f 93/135/114 94/138/117 114/169/142 113/167/140
f 86/136/115 87/123/103 107/126/106 106/168/141
f 94/140/117 95/139/118 115/152/128 114/170/142
f 121/171/143 122/172/144 142/173/145 141/174/146
f 119/163/137 120/166/139 140/175/147 139/176/148
f 112/165/138 113/167/140 133/177/149 132/178/150
f 105/148/124 106/168/141 126/179/151 125/149/125
f 120/166/139 101/156/131 121/171/143 140/175/147
f 113/167/140 114/169/142 134/180/152 133/177/149
f 106/168/141 107/126/106 127/181/153 126/179/151
f 114/170/142 115/152/128 135/182/154 134/183/152
f 107/126/106 108/125/105 128/184/155 127/181/153
f 115/152/128 116/151/127 136/185/156 135/182/154
f 108/154/105 109/153/129 129/186/157 128/187/155
f 101/156/131 102/155/130 122/172/144 121/171/143
f 116/151/127 117/157/132 137/188/158 136/185/156
f 109/153/129 110/158/133 130/189/159 129/186/157
f 102/155/130 103/159/134 123/190/160 122/172/144
f 117/157/132 118/160/135 138/191/161 137/188/158
f 110/158/133 111/161/136 131/192/162 130/189/159
f 103/159/134 104/162/123 124/193/126 123/190/160
f 118/164/135 119/163/137 139/176/148 138/194/161
f 111/161/136 112/165/138 132/178/150 131/192/162
f 160/195/163 141/174/146 161/196/164 180/197/165
f 136/185/156 137/188/158 157/198/166 156/199/167
f 129/186/157 130/189/159 150/200/168 149/201/169
f 122/172/144 123/190/160 143/202/170 142/173/145
f 137/188/158 138/191/161 158/203/171 157/198/166
f 130/189/159 131/192/162 151/204/172 150/200/168
f 123/190/160 124/193/126 144/205/173 143/202/170
f 138/194/161 139/176/148 159/206/174 158/207/171
f 131/192/162 132/178/150 152/208/175 151/204/172
f 124/150/126 125/149/125 145/209/176 144/210/173
f 139/176/148 140/175/147 160/195/163 159/206/174
f 132/178/150 133/177/149 153/211/177 152/208/175
f 125/149/125 126/179/151 146/212/178 145/209/176
f 140/175/147 121/171/143 141/174/146 160/195/163
f 133/177/149 134/180/152 154/213/179 153/211/177
f 126/179/151 127/181/153 147/214/180 146/212/178
f 134/183/152 135/182/154 155/215/181 154/216/179
f 127/181/153 128/184/155 148/217/182 147/214/180
f 135/182/154 136/185/156 156/199/167 155/215/181
f 128/187/155 129/186/157 149/201/169 148/218/182
f 177/219/183 178/220/184 198/221/185 197/222/186
f 153/211/177 154/213/179 174/223/187 173/224/188
f 146/212/178 147/214/180 167/225/189 166/226/190
f 154/213/179 155/227/181 175/228/191 174/223/187
f 147/229/180 148/218/182 168/230/192 167/231/189
f 155/215/181 156/199/167 176/232/193 175/233/191
f 148/218/182 149/201/169 169/234/194 168/230/192
f 141/174/146 142/173/145 162/235/195 161/196/164
f 156/199/167 157/198/166 177/236/183 176/232/193
f 149/201/169 150/200/168 170/237/196 169/234/194
f 142/173/145 143/202/170 163/238/197 162/235/195
f 157/239/166 158/207/171 178/220/184 177/219/183
f 150/200/168 151/204/172 171/240/198 170/237/196
f 143/202/170 144/205/173 164/241/199 163/238/197
f 158/207/171 159/206/174 179/242/200 178/220/184
f 151/204/172 152/208/175 172/243/201 171/240/198
f 144/205/173 145/244/176 165/245/202 164/241/199
f 159/206/174 160/195/163 180/197/165 179/242/200
f 152/208/175 153/211/177 173/224/188 172/243/201
f 145/209/176 146/212/178 166/226/190 165/246/202
f 194/247/203 195/248/204 215/249/205 214/250/206
f 170/237/196 171/240/198 191/251/207 190/252/208
f 163/238/197 164/241/199 184/253/209 183/254/210
f 178/220/184 179/242/200 199/255/211 198/221/185
f 171/240/198 172/243/201 192/256/212 191/251/207
f 164/241/199 165/245/202 185/257/213 184/253/209
f 179/242/200 180/197/165 200/258/214 199/255/211
f 172/243/201 173/224/188 193/259/215 192/256/212
f 165/246/202 166/226/190 186/260/216 185/261/213
f 180/197/165 161/196/164 181/262/217 200/258/214
f 173/224/188 174/223/187 194/247/203 193/259/215
f 166/226/190 167/225/189 187/263/218 186/260/216
f 174/223/187 175/228/191 195/248/204 194/247/203
f 167/231/189 168/230/192 188/264/219 187/265/218
f 175/233/191 176/232/193 196/266/220 195/267/204
f 168/230/192 169/234/194 189/268/221 188/264/219
f 161/196/164 162/235/195 182/269/222 181/262/217
f 176/232/193 177/236/183 197/270/186 196/266/220
f 169/234/194 170/237/196 190/252/208 189/268/221
f 162/235/195 163/238/197 183/254/210 182/269/222
f 211/271/223 212/272/224 232/273/225 231/274/226
f 187/265/218 188/264/219 208/275/227 207/276/228
f 195/267/204 196/266/220 216/277/229 215/278/205
f 188/264/219 189/268/221 209/279/230 208/275/227
f 181/262/217 182/269/222 202/280/231 201/281/232
f 196/266/220 197/270/186 217/282/233 216/277/229
f 189/268/221 190/252/208 210/283/234 209/279/230
f 182/269/222 183/254/210 203/284/235 202/280/231
f 197/222/186 198/221/185 218/285/236 217/286/233
f 190/252/208 191/251/207 211/271/223 210/283/234
f 183/254/210 184/253/209 204/287/237 203/284/235
f 198/221/185 199/255/211 219/288/238 218/285/236
f 191/251/207 192/256/212 212/272/224 211/271/223
f 184/253/209 185/257/213 205/289/239 204/287/237
f 199/255/211 200/258/214 220/290/240 219/288/238
f 192/256/212 193/259/215 213/291/241 212/272/224
f 185/261/213 186/260/216 206/292/242 205/293/239
f 200/258/214 181/262/217 201/281/232 220/290/240
f 193/259/215 194/247/203 214/250/206 213/291/241
f 186/260/216 187/263/218 207/294/228 206/292/242
f 228/295/243 229/296/244 249/297/245 248/298/246
f 204/287/237 205/289/239 225/299/247 224/300/248
f 219/288/238 220/290/240 240/301/249 239/302/250
f 212/272/224 213/291/241 233/303/251 232/273/225
f 205/293/239 206/292/242 226/304/252 225/305/247
f 220/290/240 201/281/232 221/306/253 240/301/249
f 213/291/241 214/250/206 234/307/254 233/303/251
f 206/292/242 207/294/228 227/308/255 226/304/252
f 214/250/206 215/249/205 235/309/256 234/307/254
f 207/276/228 208/275/227 228/295/243 227/310/255
f 215/278/205 216/277/229 236/311/257 235/312/256
f 208/275/227 209/279/230 229/296/244 228/295/243
f 201/281/232 202/280/231 222/313/258 221/306/253
f 216/277/229 217/282/233 237/314/259 236/311/257
f 209/279/230 210/283/234 230/315/260 229/296/244
f 202/280/231 203/284/235 223/316/261 222/313/258
f 217/286/233 218/285/236 238/317/262 237/318/259
f 210/283/234 211/271/223 231/274/226 230/315/260
f 203/284/235 204/287/237 224/300/248 223/316/261
f 218/285/236 219/288/238 239/302/250 238/317/262
f 245/319/263 246/320/264 266/321/265 265/322/266
f 221/306/253 222/313/258 242/323/267 241/324/268
f 236/325/257 237/318/259 257/326/269 256/327/270
f 229/296/244 230/315/260 250/328/271 249/297/245
f 222/313/258 223/316/261 243/329/272 242/323/267
f 237/318/259 238/317/262 258/330/273 257/326/269
f 230/315/260 231/274/226 251/331/274 250/328/271
f 223/316/261 224/300/248 244/332/275 243/329/272
f 238/317/262 239/302/250 259/333/276 258/330/273
f 231/274/226 232/273/225 252/334/277 251/331/274
f 224/300/248 225/299/247 245/319/263 244/332/275
f 239/302/250 240/301/249 260/335/278 259/333/276
f 232/273/225 233/303/251 253/336/279 252/334/277
f 225/299/247 226/337/252 246/320/264 245/319/263
f 240/301/249 221/306/253 241/324/268 260/335/278
f 233/303/251 234/307/254 254/338/280 253/336/279
f 226/339/252 227/310/255 247/340/281 246/341/264
f 234/307/254 235/309/256 255/342/282 254/338/280
f 227/310/255 228/295/243 248/298/246 247/340/281
f 235/309/256 236/343/257 256/344/270 255/342/282
s 0
f 261/345/283 262/346/283 263/347/283 264/348/283 265/349/283 266/350/283 267/351/283 268/352/283 269/353/283 270/354/283 271/355/283 272/356/283 273/357/283 274/358/283 275/359/283 276/360/283 277/361/283 278/362/283 279/363/283 280/364/283
s 1
f 260/335/278 241/324/268 261/365/284 280/366/285
f 253/336/279 254/338/280 274/367/286 273/368/287
f 246/341/264 247/340/281 267/369/288 266/370/265
f 254/338/280 255/342/282 275/371/289 274/367/286
f 247/340/281 248/298/246 268/372/290 267/369/288
f 255/342/282 256/344/270 276/373/291 275/371/289
f 248/298/246 249/297/245 269/374/292 268/372/290
f 241/324/268 242/323/267 262/375/293 261/365/284
f 256/327/270 257/326/269 277/376/294 276/377/291
f 249/297/245 250/328/271 270/378/295 269/374/292
f 242/323/267 243/329/272 263/379/296 262/375/293
f 257/326/269 258/330/273 278/380/297 277/376/294
f 250/328/271 251/331/274 271/381/298 270/378/295
f 243/329/272 244/332/275 264/382/299 263/379/296
f 258/330/273 259/333/276 279/383/300 278/380/297
f 251/331/274 252/334/277 272/384/301 271/381/298
f 244/332/275 245/319/263 265/322/266 264/382/299
f 259/333/276 260/335/278 280/366/285 279/383/300
f 252/334/277 253/336/279 273/368/287 272/384/301
f 293/21/18 313/385/302 314/386/303 294/22/17
f 301/387/304 321/388/305 322/389/306 302/390/307
f 282/47/39 302/390/307 303/391/308 283/43/37
f 297/11/11 317/392/309 318/393/310 298/12/9
f 286/37/31 306/394/311 307/395/312 287/33/29
f 290/27/23 310/396/313 311/397/314 291/25/21
f 294/19/17 314/398/303 315/399/315 295/17/15
f 283/43/37 303/391/308 304/400/316 284/44/35
f 298/9/9 318/401/310 319/402/317 299/5/5
f 287/33/29 307/395/312 308/403/318 288/34/27
f 291/25/21 311/397/314 312/404/319 292/23/19
f 295/17/15 315/399/315 316/405/320 296/15/13
f 284/41/35 304/406/316 305/407/321 285/39/33
f 299/5/5 319/402/317 320/408/322 300/6/6
f 288/31/27 308/409/318 309/410/323 289/29/25
f 292/23/19 312/404/319 313/385/302 293/21/18
f 281/49/41 301/387/304 302/390/307 282/47/39
f 296/15/13 316/405/320 317/392/309 297/11/11
f 285/39/33 305/407/321 306/394/311 286/37/31
f 300/6/6 320/408/322 301/387/304 281/49/41
f 289/29/25 309/410/323 310/396/313 290/27/23
f 333/411/324 353/412/325 354/413/326 334/414/327
f 316/405/320 336/415/328 337/416/329 317/392/309
f 309/410/323 329/417/330 330/418/331 310/396/313
f 302/390/307 322/389/306 323/419/332 303/391/308
f 317/392/309 337/416/329 338/420/333 318/393/310
f 310/396/313 330/418/331 331/421/334 311/397/314
f 303/422/308 323/423/332 324/424/335 304/406/316
f 318/401/310 338/425/333 339/426/336 319/402/317
f 311/397/314 331/421/334 332/427/337 312/404/319
f 304/406/316 324/424/335 325/428/338 305/407/321
f 319/402/317 339/426/336 340/429/339 320/408/322
f 312/404/319 332/427/337 333/411/324 313/385/302
f 305/407/321 325/428/338 326/430/340 306/394/311
f 320/408/322 340/429/339 321/388/305 301/387/304
f 313/385/302 333/411/324 334/414/327 314/386/303
f 306/394/311 326/430/340 327/431/341 307/395/312
f 314/398/303 334/432/327 335/433/342 315/399/315
f 307/395/312 327/431/341 328/434/343 308/403/318
f 315/399/315 335/433/342 336/415/328 316/405/320
f 308/403/318 328/434/343 329/435/330 309/436/323
f 350/437/344 370/438/345 371/439/346 351/440/347
f 326/430/340 346/441/348 347/442/349 327/431/341
f 334/432/327 354/443/326 355/444/350 335/433/342
f 327/431/341 347/442/349 348/445/351 328/434/343
f 335/433/342 355/444/350 356/446/352 336/415/328
f 328/447/343 348/448/351 349/449/353 329/417/330
f 321/388/305 341/450/354 342/451/355 322/389/306
f 336/415/328 356/446/352 357/452/356 337/416/329
f 329/417/330 349/449/353 350/437/344 330/418/331
f 322/389/306 342/451/355 343/453/357 323/419/332
f 337/416/329 357/452/356 358/454/358 338/420/333
f 330/418/331 350/437/344 351/440/347 331/421/334
f 323/419/332 343/453/357 344/455/359 324/456/335
f 338/425/333 358/457/358 359/458/360 339/426/336
f 331/421/334 351/440/347 352/459/361 332/427/337
f 324/424/335 344/460/359 345/461/362 325/428/338
f 339/426/336 359/458/360 360/462/363 340/429/339
f 332/427/337 352/459/361 353/412/325 333/411/324
f 325/428/338 345/461/362 346/441/348 326/430/340
f 340/429/339 360/462/363 341/450/354 321/388/305
f 367/463/364 387/464/365 388/465/366 368/466/367
f 343/453/357 363/467/368 364/468/369 344/455/359
f 358/457/358 378/469/370 379/470/371 359/458/360
f 351/440/347 371/439/346 372/471/372 352/459/361
f 344/460/359 364/472/369 365/473/373 345/461/362
f 359/458/360 379/470/371 380/474/374 360/462/363
f 352/459/361 372/471/372 373/475/375 353/412/325
f 345/461/362 365/473/373 366/476/376 346/441/348
f 360/462/363 380/474/374 361/477/377 341/450/354
f 353/412/325 373/475/375 374/478/378 354/413/326
f 346/441/348 366/476/376 367/463/364 347/442/349
f 354/443/326 374/479/378 375/480/379 355/444/350
f 347/442/349 367/463/364 368/466/367 348/445/351
f 355/444/350 375/480/379 376/481/380 356/446/352
f 348/448/351 368/482/367 369/483/381 349/449/353
f 341/450/354 361/477/377 362/484/382 342/451/355
f 356/446/352 376/481/380 377/485/383 357/452/356
f 349/449/353 369/483/381 370/438/345 350/437/344
f 342/451/355 362/484/382 363/467/368 343/453/357
f 357/452/356 377/485/383 378/486/370 358/454/358
f 384/487/384 404/488/385 405/489/386 385/490/387
f 375/480/379 395/491/388 396/492/389 376/481/380
f 368/482/367 388/493/366 389/494/390 369/483/381
f 361/477/377 381/495/391 382/496/392 362/484/382
f 376/481/380 396/492/389 397/497/393 377/485/383
f 369/483/381 389/494/390 390/498/394 370/438/345
f 362/484/382 382/496/392 383/499/395 363/467/368
f 377/485/383 397/497/393 398/500/396 378/486/370
f 370/438/345 390/498/394 391/501/397 371/439/346
f 363/467/368 383/499/395 384/502/384 364/468/369
f 378/469/370 398/503/396 399/504/398 379/470/371
f 371/439/346 391/501/397 392/505/399 372/471/372
f 364/472/369 384/487/384 385/490/387 365/473/373
f 379/470/371 399/504/398 400/506/400 380/474/374
f 372/471/372 392/505/399 393/507/401 373/475/375
f 365/473/373 385/490/387 386/508/402 366/476/376
f 380/474/374 400/506/400 381/495/391 361/477/377
f 373/475/375 393/507/401 394/509/403 374/478/378
f 366/476/376 386/508/402 387/464/365 367/463/364
f 374/479/378 394/510/403 395/491/388 375/480/379
f 401/511/404 421/512/405 422/513/406 402/514/407
f 399/504/398 419/515/408 420/516/409 400/506/400
f 392/505/399 412/517/410 413/518/411 393/507/401
f 385/490/387 405/489/386 406/519/412 386/508/402
f 400/506/400 420/516/409 401/511/404 381/495/391
f 393/507/401 413/518/411 414/520/413 394/509/403
f 386/508/402 406/519/412 407/521/414 387/464/365
f 394/510/403 414/522/413 415/523/415 395/491/388
f 387/464/365 407/521/414 408/524/416 388/465/366
f 395/491/388 415/523/415 416/525/417 396/492/389
f 388/493/366 408/526/416 409/527/418 389/494/390
f 381/495/391 401/511/404 402/514/407 382/496/392
f 396/492/389 416/525/417 417/528/419 397/497/393
f 389/494/390 409/527/418 410/529/420 390/498/394
f 382/496/392 402/514/407 403/530/421 383/499/395
f 397/497/393 417/528/419 418/531/422 398/500/396
f 390/498/394 410/529/420 411/532/423 391/501/397
f 383/499/395 403/530/421 404/533/385 384/502/384
f 398/503/396 418/534/422 419/515/408 399/504/398
f 391/501/397 411/532/423 412/517/410 392/505/399
f 440/535/424 460/536/425 441/537/426 421/512/405
f 416/525/417 436/538/427 437/539/428 417/528/419
f 409/527/418 429/540/429 430/541/430 410/529/420
f 402/514/407 422/513/406 423/542/431 403/530/421
f 417/528/419 437/539/428 438/543/432 418/531/422
f 410/529/420 430/541/430 431/544/433 411/532/423
f 403/530/421 423/542/431 424/545/434 404/533/385
f 418/534/422 438/546/432 439/547/435 419/515/408
f 411/532/423 431/544/433 432/548/436 412/517/410
f 404/488/385 424/549/434 425/550/437 405/489/386
f 419/515/408 439/547/435 440/535/424 420/516/409
f 412/517/410 432/548/436 433/551/438 413/518/411
f 405/489/386 425/550/437 426/552/439 406/519/412
f 420/516/409 440/535/424 421/512/405 401/511/404
f 413/518/411 433/551/438 434/553/440 414/520/413
f 406/519/412 426/552/439 427/554/441 407/521/414
f 414/522/413 434/555/440 435/556/442 415/523/415
f 407/521/414 427/554/441 428/557/443 408/524/416
f 415/523/415 435/556/442 436/538/427 416/525/417
f 408/526/416 428/558/443 429/540/429 409/527/418
f 457/559/444 477/560/445 478/561/446 458/562/447
f 433/551/438 453/563/448 454/564/449 434/553/440
f 426/552/439 446/565/450 447/566/451 427/554/441
f 434/555/440 454/567/449 455/568/452 435/556/442
f 427/554/441 447/566/451 448/569/453 428/557/443
f 435/556/442 455/568/452 456/570/454 436/538/427
f 428/558/443 448/571/453 449/572/455 429/540/429
f 421/512/405 441/537/426 442/573/456 422/513/406
f 436/538/427 456/570/454 457/559/444 437/539/428
f 429/540/429 449/572/455 450/574/457 430/541/430
f 422/513/406 442/573/456 443/575/458 423/542/431
f 437/539/428 457/559/444 458/562/447 438/543/432
f 430/541/430 450/574/457 451/576/459 431/544/433
f 423/542/431 443/575/458 444/577/460 424/545/434
f 438/546/432 458/578/447 459/579/461 439/547/435
f 431/544/433 451/576/459 452/580/462 432/548/436
f 424/549/434 444/581/460 445/582/463 425/550/437
f 439/547/435 459/579/461 460/536/425 440/535/424
f 432/548/436 452/580/462 453/563/448 433/551/438
f 425/550/437 445/582/463 446/565/450 426/552/439
f 474/583/464 494/584/465 495/585/466 475/586/467
f 450/574/457 470/587/468 471/588/469 451/576/459
f 443/575/458 463/589/470 464/590/471 444/577/460
f 458/578/447 478/591/446 479/592/472 459/579/461
f 451/576/459 471/588/469 472/593/473 452/580/462
f 444/581/460 464/594/471 465/595/474 445/582/463
f 459/579/461 479/592/472 480/596/475 460/536/425
f 452/580/462 472/593/473 473/597/476 453/563/448
f 445/582/463 465/595/474 466/598/477 446/565/450
f 460/536/425 480/596/475 461/599/478 441/537/426
f 453/563/448 473/597/476 474/600/464 454/564/449
f 446/565/450 466/598/477 467/601/479 447/566/451
f 454/567/449 474/583/464 475/586/467 455/568/452
f 447/566/451 467/601/479 468/602/480 448/569/453
f 455/568/452 475/586/467 476/603/481 456/570/454
f 448/571/453 468/604/480 469/605/482 449/572/455
f 441/537/426 461/599/478 462/606/483 442/573/456
f 456/570/454 476/603/481 477/560/445 457/559/444
f 449/572/455 469/605/482 470/587/468 450/574/457
f 442/573/456 462/606/483 463/589/470 443/575/458
f 491/607/484 511/608/485 512/609/486 492/610/487
f 467/601/479 487/611/488 488/612/489 468/602/480
f 475/586/467 495/585/466 496/613/490 476/603/481
f 468/604/480 488/614/489 489/615/491 469/605/482
f 461/599/478 481/616/492 482/617/493 462/606/483
f 476/603/481 496/613/490 497/618/494 477/560/445
f 469/605/482 489/615/491 490/619/495 470/587/468
f 462/606/483 482/617/493 483/620/496 463/589/470
f 477/560/445 497/618/494 498/621/497 478/561/446
f 470/587/468 490/619/495 491/607/484 471/588/469
f 463/589/470 483/620/496 484/622/498 464/590/471
f 478/591/446 498/623/497 499/624/499 479/592/472
f 471/588/469 491/607/484 492/610/487 472/593/473
f 464/594/471 484/625/498 485/626/500 465/595/474
f 479/592/472 499/624/499 500/627/501 480/596/475
f 472/593/473 492/610/487 493/628/502 473/597/476
f 465/595/474 485/626/500 486/629/503 466/598/477
f 480/596/475 500/627/501 481/616/492 461/599/478
f 473/597/476 493/628/502 494/630/465 474/600/464
f 466/598/477 486/629/503 487/611/488 467/601/479
f 508/631/504 528/632/505 529/633/506 509/634/507
f 484/622/498 504/635/508 505/636/509 485/637/500
f 499/624/499 519/638/510 520/639/511 500/627/501
f 492/610/487 512/609/486 513/640/512 493/628/502
f 485/626/500 505/641/509 506/642/513 486/629/503
f 500/627/501 520/639/511 501/643/514 481/616/492
f 493/628/502 513/640/512 514/644/515 494/630/465
f 486/629/503 506/642/513 507/645/516 487/611/488
f 494/630/465 514/644/515 515/646/517 495/647/466
f 487/648/488 507/649/516 508/631/504 488/614/489
f 495/585/466 515/650/517 516/651/518 496/613/490
f 488/614/489 508/631/504 509/634/507 489/615/491
f 481/616/492 501/643/514 502/652/519 482/617/493
f 496/613/490 516/651/518 517/653/520 497/618/494
f 489/615/491 509/634/507 510/654/521 490/619/495
f 482/617/493 502/652/519 503/655/522 483/620/496
f 497/656/494 517/657/520 518/658/523 498/623/497
f 490/619/495 510/654/521 511/608/485 491/607/484
f 483/620/496 503/655/522 504/635/508 484/622/498
f 498/623/497 518/658/523 519/638/510 499/624/499
f 525/659/524 545/660/525 546/661/526 526/662/527
f 501/643/514 521/663/528 522/664/529 502/652/519
f 516/651/518 536/665/530 537/666/531 517/653/520
f 509/634/507 529/633/506 530/667/532 510/654/521
f 502/652/519 522/664/529 523/668/533 503/655/522
f 517/657/520 537/669/531 538/670/534 518/658/523
f 510/654/521 530/667/532 531/671/535 511/608/485
f 503/655/522 523/668/533 524/672/536 504/635/508
f 518/658/523 538/670/534 539/673/537 519/638/510
f 511/608/485 531/671/535 532/674/538 512/609/486
f 504/635/508 524/672/536 525/675/524 505/636/509
f 519/638/510 539/673/537 540/676/539 520/639/511
f 512/609/486 532/674/538 533/677/540 513/640/512
f 505/641/509 525/659/524 526/662/527 506/642/513
f 520/639/511 540/676/539 521/663/528 501/643/514
f 513/640/512 533/677/540 534/678/541 514/644/515
f 506/642/513 526/662/527 527/679/542 507/645/516
f 514/644/515 534/678/541 535/680/543 515/646/517
f 507/649/516 527/681/542 528/632/505 508/631/504
f 515/650/517 535/682/543 536/665/530 516/651/518
s 0
f 541/683/544 560/684/544 559/685/544 558/686/544 557/687/544 556/688/544 555/689/544 554/690/544 553/691/544 552/692/544 551/693/544 550/694/544 549/695/544 548/696/544 547/697/544 546/661/544 545/660/544 544/698/544 543/699/544 542/700/544
s 1
f 540/676/539 560/701/545 541/702/284 521/663/528
f 533/677/540 553/703/546 554/704/547 534/678/541
f 526/662/527 546/661/526 547/697/548 527/679/542
f 534/678/541 554/704/547 555/705/549 535/680/543
f 527/681/542 547/706/548 548/707/550 528/632/505
f 535/682/543 555/708/549 556/709/551 536/665/530
f 528/632/505 548/707/550 549/710/552 529/633/506
f 521/663/528 541/702/284 542/711/553 522/664/529
f 536/665/530 556/709/551 557/712/554 537/666/531
f 529/633/506 549/710/552 550/713/555 530/667/532
f 522/664/529 542/711/553 543/714/556 523/668/533
f 537/669/531 557/715/554 558/716/557 538/670/534
f 530/667/532 550/713/555 551/717/298 531/671/535
f 523/668/533 543/714/556 544/718/558 524/672/536
f 538/670/534 558/716/557 559/719/559 539/673/537
f 531/671/535 551/717/298 552/720/560 532/674/538
f 524/672/536 544/718/558 545/721/525 525/675/524
f 539/673/537 559/719/559 560/701/545 540/676/539
f 532/674/538 552/720/560 553/703/546 533/677/540
f 300/6/6 281/49/41 1/50/42 20/7/7
f 573/722/1 574/723/2 594/724/3 593/725/4
f 859/726/5 860/727/6 580/728/7 579/729/8
f 858/730/9 859/726/5 579/729/8 578/731/10
f 857/732/11 858/733/9 578/734/10 577/735/12
f 856/736/13 857/732/11 577/735/12 576/737/14
f 855/738/15 856/736/13 576/737/14 575/739/16
f 854/740/17 855/738/15 575/739/16 574/741/2
f 853/742/18 854/743/17 574/723/2 573/722/1
f 852/744/19 853/742/18 573/722/1 572/745/20
f 851/746/21 852/744/19 572/745/20 571/747/22
f 850/748/23 851/746/21 571/747/22 570/749/24
f 849/750/25 850/748/23 570/749/24 569/751/26
f 848/752/27 849/750/25 569/751/26 568/753/28
f 847/754/29 848/755/27 568/756/28 567/757/30
f 846/758/31 847/754/29 567/757/30 566/759/32
f 845/760/33 846/758/31 566/759/32 565/761/34
f 844/762/35 845/760/33 565/761/34 564/763/36
f 843/764/37 844/765/35 564/766/36 563/767/38
f 842/768/39 843/764/37 563/767/38 562/769/40
f 841/770/41 842/768/39 562/769/40 561/771/42
f 581/772/43 582/773/44 602/774/45 601/775/46
f 562/769/40 563/767/38 583/776/47 582/773/44
f 577/735/12 578/734/10 598/777/48 597/778/49
f 566/759/32 567/757/30 587/779/50 586/780/51
f 570/749/24 571/747/22 591/781/52 590/782/53
f 574/741/2 575/739/16 595/783/54 594/784/3
f 563/767/38 564/766/36 584/785/55 583/776/47
f 578/731/10 579/729/8 599/786/56 598/787/48
f 567/757/30 568/756/28 588/788/57 587/779/50
f 571/747/22 572/745/20 592/789/58 591/781/52
f 575/739/16 576/737/14 596/790/59 595/783/54
f 564/763/36 565/761/34 585/791/60 584/792/55
f 579/729/8 580/728/7 600/793/61 599/786/56
f 568/753/28 569/751/26 589/794/62 588/795/57
f 572/745/20 573/722/1 593/725/4 592/789/58
f 561/771/42 562/769/40 582/773/44 581/772/43
f 576/737/14 577/735/12 597/778/49 596/790/59
f 565/761/34 566/759/32 586/780/51 585/791/60
f 580/728/7 561/771/42 581/772/43 600/793/61
f 569/751/26 570/749/24 590/782/53 589/794/62
f 613/796/63 614/797/64 634/798/65 633/799/66
f 596/790/59 597/778/49 617/800/67 616/801/68
f 589/794/62 590/782/53 610/802/69 609/803/70
f 582/773/44 583/776/47 603/804/71 602/774/45
f 597/778/49 598/777/48 618/805/561 617/800/67
f 590/782/53 591/781/52 611/806/73 610/802/69
f 583/776/47 584/785/55 604/807/74 603/804/71
f 598/787/48 599/786/56 619/808/75 618/809/561
f 591/781/52 592/789/58 612/810/76 611/806/73
f 584/792/55 585/791/60 605/811/77 604/812/74
f 599/786/56 600/793/61 620/813/78 619/808/75
f 592/789/58 593/725/4 613/796/63 612/810/76
f 585/791/60 586/780/51 606/814/79 605/811/77
f 600/793/61 581/772/43 601/775/46 620/813/78
f 593/725/4 594/724/3 614/797/64 613/796/63
f 586/780/51 587/779/50 607/815/80 606/814/79
f 594/784/3 595/783/54 615/816/81 614/817/64
f 587/779/50 588/788/57 608/818/82 607/815/80
f 595/783/54 596/790/59 616/801/68 615/816/81
f 588/795/57 589/794/62 609/803/70 608/819/82
f 630/820/83 631/821/84 651/822/85 650/823/86
f 606/814/79 607/815/80 627/824/87 626/825/88
f 614/817/64 615/816/81 635/826/89 634/827/65
f 607/815/80 608/818/82 628/828/90 627/824/87
f 615/816/81 616/801/68 636/829/91 635/826/89
f 608/819/82 609/803/70 629/830/92 628/831/90
f 601/775/46 602/774/45 622/832/93 621/833/94
f 616/801/68 617/800/67 637/834/95 636/829/91
f 609/803/70 610/802/69 630/820/83 629/830/92
f 602/774/45 603/804/71 623/835/96 622/832/93
f 617/800/67 618/805/561 638/836/562 637/834/95
f 610/802/69 611/806/73 631/821/84 630/820/83
f 603/804/71 604/807/74 624/837/98 623/835/96
f 618/809/561 619/808/75 639/838/99 638/839/562
f 611/806/73 612/810/76 632/840/100 631/821/84
f 604/812/74 605/811/77 625/841/101 624/842/98
f 619/808/75 620/813/78 640/843/102 639/838/99
f 612/810/76 613/796/63 633/799/66 632/840/100
f 605/811/77 606/814/79 626/825/88 625/841/101
f 620/813/78 601/775/46 621/833/94 640/843/102
f 647/844/103 648/845/104 668/846/105 667/847/106
f 623/835/96 624/837/98 644/848/563 643/849/108
f 638/839/562 639/838/99 659/850/109 658/851/110
f 631/821/84 632/840/100 652/852/111 651/822/85
f 624/842/98 625/841/101 645/853/112 644/854/563
f 639/838/99 640/843/102 660/855/113 659/850/109
f 632/840/100 633/799/66 653/856/114 652/852/111
f 625/841/101 626/825/88 646/857/115 645/853/112
f 640/843/102 621/833/94 641/858/116 660/855/113
f 633/799/66 634/798/65 654/859/117 653/856/114
f 626/825/88 627/824/87 647/844/103 646/857/115
f 634/827/65 635/826/89 655/860/118 654/861/117
f 627/824/87 628/828/90 648/845/104 647/844/103
f 635/826/89 636/829/91 656/862/119 655/860/118
f 628/831/90 629/830/92 649/863/120 648/864/104
f 621/833/94 622/832/93 642/865/564 641/858/116
f 636/829/91 637/834/95 657/866/122 656/862/119
f 629/830/92 630/820/83 650/823/86 649/863/120
f 622/832/93 623/835/96 643/849/108 642/865/564
f 637/834/95 638/836/562 658/867/110 657/866/122
f 664/868/565 665/869/124 685/870/125 684/871/126
f 655/860/118 656/862/119 676/872/127 675/873/128
f 648/864/104 649/863/120 669/874/129 668/875/105
f 641/858/116 642/865/564 662/876/130 661/877/131
f 656/862/119 657/866/122 677/878/132 676/872/127
f 649/863/120 650/823/86 670/879/133 669/874/129
f 642/865/564 643/849/108 663/880/134 662/876/130
f 657/866/122 658/867/110 678/881/135 677/878/132
f 650/823/86 651/822/85 671/882/136 670/879/133
f 643/849/108 644/848/563 664/883/565 663/880/134
f 658/851/110 659/850/109 679/884/137 678/885/135
f 651/822/85 652/852/111 672/886/138 671/882/136
f 644/854/563 645/853/112 665/869/124 664/868/565
f 659/850/109 660/855/113 680/887/139 679/884/137
f 652/852/111 653/856/114 673/888/140 672/886/138
f 645/853/112 646/857/115 666/889/141 665/869/124
f 660/855/113 641/858/116 661/877/131 680/887/139
f 653/856/114 654/859/117 674/890/142 673/888/140
f 646/857/115 647/844/103 667/847/106 666/889/141
f 654/861/117 655/860/118 675/873/128 674/891/142
f 681/892/143 682/893/144 702/894/145 701/895/146
f 679/884/137 680/887/139 700/896/147 699/897/148
f 672/886/138 673/888/140 693/898/149 692/899/150
f 665/869/124 666/889/141 686/900/151 685/870/125
f 680/887/139 661/877/131 681/892/143 700/896/147
f 673/888/140 674/890/142 694/901/152 693/898/149
f 666/889/141 667/847/106 687/902/153 686/900/151
f 674/891/142 675/873/128 695/903/154 694/904/152
f 667/847/106 668/846/105 688/905/566 687/902/153
f 675/873/128 676/872/127 696/906/156 695/903/154
f 668/875/105 669/874/129 689/907/567 688/908/566
f 661/877/131 662/876/130 682/893/144 681/892/143
f 676/872/127 677/878/132 697/909/158 696/906/156
f 669/874/129 670/879/133 690/910/159 689/907/567
f 662/876/130 663/880/134 683/911/160 682/893/144
f 677/878/132 678/881/135 698/912/161 697/909/158
f 670/879/133 671/882/136 691/913/162 690/910/159
f 663/880/134 664/883/565 684/914/126 683/911/160
f 678/885/135 679/884/137 699/897/148 698/915/161
f 671/882/136 672/886/138 692/899/150 691/913/162
f 720/916/163 701/895/146 721/917/164 740/918/165
f 696/906/156 697/909/158 717/919/166 716/920/167
f 689/907/567 690/910/159 710/921/168 709/922/169
f 682/893/144 683/911/160 703/923/170 702/894/145
f 697/909/158 698/912/161 718/924/171 717/919/166
f 690/910/159 691/913/162 711/925/172 710/921/168
f 683/911/160 684/914/126 704/926/173 703/923/170
f 698/915/161 699/897/148 719/927/174 718/928/171
f 691/913/162 692/899/150 712/929/175 711/925/172
f 684/871/126 685/870/125 705/930/176 704/931/173
f 699/897/148 700/896/147 720/916/163 719/927/174
f 692/899/150 693/898/149 713/932/177 712/929/175
f 685/870/125 686/900/151 706/933/178 705/930/176
f 700/896/147 681/892/143 701/895/146 720/916/163
f 693/898/149 694/901/152 714/934/179 713/932/177
f 686/900/151 687/902/153 707/935/180 706/933/178
f 694/904/152 695/903/154 715/936/181 714/937/179
f 687/902/153 688/905/566 708/938/568 707/935/180
f 695/903/154 696/906/156 716/920/167 715/936/181
f 688/908/566 689/907/567 709/922/169 708/939/568
f 737/940/183 738/941/184 758/942/185 757/943/186
f 713/932/177 714/934/179 734/944/187 733/945/188
f 706/933/178 707/935/180 727/946/189 726/947/190
f 714/934/179 715/948/181 735/949/191 734/944/187
f 707/950/180 708/939/568 728/951/192 727/952/189
f 715/936/181 716/920/167 736/953/193 735/954/191
f 708/939/568 709/922/169 729/955/194 728/951/192
f 701/895/146 702/894/145 722/956/195 721/917/164
f 716/920/167 717/919/166 737/957/183 736/953/193
f 709/922/169 710/921/168 730/958/196 729/955/194
f 702/894/145 703/923/170 723/959/197 722/956/195
f 717/960/166 718/928/171 738/941/184 737/940/183
f 710/921/168 711/925/172 731/961/198 730/958/196
f 703/923/170 704/926/173 724/962/569 723/959/197
f 718/928/171 719/927/174 739/963/200 738/941/184
f 711/925/172 712/929/175 732/964/201 731/961/198
f 704/926/173 705/965/176 725/966/202 724/962/569
f 719/927/174 720/916/163 740/918/165 739/963/200
f 712/929/175 713/932/177 733/945/188 732/964/201
f 705/930/176 706/933/178 726/947/190 725/967/202
f 754/968/203 755/969/204 775/970/205 774/971/570
f 730/958/196 731/961/198 751/972/207 750/973/208
f 723/959/197 724/962/569 744/974/209 743/975/210
f 738/941/184 739/963/200 759/976/211 758/942/185
f 731/961/198 732/964/201 752/977/212 751/972/207
f 724/962/569 725/966/202 745/978/213 744/974/209
f 739/963/200 740/918/165 760/979/214 759/976/211
f 732/964/201 733/945/188 753/980/215 752/977/212
f 725/967/202 726/947/190 746/981/216 745/982/213
f 740/918/165 721/917/164 741/983/217 760/979/214
f 733/945/188 734/944/187 754/968/203 753/980/215
f 726/947/190 727/946/189 747/984/218 746/981/216
f 734/944/187 735/949/191 755/969/204 754/968/203
f 727/952/189 728/951/192 748/985/219 747/986/218
f 735/954/191 736/953/193 756/987/220 755/988/204
f 728/951/192 729/955/194 749/989/221 748/985/219
f 721/917/164 722/956/195 742/990/222 741/983/217
f 736/953/193 737/957/183 757/991/186 756/987/220
f 729/955/194 730/958/196 750/973/208 749/989/221
f 722/956/195 723/959/197 743/975/210 742/990/222
f 771/992/223 772/993/224 792/994/225 791/995/226
f 747/986/218 748/985/219 768/996/227 767/997/228
f 755/988/204 756/987/220 776/998/229 775/999/205
f 748/985/219 749/989/221 769/1000/230 768/996/227
f 741/983/217 742/990/222 762/1001/231 761/1002/232
f 756/987/220 757/991/186 777/1003/233 776/998/229
f 749/989/221 750/973/208 770/1004/234 769/1000/230
f 742/990/222 743/975/210 763/1005/235 762/1001/231
f 757/943/186 758/942/185 778/1006/571 777/1007/233
f 750/973/208 751/972/207 771/992/223 770/1004/234
f 743/975/210 744/974/209 764/1008/237 763/1005/235
f 758/942/185 759/976/211 779/1009/238 778/1006/571
f 751/972/207 752/977/212 772/993/224 771/992/223
f 744/974/209 745/978/213 765/1010/239 764/1008/237
f 759/976/211 760/979/214 780/1011/240 779/1009/238
f 752/977/212 753/980/215 773/1012/241 772/993/224
f 745/982/213 746/981/216 766/1013/242 765/1014/239
f 760/979/214 741/983/217 761/1002/232 780/1011/240
f 753/980/215 754/968/203 774/971/570 773/1012/241
f 746/981/216 747/984/218 767/1015/228 766/1013/242
f 788/1016/243 789/1017/244 809/1018/245 808/1019/246
f 764/1008/237 765/1010/239 785/1020/247 784/1021/248
f 779/1009/238 780/1011/240 800/1022/249 799/1023/250
f 772/993/224 773/1012/241 793/1024/251 792/994/225
f 765/1014/239 766/1013/242 786/1025/252 785/1026/247
f 780/1011/240 761/1002/232 781/1027/253 800/1022/249
f 773/1012/241 774/971/570 794/1028/572 793/1024/251
f 766/1013/242 767/1015/228 787/1029/255 786/1025/252
f 774/971/570 775/970/205 795/1030/256 794/1028/572
f 767/997/228 768/996/227 788/1016/243 787/1031/255
f 775/999/205 776/998/229 796/1032/257 795/1033/256
f 768/996/227 769/1000/230 789/1017/244 788/1016/243
f 761/1002/232 762/1001/231 782/1034/258 781/1027/253
f 776/998/229 777/1003/233 797/1035/259 796/1032/257
f 769/1000/230 770/1004/234 790/1036/260 789/1017/244
f 762/1001/231 763/1005/235 783/1037/261 782/1034/258
f 777/1007/233 778/1006/571 798/1038/573 797/1039/259
f 770/1004/234 771/992/223 791/995/226 790/1036/260
f 763/1005/235 764/1008/237 784/1021/248 783/1037/261
f 778/1006/571 779/1009/238 799/1023/250 798/1038/573
f 805/1040/263 806/1041/264 826/1042/265 825/1043/266
f 781/1027/253 782/1034/258 802/1044/267 801/1045/268
f 796/1046/257 797/1039/259 817/1047/269 816/1048/270
f 789/1017/244 790/1036/260 810/1049/271 809/1018/245
f 782/1034/258 783/1037/261 803/1050/272 802/1044/267
f 797/1039/259 798/1038/573 818/1051/273 817/1047/269
f 790/1036/260 791/995/226 811/1052/274 810/1049/271
f 783/1037/261 784/1021/248 804/1053/275 803/1050/272
f 798/1038/573 799/1023/250 819/1054/276 818/1051/273
f 791/995/226 792/994/225 812/1055/277 811/1052/274
f 784/1021/248 785/1020/247 805/1040/263 804/1053/275
f 799/1023/250 800/1022/249 820/1056/278 819/1054/276
f 792/994/225 793/1024/251 813/1057/279 812/1055/277
f 785/1020/247 786/1058/252 806/1041/264 805/1040/263
f 800/1022/249 781/1027/253 801/1045/268 820/1056/278
f 793/1024/251 794/1028/572 814/1059/280 813/1057/279
f 786/1060/252 787/1031/255 807/1061/281 806/1062/264
f 794/1028/572 795/1030/256 815/1063/282 814/1059/280
f 787/1031/255 788/1016/243 808/1019/246 807/1061/281
f 795/1030/256 796/1064/257 816/1065/270 815/1063/282
s 0
f 821/1066/283 822/1067/283 823/1068/283 824/1069/283 825/1070/283 826/1071/283 827/1072/283 828/1073/283 829/1074/283 830/1075/283 831/1076/283 832/1077/283 833/1078/283 834/1079/283 835/1080/283 836/1081/283 837/1082/283 838/1083/283 839/1084/283 840/1085/283
s 1
f 820/1056/278 801/1045/268 821/1086/284 840/1087/285
f 813/1057/279 814/1059/280 834/1088/286 833/1089/287
f 806/1062/264 807/1061/281 827/1090/288 826/1091/265
f 814/1059/280 815/1063/282 835/1092/289 834/1088/286
f 807/1061/281 808/1019/246 828/1093/290 827/1090/288
f 815/1063/282 816/1065/270 836/1094/291 835/1092/289
f 808/1019/246 809/1018/245 829/1095/292 828/1093/290
f 801/1045/268 802/1044/267 822/1096/293 821/1086/284
f 816/1048/270 817/1047/269 837/1097/294 836/1098/291
f 809/1018/245 810/1049/271 830/1099/295 829/1095/292
f 802/1044/267 803/1050/272 823/1100/296 822/1096/293
f 817/1047/269 818/1051/273 838/1101/297 837/1097/294
f 810/1049/271 811/1052/274 831/1102/298 830/1099/295
f 803/1050/272 804/1053/275 824/1103/299 823/1100/296
f 818/1051/273 819/1054/276 839/1104/300 838/1101/297
f 811/1052/274 812/1055/277 832/1105/301 831/1102/298
f 804/1053/275 805/1040/263 825/1043/266 824/1103/299
f 819/1054/276 820/1056/278 840/1087/285 839/1104/300
f 812/1055/277 813/1057/279 833/1089/287 832/1105/301
f 853/742/18 873/1106/302 874/1107/303 854/743/17
f 861/1108/304 881/1109/305 882/1110/306 862/1111/307
f 842/768/39 862/1111/307 863/1112/308 843/764/37
f 857/732/11 877/1113/309 878/1114/310 858/733/9
f 846/758/31 866/1115/311 867/1116/312 847/754/29
f 850/748/23 870/1117/313 871/1118/574 851/746/21
f 854/740/17 874/1119/303 875/1120/315 855/738/15
f 843/764/37 863/1112/308 864/1121/316 844/765/35
f 858/730/9 878/1122/310 879/1123/317 859/726/5
f 847/754/29 867/1116/312 868/1124/318 848/755/27
f 851/746/21 871/1118/574 872/1125/319 852/744/19
f 855/738/15 875/1120/315 876/1126/320 856/736/13
f 844/762/35 864/1127/316 865/1128/321 845/760/33
f 859/726/5 879/1123/317 880/1129/322 860/727/6
f 848/752/27 868/1130/318 869/1131/323 849/750/25
f 852/744/19 872/1125/319 873/1106/302 853/742/18
f 841/770/41 861/1108/304 862/1111/307 842/768/39
f 856/736/13 876/1126/320 877/1113/309 857/732/11
f 845/760/33 865/1128/321 866/1115/311 846/758/31
f 860/727/6 880/1129/322 861/1108/304 841/770/41
f 849/750/25 869/1131/323 870/1117/313 850/748/23
f 893/1132/324 913/1133/325 914/1134/326 894/1135/327
f 876/1126/320 896/1136/328 897/1137/329 877/1113/309
f 869/1131/323 889/1138/330 890/1139/331 870/1117/313
f 862/1111/307 882/1110/306 883/1140/332 863/1112/308
f 877/1113/309 897/1137/329 898/1141/333 878/1114/310
f 870/1117/313 890/1139/331 891/1142/334 871/1118/574
f 863/1143/308 883/1144/332 884/1145/335 864/1127/316
f 878/1122/310 898/1146/333 899/1147/336 879/1123/317
f 871/1118/574 891/1142/334 892/1148/337 872/1125/319
f 864/1127/316 884/1145/335 885/1149/338 865/1128/321
f 879/1123/317 899/1147/336 900/1150/339 880/1129/322
f 872/1125/319 892/1148/337 893/1132/324 873/1106/302
f 865/1128/321 885/1149/338 886/1151/340 866/1115/311
f 880/1129/322 900/1150/339 881/1109/305 861/1108/304
f 873/1106/302 893/1132/324 894/1135/327 874/1107/303
f 866/1115/311 886/1151/340 887/1152/341 867/1116/312
f 874/1119/303 894/1153/327 895/1154/342 875/1120/315
f 867/1116/312 887/1152/341 888/1155/343 868/1124/318
f 875/1120/315 895/1154/342 896/1136/328 876/1126/320
f 868/1124/318 888/1155/343 889/1156/330 869/1157/323
f 910/1158/344 930/1159/345 931/1160/346 911/1161/347
f 886/1151/340 906/1162/348 907/1163/349 887/1152/341
f 894/1153/327 914/1164/326 915/1165/350 895/1154/342
f 887/1152/341 907/1163/349 908/1166/351 888/1155/343
f 895/1154/342 915/1165/350 916/1167/352 896/1136/328
f 888/1168/343 908/1169/351 909/1170/353 889/1138/330
f 881/1109/305 901/1171/354 902/1172/355 882/1110/306
f 896/1136/328 916/1167/352 917/1173/356 897/1137/329
f 889/1138/330 909/1170/353 910/1158/344 890/1139/331
f 882/1110/306 902/1172/355 903/1174/357 883/1140/332
f 897/1137/329 917/1173/356 918/1175/358 898/1141/333
f 890/1139/331 910/1158/344 911/1161/347 891/1142/334
f 883/1140/332 903/1174/357 904/1176/359 884/1177/335
f 898/1146/333 918/1178/358 919/1179/360 899/1147/336
f 891/1142/334 911/1161/347 912/1180/361 892/1148/337
f 884/1145/335 904/1181/359 905/1182/362 885/1149/338
f 899/1147/336 919/1179/360 920/1183/363 900/1150/339
f 892/1148/337 912/1180/361 913/1133/325 893/1132/324
f 885/1149/338 905/1182/362 906/1162/348 886/1151/340
f 900/1150/339 920/1183/363 901/1171/354 881/1109/305
f 927/1184/364 947/1185/365 948/1186/366 928/1187/575
f 903/1174/357 923/1188/368 924/1189/369 904/1176/359
f 918/1178/358 938/1190/370 939/1191/371 919/1179/360
f 911/1161/347 931/1160/346 932/1192/372 912/1180/361
f 904/1181/359 924/1193/369 925/1194/373 905/1182/362
f 919/1179/360 939/1191/371 940/1195/374 920/1183/363
f 912/1180/361 932/1192/372 933/1196/375 913/1133/325
f 905/1182/362 925/1194/373 926/1197/376 906/1162/348
f 920/1183/363 940/1195/374 921/1198/377 901/1171/354
f 913/1133/325 933/1196/375 934/1199/378 914/1134/326
f 906/1162/348 926/1197/376 927/1184/364 907/1163/349
f 914/1164/326 934/1200/378 935/1201/379 915/1165/350
f 907/1163/349 927/1184/364 928/1187/575 908/1166/351
f 915/1165/350 935/1201/379 936/1202/380 916/1167/352
f 908/1169/351 928/1203/575 929/1204/381 909/1170/353
f 901/1171/354 921/1198/377 922/1205/382 902/1172/355
f 916/1167/352 936/1202/380 937/1206/383 917/1173/356
f 909/1170/353 929/1204/381 930/1159/345 910/1158/344
f 902/1172/355 922/1205/382 923/1188/368 903/1174/357
f 917/1173/356 937/1206/383 938/1207/370 918/1175/358
f 944/1208/384 964/1209/385 965/1210/386 945/1211/387
f 935/1201/379 955/1212/388 956/1213/389 936/1202/380
f 928/1203/575 948/1214/366 949/1215/390 929/1204/381
f 921/1198/377 941/1216/391 942/1217/392 922/1205/382
f 936/1202/380 956/1213/389 957/1218/393 937/1206/383
f 929/1204/381 949/1215/390 950/1219/394 930/1159/345
f 922/1205/382 942/1217/392 943/1220/395 923/1188/368
f 937/1206/383 957/1218/393 958/1221/396 938/1207/370
f 930/1159/345 950/1219/394 951/1222/397 931/1160/346
f 923/1188/368 943/1220/395 944/1223/384 924/1189/369
f 938/1190/370 958/1224/396 959/1225/398 939/1191/371
f 931/1160/346 951/1222/397 952/1226/399 932/1192/372
f 924/1193/369 944/1208/384 945/1211/387 925/1194/373
f 939/1191/371 959/1225/398 960/1227/400 940/1195/374
f 932/1192/372 952/1226/399 953/1228/401 933/1196/375
f 925/1194/373 945/1211/387 946/1229/402 926/1197/376
f 940/1195/374 960/1227/400 941/1216/391 921/1198/377
f 933/1196/375 953/1228/401 954/1230/576 934/1199/378
f 926/1197/376 946/1229/402 947/1185/365 927/1184/364
f 934/1200/378 954/1231/576 955/1212/388 935/1201/379
f 961/1232/404 981/1233/405 982/1234/406 962/1235/407
f 959/1225/398 979/1236/577 980/1237/409 960/1227/400
f 952/1226/399 972/1238/410 973/1239/411 953/1228/401
f 945/1211/387 965/1210/386 966/1240/412 946/1229/402
f 960/1227/400 980/1237/409 961/1232/404 941/1216/391
f 953/1228/401 973/1239/411 974/1241/413 954/1230/576
f 946/1229/402 966/1240/412 967/1242/414 947/1185/365
f 954/1231/576 974/1243/413 975/1244/415 955/1212/388
f 947/1185/365 967/1242/414 968/1245/416 948/1186/366
f 955/1212/388 975/1244/415 976/1246/417 956/1213/389
f 948/1214/366 968/1247/416 969/1248/578 949/1215/390
f 941/1216/391 961/1232/404 962/1235/407 942/1217/392
f 956/1213/389 976/1246/417 977/1249/419 957/1218/393
f 949/1215/390 969/1248/578 970/1250/420 950/1219/394
f 942/1217/392 962/1235/407 963/1251/421 943/1220/395
f 957/1218/393 977/1249/419 978/1252/422 958/1221/396
f 950/1219/394 970/1250/420 971/1253/423 951/1222/397
f 943/1220/395 963/1251/421 964/1254/385 944/1223/384
f 958/1224/396 978/1255/422 979/1236/577 959/1225/398
f 951/1222/397 971/1253/423 972/1238/410 952/1226/399
f 1000/1256/424 1020/1257/425 1001/1258/426 981/1233/405
f 976/1246/417 996/1259/427 997/1260/428 977/1249/419
f 969/1248/578 989/1261/429 990/1262/430 970/1250/420
f 962/1235/407 982/1234/406 983/1263/431 963/1251/421
f 977/1249/419 997/1260/428 998/1264/432 978/1252/422
f 970/1250/420 990/1262/430 991/1265/433 971/1253/423
f 963/1251/421 983/1263/431 984/1266/434 964/1254/385
f 978/1255/422 998/1267/432 999/1268/435 979/1236/577
f 971/1253/423 991/1265/433 992/1269/436 972/1238/410
f 964/1209/385 984/1270/434 985/1271/437 965/1210/386
f 979/1236/577 999/1268/435 1000/1256/424 980/1237/409
f 972/1238/410 992/1269/436 993/1272/438 973/1239/411
f 965/1210/386 985/1271/437 986/1273/439 966/1240/412
f 980/1237/409 1000/1256/424 981/1233/405 961/1232/404
f 973/1239/411 993/1272/438 994/1274/440 974/1241/413
f 966/1240/412 986/1273/439 987/1275/441 967/1242/414
f 974/1243/413 994/1276/440 995/1277/442 975/1244/415
f 967/1242/414 987/1275/441 988/1278/443 968/1245/416
f 975/1244/415 995/1277/442 996/1259/427 976/1246/417
f 968/1247/416 988/1279/443 989/1261/429 969/1248/578
f 1017/1280/444 1037/1281/445 1038/1282/446 1018/1283/447
f 993/1272/438 1013/1284/448 1014/1285/449 994/1274/440
f 986/1273/439 1006/1286/450 1007/1287/451 987/1275/441
f 994/1276/440 1014/1288/449 1015/1289/452 995/1277/442
f 987/1275/441 1007/1287/451 1008/1290/453 988/1278/443
f 995/1277/442 1015/1289/452 1016/1291/454 996/1259/427
f 988/1279/443 1008/1292/453 1009/1293/455 989/1261/429
f 981/1233/405 1001/1258/426 1002/1294/456 982/1234/406
f 996/1259/427 1016/1291/454 1017/1280/444 997/1260/428
f 989/1261/429 1009/1293/455 1010/1295/457 990/1262/430
f 982/1234/406 1002/1294/456 1003/1296/458 983/1263/431
f 997/1260/428 1017/1280/444 1018/1283/447 998/1264/432
f 990/1262/430 1010/1295/457 1011/1297/459 991/1265/433
f 983/1263/431 1003/1296/458 1004/1298/460 984/1266/434
f 998/1267/432 1018/1299/447 1019/1300/461 999/1268/435
f 991/1265/433 1011/1297/459 1012/1301/462 992/1269/436
f 984/1270/434 1004/1302/460 1005/1303/463 985/1271/437
f 999/1268/435 1019/1300/461 1020/1257/425 1000/1256/424
f 992/1269/436 1012/1301/462 1013/1284/448 993/1272/438
f 985/1271/437 1005/1303/463 1006/1286/450 986/1273/439
f 1034/1304/464 1054/1305/465 1055/1306/466 1035/1307/467
f 1010/1295/457 1030/1308/468 1031/1309/469 1011/1297/459
f 1003/1296/458 1023/1310/470 1024/1311/471 1004/1298/460
f 1018/1299/447 1038/1312/446 1039/1313/472 1019/1300/461
f 1011/1297/459 1031/1309/469 1032/1314/473 1012/1301/462
f 1004/1302/460 1024/1315/471 1025/1316/474 1005/1303/463
f 1019/1300/461 1039/1313/472 1040/1317/475 1020/1257/425
f 1012/1301/462 1032/1314/473 1033/1318/476 1013/1284/448
f 1005/1303/463 1025/1316/474 1026/1319/477 1006/1286/450
f 1020/1257/425 1040/1317/475 1021/1320/478 1001/1258/426
f 1013/1284/448 1033/1318/476 1034/1321/464 1014/1285/449
f 1006/1286/450 1026/1319/477 1027/1322/479 1007/1287/451
f 1014/1288/449 1034/1304/464 1035/1307/467 1015/1289/452
f 1007/1287/451 1027/1322/479 1028/1323/480 1008/1290/453
f 1015/1289/452 1035/1307/467 1036/1324/481 1016/1291/454
f 1008/1292/453 1028/1325/480 1029/1326/482 1009/1293/455
f 1001/1258/426 1021/1320/478 1022/1327/483 1002/1294/456
f 1016/1291/454 1036/1324/481 1037/1281/445 1017/1280/444
f 1009/1293/455 1029/1326/482 1030/1308/468 1010/1295/457
f 1002/1294/456 1022/1327/483 1023/1310/470 1003/1296/458
f 1051/1328/484 1071/1329/485 1072/1330/486 1052/1331/487
f 1027/1322/479 1047/1332/488 1048/1333/489 1028/1323/480
f 1035/1307/467 1055/1306/466 1056/1334/490 1036/1324/481
f 1028/1325/480 1048/1335/489 1049/1336/491 1029/1326/482
f 1021/1320/478 1041/1337/492 1042/1338/493 1022/1327/483
f 1036/1324/481 1056/1334/490 1057/1339/494 1037/1281/445
f 1029/1326/482 1049/1336/491 1050/1340/495 1030/1308/468
f 1022/1327/483 1042/1338/493 1043/1341/496 1023/1310/470
f 1037/1281/445 1057/1339/494 1058/1342/497 1038/1282/446
f 1030/1308/468 1050/1340/495 1051/1328/484 1031/1309/469
f 1023/1310/470 1043/1341/496 1044/1343/498 1024/1311/471
f 1038/1312/446 1058/1344/497 1059/1345/499 1039/1313/472
f 1031/1309/469 1051/1328/484 1052/1331/487 1032/1314/473
f 1024/1315/471 1044/1346/498 1045/1347/500 1025/1316/474
f 1039/1313/472 1059/1345/499 1060/1348/501 1040/1317/475
f 1032/1314/473 1052/1331/487 1053/1349/502 1033/1318/476
f 1025/1316/474 1045/1347/500 1046/1350/503 1026/1319/477
f 1040/1317/475 1060/1348/501 1041/1337/492 1021/1320/478
f 1033/1318/476 1053/1349/502 1054/1351/465 1034/1321/464
f 1026/1319/477 1046/1350/503 1047/1332/488 1027/1322/479
f 1068/1352/504 1088/1353/505 1089/1354/506 1069/1355/507
f 1044/1343/498 1064/1356/508 1065/1357/509 1045/1358/500
f 1059/1345/499 1079/1359/510 1080/1360/511 1060/1348/501
f 1052/1331/487 1072/1330/486 1073/1361/512 1053/1349/502
f 1045/1347/500 1065/1362/509 1066/1363/513 1046/1350/503
f 1060/1348/501 1080/1360/511 1061/1364/514 1041/1337/492
f 1053/1349/502 1073/1361/512 1074/1365/579 1054/1351/465
f 1046/1350/503 1066/1363/513 1067/1366/516 1047/1332/488
f 1054/1351/465 1074/1365/579 1075/1367/517 1055/1368/466
f 1047/1369/488 1067/1370/516 1068/1352/504 1048/1335/489
f 1055/1306/466 1075/1371/517 1076/1372/518 1056/1334/490
f 1048/1335/489 1068/1352/504 1069/1355/507 1049/1336/491
f 1041/1337/492 1061/1364/514 1062/1373/519 1042/1338/493
f 1056/1334/490 1076/1372/518 1077/1374/520 1057/1339/494
f 1049/1336/491 1069/1355/507 1070/1375/521 1050/1340/495
f 1042/1338/493 1062/1373/519 1063/1376/522 1043/1341/496
f 1057/1377/494 1077/1378/520 1078/1379/580 1058/1344/497
f 1050/1340/495 1070/1375/521 1071/1329/485 1051/1328/484
f 1043/1341/496 1063/1376/522 1064/1356/508 1044/1343/498
f 1058/1344/497 1078/1379/580 1079/1359/510 1059/1345/499
f 1085/1380/524 1105/1381/525 1106/1382/526 1086/1383/527
f 1061/1364/514 1081/1384/528 1082/1385/529 1062/1373/519
f 1076/1372/518 1096/1386/530 1097/1387/531 1077/1374/520
f 1069/1355/507 1089/1354/506 1090/1388/532 1070/1375/521
f 1062/1373/519 1082/1385/529 1083/1389/533 1063/1376/522
f 1077/1378/520 1097/1390/531 1098/1391/534 1078/1379/580
f 1070/1375/521 1090/1388/532 1091/1392/535 1071/1329/485
f 1063/1376/522 1083/1389/533 1084/1393/536 1064/1356/508
f 1078/1379/580 1098/1391/534 1099/1394/537 1079/1359/510
f 1071/1329/485 1091/1392/535 1092/1395/538 1072/1330/486
f 1064/1356/508 1084/1393/536 1085/1396/524 1065/1357/509
f 1079/1359/510 1099/1394/537 1100/1397/539 1080/1360/511
f 1072/1330/486 1092/1395/538 1093/1398/540 1073/1361/512
f 1065/1362/509 1085/1380/524 1086/1383/527 1066/1363/513
f 1080/1360/511 1100/1397/539 1081/1384/528 1061/1364/514
f 1073/1361/512 1093/1398/540 1094/1399/541 1074/1365/579
f 1066/1363/513 1086/1383/527 1087/1400/542 1067/1366/516
f 1074/1365/579 1094/1399/541 1095/1401/543 1075/1367/517
f 1067/1370/516 1087/1402/542 1088/1353/505 1068/1352/504
f 1075/1371/517 1095/1403/543 1096/1386/530 1076/1372/518
s 0
f 1101/1404/544 1120/1405/544 1119/1406/544 1118/1407/544 1117/1408/544 1116/1409/544 1115/1410/544 1114/1411/544 1113/1412/544 1112/1413/544 1111/1414/544 1110/1415/544 1109/1416/544 1108/1417/544 1107/1418/544 1106/1382/544 1105/1381/544 1104/1419/544 1103/1420/544 1102/1421/544
s 1
f 1100/1397/539 1120/1422/545 1101/1423/284 1081/1384/528
f 1093/1398/540 1113/1424/546 1114/1425/547 1094/1399/541
f 1086/1383/527 1106/1382/526 1107/1418/548 1087/1400/542
f 1094/1399/541 1114/1425/547 1115/1426/549 1095/1401/543
f 1087/1402/542 1107/1427/548 1108/1428/550 1088/1353/505
f 1095/1403/543 1115/1429/549 1116/1430/551 1096/1386/530
f 1088/1353/505 1108/1428/550 1109/1431/552 1089/1354/506
f 1081/1384/528 1101/1423/284 1102/1432/553 1082/1385/529
f 1096/1386/530 1116/1430/551 1117/1433/554 1097/1387/531
f 1089/1354/506 1109/1431/552 1110/1434/555 1090/1388/532
f 1082/1385/529 1102/1432/553 1103/1435/556 1083/1389/533
f 1097/1390/531 1117/1436/554 1118/1437/557 1098/1391/534
f 1090/1388/532 1110/1434/555 1111/1438/298 1091/1392/535
f 1083/1389/533 1103/1435/556 1104/1439/558 1084/1393/536
f 1098/1391/534 1118/1437/557 1119/1440/559 1099/1394/537
f 1091/1392/535 1111/1438/298 1112/1441/560 1092/1395/538
f 1084/1393/536 1104/1439/558 1105/1442/525 1085/1396/524
f 1099/1394/537 1119/1440/559 1120/1422/545 1100/1397/539
f 1092/1395/538 1112/1441/560 1113/1424/546 1093/1398/540
f 860/727/6 841/770/41 561/771/42 580/728/7
f 1121/1443/581 1122/1444/581 1150/1445/582 1149/1446/582
f 1131/1447/583 1144/1448/583 1148/1449/584 1133/1450/584
f 1133/1450/584 1148/1449/584 1147/1451/585 1134/1452/585
f 1134/1452/585 1147/1451/585 1146/1453/586 1135/1454/586
f 1135/1455/586 1146/1456/586 1145/1457/587 1136/1458/587
f 1136/1458/587 1145/1457/587 1143/1459/588 1132/1460/588
f 1137/1461/589 1126/1462/589 1130/1463/590 1139/1464/590
f 1139/1464/590 1130/1463/590 1129/1465/591 1140/1466/591
f 1140/1466/591 1129/1465/591 1128/1467/592 1141/1468/592
f 1141/1469/592 1128/1470/592 1127/1471/593 1142/1472/593
f 1142/1472/593 1127/1471/593 1125/1473/594 1138/1474/594
f 1123/1475/298 1138/1474/594 1125/1473/594 1121/1476/298
f 1121/1443/291 1125/1477/291 1127/1478/291 1128/1479/291 1129/1480/291 1130/1481/291 1126/1482/291 1131/1483/291 1133/1484/291 1134/1485/291 1135/1486/291 1136/1487/291 1132/1488/291 1122/1444/291
f 1144/1448/583 1131/1447/583 1126/1462/589 1137/1461/589
f 1122/1489/284 1132/1460/588 1143/1459/588 1124/1490/284
f 1124/1491/265 1143/1492/265 1145/1493/265 1146/1494/265 1147/1495/265 1148/1496/265 1144/1497/265 1137/1498/265 1139/1499/265 1140/1500/265 1141/1501/265 1142/1502/265 1138/1503/265 1123/1504/265
f 1152/1505/595 1151/1506/595 1155/1507/596 1156/1508/596
f 1123/1475/298 1121/1476/298 1149/1509/298 1151/1510/298
f 1122/1489/284 1124/1490/284 1152/1511/284 1150/1512/284
f 1124/1491/597 1123/1504/597 1151/1513/595 1152/1514/595
f 1156/1508/596 1155/1507/596 1159/1515/598 1160/1516/598
f 1149/1517/582 1150/1518/582 1154/1519/599 1153/1520/599
f 1151/1510/298 1149/1509/298 1153/1521/298 1155/1522/298
f 1150/1512/284 1152/1511/284 1156/1523/284 1154/1524/284
f 1159/1525/298 1157/1526/298 1161/1527/298 1163/1528/298
f 1153/1520/599 1154/1519/599 1158/1529/600 1157/1530/600
f 1155/1522/298 1153/1521/298 1157/1526/298 1159/1525/298
f 1154/1524/284 1156/1523/284 1160/1531/284 1158/1532/284
f 1164/1533/601 1163/1534/601 1167/1535/602 1168/1536/602
f 1158/1532/284 1160/1531/284 1164/1537/284 1162/1538/284
f 1160/1516/598 1159/1515/598 1163/1534/601 1164/1533/601
f 1157/1530/600 1158/1529/600 1162/1539/603 1161/1540/603
f 1165/1541/604 1166/1542/604 1170/1543/605 1169/1544/605
f 1161/1540/603 1162/1539/603 1166/1542/604 1165/1541/604
f 1163/1528/298 1161/1527/298 1165/1545/298 1167/1546/298
f 1162/1538/284 1164/1537/284 1168/1547/284 1166/1548/284
f 1171/1549/298 1169/1550/298 1173/1551/298 1175/1552/298
f 1167/1546/298 1165/1545/298 1169/1550/298 1171/1549/298
f 1166/1548/284 1168/1547/284 1172/1553/284 1170/1554/284
f 1168/1536/602 1167/1535/602 1171/1555/606 1172/1556/606
f 1176/1557/607 1175/1558/607 1180/1559/608 1179/1560/608
f 1170/1554/284 1172/1553/284 1176/1561/284 1174/1562/284
f 1172/1556/606 1171/1555/606 1175/1558/607 1176/1557/607
f 1169/1544/605 1170/1543/605 1174/1563/609 1173/1564/609
f 1177/1565/610 1179/1560/610 1180/1559/610 1178/1566/610
f 1173/1564/609 1174/1563/609 1177/1567/611 1178/1568/611
f 1175/1552/298 1173/1551/298 1178/1569/298 1180/1570/298
f 1174/1562/284 1176/1561/284 1179/1571/284 1177/1572/284
