# Blender 4.5.3 LTS
# www.blender.org
mtllib pc_mouse.mtl
o pc_mouse
v -0.024756 0.029601 -0.016363
v 0.023997 0.022506 -0.002327
v 0.000320 0.030080 -0.018070
v 0.023997 0.022506 0.002327
v 0.024563 0.025347 -0.002327
v 0.026644 0.025460 -0.018263
v 0.024563 0.025347 0.002327
v -0.025448 0.030760 0.001071
v -0.002389 0.031546 0.001324
v 0.000765 0.030031 0.018346
v 0.024706 0.026187 0.018072
v -0.030705 0.000010 0.013730
v -0.022142 0.000001 -0.011985
v 0.012985 0.029806 -0.016043
v 0.038282 0.019664 -0.002327
v 0.038282 0.019664 0.002327
v 0.012845 0.029613 0.017639
v 0.036673 0.017255 -0.002327
v 0.036673 0.017255 0.002327
v 0.034264 0.015646 -0.002327
v 0.034264 0.015646 0.002327
v 0.038070 0.020102 -0.017603
v 0.031422 0.015081 -0.002327
v 0.037839 0.020233 0.017627
v 0.031422 0.015081 0.002327
v 0.028581 0.015646 -0.002327
v 0.028581 0.015646 0.002327
v 0.026172 0.017255 -0.002327
v 0.026172 0.017255 0.002327
v 0.044243 0.001988 0.027157
v 0.024563 0.019664 -0.002327
v 0.024563 0.019664 0.002327
v -0.037531 0.021228 0.031394
v 0.044007 0.001818 -0.027126
v 0.045154 0.009131 -0.027308
v 0.045496 0.007247 -0.028005
v -0.033130 0.000240 -0.029672
v -0.035552 0.023390 -0.031152
v -0.037553 0.021221 -0.031384
v -0.002484 0.001823 0.033718
v 0.023847 0.002037 0.032279
v 0.024602 0.023009 0.032703
v 0.024685 0.021631 0.033741
v -0.023581 0.024847 0.034755
v -0.023495 0.026249 0.033727
v -0.044071 0.003018 -0.017075
v -0.047700 0.003233 0.000000
v -0.044073 0.003022 0.017075
v -0.042831 0.025603 0.017483
v -0.046081 0.023606 0.017604
v -0.044437 0.027375 -0.000008
v -0.049711 0.025059 -0.000000
v -0.046080 0.023606 -0.017608
v -0.042545 0.026101 -0.015862
v 0.023742 0.000218 -0.031117
v 0.023873 0.002050 -0.032282
v -0.005974 0.000133 -0.032522
v -0.003283 0.002335 -0.033965
v -0.022033 0.001465 -0.032932
v -0.024146 0.000131 -0.031623
v -0.023492 0.026249 -0.033728
v -0.023579 0.024848 -0.034755
v 0.000722 0.026904 -0.034241
v -0.003921 0.025639 -0.035408
v 0.024704 0.023028 -0.032676
v 0.024697 0.021626 -0.033739
v 0.047140 0.000179 0.014749
v 0.047788 0.000902 -0.015459
v 0.047028 0.000124 -0.014792
v 0.049449 0.011928 -0.016396
v 0.050384 0.010283 -0.016146
v 0.051138 0.011927 -0.000875
v 0.049449 0.012012 0.016405
v 0.013203 0.024966 0.034782
v 0.005569 0.000156 -0.032323
v 0.034805 0.016313 -0.031274
v 0.035918 0.015504 0.030941
v 0.033763 0.001260 -0.029502
v 0.050562 0.005319 0.016440
v -0.023986 0.013380 0.036536
v -0.036915 0.011128 0.032871
v -0.047346 0.012120 0.018232
v 0.045558 0.004000 -0.028041
v 0.050562 0.005319 -0.016440
v 0.040091 0.006577 -0.030350
v -0.047346 0.012120 -0.018232
v -0.036915 0.011128 -0.032871
v -0.023986 0.013380 -0.036536
v -0.006751 0.013140 0.037420
v 0.024937 0.011150 0.035263
v -0.051366 0.012841 0.000000
v 0.024937 0.011150 -0.035263
v 0.051693 0.006189 -0.002236
v 0.026587 0.026943 -0.003934
v 0.038910 0.021251 -0.003824
v 0.050066 0.013314 -0.005220
v 0.050962 0.011743 -0.004136
v 0.026590 0.026941 0.003936
v 0.038728 0.021358 0.003950
v 0.050071 0.013292 0.005157
v 0.051063 0.011754 0.004168
v 0.017671 0.028434 -0.017232
v 0.017571 0.028555 0.016594
v 0.017694 0.000130 0.031569
v 0.018396 0.024980 -0.033359
v 0.018332 0.023657 0.034439
v 0.017824 0.002237 -0.033014
v 0.018524 0.012180 -0.036227
v 0.015152 0.030409 0.002546
v 0.012115 0.029611 -0.018203
v 0.011901 0.029622 0.018212
v 0.007497 0.026756 0.033963
v 0.007935 0.025303 -0.035085
v 0.008095 0.012975 0.037039
v -0.039128 0.001519 0.025356
v 0.046736 0.009990 0.024479
v -0.036253 0.023772 0.029876
v 0.035527 0.017934 0.029239
v 0.024770 0.023449 0.031417
v 0.012689 0.026842 0.032672
v -0.002974 0.027381 0.033236
v -0.042435 0.011145 0.027476
v -0.041824 0.021669 -0.026511
v 0.046712 0.009977 -0.024528
v 0.036609 0.018213 -0.026597
v 0.012724 0.026824 -0.032727
v 0.047434 0.004313 -0.024713
v 0.012266 0.027733 -0.028618
v 0.041391 0.001670 0.027711
v 0.044495 0.009707 -0.027617
v 0.041477 0.010832 -0.029239
v 0.041075 0.012833 0.028570
v 0.045391 0.015270 0.016691
v 0.049012 0.012560 -0.016372
v 0.044550 0.004319 -0.028591
v 0.049352 0.014054 -0.003565
v 0.049354 0.014052 0.003568
v 0.043914 0.012110 0.025909
v 0.044929 0.011722 -0.025052
v 0.015069 0.028433 -0.000203
v -0.023024 0.024031 0.032928
v -0.022003 0.024944 0.032464
v -0.035976 0.021604 0.029432
v -0.036167 0.020618 0.029899
v -0.044974 0.023077 -0.015099
v -0.044405 0.023893 -0.015003
v -0.038193 0.021394 -0.027644
v -0.035958 0.021551 -0.029420
v -0.036172 0.020616 -0.029898
v -0.039853 0.021055 -0.025511
v 0.034798 0.014897 -0.029191
v 0.033625 0.016637 -0.029008
v 0.041650 0.009923 -0.026627
v 0.043808 0.008106 -0.026031
v 0.043861 0.006913 -0.026517
v 0.048110 0.009585 0.016622
v 0.047841 0.010753 0.015905
v 0.043958 0.008134 0.025802
v 0.043706 0.008168 0.026104
v 0.043888 0.006890 0.026518
v 0.045656 0.007907 0.023334
v 0.033703 0.015687 0.029523
v 0.034011 0.016358 0.028891
v 0.023382 0.021788 0.031431
v 0.023969 0.020790 0.031928
v 0.006972 0.025183 0.032607
v 0.000573 0.024634 0.033447
v 0.012121 0.024190 0.032909
v -0.040438 0.022293 0.023680
v -0.044408 0.023891 0.014993
v -0.044228 0.022810 0.016878
v -0.047250 0.024790 0.000000
v -0.047879 0.024139 0.001025
v -0.022002 0.024943 -0.032464
v 0.000654 0.025276 -0.032835
v 0.012121 0.024190 -0.032909
v 0.017651 0.023569 -0.032007
v 0.023954 0.021458 -0.031325
v 0.023964 0.020792 -0.031929
v 0.047707 0.010606 -0.016507
v 0.048268 0.009721 -0.015820
v 0.048493 0.011935 -0.002410
v 0.049061 0.010906 -0.005835
v 0.048467 0.012055 0.001875
v 0.016657 0.023082 0.032553
v 0.042125 0.009648 0.026531
v 0.041212 0.009475 0.027260
v 0.047920 0.012383 -0.000204
v 0.047181 0.013151 -0.000488
v 0.015981 0.028190 -0.000390
v 0.016874 0.027925 0.000427
v -0.036793 0.022560 0.030376
v 0.035236 0.016137 0.028964
v 0.015001 0.029789 0.000480
v 0.044838 0.008843 -0.026977
v 0.045617 0.009306 -0.024140
v -0.045349 0.024833 0.015276
v 0.047690 0.014466 -0.000641
v 0.016666 0.029228 -0.000565
v -0.039247 0.022269 -0.027775
v 0.013383 0.025218 0.032600
v -0.022887 0.025269 -0.032654
v 0.042417 0.009508 0.028408
v 0.045030 0.007119 0.027549
v 0.024155 0.020987 -0.032500
v -0.049216 0.024944 0.000009
v 0.002760 0.025350 0.034668
v 0.012355 0.024398 0.033480
v 0.044341 0.006837 -0.026930
v 0.045525 0.006888 0.028328
v 0.036280 0.014739 -0.031219
v -0.001137 0.022067 0.036507
v 0.024923 0.018789 0.034640
v 0.024922 0.018789 -0.034639
v 0.012903 0.021537 -0.035927
v -0.037951 0.018567 0.032034
v -0.047559 0.019347 0.017191
v 0.050846 0.008578 -0.016393
v -0.037951 0.018567 -0.032034
v -0.023790 0.020723 -0.035945
v -0.001139 0.022067 -0.036507
v 0.007287 0.021903 0.036216
v -0.040489 0.019835 0.029574
v 0.047676 0.006757 0.025091
v 0.051606 0.010956 0.001139
v -0.021855 0.029883 -0.016350
v -0.017591 0.029881 -0.018397
v -0.011784 0.030083 -0.018368
v -0.006337 0.030096 -0.018531
v 0.020843 0.027392 -0.018222
v 0.023649 0.026792 -0.016350
v -0.022384 0.031044 0.001073
v -0.019332 0.031257 0.001074
v -0.015007 0.031462 0.001076
v -0.009297 0.031575 0.001076
v 0.049302 0.011746 -0.015112
v 0.049226 0.011649 -0.017286
v -0.021850 0.029352 0.019945
v -0.017636 0.029889 0.018329
v -0.011796 0.030085 0.018354
v -0.006330 0.030096 0.018530
v 0.020913 0.027633 0.016427
v 0.026144 0.026953 -0.007020
v 0.025164 0.026996 -0.010430
v 0.025301 0.026532 -0.014136
v 0.048968 0.012442 -0.003637
v 0.048631 0.012138 -0.003282
v 0.012464 0.031046 0.000001
v 0.029669 0.024280 -0.018110
v 0.032748 0.023216 -0.016258
v 0.035758 0.021713 -0.016181
v 0.001450 0.026497 -0.033961
v 0.000735 0.026747 -0.034188
v 0.027984 0.025005 0.017884
v 0.030497 0.023926 0.018050
v 0.032859 0.023164 0.016247
v 0.035867 0.021656 0.016155
v 0.038804 0.021240 -0.005999
v 0.038768 0.020968 -0.009537
v 0.038513 0.020749 -0.012500
v 0.038628 0.020269 -0.015065
v 0.036557 0.001063 0.028581
v 0.042677 0.000131 0.025847
v 0.042924 0.000344 0.026067
v 0.036742 0.001809 0.029008
v 0.050119 0.010239 0.016608
v -0.025854 0.025968 0.033423
v -0.027937 0.025526 0.033112
v -0.029891 0.025183 0.032721
v -0.031540 0.024733 0.032360
v -0.033492 0.024159 0.031842
v 0.049733 0.011555 0.000092
v -0.034274 0.022363 0.032575
v -0.031890 0.023032 0.033363
v -0.030058 0.023599 0.033682
v -0.028091 0.024062 0.034084
v -0.025931 0.024485 0.034447
v -0.043244 0.001497 0.016842
v -0.043473 0.000970 0.015020
v -0.043063 0.000663 0.015021
v -0.041348 0.000446 0.018313
v -0.040741 0.000304 0.018383
v -0.039986 0.000213 0.018446
v -0.033275 0.000176 0.029459
v -0.033215 0.000282 0.029696
v -0.033651 0.000512 0.029761
v -0.034210 0.001343 0.030094
v -0.041151 0.002911 0.023244
v -0.042608 0.002968 0.020384
v -0.038693 0.020377 0.028181
v -0.036749 0.023308 -0.030247
v -0.036533 0.023117 -0.030704
v 0.013221 0.024937 -0.034356
v -0.043087 0.022308 -0.024044
v -0.044580 0.022963 -0.021054
v -0.020787 0.000540 -0.032527
v -0.021788 0.000258 -0.032154
v -0.030066 0.000142 -0.030453
v -0.033652 0.000513 -0.029761
v -0.034211 0.001343 -0.030094
v -0.032159 0.002105 -0.031190
v 0.012624 0.024349 -0.033449
v 0.041146 0.010924 0.029038
v 0.039244 0.012806 -0.029887
v 0.037090 0.014601 -0.030593
v 0.047425 0.000365 -0.014637
v 0.043001 0.000137 -0.025484
v 0.046630 0.002344 -0.023204
v 0.047104 0.002115 -0.021548
v 0.047613 0.002172 -0.020288
v 0.048054 0.002175 -0.018889
v 0.048467 0.002214 -0.017419
v -0.035694 0.023184 0.031026
v 0.045469 0.009196 0.026901
v 0.045214 0.009100 0.027227
v 0.048001 0.008641 0.023348
v 0.049706 0.009830 0.018685
v -0.031137 0.000121 0.030064
v -0.029281 0.000225 0.030809
v -0.026568 0.000107 0.031139
v -0.023967 0.000215 0.031818
v -0.020926 0.000272 0.032270
v -0.020779 0.000537 0.032526
v -0.022022 0.001456 0.032929
v -0.032155 0.002102 0.031190
v -0.018528 0.000188 0.032331
v -0.006024 0.000193 0.032671
v -0.004636 0.000526 0.033018
v 0.001068 0.000783 0.033091
v -0.008177 0.002331 0.033987
v -0.013455 0.002324 0.033898
v -0.017203 0.002312 0.033726
v 0.022728 0.000131 0.031079
v 0.023452 0.000280 0.031248
v 0.024886 0.000500 0.031218
v 0.024831 0.001035 0.031581
v 0.007943 0.002252 0.033582
v -0.046162 0.023703 -0.015402
v -0.046006 0.023691 -0.017114
v 0.033527 0.018614 0.030685
v 0.030893 0.020157 0.031393
v 0.028446 0.021392 0.031983
v 0.027223 0.022024 0.032229
v 0.040983 0.012744 0.028524
v 0.026642 0.020843 0.033391
v 0.028579 0.019971 0.032976
v 0.031125 0.018639 0.032330
v 0.033595 0.017134 0.031631
v 0.034001 0.016637 0.029023
v 0.000739 0.026931 0.034232
v -0.024500 0.024620 0.034139
v -0.023522 0.024875 0.034559
v 0.012325 0.025064 0.034878
v -0.006154 0.026997 0.034349
v -0.011988 0.027010 0.034311
v -0.017095 0.026788 0.034185
v -0.020881 0.026496 0.033965
v -0.021049 0.025133 0.034999
v -0.018378 0.025346 0.035181
v -0.015619 0.025496 0.035308
v -0.011647 0.025622 0.035414
v -0.005464 0.025627 0.035475
v -0.038085 0.000157 -0.021207
v -0.042391 0.000657 -0.016816
v -0.042804 0.000961 -0.016788
v -0.043235 0.001493 -0.016857
v -0.038237 0.002801 -0.028271
v -0.038251 0.003899 -0.029248
v -0.037003 0.001682 -0.028857
v -0.037041 0.002732 -0.029561
v -0.036068 0.001991 -0.029679
v -0.044535 0.000311 0.002977
v -0.045268 0.000457 0.001008
v -0.045822 0.000685 -0.001016
v -0.046273 0.001014 -0.001013
v -0.046765 0.001596 -0.000000
v -0.038536 0.024062 0.026666
v -0.041113 0.024313 0.023265
v -0.038674 0.024937 0.024327
v -0.041719 0.025011 0.020754
v 0.045436 0.007245 0.027918
v -0.039765 0.020853 0.029857
v -0.038690 0.020857 0.030917
v 0.045607 0.007613 0.024237
v 0.045228 0.007531 0.024377
v 0.030596 0.000511 -0.029899
v 0.030671 0.000219 -0.029579
v 0.027033 0.000126 -0.030293
v 0.024870 0.000503 -0.031223
v 0.024827 0.001047 -0.031589
v 0.026256 0.001948 -0.031808
v 0.029348 0.002194 -0.031236
v -0.004865 0.001194 -0.033426
v -0.011872 0.000187 -0.032610
v -0.018242 0.000220 -0.032418
v -0.017217 0.002320 -0.033728
v -0.013479 0.002333 -0.033901
v -0.008206 0.002338 -0.033990
v -0.033494 0.024160 -0.031840
v -0.031548 0.024732 -0.032357
v -0.029879 0.025160 -0.032730
v -0.027933 0.025526 -0.033112
v -0.025727 0.025902 -0.033459
v -0.044755 0.024379 -0.015146
v -0.044506 0.024110 -0.015051
v -0.025928 0.024486 -0.034447
v -0.028085 0.024063 -0.034084
v -0.030051 0.023601 -0.033683
v -0.031884 0.023035 -0.033363
v -0.034253 0.022370 -0.032582
v -0.021001 0.026571 -0.033932
v -0.017098 0.026788 -0.034184
v -0.011989 0.027010 -0.034311
v -0.006161 0.026997 -0.034349
v -0.008912 0.025655 -0.035439
v -0.014442 0.025548 -0.035353
v -0.018379 0.025346 -0.035181
v -0.021048 0.025133 -0.034999
v 0.024046 0.020819 -0.032160
v 0.022013 0.023957 -0.033019
v 0.049996 0.010189 -0.016769
v 0.013207 0.024966 -0.034781
v 0.045277 0.000213 0.021378
v 0.046028 0.000128 0.018945
v 0.046863 0.000255 0.016825
v 0.047425 0.000364 0.014640
v 0.047795 0.000914 0.015476
v 0.044807 0.002237 0.026766
v 0.044499 0.002120 0.027063
v 0.047288 0.010421 -0.023366
v 0.048576 0.011221 -0.019982
v 0.049123 0.011728 -0.017986
v 0.045616 0.007619 -0.024219
v 0.045230 0.007532 -0.024374
v 0.045591 0.007232 -0.027733
v 0.013886 0.030371 -0.000085
v 0.016793 0.028115 0.000486
v 0.051086 0.011490 -0.007010
v 0.050595 0.010667 -0.013921
v 0.050134 0.013038 0.007481
v 0.050069 0.012720 0.010492
v 0.049807 0.012301 0.013939
v 0.051088 0.011961 0.000705
v 0.004144 0.001852 0.033562
v 0.000071 0.003301 0.034348
v 0.012805 0.026461 0.033673
v 0.022038 0.022528 0.034133
v 0.012802 0.026461 -0.033673
v 0.002508 0.025494 -0.035316
v 0.026654 0.000103 0.030310
v 0.030228 0.000134 0.029533
v 0.029284 0.001757 0.031019
v 0.026219 0.001935 0.031808
v 0.027409 0.021961 -0.032187
v 0.028485 0.021401 -0.031971
v 0.030743 0.020234 -0.031433
v 0.033590 0.018575 -0.030668
v 0.032384 0.017900 -0.031981
v 0.029876 0.019319 -0.032659
v 0.027287 0.020569 -0.033263
v 0.037022 0.016261 0.029708
v 0.045296 0.007359 0.028128
v 0.043923 0.002197 -0.027513
v 0.045467 0.007186 0.028276
v 0.045632 0.007202 0.028006
v 0.036850 0.005867 0.030992
v 0.036209 0.004385 0.030536
v 0.035920 0.002999 0.029914
v 0.050575 0.009887 0.016108
v 0.050407 0.010259 0.016133
v 0.046771 0.000043 0.013657
v 0.046751 0.000085 0.015670
v 0.042556 0.017345 0.016686
v 0.039890 0.019131 0.016796
v 0.035013 0.017973 0.030025
v 0.035594 0.017390 0.030087
v -0.019305 0.000049 0.031632
v -0.023731 0.024097 0.035143
v -0.023622 0.024687 0.034918
v -0.036723 0.009894 0.032691
v -0.036482 0.008124 0.032280
v -0.035725 0.005788 0.031687
v -0.035070 0.003751 0.031011
v -0.047833 0.010895 0.016268
v -0.047456 0.009524 0.016151
v -0.046418 0.007579 0.016924
v -0.045071 0.005115 0.017423
v -0.027709 0.029259 0.016136
v -0.030477 0.028841 0.016060
v -0.034213 0.028027 0.016780
v -0.037765 0.027395 0.015838
v -0.040672 0.026676 0.015737
v -0.024280 0.027890 0.026470
v -0.024738 0.029074 0.019847
v 0.050043 0.004179 -0.016265
v 0.049134 0.002691 -0.015935
v 0.034917 0.016118 -0.031461
v 0.035553 0.015757 -0.031193
v 0.035983 0.019511 -0.024292
v 0.037261 0.019673 -0.021174
v 0.049413 0.012102 -0.016428
v -0.030286 0.000016 -0.020628
v -0.040077 0.000130 -0.013878
v -0.046718 0.023070 -0.016984
v -0.046536 0.023580 -0.016873
v -0.036723 0.009894 -0.032691
v -0.036482 0.008124 -0.032280
v -0.035725 0.005788 -0.031687
v -0.035070 0.003751 -0.031011
v -0.022500 0.011378 -0.036436
v -0.023349 0.009289 -0.035838
v -0.022939 0.006587 -0.035013
v -0.021500 0.004262 -0.034264
v -0.039930 0.026591 -0.017064
v -0.037425 0.027409 -0.016203
v -0.035228 0.027895 -0.016267
v -0.031272 0.028504 -0.017343
v -0.027409 0.028954 -0.018382
v -0.023551 0.026606 -0.032906
v -0.023536 0.026380 -0.033633
v -0.001344 0.024890 0.035776
v -0.001420 0.025445 0.035540
v -0.003884 0.000026 0.031490
v 0.004252 0.000066 0.031993
v 0.012481 0.024559 0.035135
v 0.025455 0.020799 0.033975
v 0.024778 0.021485 0.033887
v 0.024821 0.023188 0.032305
v 0.024770 0.023064 0.032620
v 0.013211 0.026523 0.033467
v 0.013196 0.026440 0.033609
v -0.003942 0.027116 0.034228
v -0.050102 0.024390 -0.000000
v -0.049880 0.024908 -0.000000
v -0.036233 0.000036 -0.005122
v -0.040750 0.000092 -0.000040
v -0.028510 0.030396 -0.001090
v -0.031511 0.029968 -0.001093
v -0.035669 0.029273 0.001064
v -0.040682 0.028264 0.001056
v 0.025455 0.020799 -0.033975
v 0.024778 0.021485 -0.033887
v -0.004879 0.000030 -0.031509
v 0.000862 0.011627 -0.037098
v 0.000869 0.010159 -0.036776
v 0.000879 0.008714 -0.036378
v 0.000893 0.007320 -0.035927
v 0.000909 0.006003 -0.035450
v -0.000998 0.004353 -0.034825
v -0.003956 0.027116 -0.034228
v 0.013209 0.026524 -0.033467
v 0.024777 0.023127 -0.032513
v 0.051416 0.011552 0.000820
v 0.051265 0.011833 0.000633
v 0.044668 0.002736 0.027656
v 0.045323 0.003571 0.027938
v 0.035839 0.011890 0.032024
v 0.033336 0.011934 0.033002
v 0.034340 0.010563 0.032661
v 0.032216 0.010418 0.033364
v 0.049134 0.002691 0.015935
v 0.050043 0.004179 0.016265
v -0.021500 0.004262 0.034265
v -0.022939 0.006587 0.035013
v -0.023349 0.009289 0.035838
v -0.022500 0.011378 0.036436
v -0.038131 0.016795 0.032287
v -0.037118 0.015114 0.032960
v -0.037105 0.013516 0.033005
v -0.037040 0.012340 0.032973
v -0.047875 0.016564 0.017410
v -0.047571 0.014730 0.018298
v -0.047509 0.013445 0.018284
v 0.044740 0.002942 -0.027806
v 0.045323 0.003571 -0.027938
v 0.050921 0.007359 -0.016525
v 0.050836 0.006338 -0.016506
v 0.035920 0.002999 -0.029914
v 0.036210 0.004385 -0.030536
v 0.036850 0.005867 -0.030992
v 0.037645 0.006743 -0.031063
v -0.045071 0.005115 -0.017423
v -0.046418 0.007579 -0.016924
v -0.047456 0.009524 -0.016151
v -0.047833 0.010895 -0.016268
v -0.038132 0.016795 -0.032287
v -0.037118 0.015114 -0.032960
v -0.037105 0.013516 -0.033005
v -0.037040 0.012340 -0.032973
v -0.023887 0.018515 -0.036342
v -0.023886 0.016069 -0.036591
v 0.007953 0.004724 0.034685
v 0.012791 0.009982 0.036222
v 0.024213 0.003746 0.033040
v 0.024397 0.005813 0.033884
v 0.024690 0.008163 0.034650
v 0.024844 0.009917 0.035065
v -0.048848 0.005492 0.000000
v -0.049985 0.008083 -0.000000
v -0.050949 0.010923 0.000000
v 0.024213 0.003745 -0.033040
v 0.024397 0.005813 -0.033884
v 0.024690 0.008163 -0.034650
v 0.024845 0.009917 -0.035065
v -0.001167 0.020158 -0.036944
v 0.000826 0.018526 -0.037182
v 0.000835 0.017259 -0.037334
v 0.000844 0.015923 -0.037421
v -0.003693 0.014571 -0.037495
v 0.012954 0.012850 -0.036754
v -0.020122 0.012965 -0.036915
v -0.014455 0.013084 -0.037264
v -0.006751 0.013140 -0.037420
v 0.022249 0.011609 -0.035734
v 0.028009 0.010519 -0.034542
v 0.031827 0.009509 -0.033365
v 0.031826 0.009509 0.033365
v 0.028009 0.010519 0.034542
v 0.012954 0.012850 0.036754
v 0.002766 0.013069 0.037266
v -0.014455 0.013084 0.037264
v -0.020121 0.012965 0.036915
v -0.034419 0.011544 -0.033871
v -0.031187 0.012013 -0.034925
v -0.027284 0.012498 -0.035891
v -0.040726 0.010811 -0.030150
v -0.040030 0.010736 -0.031038
v -0.039351 0.010181 -0.031483
v -0.038691 0.010835 -0.032027
v 0.048628 0.005061 -0.022757
v 0.049691 0.005357 -0.020097
v 0.050324 0.005649 -0.018112
v -0.044047 0.011477 0.024786
v -0.045692 0.011801 0.021750
v -0.027284 0.012498 0.035891
v -0.031186 0.012013 0.034925
v -0.034419 0.011544 0.033871
v 0.045934 0.003945 0.027377
v 0.045558 0.004000 0.028041
v 0.040091 0.006577 0.030350
v -0.025256 0.030730 -0.003301
v -0.025146 0.030500 -0.007745
v -0.024973 0.030114 -0.012117
v -0.001731 0.031515 -0.002227
v -0.002187 0.031388 -0.005802
v 0.000710 0.031040 -0.009898
v 0.000948 0.030583 -0.014215
v -0.024385 0.025215 0.032657
v -0.022960 0.025104 0.032509
v 0.012888 0.030560 -0.009498
v 0.036429 0.000000 -0.006035
v 0.049161 0.011579 0.016934
v 0.049294 0.011726 0.017069
v -0.043203 0.000190 -0.004031
v -0.047592 0.003150 -0.002147
v -0.047408 0.003144 -0.004280
v -0.047113 0.003134 -0.006393
v -0.046721 0.003121 -0.008473
v -0.046241 0.003104 -0.010510
v -0.045397 0.003062 -0.013426
v -0.044261 0.027383 -0.002208
v -0.044117 0.027312 -0.004407
v -0.045263 0.026824 -0.006556
v -0.044919 0.026676 -0.008699
v -0.044154 0.026481 -0.011529
v -0.047192 0.023933 -0.014928
v -0.047828 0.024190 -0.012932
v -0.048397 0.024416 -0.010871
v -0.048888 0.024608 -0.008757
v -0.049289 0.024762 -0.006600
v -0.049469 0.024962 -0.004391
v -0.049777 0.024946 -0.002200
v 0.047643 0.000130 -0.006345
v 0.047414 0.000124 -0.011383
v 0.049805 0.012300 -0.013954
v 0.050016 0.012586 -0.011307
v 0.050093 0.012899 -0.009680
v 0.050129 0.013122 -0.007469
v 0.051118 0.011782 -0.003723
v 0.050856 0.005408 -0.014757
v 0.051291 0.005868 -0.012067
v 0.051470 0.005762 -0.008160
v -0.051295 0.012829 -0.002294
v -0.051088 0.012794 -0.004576
v -0.050758 0.012737 -0.006835
v -0.050087 0.012621 -0.010098
v -0.048840 0.012396 -0.014346
v 0.049912 0.013541 -0.004181
v 0.044060 0.008317 0.025963
v 0.029667 0.025769 -0.003937
v 0.032771 0.024436 -0.003520
v 0.035842 0.022946 -0.003521
v 0.019807 0.029116 -0.003453
v -0.024939 0.029880 0.014133
v -0.025112 0.030327 0.009864
v -0.025234 0.030636 0.005490
v 0.000968 0.030583 0.014210
v 0.000719 0.031040 0.009900
v -0.002185 0.031388 0.005802
v 0.025194 0.026982 0.010471
v 0.026157 0.026948 0.007035
v 0.012963 0.030107 0.013709
v 0.012900 0.030562 0.009455
v 0.038118 0.020719 0.014201
v -0.043341 0.000192 0.003279
v -0.039770 0.000154 0.016757
v -0.045399 0.003065 0.013425
v -0.046242 0.003106 0.010509
v -0.046721 0.003121 0.008473
v -0.047113 0.003134 0.006393
v -0.047407 0.003144 0.004280
v -0.047592 0.003150 0.002147
v -0.043882 0.026138 0.013792
v -0.044810 0.026574 0.009716
v -0.042989 0.027343 0.007545
v -0.044103 0.027316 0.004392
v -0.044256 0.027385 0.002193
v -0.049777 0.024947 0.002200
v -0.049469 0.024962 0.004390
v -0.049289 0.024762 0.006599
v -0.048888 0.024608 0.008756
v -0.048397 0.024417 0.010869
v -0.047468 0.024133 0.013865
v 0.047413 0.000124 0.011387
v 0.047713 0.000153 0.005947
v 0.049292 0.001868 0.003284
v -0.049554 0.025074 0.001666
v 0.050647 0.010577 0.014325
v 0.050893 0.010854 0.012275
v 0.051014 0.011156 0.010002
v 0.051106 0.011496 0.006915
v 0.051556 0.005834 0.005524
v 0.051104 0.005530 0.012926
v 0.050856 0.005408 0.014757
v -0.048840 0.012396 0.014346
v -0.050087 0.012621 0.010098
v -0.050758 0.012737 0.006835
v -0.051088 0.012794 0.004576
v -0.051295 0.012829 0.002294
v 0.049883 0.013556 0.003647
v -0.044462 0.022822 0.016876
v 0.029670 0.025768 0.003939
v 0.032771 0.024436 0.003520
v 0.035842 0.022946 0.003521
v 0.020021 0.029053 0.002869
v 0.023602 0.027958 0.002899
v 0.013484 0.030953 0.000820
v 0.017764 0.002204 0.033003
v 0.022049 0.022524 -0.034132
v 0.018501 0.023589 -0.034463
v 0.021895 0.023903 0.033051
v 0.018416 0.024975 0.033358
v 0.021220 0.000219 -0.031451
v 0.017973 0.000126 -0.031541
v 0.022249 0.011609 0.035734
v 0.018524 0.012180 0.036227
v 0.014281 0.030685 0.002592
v 0.013899 0.030855 0.000968
v 0.014214 0.030277 -0.009312
v 0.017198 0.028940 -0.014421
v 0.018470 0.010825 -0.036018
v 0.018398 0.009469 -0.035715
v 0.018314 0.008134 -0.035341
v 0.018221 0.006846 -0.034920
v 0.018145 0.005611 -0.034465
v 0.017207 0.004166 -0.033931
v 0.017171 0.025494 -0.033246
v 0.018490 0.025052 -0.033305
v 0.018688 0.018297 -0.035921
v 0.018586 0.017233 -0.036112
v 0.018590 0.016053 -0.036252
v 0.018582 0.014809 -0.036330
v 0.018561 0.013514 -0.036327
v 0.017309 0.026919 0.026556
v 0.017559 0.027755 0.021706
v 0.018487 0.027917 0.019214
v 0.018304 0.000046 0.030977
v 0.035215 0.016139 -0.028958
v 0.033992 0.016645 -0.029027
v 0.017569 0.000268 0.031849
v 0.016563 0.029137 0.014160
v 0.014202 0.030283 0.009277
v 0.018801 0.029131 0.008436
v 0.014925 0.030444 0.004609
v 0.014741 0.030537 -0.003335
v 0.006907 0.029841 -0.018323
v 0.002392 0.031452 0.000000
v 0.007901 0.031262 0.000000
v 0.006976 0.029841 0.018304
v 0.002507 0.025494 0.035316
v 0.007926 0.025304 0.035085
v 0.002772 0.002324 -0.033833
v 0.007951 0.002223 -0.033569
v 0.002915 0.000189 0.032490
v 0.007895 0.000190 0.032277
v 0.007463 0.026758 -0.033964
v 0.012322 0.025123 -0.034786
v 0.002766 0.013069 -0.037266
v 0.008097 0.012975 -0.037039
v 0.007357 0.011532 0.036857
v 0.007209 0.010077 0.036541
v 0.007179 0.008640 0.036142
v 0.007274 0.007236 0.035680
v 0.006349 0.003584 0.034280
v 0.012914 0.015634 -0.036859
v 0.012066 0.028868 0.022768
v 0.007283 0.019986 0.036663
v 0.007268 0.018389 0.036942
v 0.007276 0.017131 0.037095
v 0.008124 0.014402 0.037141
v 0.045056 0.008998 -0.027193
v 0.007234 0.000453 -0.032622
v 0.007181 0.000754 -0.032841
v 0.012345 0.031030 -0.002246
v 0.012511 0.030826 -0.006720
v 0.012107 0.030611 -0.009897
v 0.012080 0.030152 -0.014246
v 0.012109 0.030161 0.014155
v 0.012113 0.030611 0.009891
v 0.012532 0.030826 0.006702
v 0.012358 0.031029 0.002247
v -0.034434 0.000147 0.028427
v -0.036070 0.001995 0.029680
v -0.037045 0.002739 0.029563
v -0.037006 0.001687 0.028858
v -0.038251 0.003900 0.029249
v -0.038237 0.002802 0.028272
v 0.049126 0.011729 0.017972
v 0.048582 0.011223 0.019960
v 0.047793 0.010666 0.022132
v 0.047303 0.010428 0.023333
v 0.045593 0.007232 0.027732
v 0.045965 0.007356 0.027255
v -0.036161 0.023200 0.030896
v -0.036265 0.023371 0.030659
v -0.044583 0.022964 0.021048
v -0.043090 0.022309 0.024039
v -0.041705 0.021687 0.026575
v 0.042900 0.000181 0.025778
v 0.043610 0.000173 0.024530
v 0.046834 0.002015 0.022005
v 0.037497 0.019624 0.020826
v 0.037569 0.018617 0.023787
v 0.036874 0.018101 0.026395
v -0.023549 0.026358 0.033652
v -0.023537 0.026568 0.033100
v 0.035324 0.000002 0.016422
v 0.025842 0.025103 0.021898
v 0.025866 0.024321 0.025689
v 0.013155 0.029306 0.019210
v 0.012858 0.028866 0.022271
v 0.013221 0.028163 0.025728
v 0.013217 0.027626 0.028445
v 0.000776 0.029396 0.022320
v -0.001206 0.028587 0.027010
v -0.038691 0.010835 0.032027
v -0.039351 0.010181 0.031483
v -0.040030 0.010736 0.031038
v -0.040726 0.010811 0.030150
v 0.050168 0.005158 0.018045
v 0.049711 0.005007 0.019559
v 0.049026 0.004738 0.021357
v 0.048627 0.005061 0.022757
v 0.047593 0.004717 0.024780
v 0.017173 0.025429 0.033364
v 0.017239 0.025547 0.033037
v 0.013450 0.026673 0.032729
v 0.046564 0.002648 0.023935
v 0.045792 0.001883 0.024040
v -0.042629 0.009981 0.026637
v -0.042306 0.008733 0.026460
v -0.041928 0.007505 0.026243
v -0.041347 0.005846 0.025893
v -0.021019 0.026830 0.033313
v -0.018360 0.027026 0.033473
v -0.015633 0.027239 0.033238
v -0.012849 0.027328 0.033309
v -0.008956 0.027380 0.033395
v 0.017031 0.025837 0.032101
v 0.019502 0.025569 0.030024
v 0.022058 0.024379 0.031726
v 0.026516 0.022684 0.031494
v 0.032998 0.020285 0.027652
v 0.034339 0.018722 0.029519
v -0.029815 0.025451 0.032219
v -0.025849 0.026342 0.032425
v -0.042474 0.018625 0.026972
v -0.042547 0.017070 0.027356
v -0.042682 0.015119 0.027520
v -0.042671 0.013528 0.027565
v -0.042593 0.012355 0.027546
v 0.045777 0.009546 0.026401
v 0.044825 0.000403 0.022868
v 0.041783 0.010133 -0.028625
v 0.034023 0.015764 -0.030046
v 0.034911 0.014887 -0.029414
v -0.036066 0.000207 0.026806
v -0.036781 0.000293 0.026545
v -0.036297 0.000430 0.028105
v -0.041039 0.025688 -0.019374
v -0.039988 0.025094 -0.022472
v -0.038889 0.024198 -0.025989
v -0.038691 0.020857 -0.030916
v -0.039721 0.020844 -0.029915
v 0.046796 0.000231 -0.016927
v 0.046238 0.000228 -0.018914
v 0.045387 0.000225 -0.021155
v 0.044649 0.000108 -0.022293
v 0.044479 0.002179 -0.027183
v -0.035049 0.000192 -0.028331
v -0.042605 0.002964 -0.020384
v -0.041150 0.002909 -0.023244
v 0.045466 0.009195 -0.026905
v 0.049723 0.009876 -0.018469
v 0.049304 0.009486 -0.020198
v 0.048387 0.008839 -0.022647
v 0.047427 0.008274 -0.024500
v 0.035501 0.017450 -0.030114
v 0.035330 0.017773 -0.029909
v -0.024490 0.028712 -0.022091
v -0.024034 0.027529 -0.028362
v 0.000652 0.029585 -0.021222
v -0.003832 0.028817 -0.025991
v 0.013031 0.029343 -0.019158
v 0.013213 0.028170 -0.025699
v 0.026509 0.025003 -0.021117
v 0.025703 0.024006 -0.027387
v -0.045692 0.011801 -0.021751
v -0.044047 0.011477 -0.024786
v -0.042435 0.011145 -0.027476
v 0.046074 0.004293 -0.027462
v 0.017717 0.027992 -0.020050
v 0.017582 0.026873 -0.026416
v 0.020130 0.000045 -0.030831
v 0.024469 0.000031 -0.030084
v 0.026163 0.000021 -0.029146
v 0.047000 0.003422 -0.024387
v 0.045889 0.001916 -0.023901
v 0.027486 0.023457 -0.026554
v 0.035312 0.019042 -0.026860
v 0.017193 0.025693 -0.032541
v -0.038085 0.024501 -0.026135
v -0.036787 0.024921 -0.026413
v -0.035222 0.025382 -0.026717
v -0.033374 0.025858 -0.027083
v -0.031261 0.026326 -0.027515
v -0.033626 0.000093 -0.027790
v -0.025870 0.000022 -0.030196
v 0.046358 0.010752 -0.024441
v 0.046008 0.010099 -0.025644
v 0.046810 0.010341 -0.024273
v 0.046474 0.009954 -0.025036
v 0.047676 0.006757 -0.025091
v 0.047823 0.006218 -0.024887
v 0.047752 0.005552 -0.024927
v 0.047667 0.004940 -0.024784
v 0.042924 0.000071 -0.025249
v 0.003585 0.025489 0.034926
v -0.039114 0.001514 -0.025375
v 0.044509 0.000252 -0.023085
v 0.012403 0.025041 0.034335
v 0.012427 0.025113 0.034500
v 0.042090 0.000126 0.026071
v 0.042700 0.000880 0.026743
v 0.038205 0.015239 -0.029368
v 0.040969 0.012913 -0.028597
v 0.045248 0.007345 -0.028052
v 0.044835 0.007705 -0.028256
v 0.044692 0.009522 0.027554
v 0.038200 0.013702 0.030262
v 0.041104 0.011191 0.029389
v 0.042697 0.000131 -0.025830
v 0.042244 0.000108 -0.025985
v 0.037991 0.002187 -0.028909
v 0.039732 0.001433 -0.027962
v 0.049330 0.012219 0.016431
v 0.048864 0.012665 0.016394
v 0.046154 0.000023 -0.014942
v 0.040208 0.018704 -0.017756
v 0.044148 0.016164 -0.016828
v 0.045287 0.004257 0.028358
v 0.044551 0.004319 0.028591
v 0.041537 0.019617 -0.003955
v 0.044874 0.017351 -0.003973
v 0.041539 0.019615 0.003957
v 0.044859 0.017355 0.003526
v 0.036649 0.017133 0.028989
v 0.038757 0.016076 0.027446
v 0.041943 0.013625 0.026569
v 0.038240 0.016826 -0.026823
v 0.040714 0.015524 -0.025254
v 0.040773 0.014552 -0.026891
v 0.042688 0.013488 -0.025669
v 0.044650 0.010949 -0.026431
v 0.044626 0.010305 -0.027212
v 0.044833 0.009869 -0.027386
v 0.043978 0.012856 0.024754
v 0.047414 0.011080 0.022524
v 0.047282 0.011637 0.021832
v 0.048092 0.011640 0.020520
v 0.048452 0.011942 0.019251
v 0.049423 0.013967 -0.005368
v 0.049560 0.013279 -0.011089
v 0.049457 0.013047 -0.012898
v 0.049256 0.012821 -0.014680
v 0.041793 0.003832 0.028951
v 0.043251 0.002905 -0.028139
v 0.042456 0.002266 -0.027889
v 0.049039 0.013014 0.014583
v 0.049213 0.013246 0.012849
v 0.049333 0.013444 0.011143
v 0.049404 0.013631 0.009390
v 0.049451 0.013849 0.006913
v 0.049402 0.014001 0.004753
v -0.022185 0.024344 -0.033587
v -0.023016 0.024026 -0.033025
v 0.047298 0.013344 -0.018108
v 0.045133 0.012460 -0.023695
v 0.044901 0.006172 -0.028765
v 0.044851 0.005656 -0.028780
v 0.045251 0.005139 -0.028598
v 0.044966 0.004770 -0.028618
v 0.042373 0.000028 -0.025319
v 0.044672 0.009866 0.027538
v 0.042104 0.012647 0.027748
v 0.041191 0.009420 0.030008
v 0.040898 0.000960 -0.027301
v -0.044622 0.024701 0.017325
v -0.044462 0.024832 0.017478
v -0.044384 0.025226 0.016604
v -0.047604 0.025414 0.000000
v -0.047310 0.025064 -0.000000
v 0.042226 0.000460 0.026483
v 0.015667 0.028200 0.000216
v 0.017331 0.027648 0.000256
v 0.016712 0.027839 -0.000236
v 0.024577 0.025368 0.000260
v -0.022989 0.024123 0.032663
v -0.023051 0.024483 0.032364
v -0.025407 0.024530 0.032075
v -0.028163 0.023951 0.031614
v -0.031479 0.023094 0.030870
v -0.034096 0.022240 0.030101
v -0.035923 0.021290 0.029430
v -0.035962 0.020947 0.029558
v -0.036806 0.020564 0.029295
v -0.033925 0.021440 0.030586
v -0.031520 0.022236 0.031293
v -0.029205 0.022857 0.031945
v -0.027338 0.023294 0.032312
v -0.025278 0.023692 0.032645
v -0.044362 0.023048 -0.015910
v -0.044050 0.023432 -0.015929
v -0.036703 0.021379 -0.029102
v -0.035912 0.021276 -0.029438
v -0.036371 0.020746 -0.029440
v -0.041244 0.021644 -0.023010
v -0.042703 0.022243 -0.020147
v -0.043625 0.022545 -0.018419
v 0.033623 0.015794 -0.029321
v 0.033592 0.015985 -0.029138
v 0.033602 0.016228 -0.029013
v 0.036210 0.014477 -0.028213
v 0.043648 0.008217 -0.026124
v 0.043719 0.007840 -0.026030
v 0.043727 0.007257 -0.026227
v 0.039855 0.010726 -0.027662
v 0.037040 0.013140 -0.028512
v 0.048020 0.009889 0.015769
v 0.047795 0.010350 0.015765
v 0.043789 0.007979 0.025987
v 0.043634 0.007898 0.026087
v 0.045930 0.008188 0.022555
v 0.046795 0.008756 0.020561
v 0.047433 0.009197 0.018725
v 0.033548 0.015841 0.029354
v 0.034696 0.015096 0.028897
v 0.035063 0.015045 0.028629
v 0.033014 0.016637 0.029190
v 0.036123 0.014734 0.028246
v 0.030483 0.018446 0.029885
v 0.025243 0.020948 0.031107
v 0.023913 0.021227 0.031377
v 0.023895 0.021015 0.031517
v 0.023908 0.020860 0.031716
v 0.026474 0.019767 0.031465
v 0.028956 0.018570 0.030879
v 0.031365 0.017212 0.030217
v 0.012439 0.024696 0.032294
v 0.000652 0.025276 0.032836
v -0.006114 0.025437 0.032942
v -0.011403 0.025529 0.032951
v -0.016922 0.025213 0.032778
v -0.020581 0.024296 0.033153
v -0.016946 0.024557 0.033377
v -0.011530 0.024728 0.033534
v -0.006301 0.024743 0.033553
v -0.043046 0.023377 0.018389
v -0.044053 0.023427 0.015925
v -0.044002 0.023003 0.016639
v -0.038517 0.020391 0.028015
v -0.037852 0.020286 0.028747
v -0.037221 0.020318 0.029298
v -0.047371 0.024432 0.000000
v -0.047670 0.024190 0.000000
v -0.034619 0.022075 -0.029934
v -0.031478 0.023094 -0.030870
v -0.028228 0.023989 -0.031613
v -0.025287 0.024337 -0.032057
v -0.023036 0.024481 -0.032366
v -0.022972 0.024122 -0.032669
v -0.025286 0.023691 -0.032645
v -0.027347 0.023292 -0.032312
v -0.029214 0.022855 -0.031944
v -0.031501 0.022242 -0.031298
v -0.033896 0.021451 -0.030596
v -0.017224 0.025203 -0.032764
v -0.011409 0.025529 -0.032951
v -0.006114 0.025437 -0.032942
v 0.000664 0.025042 -0.032885
v 0.000715 0.024827 -0.033024
v 0.000674 0.024682 -0.033226
v -0.006318 0.024743 -0.033553
v -0.011545 0.024728 -0.033534
v -0.016958 0.024557 -0.033377
v 0.012696 0.024157 -0.032657
v 0.012694 0.024306 -0.032457
v 0.023917 0.021226 -0.031376
v 0.023900 0.021014 -0.031516
v 0.023914 0.020858 -0.031714
v 0.012905 0.024057 -0.032866
v 0.045360 0.009037 -0.023115
v 0.046127 0.009521 -0.021467
v 0.046971 0.010075 -0.019230
v 0.047797 0.010347 -0.015755
v 0.048027 0.009888 -0.015753
v 0.044022 0.006855 -0.026379
v 0.048367 0.012170 -0.001243
v 0.048392 0.011990 -0.000729
v 0.048995 0.010646 -0.008590
v 0.048798 0.010294 -0.011820
v 0.048434 0.010027 -0.014141
v 0.048569 0.011803 0.004661
v 0.048369 0.011266 0.011908
v 0.048102 0.010983 0.014301
v 0.048994 0.011406 -0.000000
v 0.012378 0.024879 0.032293
v 0.017935 0.022731 0.032600
v 0.021369 0.021694 0.032271
v 0.012395 0.024878 -0.032292
v 0.006713 0.024438 -0.033212
v 0.000562 0.024635 -0.033447
v 0.025885 0.020690 -0.030981
v 0.028404 0.019601 -0.030440
v 0.031357 0.017217 -0.030219
v 0.028949 0.018574 -0.030880
v 0.026469 0.019769 -0.031466
v 0.039233 0.012117 0.027328
v 0.042824 0.007943 0.026804
v 0.047883 0.012408 0.000160
v -0.046325 0.024591 -0.008281
v -0.045871 0.024477 -0.010299
v -0.046220 0.023545 -0.011285
v -0.047181 0.023894 -0.007238
v -0.047763 0.024099 -0.003055
v 0.048212 0.011081 -0.013469
v 0.048459 0.011358 -0.009984
v 0.048579 0.011724 -0.005445
v 0.047817 0.012794 -0.000626
v 0.047990 0.012501 -0.000632
v 0.048200 0.012367 -0.000842
v 0.048458 0.012163 -0.001764
v 0.048542 0.011742 -0.001312
v 0.022754 0.026182 -0.000484
v -0.045309 0.024227 0.012265
v -0.045856 0.024423 0.010317
v -0.046330 0.024591 0.008316
v -0.046719 0.024726 0.006273
v -0.047525 0.024016 0.005157
v -0.046744 0.023737 0.009278
v 0.048363 0.012031 0.000756
v 0.048432 0.010024 0.014159
v 0.048798 0.010297 0.011796
v 0.049001 0.010822 0.007010
v 0.047833 0.012758 0.000625
v 0.048023 0.012460 0.000639
v 0.048219 0.012333 0.000858
v 0.048344 0.012209 0.001155
v 0.048524 0.011825 0.002455
v 0.048595 0.011490 0.004588
v 0.048706 0.011179 0.005672
v 0.048862 0.011048 0.005175
v 0.024659 0.025491 0.000458
v 0.021364 0.021695 -0.032272
v 0.018056 0.022696 -0.032586
v 0.016662 0.023081 -0.032552
v 0.020116 0.022853 0.031804
v 0.017067 0.023725 0.032042
v 0.012896 0.024059 0.032866
v 0.015716 0.028272 0.000369
v 0.017062 0.023495 -0.032042
v 0.017780 0.023097 -0.032077
v 0.016634 0.023189 -0.032337
v 0.006713 0.024438 0.033213
v 0.006969 0.025183 -0.032607
v 0.006961 0.024958 0.032605
v 0.006952 0.024730 0.032703
v 0.007062 0.024586 0.032820
v 0.006960 0.024481 0.032980
v 0.047513 0.010463 0.017311
v 0.046968 0.010075 0.019241
v 0.046122 0.009519 0.021480
v 0.045353 0.009033 0.023130
v 0.044061 0.006880 0.026301
v -0.036703 0.021379 0.029103
v -0.037815 0.021341 0.028222
v -0.038183 0.021393 0.027659
v -0.042627 0.022206 0.020324
v -0.041298 0.021661 0.022926
v -0.039940 0.021022 0.025556
v -0.039622 0.021772 0.025084
v -0.039649 0.021494 0.025164
v -0.039595 0.021180 0.025554
v -0.040109 0.021225 0.024955
v 0.043808 0.007823 0.025931
v 0.043767 0.007485 0.026044
v -0.043071 0.023433 -0.018370
v -0.042309 0.023038 -0.019980
v -0.041290 0.022684 -0.022082
v -0.040130 0.022218 -0.024257
v -0.037534 0.020248 -0.029181
v -0.038285 0.020309 -0.028370
v 0.043922 0.008116 -0.025877
v 0.047657 0.009360 -0.017999
v 0.046801 0.008761 -0.020547
v 0.045704 0.007945 -0.023224
v 0.045244 0.008759 -0.023199
v 0.045500 0.008086 -0.023190
v -0.038156 0.021144 -0.027630
v -0.038199 0.020866 -0.027673
v -0.038069 0.020600 -0.028075
v -0.037988 0.020371 -0.028454
v 0.036103 0.014824 -0.028275
v 0.039087 0.012390 -0.027401
v 0.042657 0.008105 -0.026849
v 0.035944 0.014021 0.028845
v 0.038022 0.012320 0.028207
v 0.040284 0.010343 0.027427
v 0.038077 0.019356 -0.000456
v 0.042637 0.016521 -0.000507
v 0.038104 0.019397 0.000490
v 0.040964 0.017624 0.000494
v 0.046598 0.013645 0.000498
v 0.047751 0.012545 0.000330
v 0.047618 0.012663 -0.000365
v 0.042156 0.009300 0.026483
v 0.042276 0.008537 0.026744
v 0.043647 0.007552 -0.026141
v 0.006899 0.024480 -0.033443
v 0.044146 0.008517 0.026345
v 0.043929 0.008322 0.026135
v 0.050320 0.011829 -0.000055
v 0.050562 0.011911 -0.000348
v 0.050857 0.011979 -0.000601
v 0.047059 0.013749 0.000586
v 0.037188 0.022188 0.002327
v 0.048821 0.012472 0.002562
v 0.048606 0.012087 0.003325
v -0.035672 0.021034 0.030701
v -0.036254 0.020633 0.030123
v 0.025561 0.026841 0.000748
v 0.025656 0.026984 0.000996
v 0.025746 0.027119 0.001519
v 0.044075 0.006811 -0.026682
v 0.015813 0.028779 -0.000499
v 0.016603 0.028097 -0.000462
v -0.035419 0.022344 -0.030046
v -0.035253 0.022100 -0.029833
v -0.039046 0.022239 -0.028405
v -0.039032 0.022506 -0.028594
v -0.038591 0.022597 -0.029154
v -0.038202 0.022817 -0.029380
v -0.039951 0.023556 -0.026094
v 0.042059 0.009865 -0.026607
v -0.039906 0.021016 -0.028479
v -0.042233 0.021997 -0.025422
v 0.012642 0.025471 0.032737
v 0.012237 0.025165 0.032411
v 0.013109 0.026086 0.033525
v 0.013098 0.026202 -0.033611
v 0.024057 0.020815 0.032157
v 0.017063 0.023999 0.034308
v 0.025036 0.021727 0.031554
v 0.026131 0.020999 0.031099
v -0.023668 0.024894 -0.032360
v 0.034439 0.016259 0.030827
v 0.034663 0.016333 0.031096
v -0.036191 0.021512 -0.031385
v -0.037307 0.021283 -0.031281
v 0.004111 0.026359 0.033793
v 0.007156 0.026639 0.033989
v 0.048115 0.011040 -0.015307
v 0.048386 0.011234 -0.015334
v 0.049980 0.013337 -0.003963
v 0.049848 0.013081 -0.003943
v 0.000620 0.025447 -0.032872
v -0.001457 0.025661 -0.033015
v 0.003277 0.025845 -0.033155
v -0.035252 0.022099 0.029832
v -0.035530 0.022319 0.030017
v -0.038080 0.022818 0.029514
v -0.039079 0.022237 0.028313
v 0.042039 0.010039 0.026695
v 0.041594 0.010838 0.027105
v 0.035918 0.016851 0.029957
v 0.034605 0.017393 0.030016
v -0.043912 0.025463 -0.016506
v -0.044241 0.025016 -0.017419
v -0.044511 0.024842 -0.017366
v -0.045311 0.024974 -0.015465
v -0.045370 0.024839 -0.015209
v 0.017731 0.023773 -0.032101
v 0.014809 0.028554 0.000206
v 0.014043 0.029007 0.000158
v 0.013843 0.029207 0.000113
v 0.013703 0.029657 -0.000007
v 0.015119 0.030341 0.001602
v 0.015115 0.030249 0.001135
v 0.015219 0.030111 0.000858
v 0.015669 0.029839 0.000672
v 0.016376 0.029493 0.000600
v -0.025106 0.025919 0.033517
v -0.022221 0.026009 0.033574
v 0.048210 0.011120 0.015175
v 0.048165 0.011033 0.016879
v 0.025997 0.020859 -0.031022
v 0.025251 0.021716 -0.031602
v 0.035663 0.017175 -0.030081
v 0.035911 0.016778 -0.029905
v 0.034575 0.017388 -0.030000
v 0.043928 0.008321 -0.026135
v 0.044172 0.008505 -0.026320
v 0.044241 0.008621 -0.026515
v -0.044507 0.024107 0.015041
v -0.044633 0.024323 0.015437
v -0.046822 0.026698 0.000004
v -0.047922 0.026250 0.000002
v -0.048140 0.026055 0.000000
v -0.048152 0.025879 -0.000000
v 0.037189 0.022188 -0.002327
v 0.047206 0.013901 -0.000601
v 0.045056 0.008997 0.027191
v 0.044832 0.008841 0.026974
v 0.049294 0.014064 0.002634
v 0.048556 0.014481 0.001525
v 0.048366 0.014427 0.001011
v 0.048274 0.014327 0.000799
v 0.047690 0.014466 0.000640
v 0.049985 0.013177 0.004487
v 0.049743 0.013028 0.003681
v 0.025793 0.027188 -0.002329
v 0.025746 0.027119 -0.001519
v 0.025615 0.026922 -0.000845
v 0.014747 0.030506 -0.002109
v 0.015246 0.030302 -0.001613
v 0.015193 0.030223 -0.001131
v 0.015732 0.029819 -0.000673
v -0.035697 0.023183 -0.031025
v -0.036097 0.022799 -0.030652
v -0.038305 0.021608 -0.027722
v -0.038537 0.021846 -0.027888
v 0.012284 0.026081 0.033446
v 0.023224 0.023240 0.032771
v 0.023486 0.022910 0.032500
v -0.021174 0.026393 -0.033920
v -0.022320 0.026014 -0.033582
v 0.044026 0.008791 -0.026617
v 0.003211 0.025841 0.033151
v -0.012183 0.026044 -0.033379
v -0.019734 0.025710 -0.033085
v 0.019900 0.023563 0.032303
v -0.026313 0.024907 -0.032394
v -0.030105 0.024086 -0.031687
v -0.042004 0.023446 -0.022839
v -0.044024 0.024303 -0.018677
v 0.041419 0.011967 0.028108
v 0.028211 0.020415 0.030982
v 0.030408 0.019179 0.030308
v 0.032329 0.017998 0.029719
v 0.033542 0.017306 0.029457
v -0.037016 0.021858 -0.029409
v -0.037459 0.021760 -0.029143
v -0.037820 0.021725 -0.028846
v 0.048887 0.011405 0.016818
v 0.025417 0.026626 0.000625
v 0.017398 0.029038 0.000581
v -0.047407 0.025565 0.007288
v -0.046473 0.025220 0.011398
v 0.014368 0.029870 0.000386
v 0.018066 0.024645 -0.033103
v -0.046483 0.025223 -0.011351
v -0.047740 0.025683 -0.005170
v 0.037448 0.014438 0.028321
v 0.039463 0.012756 0.027739
v -0.037821 0.021726 0.028848
v -0.037458 0.021760 0.029143
v 0.042243 0.018246 -0.000625
v 0.044404 0.008564 0.026055
v -0.041878 0.023392 0.023077
v -0.033041 0.023078 0.030744
v -0.028904 0.024331 0.031879
v 0.047557 0.010411 -0.021717
v 0.048400 0.009558 0.016684
v 0.049628 0.010419 0.012504
v 0.050695 0.011751 0.002985
v -0.039951 0.021016 0.029150
v -0.039666 0.020915 0.028926
v 0.013291 0.024206 -0.033423
v 0.012622 0.025108 -0.034563
v 0.042745 0.008098 0.027076
v 0.042537 0.008578 0.027520
v -0.044540 0.022846 -0.016982
v -0.022111 0.024191 0.033266
v -0.022174 0.024358 0.033610
v 0.044077 0.006811 0.026683
v 0.044262 0.006882 0.026982
v 0.024597 0.021646 -0.033550
v 0.023509 0.021878 -0.033389
v 0.048257 0.009529 -0.016781
v 0.048813 0.009714 -0.016383
v 0.045459 0.007228 -0.026933
v -0.048145 0.024193 -0.001447
v -0.048453 0.024360 -0.001002
v -0.046011 0.023693 0.017102
v -0.043524 0.022636 0.022366
v -0.044509 0.023017 0.019570
v 0.042466 0.008652 -0.027549
v 0.034677 0.016325 -0.031095
v 0.035532 0.015443 -0.030475
v 0.003407 0.024618 0.033615
v 0.011509 0.024608 0.033732
v 0.012145 0.024237 0.033147
v 0.010564 0.024468 0.033519
v 0.013175 0.025012 0.034682
v 0.013150 0.025021 0.034574
v 0.012994 0.024840 0.034135
v -0.006906 0.024989 -0.034158
v -0.023518 0.024875 -0.034559
v -0.024415 0.024626 -0.034139
v 0.007509 0.025377 -0.034966
v 0.003022 0.025348 -0.034666
v 0.049145 0.011395 -0.000005
v 0.049399 0.011441 0.000001
v -0.037294 0.021288 0.031288
v -0.036189 0.021500 0.031364
v 0.044976 0.007166 -0.027635
v -0.040289 0.021140 -0.025094
v -0.040378 0.021119 -0.025298
v -0.039424 0.020685 -0.027809
v 0.024576 0.021653 0.033551
v 0.017995 0.022769 0.032819
v 0.034925 0.014875 0.029406
v 0.035129 0.014968 0.029724
v -0.036255 0.020633 -0.030123
v -0.035765 0.021005 -0.030674
v -0.028359 0.023294 -0.032721
v -0.025430 0.023879 -0.033209
v 0.033384 0.016208 0.030249
v 0.031683 0.017314 0.030752
v 0.029263 0.018693 0.031417
v -0.038224 0.020333 -0.029390
v -0.037846 0.020366 -0.029701
v -0.036813 0.020640 -0.030252
v 0.040608 0.010385 0.028094
v 0.039342 0.011508 0.028454
v 0.037388 0.013181 0.029042
v 0.018176 0.022906 -0.033135
v 0.018405 0.023409 0.033814
v 0.049634 0.010772 -0.008480
v 0.045810 0.007621 -0.024586
v 0.044658 0.006909 0.026495
v -0.017041 0.024770 0.033962
v -0.048110 0.024238 -0.005162
v -0.047206 0.023910 -0.009982
v 0.044115 0.007018 0.027049
v -0.037846 0.020365 0.029700
v -0.038228 0.020334 0.029391
v -0.038571 0.020371 0.029032
v -0.026418 0.023710 0.033068
v 0.045638 0.004958 0.028370
v 0.045608 0.005655 0.028453
v 0.045686 0.006154 0.028351
v 0.050836 0.006338 0.016506
v 0.050921 0.007359 0.016525
v 0.050846 0.008578 0.016393
v -0.023886 0.016069 0.036591
v -0.023887 0.018515 0.036342
v -0.023790 0.020722 0.035945
v 0.045689 0.004373 -0.028132
v 0.045638 0.004958 -0.028370
v 0.045686 0.006154 -0.028351
v 0.035839 0.011890 -0.032024
v 0.037081 0.012344 -0.031398
v -0.047509 0.013445 -0.018284
v -0.047571 0.014730 -0.018298
v -0.047875 0.016564 -0.017410
v -0.047559 0.019347 -0.017191
v -0.003693 0.014571 0.037495
v -0.001168 0.020158 0.036944
v 0.025000 0.012360 0.035364
v 0.025034 0.013534 0.035377
v 0.025056 0.015127 0.035282
v 0.025010 0.017086 0.034996
v -0.051592 0.014985 -0.000000
v -0.051508 0.017577 0.000000
v -0.051065 0.020477 -0.000000
v 0.025000 0.012360 -0.035364
v 0.025034 0.013534 -0.035377
v 0.025056 0.015127 -0.035282
v 0.025010 0.017086 -0.034996
v 0.012943 0.019333 -0.036420
v 0.035553 0.015757 0.031193
v 0.036280 0.014740 0.031219
v -0.037518 0.021127 0.031562
v -0.037744 0.020644 0.031660
v -0.046536 0.023580 0.016873
v -0.046718 0.023070 0.016984
v 0.050575 0.009887 -0.016108
v -0.037518 0.021127 -0.031562
v -0.037744 0.020644 -0.031660
v -0.023622 0.024687 -0.034918
v -0.023731 0.024097 -0.035143
v -0.001421 0.025445 -0.035540
v -0.001344 0.024890 -0.035776
v 0.017208 0.023814 -0.034673
v 0.017265 0.023449 -0.034834
v 0.017140 0.022768 -0.035060
v 0.007130 0.025210 0.035255
v 0.047228 0.007883 0.025401
v 0.047674 0.007957 0.024687
v -0.040293 0.020869 -0.029305
v -0.040366 0.020539 -0.029451
v -0.041898 0.020716 -0.027081
v 0.047380 0.008132 -0.024912
v 0.047497 0.008074 -0.024878
v 0.044930 0.007524 -0.028535
v 0.041136 0.011161 0.029574
v 0.044934 0.007521 0.028533
v 0.040011 0.011475 -0.030159
v 0.045815 0.006875 -0.028051
v 0.046169 0.006999 -0.027494
v -0.043840 0.019328 -0.024489
v -0.042474 0.018625 -0.026972
v 0.050246 0.009384 0.017933
v 0.049798 0.009105 0.019537
v 0.048733 0.008715 0.022332
v 0.048234 0.008403 0.023477
v 0.002904 0.021996 -0.036400
v 0.007286 0.021903 -0.036216
v 0.022213 0.019574 0.035051
v 0.018641 0.020723 0.035383
v -0.011684 0.022159 -0.036519
v -0.006237 0.022273 -0.036533
v 0.018116 0.019760 -0.035692
v 0.026875 0.018106 -0.034254
v 0.028779 0.017379 -0.033806
v 0.031195 0.015781 -0.033265
v 0.032005 0.017461 -0.032510
v 0.033776 0.016422 -0.031988
v 0.033776 0.016422 0.031987
v 0.032005 0.017461 0.032510
v 0.028779 0.017379 0.033806
v 0.026875 0.018106 0.034254
v 0.012903 0.021538 0.035927
v 0.002904 0.021996 0.036400
v -0.006236 0.022273 0.036532
v -0.011684 0.022159 0.036519
v -0.040706 0.017524 -0.030032
v 0.045525 0.006888 -0.028328
v 0.047674 0.007957 -0.024687
v 0.048306 0.008227 -0.023427
v 0.048808 0.008521 -0.022282
v 0.049798 0.009105 -0.019537
v 0.050246 0.009385 -0.017933
v -0.043840 0.019329 0.024489
v 0.046169 0.006999 0.027494
v 0.045815 0.006875 0.028052
v 0.041629 0.010460 0.029565
v 0.038502 0.012697 0.030622
v 0.051859 0.006850 0.002002
v 0.051972 0.007708 -0.001471
v 0.051971 0.008806 0.001368
v 0.051856 0.009747 -0.001295
v 0.051014 0.009597 -0.014376
v 0.051549 0.010206 -0.008335
v 0.051736 0.009995 -0.005513
v 0.051563 0.010831 0.005086
v 0.051690 0.009712 0.007906
v 0.051014 0.009598 0.014376
v -0.046107 0.005197 0.014702
v -0.047148 0.007663 0.015004
v -0.046753 0.005246 0.012743
v -0.047818 0.007739 0.013006
v -0.048823 0.009718 0.012101
v -0.049215 0.011119 0.012189
v -0.047332 0.005289 0.010719
v -0.048418 0.007806 0.010940
v -0.047830 0.005325 0.008640
v -0.048935 0.007863 0.008818
v -0.049884 0.010654 0.008970
v -0.048238 0.005354 0.006517
v -0.049358 0.007908 0.006651
v -0.050318 0.010718 0.006765
v -0.048544 0.005376 0.004361
v -0.049674 0.007942 0.004450
v -0.050643 0.010764 0.004525
v -0.048735 0.005389 0.002183
v -0.049872 0.007962 0.002227
v -0.050847 0.010793 0.002262
v -0.030477 0.022772 0.032287
v -0.031624 0.022284 0.031741
v -0.026363 0.023543 0.032726
v -0.032877 0.021792 0.031137
v -0.030143 0.022632 0.031907
v 0.019851 0.029059 0.005145
v 0.018958 0.028736 0.012057
v 0.022280 0.028028 0.009447
v 0.023253 0.027205 0.014229
v 0.023662 0.027889 0.005272
v -0.022172 0.030917 0.005494
v -0.022090 0.030608 0.009879
v -0.021975 0.030159 0.014165
v -0.019103 0.031128 0.005497
v -0.017735 0.030896 0.009890
v -0.017689 0.030445 0.014199
v -0.014752 0.031329 0.005494
v -0.011812 0.031092 0.009891
v -0.011803 0.030641 0.014208
v -0.009004 0.031436 0.005493
v -0.006351 0.031129 0.009892
v -0.006217 0.030669 0.014287
v -0.021999 0.030396 -0.012099
v -0.022114 0.030781 -0.007730
v -0.017658 0.030442 -0.014238
v -0.017716 0.030895 -0.009911
v -0.019094 0.031127 -0.005509
v -0.021147 0.031104 -0.003040
v -0.014747 0.031329 -0.005498
v -0.014751 0.031446 -0.002214
v -0.011796 0.030641 -0.014215
v -0.011808 0.031092 -0.009895
v -0.009004 0.031436 -0.005494
v -0.009001 0.031553 -0.002214
v -0.006220 0.030669 -0.014286
v -0.006353 0.031129 -0.009891
v 0.012519 0.030945 -0.004413
v 0.012844 0.030238 -0.012798
v 0.012541 0.030944 0.004400
v 0.028209 0.025891 0.010473
v 0.026672 0.026007 0.014442
v 0.029735 0.025602 0.006855
v 0.029736 0.024821 0.014411
v 0.030500 0.024969 0.010467
v 0.032817 0.024371 0.005289
v 0.032860 0.024120 0.008605
v 0.032844 0.023723 0.012403
v 0.035892 0.022878 0.005299
v 0.035930 0.022624 0.008610
v 0.035892 0.022226 0.012378
v 0.048739 0.012447 -0.002340
v 0.048742 0.012621 -0.001724
v 0.048613 0.012752 -0.001249
v 0.048404 0.012905 -0.000931
v 0.048112 0.013110 -0.000737
v 0.047725 0.013390 -0.000637
v 0.048460 0.012357 -0.001450
v 0.048333 0.012484 -0.001058
v 0.048137 0.012638 -0.000803
v 0.047304 0.013290 -0.000551
v 0.042407 0.000256 0.026191
v 0.042967 0.000630 0.026395
v -0.035290 0.000268 0.028615
v -0.034419 0.000281 0.029196
v -0.035738 0.000506 0.028778
v -0.035121 0.000507 0.029147
v -0.037116 0.000722 0.027605
v -0.036535 0.000714 0.028380
v -0.036254 0.001009 0.028919
v -0.035617 0.001019 0.029305
v -0.037645 0.001396 0.027741
v -0.037223 0.001411 0.028360
v -0.038976 0.020479 0.028410
v -0.037367 0.020459 0.029964
v -0.036786 0.020633 0.030237
v -0.038281 0.020259 0.028776
v -0.037945 0.020215 0.029014
v -0.037577 0.020261 0.029440
v -0.037064 0.020352 0.029658
v -0.024964 0.000250 -0.031719
v -0.028527 0.000258 -0.031035
v -0.031313 0.000266 -0.030313
v -0.024984 0.000510 -0.031970
v -0.028695 0.000520 -0.031240
v -0.031546 0.000515 -0.030473
v -0.024252 0.001454 -0.032635
v -0.026290 0.001444 -0.032289
v -0.028143 0.001435 -0.031907
v -0.029813 0.001425 -0.031504
v -0.031808 0.001069 -0.030745
v 0.048144 0.010974 -0.017712
v 0.047026 0.010229 -0.020484
v 0.046721 0.010030 -0.020514
v 0.045794 0.009421 -0.022605
v 0.047507 0.010555 -0.017964
v 0.043024 0.000244 -0.025779
v 0.043493 0.000463 -0.025484
v 0.043198 0.000511 -0.026050
v -0.028516 0.024113 0.031669
v -0.032435 0.022942 0.030674
v -0.031283 0.000265 0.030319
v -0.026787 0.000254 0.031400
v -0.031521 0.000509 0.030476
v -0.028664 0.000514 0.031243
v -0.024968 0.000508 0.031970
v -0.031797 0.001063 0.030745
v -0.029802 0.001411 0.031499
v -0.028133 0.001422 0.031903
v -0.026280 0.001433 0.032285
v -0.024243 0.001445 0.032632
v -0.014945 0.000214 0.032582
v -0.008787 0.000349 0.032882
v -0.015856 0.000527 0.032854
v -0.010650 0.000897 0.033249
v -0.019635 0.001466 0.033163
v -0.015945 0.001144 0.033225
v -0.005869 0.001107 0.033382
v 0.021199 0.000253 0.031497
v 0.020477 0.000518 0.031838
v 0.022325 0.000841 0.031849
v 0.020797 0.001367 0.032329
v 0.047491 0.008722 0.020883
v 0.046099 0.007803 0.024065
v 0.047766 0.009003 0.019443
v 0.046383 0.008176 0.022395
v 0.046992 0.008661 0.020659
v 0.047647 0.009117 0.018780
v 0.047786 0.013455 0.000644
v 0.048078 0.013065 0.000731
v 0.048367 0.012862 0.000924
v 0.048576 0.012714 0.001241
v 0.048713 0.012594 0.001715
v 0.047479 0.013056 0.000563
v 0.048138 0.012606 0.000804
v 0.048327 0.012455 0.001062
v 0.048486 0.012292 0.001608
v 0.038291 0.019693 0.000573
v 0.042162 0.018302 0.000626
v 0.041588 0.017574 0.000568
v -0.038899 0.000214 -0.021222
v -0.040627 0.000302 -0.018633
v -0.038719 0.000439 -0.023823
v -0.041271 0.000443 -0.018476
v -0.039198 0.000642 -0.023698
v -0.041017 0.000650 -0.020031
v -0.039575 0.000931 -0.023666
v -0.041410 0.000948 -0.020012
v -0.040400 0.001441 -0.022915
v -0.041811 0.001467 -0.020108
v -0.042187 0.023409 0.021545
v -0.043182 0.023660 0.018522
v -0.041434 0.023003 0.022414
v -0.041667 0.022961 0.021494
v -0.040191 0.022330 0.024259
v -0.042219 0.000213 0.011416
v -0.043068 0.000305 0.011372
v -0.044904 0.000452 0.005273
v -0.044178 0.000451 0.009344
v -0.043155 0.000449 0.013221
v -0.045682 0.000674 0.003162
v -0.045127 0.000672 0.007297
v -0.044224 0.000668 0.011282
v -0.046129 0.000993 0.003133
v -0.045568 0.000988 0.007275
v -0.044653 0.000981 0.011268
v -0.046672 0.001555 0.002162
v -0.046489 0.001552 0.004267
v -0.046199 0.001547 0.006350
v -0.045814 0.001540 0.008401
v -0.045344 0.001532 0.010408
v -0.044801 0.001523 0.012360
v -0.044197 0.001512 0.014248
v -0.042146 0.000212 -0.011657
v -0.043019 0.000304 -0.011531
v -0.044341 0.000305 -0.004304
v -0.043117 0.000447 -0.013325
v -0.044157 0.000449 -0.009420
v -0.045047 0.000452 -0.004253
v -0.043644 0.000663 -0.013257
v -0.044699 0.000668 -0.009361
v -0.045448 0.000672 -0.005268
v -0.044074 0.000972 -0.013222
v -0.045141 0.000982 -0.009323
v -0.045895 0.000990 -0.005231
v -0.044191 0.001509 -0.014258
v -0.044797 0.001520 -0.012369
v -0.045341 0.001530 -0.010415
v -0.045811 0.001538 -0.008406
v -0.046198 0.001545 -0.006354
v -0.046488 0.001551 -0.004270
v -0.046672 0.001554 -0.002163
v 0.026955 0.000242 -0.030544
v 0.027299 0.000496 -0.030717
v 0.027255 0.001021 -0.031082
v 0.030148 0.001177 -0.030465
v 0.001227 0.000257 -0.032655
v 0.001074 0.000455 -0.032859
v 0.001043 0.000847 -0.033134
v -0.005194 0.000255 -0.032759
v -0.012141 0.000269 -0.032743
v -0.005503 0.000529 -0.033025
v -0.010605 0.000529 -0.033008
v -0.015870 0.000528 -0.032854
v -0.010693 0.001154 -0.033386
v -0.015967 0.001151 -0.033227
v -0.019648 0.001474 -0.033166
v 0.049628 0.011501 -0.000208
v 0.044241 0.008504 0.026262
v 0.043889 0.008168 0.026006
v 0.011925 0.024581 -0.033698
v 0.011733 0.024415 -0.033456
v 0.011918 0.024250 -0.033159
v 0.046360 0.000300 0.018846
v 0.045851 0.000653 0.021225
v 0.046861 0.000845 0.019008
v 0.047457 0.000896 0.017013
v 0.038291 0.019693 -0.000573
v 0.041657 0.017592 -0.000574
v 0.038184 0.019517 -0.000529
v 0.048931 0.011919 -0.009417
v 0.049004 0.012189 -0.006443
v 0.048558 0.011500 -0.011969
v 0.048622 0.011622 -0.009974
v 0.048666 0.011868 -0.006448
v 0.006927 0.025404 -0.032710
v 0.049403 0.010637 0.009090
v 0.048995 0.010072 0.013616
v 0.048815 0.010112 0.013150
v 0.049158 0.010770 0.007256
v -0.043340 0.022399 0.020806
v -0.040954 0.021352 0.024558
v -0.042981 0.022224 0.020192
v -0.040886 0.021370 0.024154
v 0.016914 0.000678 0.032236
v 0.016963 0.001140 0.032512
v 0.012749 0.024149 -0.033112
v 0.006798 0.001409 -0.033229
v 0.043890 0.006963 0.026758
v 0.026117 0.000252 0.030729
v 0.030002 0.000231 0.029783
v 0.027325 0.000493 0.030709
v 0.031605 0.000323 0.029436
v 0.030474 0.000546 0.029959
v 0.027254 0.001003 0.031072
v 0.030128 0.001034 0.030382
v -0.036442 0.022004 0.029650
v -0.037003 0.021843 0.029393
v -0.038543 0.021848 0.027880
v -0.038043 0.021669 0.028418
v -0.036639 0.021645 0.029282
v -0.037201 0.021444 0.028893
v -0.037555 0.021419 0.028611
v -0.038305 0.021608 0.027722
v -0.045812 0.023370 -0.014517
v -0.047032 0.023796 -0.009287
v 0.037529 0.000669 -0.028022
v 0.042402 0.010021 0.029150
v 0.038708 0.013259 0.030291
v 0.037784 0.013837 0.030679
v 0.045857 0.007220 0.027712
v 0.045879 0.007118 0.027840
v 0.045344 0.000021 0.017282
v 0.044441 0.000042 0.021945
v 0.045688 0.000049 0.018993
v 0.044839 0.000090 0.021736
v 0.044629 0.009738 0.027596
v 0.044599 0.010608 0.026909
v 0.045032 0.009909 0.027120
v 0.045199 0.009556 0.027220
v 0.045140 0.009269 0.027377
v 0.045331 0.009307 0.027170
v -0.037485 0.000077 0.016786
v -0.034550 0.000030 0.013960
v -0.026100 0.023745 0.034820
v -0.025979 0.024327 0.034606
v -0.028282 0.023333 0.034441
v -0.028145 0.023907 0.034239
v -0.030271 0.022881 0.034022
v -0.030119 0.023448 0.033832
v -0.032066 0.022411 0.033577
v -0.033665 0.021943 0.033124
v -0.033482 0.022495 0.032964
v -0.035069 0.021497 0.032677
v -0.035325 0.021889 0.032383
v -0.036281 0.021091 0.032249
v -0.041908 0.021532 0.026591
v -0.041898 0.020716 0.027082
v -0.043336 0.021664 0.024342
v -0.043204 0.022153 0.024172
v -0.044418 0.022122 0.022223
v -0.044703 0.022805 0.021179
v -0.045200 0.022449 0.020580
v -0.045972 0.022767 0.018831
v -0.045801 0.023272 0.018705
v -0.034952 0.023800 0.031245
v -0.035181 0.023560 0.031296
v -0.034613 0.024137 0.030899
v -0.033327 0.024575 0.031196
v -0.032414 0.024613 0.032020
v -0.031806 0.025028 0.031525
v -0.028115 0.025901 0.032216
v -0.028017 0.025651 0.033018
v -0.025918 0.026080 0.033247
v 0.048222 0.008561 -0.023341
v 0.048719 0.008894 -0.022173
v 0.049216 0.009159 -0.020962
v 0.049669 0.009563 -0.019432
v 0.050068 0.009939 -0.017831
v 0.044679 0.007914 -0.028475
v 0.045467 0.007186 -0.028276
v 0.045336 0.007350 -0.028229
v 0.046953 0.011241 -0.022966
v 0.047337 0.011533 -0.021939
v 0.047734 0.011835 -0.020766
v 0.048121 0.012137 -0.019457
v 0.048945 0.012025 -0.018000
v 0.047594 0.010894 -0.022473
v 0.048287 0.011255 -0.020757
v 0.048699 0.011559 -0.019443
v -0.032808 0.000116 -0.029351
v -0.029071 0.000077 -0.030435
v -0.040489 0.019835 -0.029574
v -0.039895 0.020281 -0.030188
v -0.039565 0.020687 -0.030312
v -0.039530 0.020221 -0.030601
v -0.039104 0.020290 -0.030940
v -0.038809 0.020683 -0.030980
v -0.038599 0.020396 -0.031250
v -0.036281 0.021091 -0.032249
v -0.035325 0.021889 -0.032383
v -0.035069 0.021497 -0.032677
v -0.033665 0.021943 -0.033124
v -0.033482 0.022495 -0.032964
v -0.032065 0.022411 -0.033578
v -0.030271 0.022881 -0.034022
v -0.030119 0.023448 -0.033832
v -0.028282 0.023333 -0.034441
v -0.028145 0.023907 -0.034239
v -0.026100 0.023745 -0.034820
v -0.025979 0.024327 -0.034606
v -0.037484 0.025715 -0.023212
v -0.038459 0.026344 -0.019855
v -0.035754 0.026181 -0.023425
v -0.036608 0.026814 -0.019993
v -0.033789 0.026659 -0.023646
v -0.034525 0.027297 -0.020125
v -0.031631 0.027129 -0.023852
v -0.030672 0.027874 -0.021351
v -0.029084 0.027005 -0.026813
v -0.026659 0.027417 -0.027024
v -0.027036 0.028312 -0.022313
v -0.006322 0.024968 0.035834
v -0.006396 0.025498 0.035605
v -0.010134 0.024928 0.035832
v -0.011689 0.025457 0.035586
v -0.012917 0.024878 0.035788
v -0.015717 0.024784 0.035703
v -0.015640 0.025332 0.035478
v -0.018482 0.024638 0.035570
v -0.018405 0.025183 0.035349
v -0.021192 0.024374 0.035397
v -0.021083 0.024971 0.035165
v -0.013619 0.000006 0.019973
v 0.007237 0.024084 0.035651
v 0.007144 0.024820 0.035433
v 0.002700 0.024806 0.035670
v 0.002712 0.025352 0.035433
v 0.013299 0.024455 0.035076
v 0.013226 0.024878 0.034873
v 0.012859 0.023859 0.035318
v 0.012805 0.024833 0.034987
v 0.034916 0.016118 0.031461
v 0.032467 0.017699 0.032184
v 0.032442 0.017823 0.032087
v 0.029999 0.018811 0.032979
v 0.029939 0.019206 0.032802
v 0.028112 0.019703 0.033438
v 0.027349 0.020446 0.033410
v 0.026794 0.020271 0.033722
v 0.027407 0.022065 0.032053
v 0.028031 0.022007 0.031295
v 0.029330 0.021400 0.031031
v 0.030013 0.020831 0.031481
v 0.029931 0.020771 0.031610
v 0.030608 0.020756 0.030752
v 0.032513 0.019760 0.030167
v 0.032596 0.019440 0.030785
v 0.033180 0.018983 0.030756
v 0.019646 0.024915 0.032761
v 0.019497 0.024783 0.033202
v 0.022107 0.024127 0.032643
v 0.022067 0.023999 0.032964
v 0.011772 0.026896 0.032791
v 0.012383 0.026706 0.033335
v 0.012309 0.026588 0.033638
v -0.021025 0.026624 0.033876
v -0.018358 0.026823 0.034043
v -0.015606 0.026985 0.034135
v -0.012820 0.027115 0.034104
v -0.009034 0.027131 0.034254
v 0.047871 0.000243 -0.006082
v 0.047811 0.000368 -0.011155
v 0.048120 0.000452 -0.006165
v 0.048618 0.000995 -0.004789
v 0.048460 0.000956 -0.009370
v 0.048261 0.000934 -0.012008
v 0.048058 0.000920 -0.013791
v -0.050044 0.024339 -0.002234
v -0.049852 0.024271 -0.004462
v -0.049633 0.024805 -0.004425
v -0.049547 0.024159 -0.006667
v -0.049140 0.024008 -0.008840
v -0.048642 0.023821 -0.010969
v -0.048064 0.023600 -0.013043
v -0.047419 0.023349 -0.015052
v 0.047936 0.000312 0.007285
v 0.047811 0.000368 0.011159
v 0.048006 0.000329 0.003189
v 0.048339 0.000656 0.003267
v 0.048064 0.000929 0.013808
v 0.048343 0.000953 0.011281
v 0.048543 0.000969 0.007449
v -0.047419 0.023349 0.015052
v -0.047229 0.023864 0.014952
v -0.048064 0.023600 0.013043
v -0.047866 0.024120 0.012955
v -0.048642 0.023821 0.010969
v -0.049140 0.024008 0.008840
v -0.049547 0.024159 0.006667
v -0.049852 0.024271 0.004462
v -0.049633 0.024805 0.004425
v -0.050044 0.024339 0.002234
v -0.036613 0.000063 -0.016407
v 0.028571 0.000056 -0.029628
v 0.032000 0.000095 -0.028915
v 0.023314 0.000078 -0.030795
v 0.026794 0.020271 -0.033722
v 0.027349 0.020446 -0.033410
v 0.028112 0.019703 -0.033438
v 0.029999 0.018811 -0.032979
v 0.029939 0.019206 -0.032802
v 0.032468 0.017699 -0.032184
v 0.032442 0.017824 -0.032087
v 0.019641 0.022674 -0.034706
v 0.019543 0.023180 -0.034497
v 0.022181 0.021925 -0.034448
v 0.022097 0.022408 -0.034247
v 0.024103 0.021288 -0.034192
v 0.018253 0.000079 -0.031311
v -0.021161 0.024431 -0.035381
v -0.021083 0.024971 -0.035165
v -0.018482 0.024638 -0.035570
v -0.018405 0.025183 -0.035349
v -0.015717 0.024784 -0.035703
v -0.015640 0.025332 -0.035478
v -0.012917 0.024878 -0.035788
v -0.011688 0.025457 -0.035586
v -0.010134 0.024928 -0.035832
v -0.006322 0.024968 -0.035834
v -0.006396 0.025498 -0.035605
v -0.021063 0.000053 -0.031619
v -0.016647 0.000095 -0.032186
v -0.006251 0.000069 -0.032207
v 0.012481 0.024559 -0.035135
v 0.012471 0.024955 -0.034954
v 0.012833 0.023834 -0.035327
v -0.021506 0.028364 -0.025632
v -0.021693 0.029279 -0.020405
v -0.018651 0.028301 -0.027122
v -0.017509 0.029238 -0.022413
v -0.015804 0.028460 -0.027116
v -0.012944 0.028562 -0.027108
v -0.011764 0.029446 -0.022368
v -0.008973 0.028591 -0.027311
v -0.006337 0.029452 -0.022551
v 0.012321 0.028314 -0.025651
v 0.012354 0.028957 -0.022138
v 0.019590 0.025900 -0.028330
v 0.022326 0.025611 -0.025609
v 0.020202 0.026709 -0.023387
v 0.023714 0.026171 -0.020180
v 0.024738 0.024943 -0.024785
v 0.027808 0.024178 -0.022695
v 0.028915 0.022489 -0.027805
v 0.030494 0.022433 -0.025003
v 0.030779 0.023065 -0.021771
v 0.031700 0.021185 -0.027231
v 0.032421 0.022858 -0.019040
v 0.033288 0.021045 -0.024642
v 0.033672 0.021667 -0.021549
v 0.033874 0.020065 -0.026647
v 0.035367 0.021376 -0.018879
v 0.035864 0.020494 -0.021294
v -0.041492 0.027173 0.011779
v -0.040261 0.028168 0.005450
v -0.037558 0.028450 0.008790
v -0.038449 0.027890 0.011826
v -0.035306 0.029169 0.005489
v -0.034699 0.028549 0.012831
v -0.033759 0.029083 0.009787
v -0.031281 0.029950 0.003270
v -0.031117 0.029721 0.007656
v -0.030838 0.029341 0.011942
v -0.028313 0.030371 0.003275
v -0.028189 0.030142 0.007673
v -0.027979 0.029762 0.011981
v -0.040714 0.026981 -0.014117
v -0.041581 0.027418 -0.009902
v -0.042012 0.027661 -0.006660
v -0.040300 0.028282 -0.003315
v -0.036720 0.028069 -0.013225
v -0.037265 0.028386 -0.009990
v -0.037594 0.028632 -0.006717
v -0.035209 0.029237 -0.004505
v -0.035318 0.029306 -0.002259
v -0.033370 0.028884 -0.012124
v -0.033799 0.029267 -0.007766
v -0.030490 0.029100 -0.014267
v -0.030873 0.029552 -0.009962
v -0.031152 0.029862 -0.005546
v -0.027732 0.029515 -0.014271
v -0.028016 0.029969 -0.009956
v -0.028221 0.030280 -0.005539
v 0.039113 0.012666 0.027531
v 0.036154 0.015068 0.028393
v 0.039090 0.012471 0.027432
v 0.049986 0.013448 0.005823
v 0.049997 0.013196 0.008777
v 0.049840 0.012631 0.013018
v 0.049654 0.012405 0.014721
v 0.050108 0.013178 0.007372
v 0.050011 0.012885 0.010789
v 0.047034 0.000038 -0.009868
v 0.047424 0.000070 -0.006001
v 0.047124 0.000035 0.006166
v 0.047548 0.000094 0.005475
v 0.012641 0.007199 -0.035382
v 0.012719 0.008567 -0.035828
v 0.012791 0.009982 -0.036222
v 0.012877 0.011418 -0.036538
v -0.020450 0.006656 -0.035293
v -0.020819 0.009391 -0.036135
v -0.016392 0.004330 -0.034664
v -0.016694 0.006726 -0.035582
v -0.016913 0.008675 -0.036206
v -0.017053 0.010110 -0.036592
v -0.017173 0.011567 -0.036905
v -0.011007 0.004358 -0.034851
v -0.011225 0.006773 -0.035786
v -0.011384 0.008737 -0.036421
v -0.011483 0.010183 -0.036815
v -0.011568 0.011654 -0.037133
v -0.005806 0.004360 -0.034883
v -0.005945 0.006780 -0.035828
v -0.006077 0.009578 -0.036715
v -0.006165 0.011669 -0.037187
v 0.020729 0.003835 -0.033512
v 0.021864 0.006056 -0.034302
v 0.022048 0.008486 -0.035099
v 0.022171 0.010321 -0.035530
v 0.026633 0.003577 -0.032535
v 0.026844 0.005567 -0.033360
v 0.027176 0.007803 -0.034092
v 0.027888 0.009361 -0.034355
v 0.029786 0.005305 -0.032604
v 0.030226 0.006552 -0.032979
v 0.030435 0.007636 -0.033288
v 0.031572 0.008480 -0.033222
v 0.029856 0.003729 -0.031886
v 0.050345 0.003423 0.003904
v 0.051047 0.004649 0.003954
v 0.049525 0.002279 0.007633
v 0.050236 0.003331 0.007742
v 0.050932 0.004531 0.007853
v 0.051341 0.005420 0.007881
v 0.049303 0.002221 0.011507
v 0.049997 0.003234 0.011663
v 0.050677 0.004393 0.011828
v 0.051362 0.005731 0.010416
v 0.049425 0.002746 0.014221
v 0.050348 0.004259 0.014477
v 0.049425 0.002746 -0.014221
v 0.050348 0.004260 -0.014477
v 0.049303 0.002221 -0.011507
v 0.049997 0.003234 -0.011663
v 0.050677 0.004393 -0.011828
v 0.051082 0.005272 -0.011977
v 0.049525 0.002279 -0.007633
v 0.050236 0.003331 -0.007741
v 0.050932 0.004531 -0.007853
v 0.049566 0.002259 -0.003549
v 0.050296 0.003342 -0.003635
v 0.051008 0.004570 -0.003651
v 0.051445 0.005519 -0.003499
v 0.031572 0.008479 0.033221
v 0.029670 0.003149 0.031650
v 0.030008 0.005082 0.032459
v 0.030227 0.006552 0.032979
v 0.030435 0.007636 0.033288
v 0.027888 0.009361 0.034355
v 0.026633 0.003577 0.032535
v 0.026844 0.005567 0.033360
v 0.027176 0.007803 0.034091
v 0.008532 0.005952 0.035150
v 0.012659 0.007197 0.035380
v 0.012718 0.008567 0.035828
v 0.012877 0.011418 0.036538
v 0.000935 0.005487 0.035254
v 0.000892 0.007320 0.035927
v 0.000879 0.008714 0.036378
v 0.000869 0.010159 0.036776
v 0.000863 0.011627 0.037098
v -0.005805 0.004360 0.034883
v -0.005945 0.006780 0.035828
v -0.006077 0.009578 0.036715
v -0.006166 0.011669 0.037187
v -0.011007 0.004357 0.034850
v -0.011225 0.006773 0.035786
v -0.011383 0.008737 0.036421
v -0.011483 0.010184 0.036815
v -0.011568 0.011654 0.037133
v -0.016392 0.004330 0.034664
v -0.016694 0.006726 0.035582
v -0.016913 0.008675 0.036206
v -0.017052 0.010110 0.036592
v -0.017173 0.011567 0.036905
v -0.020451 0.006656 0.035293
v -0.020819 0.009391 0.036135
v -0.032708 0.003868 -0.031877
v -0.033309 0.005987 -0.032608
v -0.034038 0.008416 -0.033252
v -0.034238 0.010261 -0.033684
v -0.029642 0.004010 -0.032787
v -0.030179 0.006219 -0.033577
v -0.030554 0.008001 -0.034114
v -0.030878 0.009367 -0.034445
v -0.031113 0.010702 -0.034709
v -0.025827 0.004150 -0.033633
v -0.027387 0.006395 -0.034249
v -0.027874 0.009010 -0.035029
v -0.027107 0.011112 -0.035700
v -0.025256 0.006498 -0.034661
v -0.025705 0.009160 -0.035465
v -0.038936 0.004508 -0.028792
v -0.039722 0.006755 -0.029418
v -0.040206 0.008413 -0.029785
v -0.040499 0.009614 -0.029995
v -0.039267 0.006728 -0.030033
v -0.039523 0.008356 -0.030658
v -0.039808 0.009548 -0.030877
v -0.038154 0.004583 -0.029836
v -0.038887 0.006717 -0.030441
v -0.038101 0.005618 -0.030489
v -0.038800 0.007883 -0.031075
v -0.036717 0.003684 -0.030291
v -0.037410 0.005665 -0.030924
v -0.038100 0.007894 -0.031500
v -0.038491 0.009611 -0.031846
v 0.044415 0.003258 -0.028114
v 0.044783 0.003655 -0.028250
v 0.047740 0.003214 -0.022269
v 0.048271 0.004160 -0.022564
v 0.048710 0.003399 -0.019862
v 0.049282 0.004427 -0.020096
v 0.049347 0.003532 -0.017762
v 0.049945 0.004638 -0.017981
v -0.040104 0.003671 0.025973
v -0.042047 0.004743 0.023526
v -0.043681 0.007250 0.022772
v -0.044258 0.009050 0.023058
v -0.044599 0.010345 0.023220
v -0.043541 0.004994 0.020797
v -0.045290 0.007445 0.019549
v -0.045902 0.009299 0.019799
v -0.046262 0.010633 0.019940
v -0.025828 0.004150 0.033633
v -0.025255 0.006498 0.034661
v -0.025705 0.009160 0.035465
v -0.027107 0.011112 0.035700
v -0.027387 0.006395 0.034249
v -0.027874 0.009010 0.035029
v -0.029642 0.004010 0.032787
v -0.030179 0.006219 0.033577
v -0.030554 0.008001 0.034114
v -0.030878 0.009367 0.034445
v -0.031113 0.010702 0.034709
v -0.032708 0.003868 0.031877
v -0.033309 0.005987 0.032608
v -0.034038 0.008416 0.033252
v -0.034238 0.010261 0.033684
v 0.045513 0.003180 0.027117
v 0.045128 0.003081 0.027622
v 0.041002 0.003127 0.028746
v 0.041541 0.005240 0.029600
v 0.039703 0.002331 0.028568
v 0.040716 0.004834 0.029639
v 0.038634 0.003742 0.029625
v 0.037645 0.006743 0.031063
v 0.049431 0.013717 -0.008509
v 0.049995 0.013202 -0.008751
v 0.049984 0.013451 -0.005808
v 0.049668 0.012366 -0.014736
v 0.049932 0.012693 -0.012228
v 0.051430 0.011076 -0.006404
v 0.051129 0.010375 -0.012105
v 0.051302 0.010626 -0.009905
v 0.050732 0.010553 -0.014132
v 0.050915 0.010832 -0.012246
v 0.051011 0.011150 -0.010044
v 0.051150 0.011156 -0.009334
v 0.051207 0.011796 -0.002943
v 0.051314 0.011624 -0.003802
v 0.051228 0.011519 -0.006148
v 0.051364 0.011648 -0.001798
v 0.051560 0.011051 -0.002994
v -0.011587 0.024951 0.034122
v -0.005498 0.024965 0.034132
v -0.016998 0.024596 0.033614
v -0.011577 0.024772 0.033772
v -0.006373 0.024790 0.033793
v 0.028120 0.025479 -0.014315
v 0.028171 0.025912 -0.010413
v 0.029721 0.025609 -0.006836
v 0.030402 0.024557 -0.014263
v 0.030462 0.024991 -0.010397
v 0.032780 0.023766 -0.012294
v 0.032832 0.024136 -0.008559
v 0.032810 0.024375 -0.005281
v 0.035831 0.022272 -0.012267
v 0.035903 0.022642 -0.008561
v 0.035886 0.022881 -0.005290
v 0.018736 0.028872 -0.011340
v 0.018824 0.029121 -0.008480
v 0.019815 0.029070 -0.005124
v 0.021025 0.027930 -0.013925
v 0.022258 0.028037 -0.009427
v 0.023655 0.027892 -0.005267
v 0.044399 0.006840 0.026946
v 0.044475 0.006827 0.026805
v 0.044232 0.006806 0.026474
v 0.051360 0.011075 0.007422
v 0.051388 0.011457 0.004089
v 0.051226 0.011699 0.004202
v 0.051241 0.011473 0.006408
v 0.051147 0.011154 0.009362
v 0.050793 0.010419 0.014120
v 0.051129 0.010375 0.012105
v 0.051302 0.010626 0.009905
v -0.047527 0.025381 -0.002145
v -0.047239 0.025282 -0.005194
v -0.046586 0.024996 -0.008307
v -0.045927 0.024775 -0.011161
v -0.047218 0.024985 -0.002010
v -0.047041 0.024925 -0.004099
v -0.046757 0.024829 -0.006164
v -0.045374 0.024341 -0.012131
v 0.019383 0.023644 -0.032265
v 0.023753 0.021920 -0.031511
v 0.021599 0.022514 -0.031701
v 0.031679 0.017319 -0.030756
v 0.029263 0.018692 -0.031416
v 0.026762 0.019903 -0.031998
v 0.033139 0.016070 -0.029792
v 0.031474 0.017214 -0.030440
v 0.029063 0.018579 -0.031102
v 0.026583 0.019780 -0.031690
v 0.002641 0.031348 -0.004451
v 0.005715 0.031324 -0.002229
v 0.007101 0.030391 -0.014199
v 0.006899 0.030852 -0.009894
v 0.006351 0.031193 -0.005368
v 0.013962 0.030588 0.006506
v 0.013820 0.030846 0.003111
v 0.013780 0.030941 0.000504
v 0.013933 0.030588 -0.006598
v 0.013794 0.030917 -0.001287
v 0.013802 0.030870 -0.002637
v 0.013784 0.030749 -0.004832
v 0.020729 0.003835 0.033512
v 0.021864 0.006056 0.034302
v 0.022048 0.008486 0.035099
v 0.022171 0.010321 0.035530
v 0.018203 0.005599 0.034456
v 0.018220 0.006846 0.034920
v 0.018313 0.008134 0.035341
v 0.018398 0.009469 0.035715
v 0.018469 0.010825 0.036018
v 0.017207 0.004166 0.033931
v 0.013173 0.028897 -0.021706
v 0.013245 0.027497 -0.029057
v 0.016166 0.027920 -0.022878
v 0.013299 0.024455 -0.035076
v 0.013377 0.024809 -0.034893
v 0.024103 0.021288 0.034192
v 0.022181 0.021925 0.034448
v 0.022097 0.022408 0.034247
v 0.019640 0.022674 0.034706
v 0.019543 0.023180 0.034497
v 0.017314 0.023287 0.034888
v 0.017207 0.023814 0.034673
v 0.017530 0.000215 -0.031768
v 0.017521 0.000308 -0.031896
v 0.022378 0.000515 -0.031616
v 0.018310 0.000466 -0.031999
v 0.016914 0.000669 -0.032230
v 0.022437 0.001091 -0.031976
v 0.020835 0.001368 -0.032326
v 0.017525 0.001088 -0.032449
v 0.047429 0.008682 -0.021037
v 0.047666 0.008960 -0.019579
v 0.047638 0.009113 -0.018798
v 0.046982 0.008657 -0.020676
v 0.046376 0.008172 -0.022407
v 0.014010 0.029492 0.000311
v 0.014832 0.029041 0.000440
v 0.013739 0.029575 0.000165
v 0.013794 0.029315 0.000172
v 0.014144 0.029073 0.000303
v 0.014397 0.028774 0.000209
v 0.015089 0.028560 0.000377
v 0.017628 0.000453 0.032027
v 0.002642 0.031348 0.004451
v 0.005715 0.031324 0.002229
v 0.006912 0.030851 0.009897
v 0.007137 0.030391 0.014194
v 0.006356 0.031193 0.005370
v 0.004127 0.004204 -0.034630
v 0.007953 0.004724 -0.034686
v 0.008423 0.005949 -0.035154
v 0.007184 0.007244 -0.035686
v 0.007179 0.008640 -0.036142
v 0.007209 0.010077 -0.036541
v 0.007357 0.011532 -0.036857
v 0.009232 0.003638 -0.034146
v 0.001733 0.028317 -0.028057
v 0.002680 0.028881 -0.024944
v 0.007152 0.028375 -0.026765
v 0.006886 0.029204 -0.022279
v 0.002700 0.024806 -0.035670
v 0.002712 0.025353 -0.035433
v 0.007237 0.024084 -0.035650
v 0.007144 0.024820 -0.035433
v 0.007130 0.025210 -0.035255
v 0.005630 0.000051 -0.031756
v 0.005399 0.000096 -0.032128
v 0.002647 0.027043 0.033979
v 0.002663 0.026957 0.034127
v 0.002631 0.027229 0.033311
v 0.007224 0.027109 0.033005
v 0.007943 0.026859 0.033759
v -0.012016 0.026044 0.033379
v -0.019673 0.025639 0.032998
v -0.011942 0.025796 0.033125
v -0.016960 0.025426 0.032830
v 0.007244 0.000307 0.032481
v 0.002218 0.000355 0.032741
v 0.007227 0.000504 0.032668
v 0.007173 0.001118 0.033054
v 0.007286 0.000259 -0.032424
v 0.045821 0.009463 0.023323
v 0.046715 0.010026 0.020535
v 0.047508 0.010556 0.017967
v 0.045789 0.009418 0.022615
v 0.005634 0.000114 0.032188
v 0.002895 0.028503 0.026923
v 0.006984 0.029207 0.022240
v 0.007044 0.028371 0.026810
v 0.024897 0.000023 0.029635
v 0.013815 0.028674 0.022084
v 0.048769 0.002633 0.017534
v 0.049472 0.004028 0.018585
v 0.048356 0.002611 0.019074
v 0.047851 0.002529 0.020481
v 0.048524 0.003795 0.021264
v 0.047623 0.003048 0.022240
v 0.047000 0.003422 0.024387
v 0.047661 0.004057 0.023894
v -0.036717 0.003684 0.030291
v -0.037410 0.005666 0.030924
v -0.038100 0.007894 0.031500
v -0.038491 0.009611 0.031846
v -0.038101 0.005618 0.030489
v -0.038800 0.007883 0.031075
v -0.038154 0.004583 0.029836
v -0.038887 0.006717 0.030441
v -0.039523 0.008355 0.030658
v -0.039808 0.009548 0.030877
v -0.039267 0.006728 0.030033
v -0.038936 0.004508 0.028792
v -0.039722 0.006755 0.029418
v -0.040206 0.008413 0.029784
v -0.040499 0.009614 0.029995
v -0.021535 0.028154 0.026684
v -0.017567 0.029255 0.022298
v -0.018708 0.028351 0.026842
v -0.015834 0.028489 0.026954
v -0.011781 0.029451 0.022341
v -0.011764 0.028600 0.027079
v -0.006327 0.029454 0.022541
v -0.006313 0.028605 0.027247
v 0.012370 0.028057 0.026965
v 0.019659 0.026648 0.024529
v 0.021774 0.026702 0.020744
v 0.022392 0.025446 0.026294
v 0.023738 0.025838 0.021996
v 0.024405 0.024831 0.025882
v 0.028187 0.024426 0.020669
v 0.027947 0.023815 0.024115
v 0.028744 0.022946 0.026296
v 0.031368 0.023188 0.019887
v 0.030962 0.022704 0.022964
v 0.030139 0.022307 0.026158
v 0.031499 0.021631 0.026039
v 0.033359 0.022299 0.019489
v 0.034062 0.021443 0.021590
v 0.033729 0.020829 0.024495
v 0.035590 0.021299 0.018668
v 0.036096 0.020454 0.020930
v 0.035822 0.019586 0.024372
v 0.028237 0.000039 0.029476
v 0.031038 0.000067 0.029049
v 0.020447 0.000076 0.031157
v -0.020766 0.000107 0.031946
v -0.014341 0.000094 0.032257
v -0.006609 0.000081 0.032323
v -0.039576 0.026237 0.018988
v -0.039123 0.025674 0.021561
v -0.036165 0.024476 0.028279
v -0.036631 0.025150 0.025898
v -0.036985 0.026824 0.019522
v -0.036044 0.026212 0.022997
v -0.034817 0.025437 0.026951
v -0.033648 0.027430 0.020467
v -0.034120 0.026695 0.023152
v -0.033237 0.025927 0.026956
v -0.031768 0.026688 0.025575
v -0.030072 0.028258 0.019903
v -0.029607 0.027632 0.023490
v -0.029266 0.026905 0.027048
v -0.027407 0.028673 0.020034
v -0.027078 0.027817 0.024808
v -0.038599 0.020396 0.031250
v -0.038809 0.020683 0.030980
v -0.039104 0.020290 0.030940
v -0.039530 0.020221 0.030601
v -0.039565 0.020687 0.030312
v -0.039895 0.020281 0.030188
v -0.040366 0.020539 0.029451
v -0.040293 0.020869 0.029305
v -0.032931 0.000088 0.028812
v -0.030891 0.000048 0.028705
v -0.027809 0.000048 0.030448
v -0.026229 0.000023 0.029844
v 0.048575 0.012373 0.017951
v 0.046755 0.010675 0.024003
v 0.049011 0.011934 0.018002
v 0.048719 0.011520 0.019427
v 0.048120 0.011081 0.021290
v 0.046925 0.010402 0.024057
v 0.042161 0.000072 0.025875
v 0.042603 0.000027 0.024912
v 0.043092 0.000096 0.025143
v 0.050068 0.009939 0.017831
v 0.049652 0.009607 0.019413
v 0.049216 0.009159 0.020962
v 0.048836 0.009133 0.021587
v 0.047966 0.008466 0.023804
v 0.047380 0.008132 0.024912
v 0.043128 0.000327 0.025812
v 0.043549 0.000507 0.025478
v -0.048375 0.024328 0.002146
v -0.048080 0.024221 0.005208
v -0.047148 0.023882 0.010098
v -0.047643 0.024016 0.006367
v -0.045399 0.023190 0.015402
v -0.045668 0.023316 0.013263
v 0.028013 0.020390 -0.030897
v 0.030627 0.019068 -0.030265
v 0.032935 0.017625 -0.029550
v 0.029810 0.019226 -0.030230
v 0.031775 0.017951 -0.029600
v -0.038865 0.000443 0.023563
v -0.041161 0.000655 0.019783
v -0.038784 0.000647 0.024470
v -0.042142 0.000959 0.018395
v -0.040744 0.000946 0.021403
v -0.039105 0.000933 0.024527
v -0.041823 0.001471 0.020090
v -0.040413 0.001446 0.022896
v 0.002640 0.026957 -0.034128
v 0.002624 0.027043 -0.033981
v 0.002037 0.027264 -0.033232
v -0.002445 0.027352 -0.033325
v 0.005341 0.027167 -0.033119
v 0.007906 0.026861 -0.033761
v 0.007774 0.027073 -0.033028
v 0.013457 0.026375 -0.033594
v 0.013483 0.026678 -0.032673
v 0.045128 0.003082 -0.027622
v 0.044627 0.002096 -0.026818
v 0.045276 0.002809 -0.026938
v 0.045753 0.003572 -0.027248
v -0.045290 0.007445 -0.019549
v -0.045902 0.009299 -0.019799
v -0.046262 0.010633 -0.019940
v -0.043541 0.004994 -0.020797
v -0.043681 0.007250 -0.022772
v -0.044258 0.009050 -0.023058
v -0.044599 0.010345 -0.023220
v -0.042047 0.004743 -0.023526
v -0.041347 0.005846 -0.025893
v -0.041929 0.007505 -0.026243
v -0.042306 0.008733 -0.026460
v -0.042629 0.009981 -0.026637
v -0.040104 0.003671 -0.025973
v 0.026712 0.022355 -0.032187
v 0.025977 0.022849 -0.031778
v 0.027768 0.022022 -0.031695
v 0.029895 0.020815 -0.031606
v 0.029035 0.021430 -0.031448
v 0.030287 0.020801 -0.031180
v 0.033109 0.019022 -0.030777
v 0.031811 0.019876 -0.031011
v 0.031759 0.020164 -0.030374
v 0.032746 0.019428 -0.030594
v 0.034163 0.018552 -0.030218
v 0.019503 0.024846 -0.033086
v 0.019429 0.025077 -0.032385
v 0.022226 0.024006 -0.032848
v 0.021852 0.024289 -0.032418
v 0.023772 0.023693 -0.031999
v 0.012436 0.026576 -0.033636
v 0.012285 0.026721 -0.033319
v 0.012002 0.026969 -0.032377
v -0.021035 0.026685 -0.033755
v -0.020934 0.026905 -0.033013
v -0.018350 0.026824 -0.034044
v -0.018315 0.027022 -0.033499
v -0.015599 0.026985 -0.034136
v -0.015598 0.027234 -0.033269
v -0.012817 0.027115 -0.034105
v -0.012825 0.027325 -0.033323
v -0.009039 0.027131 -0.034254
v -0.008951 0.027378 -0.033400
v -0.004165 0.027887 -0.030815
v 0.034729 0.000005 -0.018814
v -0.035159 0.023640 -0.031263
v -0.035556 0.023708 -0.030786
v -0.034144 0.024092 -0.031490
v -0.032880 0.024505 -0.031840
v -0.031408 0.024937 -0.032188
v -0.029730 0.025370 -0.032529
v -0.027998 0.025631 -0.033043
v -0.027834 0.025847 -0.032655
v -0.025869 0.026021 -0.033372
v -0.025754 0.026228 -0.032930
v -0.045972 0.022767 -0.018831
v -0.045801 0.023272 -0.018705
v -0.045200 0.022449 -0.020580
v -0.044703 0.022805 -0.021179
v -0.044418 0.022122 -0.022223
v -0.043336 0.021664 -0.024342
v -0.043204 0.022153 -0.024172
v -0.041959 0.021442 -0.026589
v -0.030829 0.000050 -0.029277
v 0.044596 0.009822 -0.027604
v 0.045133 0.009378 -0.027373
v 0.045304 0.009444 -0.027171
v 0.045136 0.009245 -0.027374
v 0.045409 0.009302 -0.027061
v 0.045632 0.007202 -0.028006
v 0.045879 0.007118 -0.027840
v 0.045857 0.007220 -0.027712
v 0.045803 0.000067 -0.019047
v 0.044450 0.000042 -0.021928
v 0.046484 0.000065 -0.016520
v 0.044388 0.008555 -0.026034
v 0.044211 0.008470 -0.026171
v 0.044061 0.008319 -0.025966
v -0.034295 0.000242 -0.029187
v -0.035436 0.000305 -0.028603
v -0.036650 0.000292 -0.026760
v -0.035105 0.000504 -0.029152
v -0.035725 0.000503 -0.028783
v -0.036278 0.000429 -0.028125
v -0.036527 0.000711 -0.028384
v -0.037034 0.000627 -0.027509
v -0.035610 0.001015 -0.029305
v -0.036248 0.001004 -0.028919
v -0.037335 0.000903 -0.027562
v -0.037220 0.001408 -0.028360
v -0.037642 0.001395 -0.027745
v 0.044949 0.000497 -0.022820
v 0.047284 0.000681 -0.016930
v 0.046711 0.000652 -0.018909
v 0.045835 0.000619 -0.021178
v 0.040345 0.010600 -0.028141
v 0.038432 0.012292 -0.028715
v 0.036250 0.014095 -0.029374
v 0.040015 0.010657 -0.027869
v 0.037159 0.013119 -0.028733
v 0.037802 0.015733 -0.029475
v 0.036894 0.016667 -0.029467
v 0.038485 0.015392 -0.029104
v 0.040328 0.013653 -0.028780
v 0.041000 0.013269 -0.028457
v 0.040569 0.013790 -0.028380
v 0.042567 0.000040 0.025428
v 0.039711 0.018830 0.018513
v 0.038887 0.018746 0.020718
v 0.040521 0.017315 0.021540
v 0.040070 0.017031 0.023132
v 0.039638 0.016487 0.025129
v 0.041729 0.017301 0.018999
v 0.043896 0.015338 0.019988
v 0.043424 0.015089 0.021515
v 0.042428 0.015144 0.023148
v 0.041056 0.015000 0.025666
v 0.045104 0.014980 0.018360
v 0.044255 0.013678 0.022962
v 0.041448 0.018626 -0.014251
v 0.041552 0.019131 -0.010384
v 0.041600 0.019442 -0.006868
v 0.044424 0.016390 -0.015045
v 0.044785 0.016498 -0.013153
v 0.044794 0.016787 -0.011298
v 0.045084 0.016811 -0.009534
v 0.044943 0.017166 -0.006905
v 0.043934 0.001878 0.027227
v 0.044628 0.002966 0.027872
v 0.043597 0.001981 0.027426
v 0.044415 0.003258 0.028114
v 0.043690 0.002707 0.027928
v 0.044783 0.003655 0.028250
v 0.040263 0.002838 -0.028742
v 0.038634 0.003742 -0.029625
v 0.041541 0.005239 -0.029600
v 0.041793 0.003832 -0.028950
v 0.040716 0.004834 -0.029639
v 0.038798 0.021181 0.006880
v 0.038790 0.020848 0.010461
v 0.040219 0.019437 0.014190
v 0.041620 0.019427 0.006891
v 0.041610 0.019085 0.010452
v 0.043847 0.017157 0.013240
v 0.043792 0.016852 0.015031
v 0.044909 0.017304 0.004732
v 0.044978 0.017140 0.006927
v 0.044955 0.016902 0.009524
v 0.044916 0.016693 0.011347
v 0.038329 0.017387 -0.025444
v 0.038368 0.018069 -0.023716
v 0.039087 0.018486 -0.021126
v 0.041032 0.016104 -0.023537
v 0.041667 0.016723 -0.020850
v 0.042788 0.016651 -0.018622
v 0.043146 0.014017 -0.024110
v 0.043507 0.014416 -0.022765
v 0.043742 0.014800 -0.021553
v 0.044120 0.015102 -0.020118
v 0.037784 0.013837 -0.030679
v 0.038708 0.013259 -0.030291
v 0.041243 0.010879 -0.029650
v 0.041136 0.011161 -0.029573
v 0.042402 0.010021 -0.029150
v 0.042243 0.000056 -0.025744
v 0.037726 0.016070 0.029206
v 0.038575 0.015204 0.029204
v 0.039534 0.014715 0.028584
v 0.041282 0.013035 0.028373
v 0.040532 0.013480 0.028724
v 0.045420 0.007290 0.028186
v 0.044754 0.007849 0.028435
v 0.042835 0.000326 -0.026104
v 0.042096 0.000253 -0.026282
v 0.042456 0.000436 -0.026388
v 0.042766 0.000634 -0.026489
v 0.043347 0.001375 -0.026984
v -0.017071 0.024754 -0.033937
v -0.012180 0.024927 -0.034091
v -0.006413 0.024790 -0.033792
v -0.011609 0.024770 -0.033770
v -0.017021 0.024593 -0.033610
v -0.020564 0.024292 -0.033250
v -0.046474 0.025008 0.009289
v -0.047235 0.025277 0.005180
v -0.047525 0.025379 0.002142
v -0.045521 0.024660 0.012804
v -0.045699 0.024549 0.011336
v -0.046644 0.024884 0.007319
v -0.047040 0.024924 0.004103
v -0.047218 0.024984 0.002012
v 0.036750 0.000620 0.028205
v 0.040441 0.001167 0.027588
v -0.048735 0.005389 -0.002183
v -0.049872 0.007962 -0.002227
v -0.050847 0.010793 -0.002262
v -0.048544 0.005376 -0.004361
v -0.049674 0.007941 -0.004450
v -0.050643 0.010764 -0.004525
v -0.048238 0.005354 -0.006517
v -0.049358 0.007908 -0.006651
v -0.050318 0.010718 -0.006765
v -0.047831 0.005325 -0.008640
v -0.048935 0.007863 -0.008818
v -0.049884 0.010654 -0.008970
v -0.047332 0.005289 -0.010719
v -0.048418 0.007806 -0.010940
v -0.048823 0.009718 -0.012101
v -0.049215 0.011119 -0.012189
v -0.046753 0.005246 -0.012743
v -0.047818 0.007740 -0.013006
v -0.046107 0.005197 -0.014702
v -0.047148 0.007664 -0.015004
v 0.017741 0.027576 -0.000371
v 0.022639 0.026092 -0.000406
v 0.021620 0.026331 -0.000259
v -0.025241 0.024156 0.032096
v -0.027277 0.023775 0.031774
v -0.029116 0.023357 0.031419
v -0.031433 0.022859 0.030865
v -0.033946 0.022046 0.030131
v -0.031429 0.022602 0.030946
v -0.033916 0.021790 0.030218
v -0.025233 0.023790 0.032383
v -0.027282 0.023398 0.032055
v -0.029136 0.022968 0.031693
v -0.031460 0.022380 0.031097
v -0.033925 0.021568 0.030374
v -0.037572 0.021090 -0.028432
v -0.036978 0.021144 -0.028920
v -0.037575 0.020805 -0.028481
v -0.036978 0.020849 -0.028970
v -0.037357 0.020592 -0.028816
v -0.036783 0.020479 -0.029429
v 0.043581 0.007944 -0.026105
v 0.043871 0.006971 -0.026328
v 0.043814 0.007089 -0.026257
v 0.043771 0.007151 0.026247
v 0.043864 0.006964 0.026345
v 0.028068 0.019712 0.030510
v 0.030053 0.018415 0.030035
v 0.027623 0.019663 0.030651
v 0.025784 0.020360 0.031090
v 0.032408 0.016770 0.029493
v 0.030048 0.018185 0.030166
v 0.027614 0.019441 0.030787
v 0.031270 0.017317 0.030021
v 0.028868 0.018663 0.030677
v 0.026391 0.019850 0.031260
v 0.000658 0.025042 0.032885
v 0.000710 0.024827 0.033025
v 0.000673 0.024682 0.033226
v -0.011479 0.025258 0.032939
v -0.020692 0.024724 0.032582
v -0.006204 0.025152 0.032994
v -0.015508 0.024921 0.032923
v -0.018140 0.024792 0.032808
v -0.011436 0.025029 0.033039
v -0.006193 0.024942 0.033133
v -0.011442 0.024847 0.033212
v -0.020559 0.024382 0.032884
v -0.006251 0.024795 0.033333
v -0.015316 0.024679 0.033218
v -0.017987 0.024549 0.033102
v -0.011516 0.024764 0.033364
v -0.040897 0.022293 0.022764
v -0.042322 0.022986 0.019921
v -0.043345 0.023202 0.017652
v -0.042309 0.022795 0.019969
v -0.040961 0.022032 0.022791
v -0.042415 0.022543 0.019982
v -0.041094 0.021804 0.022861
v -0.042121 0.022222 0.020861
v -0.043368 0.022600 0.018471
v -0.033934 0.022048 -0.030135
v -0.031419 0.022860 -0.030869
v -0.029098 0.023357 -0.031423
v -0.027259 0.023774 -0.031778
v -0.033894 0.021794 -0.030227
v -0.031406 0.022604 -0.030954
v -0.025200 0.024036 -0.032174
v -0.033897 0.021575 -0.030386
v -0.031436 0.022384 -0.031108
v -0.029114 0.022971 -0.031703
v -0.027261 0.023399 -0.032064
v -0.025213 0.023790 -0.032391
v -0.020678 0.024723 -0.032584
v -0.015534 0.025037 -0.032861
v -0.011484 0.025257 -0.032939
v -0.018125 0.024790 -0.032810
v -0.006202 0.025152 -0.032994
v -0.011444 0.025028 -0.033039
v -0.006194 0.024942 -0.033133
v -0.020540 0.024382 -0.032889
v -0.015295 0.024702 -0.033169
v -0.011432 0.024846 -0.033213
v -0.017970 0.024548 -0.033105
v -0.006243 0.024795 -0.033333
v -0.011499 0.024764 -0.033365
v 0.020930 0.022492 -0.031713
v 0.021325 0.022121 -0.031716
v 0.018843 0.022661 -0.032088
v 0.021310 0.021909 -0.031856
v 0.018853 0.022510 -0.032288
v 0.021321 0.021757 -0.032055
v -0.044711 0.023719 0.014113
v -0.045323 0.023943 0.012231
v -0.045872 0.024140 0.010286
v -0.046348 0.024308 0.008290
v -0.046737 0.024444 0.006253
v -0.047029 0.024544 0.004185
v -0.047213 0.024606 0.002096
v -0.044962 0.023316 0.014163
v -0.045581 0.023546 0.012274
v -0.046136 0.023748 0.010326
v -0.046615 0.023919 0.008326
v -0.047008 0.024058 0.006287
v -0.047303 0.024160 0.004217
v -0.047489 0.024224 0.002126
v -0.047213 0.024606 -0.002095
v -0.047029 0.024545 -0.004183
v -0.046737 0.024445 -0.006249
v -0.045888 0.024085 -0.010276
v -0.045339 0.023888 -0.012217
v -0.044728 0.023665 -0.014097
v -0.046428 0.024129 -0.008288
v -0.047488 0.024224 -0.002124
v -0.047302 0.024161 -0.004213
v -0.047008 0.024059 -0.006281
v -0.046191 0.023721 -0.010317
v -0.045636 0.023520 -0.012265
v -0.045017 0.023290 -0.014153
v -0.046724 0.023869 -0.008318
v 0.046063 0.009263 -0.021456
v 0.046916 0.009823 -0.019216
v 0.047469 0.010220 -0.017266
v 0.045243 0.008336 -0.023301
v 0.046089 0.008960 -0.021477
v 0.046757 0.009217 -0.019904
v 0.047181 0.009509 -0.018638
v 0.047568 0.009792 -0.017251
v 0.046192 0.008676 -0.021537
v 0.048575 0.011702 0.000132
v 0.048681 0.011590 0.000013
v 0.048846 0.011460 0.000023
v 0.048542 0.011510 0.007758
v 0.048154 0.010806 0.013449
v 0.048569 0.011353 0.006726
v 0.048442 0.011121 0.010007
v 0.048305 0.010657 0.012439
v 0.048158 0.010305 0.014130
v 0.048518 0.010860 0.010017
v 0.048580 0.010617 0.010710
v 0.048793 0.010769 0.008368
v 0.048519 0.010403 0.012103
v 0.012461 0.024515 0.032362
v 0.012685 0.024308 0.032458
v 0.012726 0.024150 0.032655
v 0.012439 0.024696 -0.032294
v 0.012460 0.024515 -0.032362
v 0.011897 0.024404 -0.032499
v 0.011917 0.024252 -0.032700
v 0.029151 0.019036 -0.030245
v 0.026382 0.020230 -0.030926
v 0.031643 0.017637 -0.029560
v 0.028857 0.018934 -0.030404
v 0.031258 0.017600 -0.029752
v 0.026374 0.020011 -0.031062
v 0.028862 0.018733 -0.030571
v 0.031267 0.017389 -0.029914
v 0.026399 0.019847 -0.031257
v 0.028898 0.018630 -0.030720
v 0.031303 0.017280 -0.030061
v 0.038076 0.012804 0.027683
v 0.039972 0.010898 0.027220
v 0.036915 0.013477 0.028143
v 0.038335 0.012190 0.027804
v 0.039337 0.011239 0.027603
v 0.036374 0.013738 0.028494
v 0.047691 0.012685 -0.000489
v 0.048138 0.012288 -0.000588
v 0.048314 0.012035 -0.000157
v 0.048281 0.012210 -0.000899
v 0.048057 0.010710 -0.014146
v 0.048562 0.011617 -0.004717
v 0.048326 0.010944 -0.011719
v 0.048537 0.011210 -0.008216
v 0.048163 0.010302 -0.014112
v 0.048673 0.011328 -0.004389
v 0.048401 0.010677 -0.011723
v 0.048636 0.010962 -0.008276
v 0.048490 0.010362 -0.012404
v 0.048722 0.010603 -0.010002
v 0.048872 0.010997 -0.005750
v 0.047507 0.012803 0.000429
v 0.048190 0.012208 0.000531
v 0.048521 0.011785 0.001469
v 0.016938 0.027822 0.000355
v 0.021487 0.026373 0.000256
v 0.022657 0.026086 0.000406
v 0.022640 0.021861 0.031517
v 0.017068 0.023494 0.032042
v 0.021323 0.022121 0.031716
v 0.019510 0.022746 0.031865
v 0.016626 0.023377 0.032164
v 0.021306 0.021910 0.031857
v 0.018840 0.022661 0.032089
v 0.016598 0.023201 0.032337
v 0.021316 0.021758 0.032057
v 0.018849 0.022511 0.032289
v 0.006960 0.024958 -0.032605
v 0.006951 0.024730 -0.032703
v 0.007094 0.024539 -0.032869
v 0.007072 0.024457 -0.033031
v 0.011898 0.024404 0.032499
v 0.012097 0.024241 0.032692
v -0.036978 0.021144 0.028920
v -0.037572 0.021090 0.028432
v -0.038123 0.021136 0.027680
v -0.037462 0.020861 0.028568
v -0.036978 0.020850 0.028969
v -0.037959 0.020781 0.028052
v -0.037358 0.020592 0.028815
v -0.037977 0.020503 0.028281
v 0.047465 0.010091 0.017270
v 0.046912 0.009824 0.019229
v 0.046056 0.009262 0.021472
v 0.045242 0.008743 0.023201
v 0.047174 0.009511 0.018655
v 0.046518 0.009244 0.020432
v 0.045562 0.008655 0.022618
v 0.045224 0.008255 0.023394
v 0.047685 0.009617 0.017286
v 0.046821 0.009096 0.019948
v 0.046182 0.008675 0.021555
v 0.045324 0.007967 0.023530
v 0.043835 0.007839 -0.025882
v 0.043826 0.007509 -0.025943
v -0.043335 0.023203 -0.017674
v -0.042293 0.022856 -0.019988
v -0.040879 0.022289 -0.022797
v -0.039688 0.021799 -0.024967
v -0.042367 0.022604 -0.020006
v -0.040939 0.022028 -0.022828
v -0.039721 0.021524 -0.025034
v -0.043498 0.022916 -0.017656
v -0.041779 0.022089 -0.021544
v -0.039965 0.021345 -0.024906
v -0.043352 0.022648 -0.018379
v 0.038005 0.019250 0.000298
v 0.040148 0.017909 0.000260
v 0.040443 0.017764 0.000370
v 0.042725 0.016170 0.000264
v 0.043166 0.015970 0.000414
v 0.044651 0.014796 0.000269
v 0.038005 0.019249 -0.000297
v 0.039702 0.018197 -0.000298
v 0.040341 0.017906 -0.000438
v 0.041009 0.017338 -0.000261
v 0.043632 0.015636 -0.000414
v 0.042720 0.016173 -0.000261
v 0.044714 0.014748 -0.000260
v 0.043575 0.007624 0.026162
v 0.041889 0.009482 -0.026564
v 0.035890 0.014419 -0.028379
v 0.038761 0.012076 -0.027523
v 0.036013 0.014048 -0.028548
v 0.039633 0.011126 -0.027369
v 0.038046 0.012357 -0.027987
v 0.040525 0.010178 -0.027244
v 0.016658 0.028546 0.000528
v 0.019338 0.027739 0.000568
v 0.024896 0.025846 0.000570
v 0.044407 0.006813 -0.026854
v 0.044611 0.006878 -0.026598
v 0.044232 0.006806 -0.026476
v 0.018628 0.027819 -0.000554
v 0.049042 0.010083 -0.013607
v 0.049264 0.010705 -0.008056
v 0.048806 0.010106 -0.013195
v 0.048903 0.012248 0.004921
v 0.048878 0.011968 0.008103
v 0.048691 0.011617 0.011684
v 0.048644 0.011830 0.006432
v 0.048543 0.011522 0.009958
v -0.038131 0.021743 -0.028488
v -0.036442 0.022009 -0.029655
v -0.037831 0.021388 -0.028232
v -0.037555 0.021419 -0.028610
v -0.037202 0.021445 -0.028893
v -0.036639 0.021646 -0.029283
v 0.037419 0.014448 -0.028318
v 0.039429 0.012771 -0.027737
v 0.036143 0.015079 -0.028397
v 0.039100 0.012679 -0.027535
v 0.014654 0.029099 -0.000419
v 0.014015 0.029486 -0.000312
v 0.013752 0.029605 -0.000175
v 0.014142 0.029075 -0.000303
v 0.013744 0.029393 -0.000110
v 0.013856 0.029222 -0.000181
v 0.015049 0.028653 -0.000398
v 0.014065 0.028995 -0.000169
v 0.014920 0.028559 -0.000306
v 0.014364 0.028788 -0.000200
v -0.044138 0.022702 -0.018783
v -0.042298 0.021941 -0.021585
v 0.012700 0.025123 0.032404
v 0.012428 0.024991 0.032319
v 0.044179 0.006925 -0.026994
v 0.043880 0.006972 -0.026759
v 0.042771 0.008072 -0.027066
v 0.012987 0.025318 -0.032620
v 0.012953 0.025035 -0.032374
v 0.018198 0.022905 0.033139
v 0.023125 0.021372 0.032653
v 0.021443 0.021726 0.032503
v 0.029827 0.019216 0.030225
v 0.031800 0.017925 0.029587
v 0.027075 0.020395 0.030796
v 0.044008 0.008801 0.026618
v 0.043929 0.008593 0.026391
v 0.043774 0.008429 0.026226
v 0.021489 0.021915 -0.032849
v 0.021433 0.021729 -0.032505
v 0.018046 0.022754 -0.032815
v -0.043260 0.023803 -0.018927
v -0.041373 0.023012 -0.022709
v -0.043201 0.023643 -0.018417
v -0.041118 0.022789 -0.022732
v -0.033271 0.022943 -0.030621
v -0.028181 0.024319 -0.031842
v -0.032447 0.022938 -0.030671
v 0.037178 0.013101 0.028723
v 0.039209 0.011325 0.028029
v 0.041006 0.009740 0.027574
v 0.021600 0.022634 0.031768
v 0.017045 0.023960 0.032146
v -0.037369 0.020460 -0.029966
v -0.038551 0.020362 -0.029016
v -0.038890 0.020447 -0.028489
v -0.037064 0.020352 -0.029659
v -0.037577 0.020261 -0.029440
v -0.038108 0.020230 -0.029015
v -0.038670 0.020369 -0.028218
v 0.026782 0.019899 0.032002
v 0.026594 0.019774 0.031686
v 0.029075 0.018572 0.031097
v 0.031486 0.017205 0.030434
v 0.033232 0.016074 0.029917
v 0.013004 0.024285 0.033448
v 0.012929 0.024105 0.033104
v 0.011485 0.025483 -0.032702
v 0.012368 0.025441 -0.032669
v 0.012204 0.025165 -0.032412
v 0.012430 0.024991 -0.032319
v -0.031604 0.022355 -0.031882
v -0.026374 0.023540 -0.032722
v -0.030152 0.022629 -0.031903
v -0.032890 0.021788 -0.031132
v 0.000478 0.024685 -0.033687
v -0.013523 0.025782 -0.033108
v -0.016965 0.025425 -0.032830
v 0.006769 0.025411 0.032718
v 0.000689 0.025539 0.032906
v 0.041454 0.010916 -0.027099
v 0.043917 0.008597 -0.026392
v 0.043772 0.008433 -0.026229
v 0.012090 0.025454 0.032669
v 0.012207 0.026320 0.033661
v 0.044977 0.009188 -0.027396
v 0.044544 0.009410 -0.027469
v 0.044305 0.009243 -0.027227
v 0.044750 0.008965 -0.027148
v 0.000738 0.026831 0.034230
v 0.003521 0.026593 0.034044
v -0.011442 0.026899 -0.034327
v -0.016383 0.026644 -0.034148
v -0.006931 0.026841 -0.034304
v -0.016777 0.026351 -0.033844
v -0.009605 0.026510 -0.033969
v 0.012777 0.026391 -0.033676
v 0.012209 0.026321 -0.033662
v 0.011844 0.026091 -0.033456
v 0.012587 0.026043 -0.033426
v 0.018233 0.024862 0.033316
v 0.018486 0.024523 0.033068
v -0.033459 0.024031 -0.031831
v -0.030529 0.024870 -0.032588
v -0.034722 0.023326 -0.031207
v -0.028654 0.025194 -0.032906
v -0.028011 0.025141 -0.032830
v -0.043030 0.025136 -0.018770
v -0.042155 0.024630 -0.021261
v -0.041014 0.024068 -0.023888
v -0.042893 0.024435 -0.020742
v -0.041240 0.023674 -0.024323
v -0.043135 0.024265 -0.020668
v -0.041413 0.023514 -0.024258
v -0.043974 0.024432 -0.018920
v -0.042581 0.023852 -0.021986
v -0.041040 0.023192 -0.025001
v -0.042158 0.023568 -0.022764
v 0.045016 0.009133 0.027356
v 0.044543 0.009402 0.027462
v 0.044675 0.008934 0.027087
v 0.044322 0.009229 0.027222
v 0.033147 0.018666 0.030700
v 0.030014 0.020438 0.031533
v 0.025549 0.022535 0.032529
v 0.032246 0.018905 0.030688
v 0.029796 0.020268 0.031338
v 0.027297 0.021468 0.031918
v 0.013251 0.025916 -0.033388
v 0.012801 0.026385 0.033675
v 0.013061 0.026241 0.033628
v 0.013123 0.025847 0.033282
v 0.014060 0.030765 -0.001687
v 0.013909 0.030848 -0.000946
v 0.014240 0.030552 -0.000962
v 0.014033 0.030626 -0.000713
v 0.013932 0.030680 -0.000409
v 0.014216 0.030388 -0.000591
v 0.013912 0.030331 -0.000194
v 0.014458 0.030175 -0.000518
v 0.014026 0.030358 -0.000378
v 0.014808 0.029846 -0.000457
v 0.014133 0.030049 -0.000334
v 0.013933 0.030106 -0.000236
v 0.038134 0.015066 -0.029273
v 0.040952 0.012691 -0.028479
v 0.036775 0.015784 -0.029364
v 0.038921 0.014058 -0.028749
v 0.041313 0.012010 -0.028091
v -0.037411 0.023025 -0.029987
v -0.037568 0.022723 -0.030142
v -0.037003 0.022765 -0.030495
v -0.037889 0.022525 -0.029947
v -0.038656 0.022317 -0.029154
v -0.038321 0.022298 -0.029534
v -0.037940 0.022338 -0.029850
v -0.037551 0.022353 -0.030037
v -0.036968 0.022504 -0.030296
v -0.039061 0.022358 -0.028524
v -0.038638 0.022116 -0.028925
v -0.038314 0.022101 -0.029303
v -0.037934 0.022134 -0.029614
v 0.050058 0.012905 0.007078
v 0.049995 0.012571 0.010271
v 0.049728 0.012142 0.013812
v 0.049794 0.012890 0.004948
v 0.049829 0.012732 0.006569
v 0.049771 0.012444 0.009257
v 0.049556 0.012039 0.012907
v 0.023597 0.027959 -0.002898
v 0.019869 0.029080 -0.002521
v 0.022975 0.028089 -0.001853
v 0.019454 0.029089 -0.001450
v 0.022942 0.028010 -0.001340
v 0.022906 0.027903 -0.000994
v 0.015299 0.030086 -0.000858
v 0.022148 0.028007 -0.000783
v 0.025468 0.026702 -0.000637
v 0.016591 0.029448 -0.000615
v 0.034174 0.023741 -0.002327
v 0.031080 0.025147 -0.002327
v 0.027978 0.026397 -0.002327
v 0.019295 0.029140 0.001476
v 0.022988 0.028085 0.001855
v 0.022958 0.028005 0.001341
v 0.022923 0.027898 0.000995
v 0.022206 0.027990 0.000784
v 0.022573 0.027713 0.000670
v -0.046250 0.026520 0.006552
v -0.046524 0.026629 0.004381
v -0.046698 0.026697 0.002187
v -0.045011 0.025489 0.014726
v -0.045592 0.025729 0.012767
v -0.046115 0.025941 0.010740
v -0.046570 0.026122 0.008656
v -0.047374 0.026065 0.006500
v -0.047661 0.026173 0.004344
v -0.047841 0.026240 0.002165
v -0.045746 0.025353 0.013775
v -0.046836 0.025778 0.009713
v -0.045911 0.025214 0.013651
v -0.047001 0.025632 0.009627
v -0.047599 0.025856 0.006504
v -0.047892 0.025964 0.004355
v -0.048076 0.026031 0.002183
v -0.046540 0.025327 0.011492
v -0.047476 0.025676 0.007372
v -0.047918 0.025796 0.004229
v -0.048097 0.025860 0.002072
v 0.045228 0.009029 -0.027096
v 0.045474 0.009110 -0.026611
v 0.044987 0.008829 -0.026777
v 0.045350 0.009015 -0.026182
v 0.026838 0.021997 -0.032287
v 0.030067 0.020408 -0.031519
v 0.033162 0.018655 -0.030695
v 0.027242 0.021473 -0.031910
v 0.029756 0.020268 -0.031328
v 0.032211 0.018900 -0.030672
v 0.048490 0.011056 0.019789
v 0.047323 0.010272 0.023001
v 0.047372 0.010289 0.022328
v 0.045363 0.009023 0.026160
v -0.011428 0.026899 0.034327
v -0.006864 0.026841 0.034303
v -0.016718 0.026632 0.034137
v -0.009502 0.026567 0.034040
v -0.016905 0.026327 0.033818
v 0.014019 0.030705 0.000862
v 0.014220 0.030655 0.001432
v 0.013941 0.030693 0.000472
v 0.014205 0.030466 0.000687
v 0.013954 0.030437 0.000318
v 0.014430 0.030191 0.000518
v 0.013888 0.030319 0.000151
v 0.013969 0.030116 0.000264
v 0.014154 0.030212 0.000391
v 0.021874 0.023858 -0.033035
v 0.018202 0.024870 -0.033318
v 0.024331 0.022977 -0.032715
v 0.023439 0.022986 -0.032575
v -0.046712 0.026693 -0.002168
v -0.046552 0.026623 -0.004344
v -0.045037 0.025967 -0.012696
v -0.044496 0.025726 -0.014641
v -0.046965 0.026265 -0.006483
v -0.046601 0.026118 -0.008596
v -0.046158 0.025937 -0.010663
v -0.047844 0.026239 -0.002154
v -0.047667 0.026171 -0.004322
v -0.046024 0.025530 -0.012640
v -0.045438 0.025294 -0.014573
v -0.047592 0.025903 -0.006440
v -0.046852 0.025779 -0.009662
v -0.048076 0.026031 -0.002183
v -0.047892 0.025964 -0.004355
v -0.047209 0.025711 -0.008619
v -0.046506 0.025441 -0.011614
v -0.048097 0.025860 -0.002070
v -0.047816 0.025799 -0.005224
v -0.047233 0.025540 -0.008505
v -0.046553 0.025330 -0.011437
v 0.038133 0.015148 0.029329
v 0.038958 0.014058 0.028766
v 0.036811 0.015786 0.029381
v -0.037100 0.023028 0.030314
v -0.036987 0.022772 0.030504
v -0.037639 0.022649 0.030122
v -0.038186 0.022522 0.029669
v -0.038752 0.022654 0.028875
v -0.037557 0.022339 0.030023
v -0.037936 0.022341 0.029854
v -0.038316 0.022300 0.029539
v -0.038650 0.022318 0.029163
v -0.038994 0.022495 0.028651
v -0.039091 0.022368 0.028481
v -0.037934 0.022135 0.029616
v -0.038314 0.022101 0.029305
v -0.038637 0.022111 0.028919
v 0.007010 0.026644 -0.033995
v 0.006247 0.026492 -0.033917
v 0.050101 0.012824 -0.008754
v 0.050086 0.013100 -0.005985
v 0.049726 0.012139 -0.013853
v 0.049868 0.012486 -0.009582
v 0.049987 0.012833 -0.006969
v 0.049630 0.012138 -0.012181
v 0.049751 0.012799 -0.005432
v 0.044795 0.017369 -0.002576
v 0.041423 0.019624 -0.002096
v 0.038622 0.021367 -0.002329
v 0.044725 0.017344 -0.001861
v 0.038602 0.021270 -0.001481
v 0.044644 0.017289 -0.001347
v 0.041345 0.019527 -0.001343
v 0.044899 0.016955 -0.000999
v 0.041818 0.019085 -0.000998
v 0.038554 0.021029 -0.000843
v 0.042644 0.018384 -0.000786
v 0.042819 0.018086 -0.000673
v 0.038496 0.020739 -0.000638
v 0.045462 0.009102 0.026619
v 0.045192 0.008993 0.027052
v 0.044999 0.008838 0.026803
v -0.040066 0.023755 0.025622
v -0.043424 0.024878 0.018996
v -0.041007 0.023605 0.024740
v -0.042781 0.024412 0.020946
v -0.041250 0.023458 0.024565
v -0.043058 0.024244 0.020825
v -0.041422 0.023363 0.024299
v -0.043215 0.024122 0.020642
v -0.042079 0.023537 0.022926
v -0.043991 0.024293 0.018764
v 0.041422 0.019625 0.002096
v 0.044801 0.017365 0.002576
v 0.038602 0.021270 0.001481
v 0.044732 0.017339 0.001861
v 0.041344 0.019528 0.001343
v 0.044651 0.017284 0.001347
v 0.038554 0.021029 0.000843
v 0.041817 0.019086 0.000998
v 0.044904 0.016952 0.000999
v 0.042645 0.018383 0.000787
v 0.038496 0.020738 0.000638
v 0.042821 0.018086 0.000673
v 0.049950 0.013378 0.003706
v 0.049349 0.013876 0.001764
v 0.049637 0.013624 0.002153
v 0.049790 0.013472 0.002631
v 0.049818 0.013289 0.002967
v 0.048924 0.013919 0.001007
v 0.049234 0.013683 0.001215
v 0.049465 0.013500 0.001562
v 0.049627 0.013353 0.002070
v 0.049589 0.013101 0.002612
v 0.048312 0.014027 0.000689
v 0.048712 0.013720 0.000790
v 0.049020 0.013487 0.000998
v 0.049246 0.013308 0.001341
v 0.049402 0.013165 0.001855
v -0.030517 0.024870 0.032590
v -0.033465 0.024028 0.031829
v -0.028678 0.025189 0.032902
v -0.034615 0.023372 0.031250
v -0.027909 0.025165 0.032852
v 0.047818 0.010715 -0.022125
v 0.047370 0.010302 -0.022874
v 0.048497 0.011072 -0.019867
v 0.048745 0.011241 -0.018555
v 0.027979 0.026397 0.002327
v 0.031081 0.025147 0.002327
v 0.034174 0.023741 0.002327
v 0.049819 0.013555 -0.002945
v 0.049292 0.014065 -0.002631
v 0.049350 0.013876 -0.001766
v 0.048552 0.014484 -0.001524
v 0.049797 0.013268 -0.002900
v 0.049687 0.013395 -0.002193
v 0.049599 0.013601 -0.001989
v 0.049469 0.013500 -0.001571
v 0.049237 0.013683 -0.001220
v 0.048926 0.013919 -0.001009
v 0.048366 0.014428 -0.001011
v 0.048275 0.014326 -0.000799
v 0.049538 0.013064 -0.002601
v 0.049423 0.013183 -0.001867
v 0.049259 0.013321 -0.001349
v 0.049031 0.013497 -0.001005
v 0.048721 0.013727 -0.000796
v 0.048313 0.014028 -0.000689
v 0.001968 0.025564 -0.035184
v 0.003544 0.025490 -0.034928
v -0.026791 0.024351 -0.034113
v -0.030883 0.023406 -0.033351
v -0.033452 0.022609 -0.032561
v -0.028373 0.023868 -0.033498
v -0.031033 0.023250 -0.033010
v 0.013415 0.024907 0.034391
v 0.027195 0.020580 0.033072
v 0.029770 0.019330 0.032471
v 0.032262 0.017914 0.031797
v 0.027124 0.020428 0.032762
v 0.029589 0.019230 0.032190
v 0.032056 0.017827 0.031523
v -0.039438 0.020876 -0.030001
v -0.038217 0.021006 -0.030844
v -0.038690 0.020915 -0.030652
v -0.039122 0.020861 -0.030214
v -0.039954 0.021017 -0.029147
v -0.037378 0.021093 -0.030892
v -0.037977 0.020904 -0.030587
v -0.038477 0.020806 -0.030307
v -0.038879 0.020771 -0.029980
v -0.039223 0.020798 -0.029583
v -0.039556 0.020883 -0.029106
v 0.036922 0.014634 0.030421
v 0.038922 0.012884 0.029679
v 0.036681 0.014577 0.030159
v 0.021972 0.022581 -0.034003
v 0.018386 0.023661 -0.034329
v 0.021460 0.022679 -0.033831
v 0.018237 0.023654 -0.034148
v 0.018347 0.023428 -0.033821
v 0.019403 0.023365 0.034247
v 0.021944 0.022590 0.034004
v 0.020431 0.023009 0.033942
v 0.023424 0.021900 0.033388
v 0.044855 0.007411 -0.027890
v 0.044291 0.007866 -0.028005
v -0.044434 0.023005 -0.020871
v -0.042295 0.022086 -0.024827
v -0.044840 0.023195 -0.019208
v 0.050971 0.011959 0.001175
v 0.050757 0.011958 0.000536
v 0.050771 0.011059 -0.010825
v 0.050269 0.010663 -0.013203
v 0.045894 0.007349 -0.027256
v 0.045176 0.007108 -0.027385
v 0.045229 0.007187 -0.027704
v -0.006284 0.025680 -0.035231
v -0.011614 0.025647 -0.035211
v -0.017155 0.025452 -0.035047
v -0.020998 0.025160 -0.034800
v -0.009617 0.025573 -0.034953
v -0.014624 0.025423 -0.034799
v -0.019765 0.025147 -0.034573
v 0.012304 0.025148 0.034689
v 0.011967 0.024893 0.034100
v 0.002626 0.025545 0.035164
v 0.007881 0.025361 0.034942
v 0.036939 0.014623 -0.030420
v 0.039867 0.011865 -0.029179
v 0.037787 0.013655 -0.029800
v -0.048484 0.024645 0.009629
v -0.047355 0.024195 0.013756
v -0.049149 0.024929 0.005777
v -0.048304 0.024621 0.009626
v -0.049115 0.024906 0.002842
v -0.047964 0.024442 0.009640
v -0.046816 0.023991 0.013755
v -0.048744 0.024734 0.005409
v 0.048350 0.008965 -0.022086
v 0.048869 0.009436 -0.019836
v 0.047177 0.008263 -0.024190
v 0.032278 0.017906 -0.031796
v 0.029787 0.019323 -0.032470
v 0.027213 0.020573 -0.033071
v 0.033826 0.016658 -0.030982
v 0.032106 0.017788 -0.031496
v 0.029530 0.019251 -0.032190
v 0.027054 0.020451 -0.032764
v 0.045783 0.007330 0.027136
v 0.045201 0.007117 0.027404
v 0.045501 0.007242 0.026978
v -0.005294 0.025682 0.035334
v -0.020999 0.025160 0.034800
v -0.017150 0.025452 0.035047
v -0.011598 0.025647 0.035211
v -0.006187 0.025633 0.035072
v -0.019777 0.025154 0.034589
v -0.014699 0.025427 0.034809
v -0.010720 0.025535 0.034905
v -0.047353 0.024195 -0.013762
v -0.048484 0.024644 -0.009634
v -0.049148 0.024929 -0.005783
v -0.049566 0.025058 -0.002120
v -0.048311 0.024624 -0.009588
v -0.047756 0.024360 -0.010569
v -0.048757 0.024741 -0.005387
v -0.049114 0.024905 -0.002829
v 0.044866 0.007679 0.028251
v 0.044637 0.007606 0.027973
v 0.044998 0.007271 0.027792
v 0.013210 0.025012 -0.034646
v 0.013029 0.024810 -0.034106
v -0.044431 0.023003 0.020877
v -0.042435 0.022127 0.024829
v 0.050521 0.010656 0.013939
v 0.050874 0.011222 0.009449
v 0.050399 0.010771 0.012609
v 0.011600 0.025181 -0.034622
v 0.012208 0.025056 -0.034353
v 0.012165 0.024874 -0.034077
v 0.051026 0.011938 -0.001454
v 0.047802 0.008608 0.023279
v 0.048865 0.009407 0.020140
v -0.039437 0.020876 0.030002
v -0.038690 0.020915 0.030653
v -0.039122 0.020861 0.030214
v -0.038216 0.021006 0.030847
v -0.039232 0.020803 0.029596
v -0.038877 0.020770 0.029978
v -0.038477 0.020806 0.030309
v -0.037978 0.020907 0.030592
v -0.037366 0.021090 0.030884
v -0.030907 0.023400 0.033347
v -0.033513 0.022591 0.032547
v -0.026806 0.024348 0.034112
v -0.031114 0.023224 0.032982
v -0.028385 0.023866 0.033498
v 0.045251 0.005139 0.028598
v 0.044966 0.004770 0.028618
v 0.045111 0.006617 0.028620
v 0.044901 0.006172 0.028765
v 0.040774 0.006963 -0.030222
v 0.037897 0.009675 -0.031362
v 0.040365 0.009180 -0.030411
v 0.041190 0.009421 -0.030009
v 0.045836 0.004866 -0.028168
v 0.045874 0.005549 -0.028220
v 0.046053 0.006154 -0.027925
v 0.046152 0.005619 -0.027831
v 0.046132 0.004975 -0.027760
v -0.047075 0.016353 -0.019288
v -0.046789 0.019104 -0.019040
v -0.045851 0.013089 -0.021812
v -0.045917 0.014338 -0.021830
v -0.045906 0.015537 -0.021813
v -0.045834 0.016672 -0.021769
v -0.045995 0.018848 -0.020782
v -0.045197 0.018586 -0.022408
v -0.044203 0.012726 -0.024856
v -0.044273 0.013939 -0.024878
v -0.044258 0.015582 -0.024848
v -0.044077 0.017604 -0.024708
v -0.042593 0.012355 -0.027546
v -0.042672 0.013528 -0.027565
v -0.042682 0.015119 -0.027520
v -0.042547 0.017070 -0.027356
v 0.050190 0.005838 0.018846
v 0.050501 0.006666 0.018181
v 0.050505 0.007946 0.018123
v 0.050041 0.006461 0.019706
v 0.050054 0.007687 0.019659
v 0.049474 0.005781 0.021070
v 0.049565 0.006697 0.021110
v 0.049532 0.007750 0.021018
v 0.048801 0.005952 0.022853
v 0.049046 0.007154 0.022336
v 0.048527 0.006897 0.023477
v 0.047752 0.005551 0.024927
v 0.047823 0.006218 0.024886
v -0.038832 0.012012 0.032124
v -0.038907 0.013153 0.032157
v -0.038930 0.014713 0.032120
v -0.038972 0.017127 0.031782
v -0.039629 0.012398 0.031674
v -0.039659 0.014595 0.031662
v -0.039507 0.017027 0.031447
v -0.040191 0.011869 0.031108
v -0.040249 0.012955 0.031164
v -0.040099 0.014480 0.031302
v -0.039958 0.016923 0.031091
v -0.040488 0.014588 0.030879
v -0.040342 0.017021 0.030655
v -0.040874 0.011985 0.030240
v -0.040971 0.013617 0.030275
v -0.040919 0.015668 0.030175
v -0.040706 0.017524 0.030032
v 0.002765 0.014504 -0.037369
v 0.002896 0.020091 -0.036840
v 0.007034 0.015811 -0.037194
v 0.007277 0.017131 -0.037095
v 0.007269 0.018389 -0.036942
v 0.007284 0.019986 -0.036663
v 0.008123 0.014402 -0.037141
v 0.022302 0.012873 0.035835
v 0.022330 0.014100 0.035845
v 0.022354 0.015762 0.035738
v 0.022305 0.017810 0.035430
v 0.018561 0.013514 0.036327
v 0.018582 0.014809 0.036330
v 0.018590 0.016053 0.036252
v 0.018585 0.017233 0.036112
v 0.019720 0.018415 0.035745
v 0.017338 0.018935 0.035972
v 0.012939 0.016942 -0.036769
v 0.012933 0.018183 -0.036617
v 0.012872 0.020407 -0.036200
v 0.012981 0.014259 -0.036855
v -0.020109 0.014442 -0.037026
v -0.021294 0.015657 -0.036910
v -0.021317 0.017525 -0.036791
v -0.021172 0.020485 -0.036340
v -0.017530 0.015874 -0.037218
v -0.018601 0.017669 -0.037019
v -0.018445 0.020648 -0.036554
v -0.014517 0.014521 -0.037368
v -0.015801 0.017770 -0.037182
v -0.015632 0.020762 -0.036705
v -0.011820 0.015985 -0.037455
v -0.011887 0.017896 -0.037317
v -0.011750 0.020188 -0.036958
v -0.008912 0.014581 -0.037502
v -0.006266 0.015982 -0.037511
v -0.006425 0.017913 -0.037373
v -0.006268 0.020296 -0.036985
v 0.020873 0.019308 -0.035366
v 0.022301 0.012873 -0.035835
v 0.022363 0.014620 -0.035829
v 0.022334 0.016832 -0.035598
v 0.022792 0.018805 -0.035119
v 0.028096 0.011653 -0.034638
v 0.028150 0.012752 -0.034654
v 0.027611 0.014418 -0.034711
v 0.027570 0.016279 -0.034449
v 0.030183 0.013575 -0.033997
v 0.030143 0.015319 -0.033763
v 0.032216 0.010418 -0.033364
v 0.031345 0.011765 -0.033691
v 0.033336 0.011934 -0.033002
v 0.032641 0.013467 -0.033116
v 0.034340 0.010563 -0.032661
v 0.033772 0.014296 -0.032498
v -0.049007 0.013754 0.014386
v -0.049066 0.015071 0.014397
v -0.048629 0.016759 0.015439
v -0.048288 0.019571 0.015243
v -0.049321 0.016935 0.013386
v -0.048958 0.019773 0.013214
v -0.049995 0.014542 0.011288
v -0.049941 0.017089 0.011264
v -0.049559 0.019950 0.011117
v -0.050535 0.014653 0.009103
v -0.050476 0.017220 0.009083
v -0.050077 0.020100 0.008962
v -0.050977 0.014743 0.006871
v -0.050913 0.017325 0.006855
v -0.050501 0.020220 0.006761
v -0.051308 0.014808 0.004605
v -0.051241 0.017403 0.004593
v -0.050819 0.020307 0.004525
v -0.051516 0.014849 0.002314
v -0.051447 0.017450 0.002307
v -0.051019 0.020359 0.002265
v -0.051516 0.014849 -0.002314
v -0.051447 0.017450 -0.002307
v -0.051019 0.020359 -0.002265
v -0.051308 0.014808 -0.004605
v -0.051241 0.017403 -0.004593
v -0.050819 0.020307 -0.004525
v -0.050977 0.014743 -0.006872
v -0.050913 0.017325 -0.006855
v -0.050501 0.020220 -0.006761
v -0.050535 0.014653 -0.009103
v -0.050476 0.017220 -0.009083
v -0.050077 0.020100 -0.008962
v -0.049995 0.014543 -0.011288
v -0.049941 0.017089 -0.011264
v -0.049559 0.019950 -0.011117
v -0.049007 0.013754 -0.014386
v -0.049066 0.015071 -0.014397
v -0.049321 0.016935 -0.013386
v -0.048958 0.019773 -0.013214
v -0.048629 0.016759 -0.015439
v -0.048288 0.019571 -0.015243
v 0.033772 0.014296 0.032498
v 0.032641 0.013467 0.033116
v 0.031345 0.011765 0.033691
v 0.031195 0.015782 0.033265
v 0.030183 0.013575 0.033997
v 0.030143 0.015319 0.033763
v 0.028096 0.011653 0.034638
v 0.028150 0.012752 0.034654
v 0.027611 0.014418 0.034711
v 0.027570 0.016278 0.034449
v 0.012943 0.019333 0.036420
v 0.012927 0.020389 0.036200
v 0.012981 0.014259 0.036855
v 0.012914 0.015634 0.036859
v 0.012939 0.016942 0.036769
v 0.012933 0.018183 0.036617
v 0.007033 0.015811 0.037194
v 0.002765 0.014504 0.037369
v 0.000843 0.015923 0.037421
v 0.000834 0.017260 0.037334
v 0.000826 0.018526 0.037182
v 0.002896 0.020091 0.036840
v -0.006267 0.015982 0.037511
v -0.006426 0.017913 0.037373
v -0.006268 0.020296 0.036985
v -0.008912 0.014581 0.037502
v -0.011820 0.015985 0.037455
v -0.011887 0.017896 0.037317
v -0.011750 0.020188 0.036958
v -0.014517 0.014521 0.037368
v -0.017530 0.015874 0.037218
v -0.015801 0.017770 0.037182
v -0.015632 0.020762 0.036705
v -0.020109 0.014442 0.037026
v -0.018601 0.017669 0.037019
v -0.018445 0.020648 0.036554
v -0.021306 0.016248 0.036896
v -0.021309 0.018722 0.036636
v -0.021217 0.020949 0.036225
v -0.035732 0.018385 -0.033101
v -0.034539 0.012804 -0.033973
v -0.034606 0.014027 -0.033998
v -0.034627 0.015200 -0.033960
v -0.035769 0.016583 -0.033386
v -0.033080 0.017097 -0.034337
v -0.033779 0.018924 -0.033767
v -0.031298 0.013328 -0.035028
v -0.032337 0.014983 -0.034749
v -0.032169 0.019320 -0.034253
v -0.030513 0.015286 -0.035268
v -0.030500 0.017608 -0.035064
v -0.030363 0.019715 -0.034730
v -0.027275 0.013832 -0.036014
v -0.028495 0.015577 -0.035761
v -0.028487 0.017946 -0.035540
v -0.028363 0.020092 -0.035183
v -0.026286 0.015842 -0.036208
v -0.026282 0.018253 -0.035972
v -0.026173 0.020433 -0.035593
v -0.040873 0.011985 -0.030240
v -0.040971 0.013617 -0.030275
v -0.040919 0.015668 -0.030175
v -0.040191 0.011869 -0.031108
v -0.040249 0.012955 -0.031164
v -0.040488 0.014588 -0.030879
v -0.040342 0.017021 -0.030655
v -0.040099 0.014480 -0.031302
v -0.039958 0.016923 -0.031091
v -0.039629 0.012398 -0.031674
v -0.039659 0.014595 -0.031662
v -0.039507 0.017027 -0.031447
v -0.038832 0.012012 -0.032124
v -0.038907 0.013153 -0.032157
v -0.038930 0.014713 -0.032120
v -0.038972 0.017126 -0.031782
v 0.045111 0.006617 -0.028620
v 0.045608 0.005655 -0.028453
v 0.045287 0.004257 -0.028358
v 0.048801 0.005952 -0.022853
v 0.048527 0.006897 -0.023477
v 0.049046 0.007154 -0.022336
v 0.049474 0.005781 -0.021070
v 0.049565 0.006697 -0.021110
v 0.049532 0.007750 -0.021018
v 0.050041 0.006460 -0.019706
v 0.050054 0.007687 -0.019659
v 0.050501 0.006666 -0.018181
v 0.050505 0.007946 -0.018123
v -0.044203 0.012726 0.024856
v -0.044273 0.013939 0.024878
v -0.044258 0.015582 0.024848
v -0.044077 0.017604 0.024709
v -0.045851 0.013089 0.021812
v -0.045917 0.014338 0.021830
v -0.045906 0.015537 0.021813
v -0.045834 0.016673 0.021769
v -0.045197 0.018586 0.022408
v -0.045995 0.018848 0.020782
v -0.047075 0.016352 0.019288
v -0.046789 0.019104 0.019040
v -0.027275 0.013832 0.036014
v -0.026286 0.015842 0.036208
v -0.026282 0.018253 0.035972
v -0.026173 0.020433 0.035593
v -0.028495 0.015577 0.035761
v -0.028487 0.017946 0.035540
v -0.028363 0.020092 0.035183
v -0.031298 0.013328 0.035028
v -0.030513 0.015286 0.035268
v -0.030500 0.017608 0.035064
v -0.030363 0.019715 0.034730
v -0.032337 0.014983 0.034749
v -0.033081 0.017097 0.034337
v -0.032169 0.019320 0.034253
v -0.034539 0.012804 0.033973
v -0.034606 0.014027 0.033998
v -0.034627 0.015200 0.033960
v -0.033779 0.018924 0.033767
v -0.035769 0.016583 0.033386
v -0.035732 0.018385 0.033101
v 0.046136 0.004485 0.027484
v 0.046132 0.004974 0.027760
v 0.046152 0.005619 0.027831
v 0.046052 0.006154 0.027926
v 0.045689 0.004373 0.028132
v 0.045836 0.004866 0.028168
v 0.045874 0.005549 0.028220
v 0.040774 0.006963 0.030223
v 0.044851 0.005656 0.028780
v 0.037895 0.009675 0.031363
v 0.040364 0.009181 0.030412
v 0.037082 0.012344 0.031398
v 0.051158 0.006500 -0.014730
v 0.051243 0.007551 -0.014739
v 0.051187 0.008488 -0.014663
v 0.051409 0.006646 -0.012844
v 0.051493 0.007724 -0.012841
v 0.051402 0.009013 -0.012667
v 0.051663 0.006820 -0.010032
v 0.051749 0.007927 -0.010005
v 0.051585 0.009183 -0.010681
v 0.051753 0.008996 -0.008685
v 0.051844 0.006995 -0.005891
v 0.051925 0.008062 -0.006103
v 0.051871 0.009148 -0.005705
v 0.051963 0.008681 -0.003301
v 0.051952 0.007637 0.003778
v 0.051847 0.009661 0.003524
v 0.051916 0.008661 0.005772
v 0.051717 0.006644 0.007949
v 0.051842 0.007494 0.007960
v 0.051753 0.008164 0.009941
v 0.051596 0.006773 0.010864
v 0.051585 0.009183 0.010681
v 0.051409 0.006646 0.012844
v 0.051493 0.007724 0.012841
v 0.051402 0.009013 0.012667
v 0.051158 0.006500 0.014730
v 0.051243 0.007551 0.014739
v 0.051187 0.008488 0.014663
v 0.024577 0.025368 -0.000260
v 0.024646 0.025471 -0.000455
v 0.024896 0.025846 -0.000570
v 0.038622 0.021367 0.002329
v 0.025793 0.027188 0.002329
v 0.027329 0.022506 -0.001845
v 0.026061 0.022506 -0.001417
v 0.026937 0.022506 -0.001824
v 0.026584 0.022506 -0.001763
v 0.026303 0.022506 -0.001669
v 0.026123 0.022506 -0.001549
v 0.027329 0.022506 0.001845
v 0.026061 0.022506 0.001417
v 0.026937 0.022506 0.001824
v 0.026584 0.022506 0.001763
v 0.026303 0.022506 0.001669
v 0.026123 0.022506 0.001549
v 0.027641 0.024072 -0.001845
v 0.026469 0.024557 -0.001417
v 0.027279 0.024222 -0.001824
v 0.026952 0.024357 -0.001763
v 0.026693 0.024465 -0.001669
v 0.026526 0.024534 -0.001549
v 0.027641 0.024072 0.001845
v 0.026469 0.024557 0.001417
v 0.027279 0.024222 0.001824
v 0.026952 0.024357 0.001763
v 0.026693 0.024465 0.001669
v 0.026526 0.024534 0.001549
v 0.028528 0.025400 -0.001845
v 0.027631 0.026297 -0.001417
v 0.028251 0.025677 -0.001824
v 0.028001 0.025927 -0.001763
v 0.027802 0.026126 -0.001669
v 0.027675 0.026253 -0.001549
v 0.028528 0.025400 0.001845
v 0.027631 0.026297 0.001417
v 0.028251 0.025677 0.001824
v 0.028001 0.025927 0.001763
v 0.027802 0.026126 0.001669
v 0.027675 0.026253 0.001549
v 0.029856 0.026287 -0.001845
v 0.029371 0.027459 -0.001417
v 0.029706 0.026649 -0.001824
v 0.029571 0.026976 -0.001763
v 0.029463 0.027235 -0.001669
v 0.029394 0.027402 -0.001549
v 0.029856 0.026287 0.001845
v 0.029371 0.027459 0.001417
v 0.029706 0.026649 0.001824
v 0.029571 0.026976 0.001763
v 0.029463 0.027235 0.001669
v 0.029394 0.027402 0.001549
v 0.031422 0.026599 -0.001845
v 0.031422 0.027867 -0.001417
v 0.031422 0.026991 -0.001824
v 0.031422 0.027344 -0.001763
v 0.031422 0.027625 -0.001669
v 0.031422 0.027805 -0.001549
v 0.031422 0.026599 0.001845
v 0.031422 0.027867 0.001417
v 0.031422 0.026991 0.001824
v 0.031422 0.027344 0.001763
v 0.031422 0.027625 0.001669
v 0.031422 0.027805 0.001549
v 0.032989 0.026287 -0.001845
v 0.033474 0.027459 -0.001417
v 0.033139 0.026649 -0.001824
v 0.033274 0.026976 -0.001763
v 0.033382 0.027235 -0.001669
v 0.033451 0.027402 -0.001549
v 0.032989 0.026287 0.001845
v 0.033474 0.027459 0.001417
v 0.033139 0.026649 0.001824
v 0.033274 0.026976 0.001763
v 0.033382 0.027235 0.001669
v 0.033451 0.027402 0.001549
v 0.034317 0.025400 -0.001845
v 0.035214 0.026297 -0.001417
v 0.034594 0.025677 -0.001824
v 0.034844 0.025927 -0.001763
v 0.035042 0.026126 -0.001669
v 0.035170 0.026253 -0.001549
v 0.034317 0.025400 0.001845
v 0.035214 0.026297 0.001417
v 0.034594 0.025677 0.001824
v 0.034844 0.025927 0.001763
v 0.035042 0.026126 0.001669
v 0.035170 0.026253 0.001549
v 0.035204 0.024072 -0.001845
v 0.036376 0.024557 -0.001417
v 0.035566 0.024222 -0.001824
v 0.035893 0.024357 -0.001763
v 0.036152 0.024465 -0.001669
v 0.036319 0.024534 -0.001549
v 0.035204 0.024072 0.001845
v 0.036376 0.024557 0.001417
v 0.035566 0.024222 0.001824
v 0.035893 0.024357 0.001763
v 0.036152 0.024465 0.001669
v 0.036319 0.024534 0.001549
v 0.035515 0.022506 -0.001845
v 0.036784 0.022506 -0.001417
v 0.035907 0.022506 -0.001824
v 0.036261 0.022506 -0.001763
v 0.036542 0.022506 -0.001669
v 0.036722 0.022506 -0.001549
v 0.035515 0.022506 0.001845
v 0.036784 0.022506 0.001417
v 0.035907 0.022506 0.001824
v 0.036261 0.022506 0.001763
v 0.036542 0.022506 0.001669
v 0.036722 0.022506 0.001549
v 0.035204 0.020939 -0.001845
v 0.036376 0.020454 -0.001417
v 0.035566 0.020789 -0.001824
v 0.035893 0.020654 -0.001763
v 0.036152 0.020547 -0.001669
v 0.036319 0.020478 -0.001549
v 0.035204 0.020939 0.001845
v 0.036376 0.020454 0.001417
v 0.035566 0.020789 0.001824
v 0.035893 0.020654 0.001763
v 0.036152 0.020547 0.001669
v 0.036319 0.020478 0.001549
v 0.034317 0.019611 -0.001845
v 0.035214 0.018714 -0.001417
v 0.034594 0.019334 -0.001824
v 0.034844 0.019084 -0.001763
v 0.035042 0.018886 -0.001669
v 0.035170 0.018758 -0.001549
v 0.034317 0.019611 0.001845
v 0.035214 0.018714 0.001417
v 0.034594 0.019334 0.001824
v 0.034844 0.019084 0.001763
v 0.035042 0.018886 0.001669
v 0.035170 0.018758 0.001549
v 0.032989 0.018724 -0.001845
v 0.033474 0.017552 -0.001417
v 0.033139 0.018362 -0.001824
v 0.033274 0.018035 -0.001763
v 0.033382 0.017776 -0.001669
v 0.033451 0.017609 -0.001549
v 0.032989 0.018724 0.001845
v 0.033474 0.017552 0.001417
v 0.033139 0.018362 0.001824
v 0.033274 0.018035 0.001763
v 0.033382 0.017776 0.001669
v 0.033451 0.017609 0.001549
v 0.031422 0.018413 -0.001845
v 0.031422 0.017144 -0.001417
v 0.031422 0.018021 -0.001824
v 0.031422 0.017667 -0.001763
v 0.031422 0.017386 -0.001669
v 0.031422 0.017206 -0.001549
v 0.031422 0.018413 0.001845
v 0.031422 0.017144 0.001417
v 0.031422 0.018021 0.001824
v 0.031422 0.017667 0.001763
v 0.031422 0.017386 0.001669
v 0.031422 0.017206 0.001549
v 0.029856 0.018724 -0.001845
v 0.029371 0.017552 -0.001417
v 0.029706 0.018362 -0.001824
v 0.029571 0.018035 -0.001763
v 0.029463 0.017776 -0.001669
v 0.029394 0.017609 -0.001549
v 0.029856 0.018724 0.001845
v 0.029371 0.017552 0.001417
v 0.029706 0.018362 0.001824
v 0.029571 0.018035 0.001763
v 0.029463 0.017776 0.001669
v 0.029394 0.017609 0.001549
v 0.028528 0.019611 -0.001845
v 0.027631 0.018714 -0.001417
v 0.028251 0.019334 -0.001824
v 0.028001 0.019084 -0.001763
v 0.027802 0.018886 -0.001669
v 0.027675 0.018758 -0.001549
v 0.028528 0.019611 0.001845
v 0.027631 0.018714 0.001417
v 0.028251 0.019334 0.001824
v 0.028001 0.019084 0.001763
v 0.027802 0.018886 0.001669
v 0.027675 0.018758 0.001549
v 0.027641 0.020939 -0.001845
v 0.026469 0.020454 -0.001417
v 0.027279 0.020789 -0.001824
v 0.026952 0.020654 -0.001763
v 0.026693 0.020547 -0.001669
v 0.026526 0.020478 -0.001549
v 0.027641 0.020939 0.001845
v 0.026469 0.020454 0.001417
v 0.027279 0.020789 0.001824
v 0.026952 0.020654 0.001763
v 0.026693 0.020547 0.001669
v 0.026526 0.020478 0.001549
vn -0.9167 -0.3056 0.2575
vn -0.9020 -0.3675 0.2266
vn -0.8905 -0.3673 0.2685
vn -0.9350 -0.2348 0.2657
vn -0.9418 -0.2709 0.1993
vn -0.8952 -0.3046 0.3253
vn -0.8810 -0.3678 0.2977
vn -0.8676 -0.3679 0.3345
vn -0.9363 -0.1698 0.3075
vn -0.9119 -0.2389 0.3337
vn -0.9600 -0.1629 0.2279
vn -0.1610 0.8902 -0.4261
vn -0.1816 0.9267 -0.3290
vn -0.1020 0.8384 -0.5354
vn -0.2787 0.9506 -0.1369
vn -0.3374 0.9400 0.0511
vn -0.2670 0.9547 0.1314
vn -0.3495 0.8908 0.2904
vn -0.1851 0.9419 -0.2804
vn -0.4029 0.8652 0.2986
vn 0.2692 0.9598 0.0791
vn 0.2787 0.9595 0.0421
vn 0.2729 0.9610 0.0438
vn 0.2577 0.9571 0.1322
vn 0.2692 0.9573 0.1053
vn 0.2519 0.9606 0.1172
vn 0.2941 0.9520 0.0852
vn 0.2837 0.9498 0.1322
vn 0.3031 0.9457 0.1176
vn 0.3052 0.9513 0.0431
vn 0.3224 0.9419 0.0942
vn 0.2392 0.9665 0.0935
vn 0.3230 0.9349 0.1471
vn 0.3411 0.9322 0.1213
vn 0.3396 0.9405 0.0139
vn 0.3075 0.9512 -0.0265
vn 0.2804 0.9594 -0.0307
vn 0.2907 0.9564 -0.0284
vn -0.0502 0.9948 0.0883
vn -0.0325 0.9982 0.0510
vn -0.0580 0.9970 0.0512
vn -0.0196 0.9959 0.0879
vn -0.0069 0.9987 0.0506
vn 0.0028 0.9961 0.0878
vn 0.0132 0.9985 0.0538
vn -0.0807 0.9911 -0.1062
vn -0.0492 0.9949 -0.0883
vn -0.0493 0.9916 -0.1196
vn -0.0803 0.9942 -0.0718
vn -0.0567 0.9970 -0.0525
vn -0.0329 0.9981 -0.0522
vn -0.0195 0.9959 -0.0879
vn -0.0068 0.9986 -0.0522
vn 0.0028 0.9961 -0.0878
vn 0.0133 0.9984 -0.0551
vn 0.0221 0.9959 -0.0872
vn -0.0832 0.9871 -0.1371
vn -0.0505 0.9879 -0.1467
vn 0.0693 0.9973 -0.0235
vn 0.0860 0.9953 -0.0451
vn 0.0376 0.9979 -0.0527
vn 0.0765 0.9929 -0.0907
vn 0.1687 0.9796 -0.1093
vn 0.0825 0.9891 -0.1216
vn 0.1820 0.9744 -0.1322
vn 0.1053 0.9922 -0.0665
vn 0.1636 0.9825 -0.0892
vn 0.0885 0.9853 -0.1464
vn 0.0376 0.9979 0.0527
vn 0.1073 0.9921 0.0656
vn 0.0855 0.9954 0.0443
vn 0.0851 0.9892 0.1197
vn 0.1691 0.9757 0.1395
vn 0.1834 0.9764 0.1145
vn 0.0423 0.9991 -0.0000
vn 0.0720 0.9971 0.0247
vn 0.0676 0.9977 -0.0012
vn 0.3561 0.9297 0.0942
vn 0.3743 0.9253 0.0617
vn 0.3339 0.9404 0.0641
vn 0.3804 0.9163 0.1252
vn 0.3859 0.9176 0.0950
vn 0.4162 0.9083 0.0429
vn 0.3739 0.9274 0.0121
vn 0.4174 0.9053 0.0794
vn 0.4200 0.9004 0.1137
vn 0.3617 0.9201 0.1502
vn 0.3962 0.9046 0.1573
vn 0.4263 0.8925 0.1475
vn 0.4676 0.8704 0.1542
vn 0.5083 0.8404 0.1879
vn 0.5009 0.8542 0.1394
vn 0.4613 0.8798 0.1151
vn 0.5063 0.8566 0.0993
vn 0.4594 0.8846 0.0801
vn 0.5060 0.8604 0.0608
vn 0.4590 0.8875 0.0416
vn 0.5075 0.8616 0.0072
vn 0.4587 0.8886 -0.0067
vn 0.8757 -0.3879 0.2875
vn 0.9144 -0.3615 0.1824
vn 0.7307 -0.6657 0.1514
vn 0.4445 0.2026 0.8726
vn 0.6665 0.4278 0.6105
vn 0.6560 -0.0105 0.7547
vn 0.9979 0.0300 0.0566
vn 0.8396 -0.5362 0.0869
vn 0.6576 -0.7465 0.1015
vn 0.3800 -0.7707 0.5116
vn 0.3260 -0.7084 0.6260
vn 0.2146 -0.7998 0.5606
vn 0.2297 -0.6553 0.7196
vn 0.2094 -0.7097 0.6726
vn 0.2224 -0.9161 0.3337
vn -0.1105 -0.9919 0.0631
vn -0.2201 -0.9356 0.2759
vn -0.2319 -0.9644 0.1270
vn -0.3813 -0.7531 0.5362
vn -0.3685 -0.8813 0.2958
vn -0.5314 -0.6860 0.4970
vn -0.5769 -0.7295 0.3674
vn -0.5891 -0.5074 0.6289
vn -0.6537 -0.5461 0.5239
vn -0.4821 -0.5675 0.6675
vn -0.0810 -0.9933 0.0820
vn -0.1196 -0.9536 0.2765
vn -0.2202 -0.8610 0.4585
vn -0.2047 -0.7914 0.5760
vn -0.3865 -0.5346 0.7516
vn -0.3106 -0.4813 0.8197
vn -0.3988 -0.4654 0.7902
vn -0.6850 -0.4509 0.5723
vn -0.5110 -0.8133 0.2784
vn -0.6508 -0.6717 0.3539
vn -0.1646 0.9694 -0.1821
vn -0.3216 0.9176 0.2337
vn -0.0350 0.9855 -0.1661
vn 0.3476 0.9258 -0.1488
vn 0.4092 0.9107 -0.0568
vn 0.4042 0.9132 -0.0506
vn -0.0506 0.8615 -0.5052
vn -0.2880 0.8955 0.3392
vn 0.0105 0.9999 0.0067
vn -0.3106 -0.4812 -0.8198
vn -0.2653 -0.4354 -0.8602
vn -0.2569 -0.4886 -0.8338
vn -0.0473 -0.9429 -0.3297
vn -0.1014 -0.8067 -0.5823
vn -0.0674 -0.8130 -0.5784
vn -0.1037 -0.9240 -0.3680
vn -0.1759 -0.7908 -0.5863
vn -0.1253 -0.8062 -0.5782
vn -0.1818 -0.8491 -0.4960
vn 0.4508 -0.8909 0.0558
vn 0.6056 -0.7952 -0.0310
vn 0.4867 -0.8717 -0.0565
vn 0.6579 -0.7506 -0.0614
vn 0.6838 -0.7219 -0.1063
vn 0.8678 -0.4301 -0.2487
vn 0.8501 -0.4463 -0.2794
vn 0.8979 -0.3923 -0.1998
vn 0.7194 -0.6922 -0.0574
vn 0.9142 -0.3803 -0.1401
vn 0.5175 -0.8554 0.0232
vn 0.4644 -0.8840 0.0528
vn 0.6220 -0.7373 -0.2634
vn 0.4523 -0.8181 -0.3551
vn 0.5857 -0.7397 -0.3314
vn 0.5331 -0.7985 -0.2797
vn 0.6291 -0.6829 -0.3715
vn 0.6276 -0.7172 -0.3028
vn 0.5150 -0.7313 -0.4471
vn 0.3319 -0.7815 -0.5283
vn 0.3944 -0.6863 -0.6111
vn 0.5335 -0.6757 -0.5087
vn 0.0305 -0.7597 0.6496
vn 0.0362 -0.7405 0.6711
vn -0.0113 -0.6123 0.7905
vn 0.0078 -0.6999 0.7142
vn -0.0732 -0.5246 0.8482
vn -0.0394 -0.5637 0.8251
vn -0.0916 -0.5794 0.8099
vn -0.1049 -0.2135 0.9713
vn -0.0610 -0.2178 0.9741
vn -0.1212 -0.7828 0.6104
vn -0.1260 -0.6162 0.7775
vn -0.1798 -0.6047 0.7759
vn -0.1858 -0.4640 0.8661
vn -0.2229 -0.4660 0.8563
vn -0.1255 -0.4616 0.8781
vn -0.1655 -0.4642 0.8701
vn -0.2568 -0.4892 0.8335
vn -0.2652 -0.4355 0.8602
vn -0.1387 -0.8267 0.5452
vn -0.1749 -0.7907 0.5867
vn -0.0840 -0.9626 0.2575
vn -0.0728 -0.8377 0.5413
vn -0.0511 -0.9582 0.2814
vn 0.0063 -0.8703 0.4925
vn -0.0058 -0.7214 0.6925
vn -0.0197 -0.8453 0.5339
vn -0.0425 -0.6148 0.7875
vn 0.0096 -0.6293 0.7771
vn -0.0158 -0.5200 0.8540
vn -0.0429 -0.4779 0.8774
vn -0.0272 -0.4243 0.9051
vn -0.0546 -0.4192 0.9062
vn -0.0049 -0.4245 0.9054
vn 0.0023 -0.4850 0.8745
vn 0.0129 -0.4432 0.8963
vn -0.0306 -0.8611 0.5075
vn -0.0624 -0.8028 0.5929
vn -0.0299 -0.9600 0.2785
vn 0.0204 -0.7127 0.7012
vn 0.0210 -0.5330 0.8458
vn -0.0739 -0.6029 0.7944
vn -0.0685 -0.4602 0.8852
vn -0.1050 -0.4615 0.8809
vn 0.0642 -0.8079 0.5858
vn 0.0953 -0.7757 0.6239
vn 0.0740 -0.6198 0.7812
vn 0.0596 -0.6366 0.7689
vn 0.0542 -0.5563 0.8292
vn 0.1111 -0.5447 0.8312
vn 0.0899 -0.4735 0.8762
vn 0.0644 -0.4348 0.8982
vn 0.0584 -0.4877 0.8710
vn 0.0488 -0.9376 0.3442
vn 0.1389 -0.6344 0.7604
vn 0.1495 -0.5080 0.8483
vn 0.1317 -0.4472 0.8847
vn -0.3929 0.9160 0.0812
vn -0.1192 0.9765 0.1795
vn -0.3466 0.9315 0.1103
vn -0.3592 0.9262 0.1147
vn -0.2128 0.9552 0.2057
vn -0.0946 0.9652 0.2437
vn 0.1400 0.9390 0.3140
vn -0.0206 0.9827 0.1841
vn 0.0953 0.9664 0.2386
vn 0.2898 0.8593 0.4214
vn -0.2957 0.9462 0.1312
vn 0.2699 0.9349 0.2303
vn 0.4905 0.8068 0.3295
vn 0.1575 -0.0035 -0.9875
vn 0.3420 -0.0905 -0.9353
vn 0.3134 0.2744 -0.9091
vn 0.1041 0.0896 -0.9905
vn 0.2131 0.2789 -0.9364
vn 0.2955 0.1629 -0.9413
vn 0.4304 0.0364 -0.9019
vn 0.6913 -0.7072 -0.1481
vn 0.8386 -0.5385 -0.0826
vn 0.8809 -0.4008 -0.2518
vn 0.9955 0.0367 -0.0874
vn 0.9628 0.1477 -0.2262
vn 0.0824 0.1189 -0.9895
vn 0.0882 0.1335 -0.9871
vn 0.2726 0.4263 -0.8625
vn 0.0737 0.1175 -0.9903
vn 0.2299 0.3451 -0.9100
vn 0.2113 0.3385 -0.9169
vn -0.6560 -0.6695 -0.3484
vn -0.7332 -0.5387 -0.4150
vn -0.6351 -0.6567 -0.4066
vn -0.1226 -0.9909 -0.0559
vn -0.2253 -0.9661 -0.1258
vn -0.1177 -0.9873 -0.1063
vn -0.5694 -0.8141 0.1139
vn -0.7502 -0.6243 0.2176
vn -0.6423 -0.7458 0.1769
vn -0.5592 -0.8094 0.1792
vn -0.6942 -0.6544 0.2996
vn -0.7890 -0.5464 0.2810
vn -0.7941 -0.5105 0.3299
vn -0.6035 -0.7837 0.1471
vn -0.6636 -0.7025 0.2571
vn -0.8140 -0.5206 0.2578
vn -0.6396 -0.7572 0.1323
vn -0.8863 -0.3127 0.3415
vn -0.9099 -0.0970 0.4034
vn -0.8734 -0.2536 0.4158
vn -0.1725 -0.9849 0.0124
vn -0.2980 -0.9536 0.0424
vn -0.3052 -0.9523 0.0041
vn -0.1754 -0.9835 0.0445
vn -0.3165 -0.9433 0.1000
vn -0.2998 -0.9519 0.0633
vn -0.4796 -0.8731 0.0874
vn -0.4769 -0.8780 0.0400
vn -0.4848 -0.8648 0.1308
vn -0.4808 -0.8600 0.1710
vn -0.6786 -0.7324 0.0548
vn -0.8069 -0.5829 0.0955
vn -0.8110 -0.5836 0.0406
vn -0.6744 -0.7284 0.1211
vn -0.7982 -0.5776 0.1709
vn -0.8036 -0.5821 0.1241
vn -0.6707 -0.7196 0.1796
vn -0.7863 -0.5715 0.2346
vn -0.7938 -0.5756 0.1964
vn -0.0551 -0.9983 0.0173
vn -0.0963 -0.9945 0.0408
vn -0.0797 -0.9966 0.0197
vn -0.6646 -0.7099 0.2331
vn -0.7674 -0.5651 0.3030
vn -0.7799 -0.5686 0.2615
vn -0.4754 -0.8796 -0.0144
vn -0.0689 -0.9976 -0.0065
vn -0.0799 -0.9966 -0.0208
vn -0.0432 -0.9990 -0.0126
vn -0.3038 -0.9523 -0.0287
vn -0.7869 -0.5742 -0.2258
vn -0.8400 -0.4724 -0.2667
vn -0.7796 -0.5648 -0.2708
vn 0.1882 -0.5115 -0.8384
vn 0.1754 -0.4543 -0.8734
vn 0.2113 -0.4573 -0.8639
vn 0.0716 -0.9434 -0.3240
vn 0.1258 -0.8024 -0.5834
vn 0.1462 -0.8297 -0.5387
vn 0.0841 -0.8399 -0.5363
vn 0.1373 -0.6412 -0.7550
vn 0.1489 -0.5061 -0.8495
vn 0.1328 -0.4457 -0.8853
vn 0.0216 -0.5144 -0.8573
vn 0.0395 -0.4627 -0.8856
vn 0.0407 -0.5361 -0.8432
vn 0.0275 -0.4299 -0.9024
vn 0.0008 -0.9432 -0.3323
vn 0.0155 -0.8264 -0.5629
vn 0.0168 -0.9137 -0.4061
vn -0.0404 -0.8340 -0.5503
vn -0.0364 -0.6262 -0.7788
vn -0.0192 -0.7681 -0.6400
vn -0.0147 -0.4770 -0.8788
vn -0.0046 -0.4238 -0.9057
vn 0.0070 -0.4791 -0.8777
vn -0.0425 -0.4781 -0.8773
vn -0.0278 -0.4231 -0.9056
vn -0.0686 -0.4597 -0.8854
vn -0.0547 -0.4190 -0.9064
vn 0.0069 -0.8100 -0.5865
vn -0.0055 -0.9177 -0.3972
vn -0.0741 -0.6084 -0.7901
vn 0.0013 -0.6139 -0.7894
vn 0.0197 -0.6415 -0.7669
vn -0.3777 0.9259 -0.0002
vn -0.3554 0.9308 -0.0858
vn -0.3611 0.9301 -0.0668
vn -0.2554 0.9668 -0.0032
vn -0.1477 0.9847 -0.0927
vn -0.0518 0.9987 -0.0023
vn 0.2188 0.9718 -0.0878
vn 0.2247 0.9744 -0.0020
vn -0.3803 0.9243 0.0321
vn 0.3539 -0.9036 0.2414
vn 0.6114 -0.7439 0.2698
vn 0.4884 -0.8719 0.0363
vn 0.2916 -0.7021 0.6496
vn 0.6096 -0.5636 0.5574
vn 0.1048 -0.8902 0.4433
vn 0.0519 -0.8404 0.5395
vn 0.2522 -0.3276 0.9105
vn 0.6739 -0.2381 0.6994
vn 0.4986 -0.8665 -0.0245
vn 0.0535 0.9401 0.3366
vn 0.1064 0.9943 -0.0115
vn 0.1557 0.9211 0.3568
vn 0.0394 0.8094 0.5859
vn 0.0995 0.8321 0.5457
vn 0.1274 0.8108 0.5712
vn 0.0249 0.7969 0.6035
vn 0.0221 0.9506 0.3097
vn 0.5111 -0.8318 0.2166
vn 0.5922 -0.7513 0.2912
vn 0.4758 -0.8426 0.2522
vn 0.5952 -0.7810 0.1892
vn 0.6637 -0.6970 0.2715
vn 0.5589 -0.8181 0.1352
vn 0.3716 -0.9202 0.1231
vn 0.7100 -0.6679 0.2233
vn 0.7054 -0.6468 0.2898
vn 0.0869 0.1309 0.9876
vn 0.0690 0.1113 0.9914
vn 0.0660 0.1002 0.9928
vn 0.1984 0.1379 0.9704
vn 0.0714 0.0576 0.9958
vn 0.1499 0.2415 0.9587
vn 0.5954 -0.8016 0.0539
vn 0.7372 -0.6755 0.0110
vn 0.5328 -0.8454 0.0384
vn 0.6807 -0.7325 -0.0027
vn 0.7552 -0.6552 0.0208
vn 0.9079 -0.4150 -0.0584
vn 0.8019 -0.5963 0.0374
vn 0.9416 -0.3362 -0.0215
vn 0.6659 -0.7443 0.0504
vn 0.5823 -0.8115 0.0487
vn 0.6293 -0.7722 0.0879
vn 0.6234 -0.7789 0.0686
vn 0.7683 -0.6294 0.1164
vn 0.9762 -0.2158 0.0215
vn 0.0378 -0.2185 -0.9751
vn 0.0281 -0.0045 -0.9996
vn 0.0201 -0.3163 -0.9484
vn -0.2739 0.9575 0.0900
vn -0.2497 0.9620 0.1102
vn 0.0198 0.9914 0.1290
vn 0.0134 0.9950 0.0991
vn 0.4086 0.9037 0.1281
vn 0.2679 0.9592 0.0901
vn 0.5150 0.8324 0.2048
vn 0.3334 0.9417 0.0446
vn 0.0150 0.9831 0.1824
vn 0.4618 0.8861 -0.0384
vn -0.1833 0.9553 0.2321
vn 0.2040 0.9762 0.0732
vn 0.5009 0.8628 -0.0680
vn 0.5498 0.8311 -0.0838
vn 0.1986 0.9761 0.0884
vn 0.1373 0.9785 0.1540
vn -0.0976 0.9501 0.2964
vn -0.2589 0.9062 0.3343
vn 0.0250 -0.8889 0.4575
vn 0.0420 -0.8100 0.5850
vn 0.0310 -0.7627 0.6461
vn 0.0482 -0.4323 0.9004
vn 0.0423 -0.4881 0.8718
vn 0.1747 0.8137 0.5544
vn 0.2312 0.9729 0.0089
vn 0.2647 0.9247 -0.2737
vn 0.2626 0.9633 0.0561
vn 0.0636 -0.4885 -0.8702
vn 0.0461 -0.4275 -0.9028
vn 0.0640 -0.4332 -0.8990
vn 0.0345 -0.8652 -0.5003
vn 0.0253 -0.9462 -0.3225
vn 0.4174 0.6872 -0.5946
vn 0.4335 0.6973 -0.5708
vn 0.4758 0.6745 -0.5645
vn 0.1161 -0.8046 0.5824
vn 0.1733 -0.6424 0.7465
vn 0.1490 -0.7947 0.5884
vn 0.2067 -0.6121 0.7633
vn 0.1869 -0.5131 0.8377
vn 0.1747 -0.4555 0.8729
vn 0.2181 -0.5165 0.8280
vn 0.2112 -0.4704 0.8568
vn 0.1935 -0.7190 0.6675
vn 0.2172 -0.6101 0.7620
vn 0.2260 -0.5499 0.8040
vn 0.2223 -0.5098 0.8311
vn -0.5350 -0.7817 0.3206
vn -0.5719 -0.7427 0.3483
vn -0.3869 -0.8243 0.4133
vn -0.5627 -0.5691 0.5996
vn -0.7384 -0.4499 0.5024
vn -0.2081 -0.5969 0.7749
vn -0.4201 -0.5469 0.7242
vn -0.3773 -0.3004 0.8760
vn -0.0737 -0.7099 0.7005
vn -0.0431 -0.7453 0.6654
vn -0.0016 -0.7325 0.6808
vn -0.2481 -0.6431 0.7245
vn -0.2494 -0.8010 0.5443
vn -0.1398 -0.7657 0.6278
vn -0.7266 -0.0866 0.6816
vn -0.2886 -0.2635 0.9205
vn 0.4987 0.8651 0.0533
vn 0.3510 0.9364 -0.0004
vn 0.3124 0.9496 -0.0264
vn 0.5214 0.8528 0.0301
vn 0.3606 0.9327 0.0038
vn -0.0895 0.9927 -0.0814
vn -0.1104 0.9837 -0.1422
vn -0.0754 0.9971 0.0135
vn -0.0989 0.9940 -0.0460
vn 0.2179 -0.7278 -0.6503
vn 0.1792 -0.8045 -0.5662
vn 0.2175 -0.6079 -0.7636
vn 0.2695 -0.6891 -0.6727
vn 0.2312 -0.5194 -0.8227
vn 0.2085 -0.5544 -0.8057
vn 0.2034 -0.6260 -0.7528
vn 0.6602 0.6252 0.4163
vn 0.5283 0.3818 0.7584
vn 0.5106 0.2958 0.8073
vn 0.4582 0.2797 0.8437
vn 0.4484 0.2225 0.8657
vn 0.4221 0.1561 0.8930
vn 0.5287 0.2999 0.7940
vn 0.6665 0.6192 0.4152
vn 0.6024 0.7591 -0.2466
vn 0.6957 0.6991 0.1652
vn 0.6134 0.6871 0.3895
vn 0.5284 0.4796 0.7006
vn 0.6837 0.5002 0.5314
vn 0.3020 0.8744 0.3798
vn 0.6774 0.5111 0.5290
vn 0.8106 0.2401 0.5341
vn 0.7420 0.2330 0.6287
vn 0.8097 0.3073 0.4999
vn 0.3050 0.8488 0.4318
vn -0.1416 0.9672 0.2111
vn -0.0641 0.9968 0.0476
vn 0.3987 0.8853 0.2395
vn 0.1562 0.9697 -0.1881
vn 0.6035 0.7807 0.1625
vn 0.0193 -0.9998 0.0048
vn 0.0914 -0.9948 0.0447
vn 0.0260 -0.9995 0.0183
vn 0.1381 -0.9893 0.0463
vn 0.2758 -0.9523 0.1306
vn 0.2711 -0.9609 0.0565
vn 0.1120 -0.9936 0.0124
vn 0.0974 -0.9901 0.1014
vn 0.6633 0.5101 0.5476
vn 0.6936 0.3595 0.6243
vn 0.8104 0.3246 0.4877
vn 0.7984 0.0082 0.6020
vn 0.8666 0.1061 0.4876
vn 0.5428 -0.1355 0.8289
vn 0.3632 0.0609 0.9297
vn 0.0958 -0.2960 0.9504
vn 0.1116 -0.5913 0.7987
vn 0.5969 -0.5715 0.5632
vn 0.8155 -0.4260 0.3917
vn 0.8771 -0.3483 0.3308
vn -0.0410 -0.9976 0.0564
vn -0.0239 -0.9997 0.0072
vn -0.0137 -0.9998 0.0163
vn -0.0094 -1.0000 0.0018
vn -0.0036 -0.9999 0.0149
vn -0.3859 0.2876 0.8766
vn -0.4390 0.5885 0.6790
vn -0.4203 0.2906 0.8596
vn -0.3631 0.7041 0.6102
vn -0.3819 0.8824 0.2748
vn -0.3870 0.5761 0.7200
vn -0.4599 0.2920 0.8386
vn -0.4449 0.1884 0.8756
vn -0.6715 0.5352 0.5125
vn -0.8125 0.3004 0.4996
vn -0.8108 0.2534 0.5276
vn -0.6855 0.5777 0.4432
vn -0.8447 0.3026 0.4416
vn -0.8260 0.3039 0.4747
vn -0.6154 0.5867 0.5263
vn -0.7595 0.3224 0.5649
vn -0.2462 0.8972 0.3666
vn -0.3399 0.8941 0.2917
vn -0.7203 0.5938 0.3587
vn -0.6985 0.5900 0.4051
vn -0.4351 0.7076 0.5568
vn -0.3820 0.8509 0.3607
vn -0.4332 0.8176 0.3792
vn -0.3629 0.3299 0.8715
vn -0.3599 0.7548 0.5485
vn -0.3067 0.8997 0.3106
vn -0.3494 0.8728 0.3408
vn -0.2755 0.9021 0.3320
vn -0.3057 0.3184 0.8973
vn -0.2877 0.4939 0.8205
vn -0.2523 0.7484 0.6133
vn -0.1762 0.0487 0.9832
vn -0.1910 0.4092 0.8922
vn -0.1591 0.7559 0.6351
vn -0.2052 0.8748 0.4389
vn -0.1413 0.9501 0.2780
vn -0.1836 0.9502 0.2518
vn -0.2271 0.9359 0.2693
vn -0.2037 0.9528 0.2252
vn -0.2733 0.9257 0.2614
vn 0.0704 -0.9883 -0.1356
vn 0.2306 -0.9176 -0.3237
vn 0.1868 -0.9750 -0.1202
vn 0.3515 -0.9087 -0.2251
vn 0.3432 -0.9247 -0.1650
vn 0.6393 0.5743 -0.5113
vn 0.6514 0.5939 -0.4722
vn 0.8262 0.2695 -0.4948
vn 0.1879 0.9203 -0.3431
vn 0.6803 0.5966 -0.4257
vn 0.7365 0.5451 -0.4006
vn 0.8695 0.2505 -0.4258
vn 0.2416 0.9227 -0.3005
vn 0.7263 0.6003 -0.3350
vn -0.0859 0.9619 -0.2597
vn 0.2589 0.8702 -0.4191
vn 0.0522 0.9736 -0.2221
vn 0.6589 0.6949 -0.2881
vn 0.5447 0.8050 -0.2351
vn 0.9192 0.3258 -0.2210
vn 0.9209 0.2722 -0.2789
vn 0.9076 0.2627 -0.3275
vn 0.9181 0.1412 -0.3703
vn 0.6760 0.6488 -0.3494
vn 0.6575 0.7476 0.0938
vn 0.6369 0.4340 -0.6372
vn 0.5286 0.2998 -0.7942
vn 0.5941 0.1970 -0.7799
vn 0.6930 0.7110 -0.1194
vn 0.5782 0.7472 0.3277
vn 0.4942 0.7448 0.4484
vn 0.6059 0.7899 -0.0943
vn 0.3616 0.8497 0.3837
vn 0.2423 0.9545 0.1739
vn 0.4314 0.8670 -0.2493
vn 0.6435 0.6275 -0.4384
vn 0.6531 0.5884 -0.4767
vn 0.6257 0.6368 -0.4506
vn 0.6398 0.6607 -0.3925
vn 0.7808 0.4472 -0.4363
vn 0.7307 0.6199 -0.2861
vn 0.8497 0.4094 -0.3321
vn 0.6349 0.7016 -0.3236
vn 0.9158 -0.0364 -0.3999
vn 0.7864 0.3819 -0.4855
vn 0.8457 0.3749 -0.3798
vn 0.9333 -0.1690 -0.3169
vn 0.5993 0.7544 -0.2677
vn 0.5925 0.7496 -0.2951
vn 0.6564 0.7196 -0.2265
vn 0.8796 0.4216 -0.2204
vn 0.9639 0.0924 -0.2497
vn 0.9451 -0.2064 -0.2532
vn 0.8710 -0.3766 -0.3153
vn 0.8740 0.0829 -0.4789
vn -0.0706 -0.9861 -0.1506
vn -0.0203 -0.9992 -0.0354
vn -0.0385 -0.9990 -0.0244
vn -0.0373 -0.9857 -0.1642
vn -0.0071 -0.9995 -0.0315
vn -0.0131 -0.9896 -0.1433
vn -0.1961 -0.8925 -0.4061
vn -0.7278 0.2892 -0.6219
vn -0.5918 0.5546 -0.5850
vn -0.6597 0.2773 -0.6985
vn -0.5396 0.4630 -0.7031
vn -0.5082 0.2799 -0.8145
vn -0.5918 0.2816 -0.7553
vn -0.4429 0.7711 -0.4575
vn -0.4628 0.5879 -0.6634
vn -0.8127 0.2468 -0.5279
vn -0.7595 0.3224 -0.5650
vn -0.7964 0.2080 -0.5678
vn -0.6183 0.5819 -0.5283
vn -0.3459 0.8557 -0.3848
vn -0.4390 0.5893 -0.6783
vn -0.3859 0.2876 -0.8766
vn -0.4203 0.2906 -0.8596
vn -0.4599 0.2920 -0.8386
vn -0.4449 0.1884 -0.8756
vn -0.3812 0.8833 -0.2728
vn -0.3869 0.5750 -0.7209
vn -0.3629 0.7065 -0.6076
vn -0.2176 0.9509 -0.2202
vn -0.1874 0.9631 -0.1931
vn -0.1990 0.9550 -0.2201
vn -0.4218 0.8262 -0.3734
vn -0.3415 0.8886 -0.3061
vn -0.3765 0.8613 -0.3412
vn -0.3112 0.9137 -0.2614
vn -0.2621 0.9418 -0.2105
vn -0.2707 0.9331 -0.2369
vn -0.1417 0.9768 -0.1603
vn -0.1098 0.9840 -0.1406
vn -0.1170 0.9774 -0.1759
vn -0.1642 0.9642 -0.2082
vn -0.1298 0.9702 -0.2045
vn -0.2437 0.9382 -0.2458
vn -0.2228 0.9243 -0.3098
vn -0.0091 0.3244 0.9459
vn -0.0248 0.5643 0.8252
vn -0.0341 0.3187 0.9472
vn 0.0254 0.6080 0.7935
vn 0.0091 0.8178 0.5754
vn -0.0008 0.5735 0.8192
vn -0.0735 0.1992 0.9772
vn -0.1105 0.3076 0.9451
vn -0.1080 0.2103 0.9716
vn -0.0002 -1.0000 0.0010
vn 0.0003 -0.9994 0.0346
vn 0.0591 0.3504 0.9347
vn 0.0392 0.3277 0.9440
vn 0.0575 0.2704 0.9610
vn 0.0352 0.8241 0.5653
vn 0.0447 0.5462 0.8365
vn 0.0587 0.5860 0.8082
vn 0.1882 0.6369 0.7476
vn 0.1224 0.5087 0.8522
vn 0.2037 0.5865 0.7839
vn 0.1509 0.3291 0.9322
vn 0.0956 0.2418 0.9656
vn 0.1451 0.2375 0.9605
vn 0.1379 0.3569 0.9239
vn 0.4988 0.4782 0.7228
vn 0.4020 0.2747 0.8734
vn 0.4340 0.2819 0.8557
vn 0.3923 0.3334 0.8573
vn 0.5549 0.7477 0.3647
vn 0.4848 0.6633 0.5701
vn 0.3252 0.2184 0.9201
vn 0.3658 0.2000 0.9089
vn 0.4187 0.6367 0.6476
vn 0.3112 0.3341 0.8897
vn 0.3561 0.3360 0.8720
vn 0.5571 0.8297 0.0343
vn 0.5087 0.8560 0.0920
vn 0.4599 0.8726 0.1647
vn 0.4018 0.8789 0.2569
vn 0.4364 0.7755 0.4563
vn 0.4400 0.8558 0.2722
vn 0.4565 0.8449 0.2788
vn 0.4885 0.7302 0.4776
vn 0.4926 0.8203 0.2906
vn 0.5268 0.6993 0.4833
vn 0.4811 0.4439 0.7560
vn 0.5752 0.6846 0.4478
vn 0.3700 0.8726 0.3187
vn 0.3506 0.6562 0.6682
vn 0.3149 0.3455 0.8840
vn 0.2188 0.0013 0.9758
vn 0.3987 0.4053 0.8226
vn 0.2400 -0.0236 0.9705
vn 0.1844 -0.1274 0.9746
vn 0.5025 0.4097 0.7613
vn 0.5531 0.7720 0.3133
vn 0.5824 0.7396 0.3373
vn 0.4123 0.8847 0.2176
vn 0.2643 0.9404 0.2139
vn 0.2898 0.9118 0.2909
vn 0.2840 0.9376 0.2007
vn 0.3251 0.8929 0.3115
vn 0.3186 0.9220 0.2198
vn 0.2304 0.7133 0.6619
vn 0.1108 0.1422 0.9836
vn 0.2614 0.6909 0.6740
vn 0.0603 0.9065 0.4178
vn 0.0936 0.7658 0.6363
vn 0.1096 0.9425 0.3157
vn 0.0668 0.9707 0.2310
vn 0.1430 0.9634 0.2269
vn 0.0618 0.5032 0.8619
vn 0.1121 0.4239 0.8987
vn 0.1897 0.6748 0.7132
vn 0.2052 0.8961 0.3934
vn -0.0886 0.7580 0.6462
vn -0.0487 0.8063 0.5895
vn -0.0732 0.9606 0.2681
vn -0.0280 0.4910 0.8707
vn -0.0058 0.7963 0.6049
vn -0.0304 0.9105 0.4124
vn -0.0528 0.1872 0.9809
vn 0.0082 0.1961 0.9806
vn 0.0156 0.7953 0.6060
vn 0.5500 -0.8351 -0.0091
vn 0.6425 -0.7648 -0.0471
vn 0.7017 -0.7123 -0.0175
vn 0.7622 -0.6463 -0.0357
vn 0.3587 -0.9334 -0.0121
vn 0.3606 -0.9321 -0.0338
vn 0.7740 -0.6332 -0.0077
vn 0.8074 -0.5900 0.0046
vn 0.7445 -0.6676 0.0047
vn 0.6144 -0.7890 0.0021
vn -0.7295 0.6816 -0.0569
vn -0.4137 0.9068 -0.0806
vn -0.8146 0.5686 -0.1143
vn -0.6415 0.6984 -0.3173
vn -0.3400 0.8939 -0.2921
vn -0.7290 0.5797 -0.3641
vn 0.6197 -0.7845 0.0227
vn 0.6411 -0.7660 0.0474
vn 0.3619 -0.9317 0.0302
vn 0.7667 -0.6416 0.0251
vn 0.4352 -0.9003 0.0088
vn 0.6492 -0.7545 0.0959
vn 0.7560 -0.6482 0.0916
vn 0.7442 -0.6538 0.1369
vn -0.5292 0.8027 0.2749
vn -0.7693 0.5691 0.2904
vn -0.7299 0.5943 0.3378
vn -0.6613 0.7093 0.2441
vn -0.4089 0.9091 0.0794
vn -0.7132 0.6985 0.0579
vn -0.8146 0.5686 0.1144
vn -0.0254 -0.9997 0.0002
vn -0.0704 -0.9975 0.0071
vn -0.0093 -1.0000 -0.0008
vn -0.0177 -0.9998 -0.0054
vn -0.0052 -1.0000 -0.0019
vn -0.0007 -1.0000 -0.0004
vn -0.0029 -1.0000 0.0008
vn 0.0316 -0.9751 -0.2193
vn 0.0365 -0.9888 -0.1450
vn 0.0832 -0.9535 -0.2898
vn 0.0065 -0.9974 -0.0717
vn 0.0134 -0.9869 -0.1606
vn 0.0585 -0.8447 -0.5321
vn 0.3112 0.3341 -0.8897
vn 0.4158 0.6143 -0.6706
vn 0.3561 0.3360 -0.8720
vn 0.3252 0.2184 -0.9201
vn 0.3923 0.3334 -0.8573
vn 0.3658 0.2000 -0.9089
vn 0.4989 0.4782 -0.7228
vn 0.4020 0.2747 -0.8734
vn 0.4816 0.6310 -0.6081
vn 0.5548 0.6951 -0.4573
vn 0.4340 0.2818 -0.8557
vn 0.5284 0.4796 -0.7006
vn 0.4584 0.2794 -0.8437
vn 0.1356 0.2238 -0.9652
vn 0.1774 0.3300 -0.9272
vn 0.1667 0.2191 -0.9614
vn 0.2154 0.3326 -0.9181
vn 0.1957 0.2166 -0.9565
vn 0.2028 0.5851 -0.7852
vn 0.2705 0.8201 -0.5042
vn 0.2430 0.5965 -0.7649
vn 0.2430 0.3311 -0.9118
vn 0.3446 0.6048 -0.7180
vn 0.2904 0.3380 -0.8952
vn 0.0069 -0.9784 -0.2066
vn -0.0242 0.6038 -0.7968
vn -0.0091 0.3244 -0.9459
vn -0.0341 0.3187 -0.9472
vn -0.1515 0.3054 -0.9401
vn -0.1048 0.1964 -0.9749
vn -0.1472 0.2069 -0.9672
vn -0.0426 0.9112 -0.4097
vn -0.0602 0.5760 -0.8152
vn -0.0078 0.9039 -0.4277
vn 0.0056 0.6003 -0.7998
vn 0.0166 0.9147 -0.4039
vn 0.0258 0.5993 -0.8001
vn 0.0003 -0.9995 -0.0306
vn -0.0103 -0.9701 -0.2426
vn -0.0010 -0.9917 -0.1286
vn 0.0552 0.2400 -0.9692
vn 0.0575 0.2704 -0.9610
vn 0.0947 0.2416 -0.9657
vn 0.0588 0.5868 -0.8076
vn 0.0682 0.8319 -0.5507
vn 0.1101 0.5994 -0.7928
vn 0.0883 0.3565 -0.9301
vn 0.1333 0.3628 -0.9223
vn -0.0919 0.9780 -0.1874
vn -0.0528 0.9842 -0.1689
vn -0.0677 0.9792 -0.1910
vn -0.0845 0.9833 -0.1612
vn -0.0442 0.9813 -0.1875
vn -0.0266 0.9821 -0.1862
vn -0.0206 0.9858 -0.1667
vn -0.0069 0.9824 -0.1866
vn 0.0028 0.9860 -0.1667
vn 0.0119 0.9832 -0.1821
vn -0.1022 0.9659 -0.2380
vn 0.0103 0.9806 -0.1960
vn -0.0059 0.9723 -0.2336
vn -0.0718 0.9606 -0.2686
vn 0.1042 0.9799 -0.1702
vn 0.0997 0.9775 -0.1860
vn 0.0440 0.9810 -0.1890
vn 0.1882 0.9705 -0.1504
vn 0.2035 0.9652 -0.1643
vn 0.1993 0.9625 -0.1839
vn 0.0988 0.9755 -0.1965
vn 0.1467 0.9614 -0.2328
vn 0.0730 0.9736 -0.2162
vn 0.2633 0.9462 -0.1881
vn 0.2822 0.9435 -0.1739
vn 0.2821 0.9386 -0.1984
vn 0.2539 0.9521 -0.1705
vn 0.2603 0.9530 -0.1547
vn 0.2830 0.9481 -0.1450
vn 0.3130 0.9359 -0.1616
vn 0.3086 0.9319 -0.1905
vn 0.3394 0.9212 -0.1903
vn 0.3091 0.9416 -0.1335
vn 0.3469 0.9257 -0.1509
vn 0.3500 0.9208 -0.1720
vn 0.3595 0.9101 -0.2063
vn 0.3457 0.9048 -0.2485
vn 0.2846 0.9294 -0.2350
vn 0.3862 0.9088 -0.1580
vn 0.4185 0.8865 -0.1973
vn 0.3792 0.9058 -0.1892
vn 0.4320 0.8747 -0.2197
vn 0.4788 0.8416 -0.2499
vn 0.4295 0.8735 -0.2294
vn 0.4290 0.8856 -0.1779
vn 0.4636 0.8595 -0.2153
vn 0.4799 0.8432 -0.2424
vn 0.5130 0.8150 -0.2694
vn 0.4732 0.8600 -0.1908
vn 0.4957 0.8380 -0.2281
vn 0.4667 0.8709 -0.1541
vn 0.5121 0.8375 -0.1905
vn 0.5253 0.8072 -0.2693
vn 0.5714 0.7583 -0.3137
vn 0.5449 0.7866 -0.2904
vn 0.5379 0.7561 -0.3728
vn 0.5109 0.8112 -0.2847
vn 0.4887 0.8026 -0.3419
vn 0.4589 0.8192 -0.3442
vn 0.4415 0.8329 -0.3337
vn -0.2469 0.9638 0.1010
vn -0.2145 0.9745 0.0653
vn -0.2521 0.9657 0.0627
vn -0.2046 0.9737 0.1004
vn -0.1820 0.9815 0.0599
vn -0.1919 0.9721 0.1349
vn -0.1764 0.9792 0.1001
vn -0.1519 0.9878 0.0346
vn -0.1831 0.9830 0.0138
vn -0.1533 0.9852 0.0767
vn -0.1571 0.9808 0.1156
vn -0.3068 0.9313 0.1965
vn -0.2467 0.9579 0.1469
vn -0.2929 0.9455 0.1425
vn -0.3279 0.9110 0.2502
vn -0.2615 0.9454 0.1947
vn -0.2022 0.9643 0.1708
vn -0.1649 0.9750 0.1490
vn -0.1383 0.9799 0.1436
vn -0.1080 0.9863 0.1250
vn -0.1344 0.9847 0.1112
vn -0.1055 0.9903 0.0906
vn -0.1314 0.9885 0.0748
vn -0.1040 0.9932 0.0531
vn -0.1300 0.9909 0.0337
vn -0.1041 0.9945 0.0106
vn -0.1305 0.9914 -0.0116
vn -0.2509 0.9675 0.0329
vn -0.2137 0.9768 0.0140
vn -0.2519 0.9678 -0.0014
vn -0.2493 0.9535 -0.1695
vn -0.2093 0.9671 -0.1449
vn -0.2313 0.9556 -0.1825
vn -0.2327 0.9686 -0.0870
vn -0.2131 0.9762 -0.0397
vn -0.2012 0.9764 -0.0785
vn -0.2062 0.9638 -0.1693
vn -0.1798 0.9834 -0.0247
vn -0.1786 0.9826 -0.0509
vn -0.2053 0.9720 -0.1142
vn -0.1734 0.9813 -0.0838
vn -0.1792 0.9759 -0.1244
vn -0.1542 0.9832 -0.0978
vn -0.1596 0.9781 -0.1334
vn -0.1514 0.9869 -0.0564
vn -0.2952 0.9306 -0.2163
vn -0.2885 0.9438 -0.1612
vn -0.2381 0.9633 -0.1243
vn -0.2834 0.9539 -0.0987
vn -0.2523 0.9656 -0.0625
vn -0.1029 0.9942 -0.0328
vn -0.1302 0.9899 -0.0553
vn -0.1038 0.9919 -0.0725
vn -0.1321 0.9867 -0.0944
vn -0.1063 0.9884 -0.1083
vn -0.1358 0.9823 -0.1291
vn -0.3428 -0.6023 0.7210
vn -0.1899 -0.5111 0.8383
vn -0.2112 -0.4891 0.8463
vn -0.2987 -0.6282 0.7184
vn -0.1532 -0.5212 0.8396
vn -0.2650 -0.6485 0.7136
vn -0.1209 -0.5329 0.8375
vn -0.0214 -0.3411 0.9398
vn 0.1300 -0.1985 0.9714
vn 0.1817 -0.1148 0.9766
vn 0.6295 0.7746 0.0602
vn 0.7857 0.6182 0.0223
vn 0.6357 0.7717 0.0186
vn 0.6245 0.7750 0.0967
vn 0.7785 0.6230 0.0765
vn 0.9048 0.4247 0.0300
vn 0.8559 0.4837 0.1830
vn 0.9764 0.1089 0.1863
vn 0.9904 -0.0969 0.0990
vn 0.9940 0.1010 -0.0430
vn 0.8383 0.5420 -0.0588
vn 0.1756 -0.9845 -0.0018
vn 0.2396 -0.9709 0.0016
vn 0.1008 -0.9949 -0.0058
vn 0.0811 -0.9967 0.0037
vn 0.0399 -0.9992 -0.0061
vn 0.4561 -0.8873 0.0683
vn 0.0419 -0.2419 -0.9694
vn 0.0436 -0.1825 -0.9822
vn 0.0582 -0.2438 -0.9681
vn 0.0488 -0.1108 -0.9926
vn 0.0623 -0.1848 -0.9808
vn -0.0849 -0.2627 -0.9611
vn -0.0540 -0.2378 -0.9698
vn -0.0513 -0.2874 -0.9564
vn -0.1052 -0.4610 -0.8811
vn -0.0949 -0.3866 -0.9173
vn -0.1222 -0.2650 -0.9565
vn -0.1136 -0.1848 -0.9762
vn -0.0829 -0.1187 -0.9895
vn -0.0580 -0.1780 -0.9823
vn -0.0391 -0.1160 -0.9925
vn -0.0217 -0.1765 -0.9841
vn -0.0015 -0.1081 -0.9941
vn 0.0023 -0.1863 -0.9825
vn 0.0203 -0.1787 -0.9837
vn 0.0014 -0.2606 -0.9655
vn 0.0224 -0.2404 -0.9704
vn 0.0219 -0.2869 -0.9577
vn 0.0020 -0.3338 -0.9426
vn 0.0219 -0.3244 -0.9457
vn 0.0230 -0.3586 -0.9332
vn 0.0029 -0.3839 -0.9234
vn 0.0133 -0.4245 -0.9053
vn -0.0173 -0.3831 -0.9236
vn -0.0482 -0.3836 -0.9223
vn 0.0687 -0.3651 -0.9284
vn 0.0932 -0.4021 -0.9108
vn 0.0592 -0.3959 -0.9164
vn 0.0914 -0.4820 -0.8714
vn 0.1895 -0.2900 -0.9381
vn 0.2330 -0.2778 -0.9320
vn 0.2236 -0.3321 -0.9164
vn 0.2125 -0.2142 -0.9534
vn 0.2151 -0.4181 -0.8826
vn 0.2231 -0.4603 -0.8593
vn 0.2244 -0.4056 -0.8861
vn 0.2534 -0.2332 -0.9388
vn 0.2354 -0.3366 -0.9117
vn 0.2175 -0.5099 -0.8323
vn 0.8395 -0.5401 0.0589
vn 0.8152 -0.5704 0.1007
vn 0.8056 -0.5895 0.0582
vn 0.8160 -0.5780 -0.0046
vn 0.9601 -0.2798 -0.0037
vn 0.9451 -0.3264 0.0137
vn 0.9275 -0.3737 -0.0083
vn 0.8152 -0.5702 -0.1010
vn 0.8395 -0.5401 -0.0589
vn 0.8052 -0.5901 -0.0587
vn 0.9441 -0.3280 -0.0319
vn 0.8890 -0.4579 -0.0069
vn 0.8930 -0.4500 0.0055
vn 0.8473 -0.5311 -0.0054
vn 0.8480 -0.5300 0.0060
vn 0.8122 -0.5829 -0.0237
vn 0.7570 -0.6494 -0.0718
vn 0.2534 -0.2332 0.9388
vn 0.2330 -0.2778 0.9320
vn 0.2355 -0.3364 0.9118
vn 0.1896 -0.2907 0.9378
vn 0.2229 -0.3319 0.9166
vn 0.2125 -0.2142 0.9534
vn 0.2241 -0.4582 0.8601
vn 0.0461 -0.3571 0.9329
vn 0.0445 -0.3818 0.9232
vn 0.0591 -0.3961 0.9163
vn 0.0384 -0.4017 0.9149
vn 0.0231 -0.3673 0.9298
vn 0.0203 -0.4059 0.9137
vn 0.0299 -0.1143 0.9930
vn 0.0203 -0.1787 0.9837
vn 0.0436 -0.1825 0.9822
vn 0.0310 -0.4455 0.8947
vn -0.0540 -0.2378 0.9698
vn -0.0849 -0.2627 0.9611
vn -0.0513 -0.2874 0.9564
vn 0.0034 -0.3850 0.9229
vn 0.0220 -0.3257 0.9452
vn 0.0018 -0.3336 0.9427
vn 0.0224 -0.2404 0.9704
vn 0.0014 -0.2606 0.9655
vn 0.0219 -0.2870 0.9577
vn -0.0015 -0.1081 0.9941
vn 0.0023 -0.1863 0.9825
vn -0.0217 -0.1765 0.9841
vn -0.0391 -0.1160 0.9925
vn -0.0580 -0.1780 0.9823
vn -0.0829 -0.1187 0.9895
vn -0.1136 -0.1848 0.9762
vn -0.1222 -0.2650 0.9565
vn -0.0949 -0.3867 0.9173
vn -0.0482 -0.3836 0.9222
vn -0.0172 -0.3831 0.9235
vn -0.2961 -0.2866 -0.9112
vn -0.2418 -0.2546 -0.9363
vn -0.2338 -0.3039 -0.9236
vn -0.1923 -0.2723 -0.9428
vn -0.1802 -0.1943 -0.9643
vn -0.1514 -0.2673 -0.9516
vn -0.1658 -0.4636 -0.8704
vn -0.1547 -0.3914 -0.9071
vn -0.1257 -0.4612 -0.8784
vn -0.2232 -0.4651 -0.8567
vn -0.2151 -0.3969 -0.8923
vn -0.1860 -0.4633 -0.8665
vn -0.7580 -0.4264 -0.4937
vn -0.6849 -0.4509 -0.5723
vn -0.7373 -0.4735 -0.4818
vn -0.6136 -0.4256 -0.6650
vn -0.5887 -0.5078 -0.6289
vn -0.7195 -0.3780 -0.5826
vn -0.6899 -0.3082 -0.6550
vn -0.6302 -0.3749 -0.6799
vn -0.5351 -0.3951 -0.7467
vn -0.5192 -0.4585 -0.7213
vn -0.5553 -0.3183 -0.7683
vn -0.7760 -0.4521 -0.4398
vn -0.7981 -0.4039 -0.4471
vn -0.7735 -0.3735 -0.5121
vn -0.4089 -0.4208 -0.8098
vn -0.3986 -0.4655 -0.7902
vn 0.1778 -0.5187 -0.8362
vn 0.2516 -0.6038 -0.7564
vn 0.1839 -0.5392 -0.8219
vn 0.2081 -0.5096 -0.8349
vn 0.2816 -0.4508 -0.8470
vn 0.3785 -0.5930 -0.7107
vn 0.2611 -0.6600 -0.7044
vn 0.1912 -0.4320 -0.8814
vn 0.2354 -0.3129 -0.9202
vn 0.4031 -0.3463 -0.8471
vn 0.5714 -0.5217 -0.6335
vn 0.7539 -0.5612 -0.3417
vn 0.7671 -0.5701 -0.2942
vn 0.7048 -0.6374 -0.3114
vn 0.8173 -0.4352 -0.3777
vn 0.8238 -0.4691 -0.3183
vn 0.7223 -0.6341 -0.2760
vn 0.7383 -0.6252 -0.2530
vn 0.7970 -0.5534 -0.2418
vn 0.7585 -0.6155 -0.2143
vn 0.9319 -0.2791 -0.2316
vn 0.9233 -0.3478 -0.1628
vn 0.8758 -0.4361 -0.2067
vn 0.8205 -0.5390 -0.1903
vn 0.8627 -0.4840 -0.1463
vn 0.8038 -0.5787 -0.1378
vn 0.7716 -0.6096 -0.1818
vn 0.7463 -0.6518 -0.1345
vn -0.7981 -0.4039 0.4471
vn -0.8013 -0.4290 0.4170
vn -0.7760 -0.4521 0.4398
vn -0.8143 -0.3560 0.4583
vn -0.8304 -0.3684 0.4179
vn -0.8194 -0.4267 0.3827
vn -0.8516 -0.3674 0.3738
vn -0.8401 -0.4278 0.3335
vn -0.7580 -0.4264 0.4937
vn -0.8629 -0.1776 0.4732
vn -0.8625 -0.2458 0.4424
vn -0.8402 -0.2498 0.4812
vn -0.8852 -0.1733 0.4317
vn -0.8865 -0.2416 0.3946
vn -0.9107 -0.1711 0.3761
vn -0.7835 -0.4683 0.4084
vn -0.7327 -0.5382 0.4165
vn -0.1802 -0.1943 0.9643
vn -0.1923 -0.2723 0.9428
vn -0.1514 -0.2673 0.9516
vn -0.2418 -0.2546 0.9363
vn -0.2961 -0.2866 0.9112
vn -0.2338 -0.3039 0.9236
vn -0.2151 -0.3969 0.8923
vn -0.1547 -0.3915 0.9071
vn 0.5823 -0.6825 0.4417
vn 0.6075 -0.6112 0.5073
vn 0.4651 -0.6892 0.5556
vn 0.7075 -0.6292 0.3218
vn 0.6535 -0.6661 0.3595
vn 0.6736 -0.6657 0.3209
vn 0.7765 -0.4663 0.4238
vn 0.6466 -0.4421 0.6216
vn 0.5672 -0.5291 0.6312
vn 0.4321 -0.6353 0.6401
vn 0.2028 -0.5103 0.8357
vn 0.2126 -0.4365 0.8742
vn 0.2548 -0.2591 0.9317
vn 0.2071 -0.3807 0.9012
vn 0.1853 -0.5398 0.8212
vn 0.1888 -0.4377 0.8791
vn 0.1906 -0.4843 0.8539
vn 0.2628 -0.2159 0.9404
vn 0.2169 -0.3181 0.9229
vn 0.1932 -0.5752 0.7948
vn 0.6585 0.7435 -0.1167
vn 0.7733 0.6296 -0.0748
vn 0.9077 0.4028 -0.1176
vn 0.9767 0.2144 -0.0125
vn 0.9719 0.2270 -0.0618
vn 0.7805 0.6244 -0.0296
vn 0.9787 0.2013 0.0404
vn 0.9599 -0.2793 -0.0260
vn 0.9902 -0.0985 -0.0988
vn 0.8844 0.4290 -0.1841
vn 0.7403 0.6446 -0.1910
vn 0.9407 0.3158 -0.1238
vn 0.9518 0.2568 -0.1679
vn 0.2264 0.9712 -0.0748
vn 0.6650 0.7427 -0.0788
vn 0.1682 0.9798 -0.1081
vn 0.5632 0.8253 -0.0416
vn 0.8339 0.5501 -0.0452
vn 0.8695 0.4937 -0.0140
vn 0.7512 0.6600 0.0110
vn 0.9368 0.3453 -0.0562
vn 0.7627 0.6383 -0.1042
vn 0.9628 0.1634 -0.2151
vn 0.9442 0.3138 -0.1006
vn 0.9702 0.2334 -0.0649
vn 0.9823 0.1626 -0.0933
vn 0.3478 0.9283 -0.1318
vn 0.6679 0.7279 -0.1552
vn 0.1097 0.9821 -0.1534
vn 0.9179 0.3967 0.0088
vn 0.4783 0.8780 -0.0190
vn 0.9788 0.2021 -0.0342
vn 0.9591 0.2822 -0.0209
vn 0.3560 0.9297 -0.0942
vn 0.3741 0.9253 -0.0614
vn 0.3852 0.9180 -0.0947
vn 0.3877 0.9133 -0.1246
vn 0.4197 0.9007 -0.1121
vn 0.4250 0.8930 -0.1479
vn 0.4170 0.9055 -0.0789
vn 0.4161 0.9083 -0.0427
vn 0.3216 0.9421 -0.0951
vn 0.3338 0.9405 -0.0639
vn 0.3739 0.9274 -0.0120
vn 0.4156 0.9095 0.0046
vn 0.3575 0.9259 -0.1220
vn 0.2564 0.9592 -0.1193
vn 0.2661 0.9587 -0.1005
vn 0.2850 0.9515 -0.1157
vn 0.2695 0.9598 -0.0788
vn 0.2797 0.9590 -0.0448
vn 0.2947 0.9517 -0.0854
vn 0.3054 0.9512 -0.0436
vn 0.2395 0.9664 -0.0936
vn 0.2195 0.9728 -0.0734
vn 0.2086 0.9764 -0.0561
vn 0.2887 0.9572 -0.0174
vn 0.2806 0.9598 -0.0032
vn 0.3395 0.9405 -0.0138
vn 0.3241 0.9387 -0.1171
vn -0.3184 0.9416 0.1098
vn -0.0008 0.9878 0.1556
vn -0.1996 0.9788 -0.0449
vn 0.0011 0.9450 0.3269
vn 0.2780 0.8922 0.3559
vn 0.6055 0.7935 0.0612
vn 0.9026 0.4295 0.0308
vn 0.2186 0.9700 0.1067
vn 0.7289 0.6803 0.0764
vn 0.8910 0.4200 0.1725
vn 0.5558 0.8167 0.1550
vn 0.5214 0.8297 0.1992
vn 0.9392 0.3205 0.1235
vn 0.9532 0.2515 0.1681
vn 0.9631 0.2667 0.0372
vn 0.9303 0.3602 0.0691
vn 0.9811 0.1849 0.0578
vn 0.3266 0.9450 0.0182
vn 0.0144 0.9966 0.0809
vn 0.6430 0.7281 0.2375
vn -0.0130 0.9838 0.1786
vn 0.9218 0.3187 0.2209
vn 0.9628 0.1634 0.2151
vn 0.9441 0.3142 0.0995
vn 0.9816 0.1671 0.0928
vn -0.7326 -0.6733 -0.0998
vn -0.9328 -0.3322 -0.1401
vn -0.6997 -0.7118 -0.0619
vn -0.6959 -0.7073 -0.1242
vn -0.9072 -0.3467 -0.2381
vn -0.9337 -0.2922 -0.2071
vn -0.8977 -0.4148 -0.1483
vn -0.7305 -0.6801 -0.0618
vn -0.8975 -0.4410 -0.0000
vn -0.9401 -0.3385 -0.0409
vn -0.9986 0.0528 -0.0000
vn -0.1480 -0.6941 -0.7045
vn -0.1655 -0.7165 -0.6776
vn -0.1482 -0.7020 -0.6966
vn -0.1596 -0.6834 -0.7124
vn -0.0947 -0.5858 -0.8049
vn 0.0855 -0.2587 -0.9622
vn 0.1676 0.0461 -0.9848
vn 0.0132 -0.2891 -0.9572
vn 0.2172 0.8011 0.5577
vn 0.2404 0.7953 0.5565
vn 0.2411 0.7992 0.5507
vn 0.5010 0.8459 0.1831
vn 0.5823 0.8117 0.0448
vn 0.4900 0.7983 0.3501
vn 0.0260 0.9987 -0.0439
vn 0.0382 0.9954 -0.0878
vn 0.0359 0.9991 -0.0214
vn 0.0135 0.9997 -0.0216
vn 0.0262 0.9997 0.0003
vn 0.2231 0.9744 0.0292
vn 0.2205 0.9728 0.0706
vn 0.0794 0.9967 0.0167
vn 0.3066 0.9518 -0.0011
vn 0.3342 0.9425 -0.0027
vn 0.6005 0.7989 -0.0344
vn 0.2940 0.9557 -0.0169
vn 0.2287 0.9732 -0.0252
vn 0.4575 0.8878 0.0512
vn 0.2590 0.9562 -0.1364
vn 0.0932 -0.4023 0.9108
vn 0.0689 -0.3658 0.9281
vn 0.0456 -0.3566 -0.9332
vn 0.0539 -0.3311 -0.9420
vn 0.0487 -0.4065 -0.9124
vn 0.2011 0.9598 -0.1959
vn 0.2318 0.9448 -0.2317
vn 0.0972 0.2746 -0.9566
vn 0.1352 0.2666 -0.9543
vn 0.1975 0.8350 -0.5136
vn 0.1832 0.5901 -0.7863
vn 0.1563 0.3537 -0.9222
vn 0.0034 -0.9972 -0.0752
vn 0.2288 0.9453 0.2326
vn 0.2668 0.9151 0.3022
vn 0.3421 0.5955 0.7269
vn 0.2430 0.3310 0.9118
vn 0.2904 0.3380 0.8952
vn 0.2699 0.8909 0.3652
vn 0.2432 0.6040 0.7589
vn 0.0990 -0.6339 -0.7671
vn 0.0428 -0.7498 -0.6602
vn 0.0674 -0.6384 -0.7668
vn 0.1119 -0.5022 -0.8575
vn -0.3332 0.9378 -0.0977
vn -0.1715 0.9703 -0.1709
vn -0.0428 0.9838 -0.1740
vn -0.3447 0.9320 -0.1123
vn -0.2098 0.9566 -0.2024
vn -0.0914 0.9652 -0.2449
vn 0.1225 0.9433 -0.3086
vn 0.1083 0.9620 -0.2508
vn 0.0024 0.9450 -0.3271
vn 0.3078 0.8499 -0.4277
vn -0.3659 0.9279 -0.0715
vn -0.3569 0.9260 -0.1230
vn -0.3312 0.9342 -0.1325
vn 0.4493 0.8042 -0.3892
vn 0.1425 0.1208 -0.9824
vn 0.4010 0.3538 -0.8450
vn 0.3461 0.0463 -0.9371
vn 0.7900 0.3147 -0.5262
vn 0.6365 0.7027 -0.3178
vn 0.7849 0.5908 -0.1867
vn 0.4785 0.7743 -0.4142
vn 0.2546 0.5131 -0.8197
vn 0.4185 0.8521 -0.3144
vn 0.2069 0.0613 -0.9764
vn 0.5721 0.0261 -0.8198
vn 0.1706 0.2331 -0.9574
vn 0.4901 0.7804 0.3882
vn 0.9162 0.2771 0.2893
vn 0.0390 -0.6082 0.7928
vn 0.0255 0.9987 0.0433
vn 0.0357 0.9991 0.0214
vn 0.0117 0.9998 0.0140
vn 0.0222 0.9959 0.0872
vn 0.0382 0.9954 0.0878
vn 0.0543 -0.3311 0.9420
vn 0.0555 -0.2911 0.9551
vn 0.0395 -0.3275 0.9440
vn 0.0488 -0.1108 0.9926
vn 0.0623 -0.1848 0.9808
vn 0.0419 -0.2419 0.9694
vn 0.0582 -0.2438 0.9681
vn 0.0157 -0.3870 -0.9219
vn 0.0336 -0.3895 -0.9204
vn 0.0427 -0.3847 -0.9220
vn 0.0299 -0.1144 -0.9930
vn 0.0286 0.9834 -0.1792
vn 0.0269 0.9811 -0.1916
vn 0.0219 0.9864 -0.1631
vn 0.0413 0.9848 -0.1687
vn 0.0206 0.9894 -0.1434
vn 0.0394 0.9884 -0.1466
vn 0.0504 0.9704 -0.2363
vn 0.0423 0.9708 -0.2363
vn 0.0284 0.9717 -0.2347
vn 0.0182 0.9711 -0.2380
vn 0.0392 0.3277 -0.9440
vn 0.0592 0.3512 -0.9344
vn 0.0427 0.8245 -0.5643
vn 0.0446 0.5462 -0.8365
vn 0.0023 -0.9999 -0.0099
vn 0.0076 -0.9987 -0.0505
vn 0.0460 0.6439 0.7638
vn 0.0366 0.9178 0.3953
vn 0.0306 0.3965 0.9175
vn 0.0009 -1.0000 0.0009
vn 0.0039 -0.9996 0.0292
vn 0.0811 0.3489 0.9336
vn 0.2003 0.8371 0.5090
vn 0.1004 0.7736 0.6257
vn 0.0661 0.8300 0.5539
vn 0.0552 0.2400 0.9692
vn 0.0046 -0.7582 0.6520
vn -0.0028 -0.6395 0.7688
vn 0.0040 -0.7277 0.6858
vn 0.0112 -0.7423 0.6700
vn -0.0354 -0.2501 0.9676
vn -0.0100 -0.3152 0.9490
vn 0.0095 -0.0760 0.9971
vn 0.0006 -0.7794 0.6265
vn 0.0099 -0.7558 0.6547
vn 0.0176 -0.7490 0.6623
vn -0.0441 -0.0050 0.9990
vn 0.0111 -0.4603 0.8877
vn 0.0264 -0.0334 0.9991
vn 0.0140 -0.8927 0.4504
vn 0.0305 -0.8053 -0.5920
vn 0.0362 -0.6462 -0.7623
vn 0.7219 -0.6848 0.0995
vn 0.5057 -0.8618 -0.0390
vn 0.7032 -0.7086 0.0587
vn 0.8961 -0.3951 0.2022
vn 0.6772 -0.7294 0.0969
vn 0.8673 -0.4314 0.2482
vn 0.6784 -0.7347 -0.0017
vn 0.8947 -0.4329 0.1097
vn -0.0019 -0.9808 0.1949
vn 0.0036 -0.9920 0.1258
vn 0.0128 -0.9608 0.2769
vn 0.0219 -0.9774 0.2103
vn 0.0244 -0.9439 0.3294
vn 0.2003 0.9626 0.1826
vn 0.2397 0.9567 0.1649
vn 0.1642 0.9723 0.1662
vn 0.2016 0.9597 0.1958
vn 0.2617 0.9467 0.1877
vn 0.2600 0.9513 0.1655
vn 0.2652 0.9523 0.1509
vn 0.2114 0.9655 0.1518
vn 0.8400 -0.4994 0.2120
vn 0.7725 -0.5953 0.2209
vn 0.7878 -0.5888 0.1810
vn 0.7544 -0.6062 0.2520
vn 0.8091 -0.5180 0.2775
vn 0.7553 -0.5837 0.2982
vn 0.8059 -0.4799 0.3468
vn 0.7447 -0.5730 0.3422
vn 0.8701 -0.3906 0.3007
vn 0.8753 -0.3181 0.3642
vn -0.5351 -0.3951 0.7467
vn -0.6137 -0.4256 0.6650
vn -0.5193 -0.4584 0.7213
vn -0.5553 -0.3183 0.7683
vn -0.6302 -0.3749 0.6799
vn -0.6899 -0.3082 0.6550
vn -0.7195 -0.3780 0.5826
vn -0.7374 -0.4735 0.4817
vn -0.7735 -0.3735 0.5121
vn -0.4089 -0.4208 0.8098
vn -0.0056 0.9724 0.2334
vn 0.0030 0.9826 0.1857
vn -0.0206 0.9824 0.1855
vn 0.0162 0.9721 0.2342
vn 0.0182 0.9823 0.1864
vn 0.0736 0.9861 0.1492
vn 0.0798 0.9817 0.1728
vn 0.1034 0.9760 0.1919
vn 0.0431 0.9811 0.1886
vn 0.0467 0.9711 0.2342
vn 0.2795 0.9430 0.1805
vn 0.2924 0.9426 0.1616
vn 0.3097 0.9311 0.1928
vn 0.3184 0.9318 0.1741
vn 0.3346 0.9220 0.1949
vn 0.3585 0.9066 0.2227
vn 0.3591 0.9117 0.1995
vn 0.3738 0.9107 0.1758
vn 0.4172 0.8901 0.1835
vn 0.4669 0.8513 0.2395
vn 0.5098 0.8180 0.2664
vn 0.4831 0.8411 0.2434
vn 0.4445 0.8764 0.1855
vn 0.4687 0.8558 0.2190
vn 0.4754 0.8591 0.1893
vn 0.3864 0.9007 0.1986
vn 0.5221 0.8095 0.2686
vn 0.5715 0.7579 0.3148
vn 0.5474 0.7864 0.2862
vn 0.0618 -0.9561 0.2866
vn 0.0178 -0.9968 0.0777
vn -0.0056 -0.9967 0.0811
vn -0.0048 -0.9775 0.2107
vn -0.3654 0.8697 0.3318
vn -0.3162 0.9006 0.2982
vn -0.3470 0.8825 0.3174
vn -0.3058 0.9080 0.2864
vn -0.2299 0.9450 0.2325
vn -0.2449 0.9406 0.2350
vn -0.2161 0.9549 0.2038
vn -0.1745 0.9683 0.1786
vn -0.1870 0.9612 0.2025
vn -0.1577 0.9673 0.1988
vn -0.2981 0.9160 0.2686
vn -0.3604 0.8823 0.3027
vn -0.4148 0.8297 0.3735
vn -0.1277 0.9720 0.1971
vn -0.1158 0.9797 0.1636
vn -0.1473 0.9738 0.1730
vn -0.4629 0.5869 0.6643
vn -0.4420 0.7717 0.4573
vn -0.5397 0.4630 0.7032
vn -0.5082 0.2799 0.8145
vn -0.5918 0.2816 0.7553
vn -0.5915 0.5555 0.5845
vn -0.7278 0.2892 0.6219
vn -0.6597 0.2773 0.6985
vn -0.3428 0.8572 0.3844
vn -0.7964 0.2080 0.5678
vn -0.0235 -0.9960 0.0862
vn 0.6289 0.7278 0.2733
vn 0.6695 0.6684 0.3239
vn 0.7684 0.5742 0.2827
vn 0.7004 0.5646 0.4367
vn 0.8837 0.2654 0.3854
vn 0.8821 0.3386 0.3274
vn 0.9666 0.0749 0.2451
vn 0.9195 -0.0307 0.3919
vn 0.5915 0.7644 0.2565
vn 0.9122 -0.3014 0.2776
vn 0.9406 -0.2311 0.2487
vn 0.0782 -0.9768 0.1996
vn 0.1272 -0.9090 0.3968
vn 0.2883 -0.9423 0.1700
vn 0.3697 -0.8717 0.3216
vn 0.7724 0.4994 0.3924
vn 0.2708 0.8979 0.3471
vn 0.7998 0.4059 0.4423
vn 0.7925 0.3934 0.4660
vn 0.4827 0.7437 0.4624
vn 0.6670 0.6886 0.2845
vn 0.9202 0.2739 0.2796
vn 0.1065 0.9666 0.2332
vn 0.6408 0.6873 0.3421
vn 0.0034 0.9597 0.2811
vn 0.9062 0.2675 0.3276
vn 0.9175 0.1419 0.3717
vn 0.5210 -0.7696 0.3692
vn 0.5300 0.8475 -0.0290
vn 0.3680 0.9298 -0.0064
vn 0.5245 0.8513 -0.0112
vn 0.5177 0.8541 -0.0494
vn 0.0025 0.9932 0.1162
vn -0.2545 0.9545 0.1553
vn 0.5127 0.8568 -0.0547
vn 0.5291 0.8473 -0.0454
vn -0.1973 -0.6843 -0.7020
vn -0.0878 -0.5671 -0.8190
vn -0.2044 -0.6505 -0.7314
vn -0.0245 -0.4598 -0.8877
vn -0.1297 -0.5354 -0.8346
vn 0.0954 -0.2752 -0.9566
vn -0.1668 -0.6980 -0.6964
vn -0.1862 -0.6962 -0.6933
vn -0.2140 -0.6891 -0.6924
vn -0.2686 -0.6811 -0.6811
vn -0.2638 -0.6485 -0.7141
vn 0.2780 0.0820 -0.9571
vn -0.3484 -0.9210 0.1743
vn -0.5146 -0.8240 0.2370
vn -0.6546 -0.6816 0.3270
vn -0.6604 -0.6986 0.2754
vn -0.7535 -0.5570 0.3493
vn -0.7400 -0.5519 0.3845
vn -0.3388 -0.9312 0.1346
vn 0.0458 0.6385 -0.7683
vn 0.0621 0.5055 -0.8606
vn 0.0253 0.1839 -0.9826
vn 0.2009 0.8850 -0.4201
vn 0.2056 0.6507 -0.7309
vn 0.1042 0.7651 -0.6354
vn 0.6847 -0.6304 -0.3657
vn 0.7453 -0.5337 -0.3996
vn 0.6083 -0.6149 -0.5019
vn 0.8124 -0.3716 -0.4493
vn 0.6694 -0.6703 -0.3203
vn -0.8401 -0.4279 -0.3335
vn -0.8516 -0.3674 -0.3738
vn -0.8194 -0.4267 -0.3827
vn -0.8304 -0.3684 -0.4179
vn -0.8013 -0.4290 -0.4170
vn -0.8143 -0.3560 -0.4583
vn -0.9119 -0.2389 -0.3337
vn -0.9107 -0.1711 -0.3761
vn -0.8865 -0.2416 -0.3946
vn -0.8852 -0.1733 -0.4317
vn -0.8625 -0.2458 -0.4424
vn -0.8629 -0.1776 -0.4732
vn -0.8402 -0.2498 -0.4812
vn -0.7835 -0.4683 -0.4084
vn 0.3927 0.8809 -0.2641
vn 0.4044 0.7853 -0.4688
vn 0.5134 0.6848 -0.5171
vn 0.4371 0.5264 -0.7293
vn 0.3703 0.8103 -0.4541
vn 0.3898 0.8969 -0.2090
vn 0.4868 0.3823 -0.7854
vn 0.1505 -0.1812 -0.9719
vn 0.1852 -0.1294 -0.9742
vn 0.4749 0.4422 -0.7608
vn 0.2276 -0.0425 -0.9728
vn 0.2609 0.0932 -0.9609
vn 0.3148 0.9124 -0.2615
vn 0.2889 0.8534 -0.4338
vn 0.2411 0.6705 -0.7016
vn 0.2270 0.4116 -0.8827
vn 0.0851 0.0573 -0.9947
vn 0.0595 0.9052 -0.4208
vn 0.0958 0.9463 -0.3088
vn -0.1140 0.9008 -0.4191
vn -0.0845 0.7636 -0.6402
vn -0.0457 0.9713 -0.2333
vn -0.0487 0.8053 -0.5909
vn -0.0304 0.9103 -0.4128
vn -0.0280 0.4917 -0.8703
vn -0.1606 0.7804 -0.6043
vn -0.1032 0.4674 -0.8780
vn 0.0091 0.1941 -0.9809
vn 0.0156 0.7918 -0.6106
vn -0.0058 0.7967 -0.6044
vn -0.0522 0.1805 -0.9822
vn -0.4428 0.5043 -0.7414
vn -0.3991 0.7664 -0.5034
vn -0.3547 0.3051 -0.8838
vn -0.2826 0.8591 -0.4268
vn -0.2521 0.6957 -0.6726
vn -0.1859 0.9357 -0.2999
vn -0.1408 0.9581 -0.2496
vn -0.2741 0.3807 -0.8832
vn -0.1676 0.0162 -0.9857
vn -0.8447 0.3026 -0.4416
vn -0.6855 0.5778 -0.4430
vn -0.8260 0.3039 -0.4747
vn -0.8128 0.3003 -0.4993
vn -0.7353 0.4304 -0.5235
vn -0.6581 0.5823 -0.4773
vn -0.4588 0.7648 -0.4524
vn -0.6984 0.5900 -0.4051
vn -0.0518 -0.9984 -0.0219
vn 0.5992 0.1439 -0.7876
vn 0.5278 -0.2113 -0.8226
vn 0.4292 0.1483 -0.8909
vn 0.7137 0.4780 -0.5120
vn 0.7420 0.2775 -0.6103
vn 0.6396 0.4497 -0.6235
vn 0.8280 -0.0653 -0.5570
vn 0.6455 0.5474 -0.5326
vn 0.6412 0.5984 -0.4803
vn 0.4922 -0.5549 -0.6707
vn 0.0659 -0.5023 -0.8622
vn 0.6774 0.5110 -0.5291
vn 0.8104 0.2419 -0.5336
vn 0.7420 0.2330 -0.6286
vn 0.2965 0.8789 -0.3737
vn -0.0607 0.9974 -0.0396
vn -0.1972 0.9634 -0.1814
vn 0.2194 -0.9727 -0.0751
vn 0.2192 -0.9742 -0.0534
vn 0.1002 -0.9940 -0.0443
vn 0.5225 -0.8009 -0.2927
vn 0.1641 -0.8829 -0.4400
vn 0.3904 -0.9081 -0.1516
vn 0.1161 -0.8972 -0.4261
vn 0.4906 -0.8713 0.0134
vn -0.2489 -0.9190 -0.3058
vn -0.3678 -0.8807 -0.2983
vn -0.5305 -0.6871 -0.4964
vn -0.4811 -0.5682 -0.6676
vn -0.3828 -0.7463 -0.5445
vn -0.7032 -0.5415 -0.4607
vn 0.5136 -0.8319 -0.2101
vn 0.6654 -0.6955 -0.2712
vn 0.7097 -0.6838 -0.1698
vn 0.6411 -0.7616 -0.0946
vn 0.3643 -0.9297 -0.0548
vn 0.5303 -0.8373 -0.1331
vn 0.4687 0.6922 0.5488
vn 0.5675 0.7441 0.3526
vn 0.4709 0.6729 0.5706
vn 0.4295 0.6994 0.5713
vn 0.3959 0.7194 0.5707
vn 0.5303 0.7708 0.3530
vn 0.4519 0.6720 0.5867
vn 0.4380 0.6888 0.5777
vn 0.4129 0.7054 0.5761
vn 0.3772 0.7301 0.5698
vn 0.3633 0.7476 0.5561
vn 0.0009 -1.0000 -0.0012
vn 0.0454 -0.9977 -0.0494
vn 0.6251 0.6707 -0.3993
vn 0.6358 0.6198 -0.4600
vn 0.6166 0.5968 -0.5135
vn 0.6153 0.5216 -0.5910
vn 0.4535 0.2624 -0.8517
vn 0.0396 -0.2950 -0.9547
vn 0.0551 -0.2482 -0.9671
vn 0.0956 -0.2201 -0.9708
vn 0.4756 0.3277 -0.8164
vn 0.0497 -0.9833 0.1748
vn 0.5416 0.8027 0.2499
vn 0.5695 0.7707 0.2858
vn 0.5670 0.7869 0.2437
vn 0.5920 0.7315 0.3383
vn 0.6158 0.6888 0.3825
vn 0.6003 0.7188 0.3507
vn 0.5893 0.7547 0.2884
vn 0.6327 0.6497 0.4213
vn 0.6210 0.6610 0.4212
vn 0.5396 0.8136 0.2165
vn 0.5363 0.8241 0.1824
vn 0.5189 0.8217 0.2357
vn 0.6102 0.6959 0.3787
vn 0.6214 0.6784 0.3920
vn 0.0100 0.7931 -0.6090
vn 0.0091 0.8498 -0.5270
vn 0.0032 0.8461 -0.5330
vn 0.0177 0.9482 -0.3172
vn 0.0221 0.8111 -0.5844
vn 0.0043 0.8364 -0.5481
vn 0.0779 0.9399 -0.3323
vn 0.0011 -1.0000 -0.0001
vn 0.5447 0.8325 -0.1012
vn 0.5779 0.8108 -0.0925
vn 0.5761 0.8088 -0.1177
vn 0.5762 0.8173 -0.0056
vn 0.6453 0.7637 0.0163
vn 0.6304 0.7756 -0.0325
vn 0.5756 0.8156 -0.0588
vn 0.6225 0.7786 -0.0792
vn 0.3169 -0.6601 0.6810
vn 0.2171 -0.6060 0.7653
vn 0.3165 -0.5621 0.7641
vn 0.2823 -0.4499 0.8473
vn 0.1990 -0.4988 0.8436
vn 0.4031 -0.3463 0.8471
vn 0.2354 -0.3129 0.9202
vn 0.2128 -0.4279 -0.8784
vn 0.1922 -0.5121 -0.8372
vn 0.2548 -0.2591 -0.9317
vn 0.2077 -0.3716 -0.9049
vn 0.2628 -0.2159 -0.9404
vn 0.2168 -0.3181 -0.9229
vn 0.2161 -0.5095 -0.8329
vn 0.5343 0.8329 0.1445
vn 0.5447 0.8325 0.1013
vn 0.5701 0.8093 0.1412
vn 0.5795 0.8062 0.1189
vn 0.5736 0.8009 0.1719
vn 0.5890 0.7798 0.2123
vn 0.6316 0.7539 0.1811
vn 0.6325 0.7604 0.1474
vn 0.6312 0.7660 0.1221
vn 0.0734 0.8341 -0.5467
vn 0.5774 0.7502 -0.3222
vn 0.6075 0.7045 -0.3668
vn 0.6005 0.7193 -0.3492
vn 0.5587 0.7761 -0.2925
vn 0.5891 0.7376 -0.3299
vn 0.6143 0.6861 -0.3897
vn 0.5743 0.7823 -0.2412
vn 0.5751 0.7678 -0.2825
vn 0.6033 0.7124 -0.3585
vn 0.6143 0.6696 -0.4175
vn 0.5804 0.7866 -0.2105
vn 0.5270 0.3788 -0.7608
vn 0.4518 0.2219 -0.8641
vn 0.6567 0.6419 -0.3959
vn 0.5277 0.3225 -0.7859
vn 0.6246 0.6891 -0.3674
vn 0.6113 0.7902 0.0448
vn 0.5802 0.7677 0.2721
vn 0.4228 0.1550 -0.8929
vn 0.6011 0.7152 0.3565
vn 0.6092 0.6418 0.4658
vn 0.6118 0.7033 0.3621
vn 0.3336 0.0913 0.9383
vn 0.5695 0.4803 0.6671
vn 0.6310 0.6329 0.4487
vn 0.4544 0.2568 0.8530
vn 0.6185 0.5316 0.5787
vn 0.6442 0.6105 0.4607
vn 0.6445 0.5767 0.5020
vn 0.5681 0.3581 0.7410
vn 0.6355 0.6223 0.4569
vn 0.6379 0.4369 0.6342
vn 0.5941 0.1969 0.7799
vn 0.4491 0.8306 -0.3291
vn 0.6519 0.7510 -0.1049
vn 0.4582 0.7434 -0.4872
vn 0.1369 -0.9261 -0.3516
vn 0.2061 -0.6171 -0.7594
vn 0.0005 0.8444 0.5357
vn -0.0118 0.9483 0.3172
vn 0.0039 0.9422 0.3350
vn -0.0390 0.9512 0.3062
vn -0.0778 0.9932 0.0870
vn -0.0533 0.9984 -0.0167
vn -0.0152 0.8755 0.4830
vn -0.0240 0.8610 0.5080
vn -0.0102 0.8524 0.5228
vn -0.0384 0.8828 0.4681
vn -0.0497 0.8625 0.5036
vn -0.1247 0.9879 0.0922
vn 0.0157 0.9585 0.2846
vn -0.6640 -0.7422 0.0915
vn -0.8310 -0.5431 0.1206
vn -0.8066 -0.5671 0.1669
vn -0.6979 -0.7134 0.0638
vn -0.9404 -0.3283 0.0886
vn -0.9796 -0.1408 0.1435
vn -0.8697 -0.4271 0.2473
vn -0.6535 -0.7475 0.1188
vn -0.6974 -0.7077 0.1133
vn -0.7156 -0.6934 0.0842
vn -0.9418 -0.2709 -0.1993
vn -0.9350 -0.2348 -0.2657
vn -0.9167 -0.3056 -0.2575
vn -0.9020 -0.3675 -0.2266
vn -0.8905 -0.3673 -0.2685
vn -0.9600 -0.1629 -0.2279
vn -0.9363 -0.1698 -0.3075
vn -0.8810 -0.3678 -0.2977
vn -0.8952 -0.3046 -0.3253
vn -0.8676 -0.3679 -0.3345
vn 0.2280 0.7280 0.6465
vn 0.2911 0.9302 0.2237
vn 0.2226 0.6843 0.6944
vn 0.3779 0.8923 0.2469
vn 0.3452 0.9039 -0.2525
vn 0.3074 0.9152 0.2607
vn 0.2900 0.9022 -0.3194
vn 0.2967 0.9122 0.2825
vn 0.1710 0.5299 0.8306
vn 0.1240 0.3345 0.9342
vn 0.1244 0.3727 0.9196
vn 0.2522 0.6336 0.7314
vn -0.4180 0.1340 0.8985
vn -0.4058 0.4044 0.8196
vn -0.3336 0.0973 0.9377
vn -0.4555 0.4204 0.7847
vn -0.4301 0.6669 0.6085
vn -0.3170 0.7643 0.5616
vn -0.5160 -0.0568 -0.8547
vn -0.4159 0.1728 -0.8928
vn -0.5512 0.2721 -0.7887
vn -0.6877 0.2741 -0.6722
vn -0.6257 0.5689 -0.5337
vn -0.7496 0.3588 -0.5562
vn -0.5681 0.5134 -0.6432
vn -0.4106 0.8020 -0.4338
vn -0.4140 0.8305 -0.3726
vn -0.3359 0.9406 -0.0499
vn -0.2193 0.9630 -0.1569
vn 0.3834 0.0162 -0.9235
vn 0.3599 0.1110 -0.9264
vn 0.1545 -0.1364 -0.9785
vn 0.6322 0.2752 -0.7242
vn 0.6565 -0.0152 -0.7542
vn 0.5965 0.6999 -0.3929
vn 0.6827 0.7286 0.0550
vn 0.6898 0.6271 -0.3618
vn 0.7994 -0.0226 0.6004
vn 0.7464 0.2696 0.6084
vn 0.8986 -0.1029 0.4265
vn 0.8261 -0.4447 0.3461
vn 0.4911 0.0107 0.8710
vn 0.2275 -0.0686 0.9714
vn 0.3889 0.2881 0.8751
vn 0.4461 0.2896 0.8468
vn 0.2268 -0.0327 0.9734
vn 0.3502 0.3333 0.8754
vn 0.3592 0.4801 0.8003
vn 0.4353 0.5643 0.7015
vn 0.5228 0.5152 0.6791
vn 0.5515 0.7647 0.3332
vn 0.6009 0.7409 0.3000
vn 0.4892 0.5377 0.6867
vn 0.4968 0.8016 0.3326
vn 0.4412 0.8139 0.3780
vn 0.0814 -0.2820 0.9559
vn 0.1996 0.0752 0.9770
vn 0.2815 0.3958 0.8741
vn 0.5911 0.5412 0.5980
vn 0.5758 0.5403 0.6137
vn 0.0538 0.1945 0.9794
vn 0.0346 0.3818 0.9236
vn 0.0587 0.5274 0.8476
vn 0.0385 0.6924 0.7205
vn 0.0649 0.7390 0.6706
vn 0.0387 -0.2163 0.9756
vn -0.0192 0.1814 0.9832
vn 0.0060 0.3750 0.9270
vn -0.0914 0.5500 0.8301
vn -0.0449 0.5535 0.8317
vn -0.0963 0.3865 0.9172
vn -0.0188 0.5505 0.8346
vn 0.0097 0.6899 0.7239
vn -0.0181 0.7962 0.6048
vn 0.0079 0.9095 0.4156
vn -0.1116 0.8251 0.5539
vn -0.0842 0.8703 0.4853
vn -0.0412 0.8794 0.4742
vn -0.0220 0.9327 0.3599
vn -0.1474 0.3361 0.9302
vn -0.0518 0.9984 0.0210
vn -0.8829 0.2208 0.4145
vn -0.8693 0.1959 0.4538
vn -0.5639 0.6909 0.4524
vn -0.3801 0.8317 0.4048
vn -0.5582 0.7107 0.4281
vn -0.4863 0.7984 0.3551
vn -0.2300 0.9286 0.2914
vn -0.8672 0.1439 0.4766
vn -0.8641 0.0493 0.5009
vn -0.8768 0.2894 0.3842
vn -0.6067 0.7144 0.3485
vn -0.2838 0.1286 -0.9502
vn -0.2766 0.2923 -0.9154
vn -0.3457 0.4281 -0.8350
vn -0.3703 0.6897 -0.6223
vn -0.3153 0.7697 -0.5551
vn -0.3494 0.8912 -0.2893
vn -0.1111 -0.3195 -0.9410
vn -0.2172 0.3326 -0.9177
vn -0.1592 0.0670 -0.9850
vn -0.1575 0.3768 -0.9128
vn -0.1986 0.4802 -0.8544
vn -0.4044 0.8617 -0.3065
vn -0.4064 0.4078 -0.8177
vn -0.4784 0.5949 -0.6460
vn -0.2937 -0.2386 -0.9256
vn -0.3307 0.1063 -0.9377
vn -0.0483 0.3831 -0.9224
vn -0.0895 0.5408 -0.8364
vn -0.0436 -0.0224 -0.9988
vn 0.0061 0.3749 -0.9270
vn -0.0181 0.5480 -0.8363
vn -0.0204 0.2137 -0.9767
vn -0.0969 0.3883 -0.9164
vn -0.1100 0.8428 -0.5269
vn 0.0095 0.6899 -0.7238
vn -0.0165 0.7935 -0.6084
vn -0.0435 0.8414 -0.5387
vn -0.0799 0.8841 -0.4604
vn 0.0085 0.9096 -0.4154
vn -0.0210 0.9328 -0.3599
vn -0.0746 -0.0810 -0.9939
vn 0.0032 -0.0429 -0.9991
vn -0.0057 -0.2723 -0.9622
vn 0.2572 0.6799 -0.6867
vn 0.2422 0.7878 -0.5663
vn 0.2024 0.4886 -0.8487
vn 0.2912 0.8697 -0.3986
vn -0.9508 0.3045 0.0568
vn -0.9404 -0.3375 0.0411
vn -0.8192 0.5735 -0.0000
vn -0.6015 0.7969 0.0561
vn -0.4812 0.8766 -0.0084
vn -0.6011 0.7938 0.0930
vn -0.0921 0.9943 0.0529
vn -0.5977 0.7870 0.1531
vn -0.5952 0.7829 0.1811
vn -0.5851 0.7770 0.2322
vn -0.5815 0.7719 0.2571
vn -0.5743 0.7572 0.3110
vn -0.9639 -0.1874 -0.1890
vn -0.9025 0.3436 -0.2595
vn -0.8333 0.5083 -0.2172
vn -0.9373 0.2971 -0.1822
vn -0.5964 0.7899 -0.1427
vn -0.5409 0.8151 -0.2076
vn -0.4808 0.8592 -0.1750
vn -0.9184 -0.2583 -0.2996
vn -0.8702 0.2992 -0.3915
vn -0.8812 0.3255 -0.3427
vn -0.5955 0.8024 -0.0392
vn -0.9511 0.3036 -0.0568
vn 0.9501 -0.0218 -0.3113
vn 0.8355 0.4223 -0.3516
vn 0.8212 0.4070 -0.3999
vn 0.8594 0.2595 -0.4405
vn 0.7505 0.4634 -0.4712
vn 0.8034 0.3082 -0.5095
vn 0.5880 0.6429 -0.4908
vn 0.9681 0.1520 -0.1994
vn 0.9685 0.0117 -0.2488
vn 0.8562 0.4336 -0.2810
vn 0.7106 0.6591 -0.2463
vn 0.4983 0.8096 -0.3103
vn 0.9023 -0.0773 -0.4240
vn 0.8059 0.1999 -0.5572
vn 0.8350 0.5461 0.0671
vn 0.8203 0.5719 0.0045
vn 0.8777 0.4792 0.0006
vn 0.7092 0.7050 0.0017
vn 0.8675 0.4966 -0.0298
vn 0.5009 0.8655 0.0038
vn 0.5446 0.8350 -0.0791
vn 0.9754 0.0958 0.1986
vn 0.9628 0.2675 0.0383
vn 0.8313 0.5530 0.0559
vn 0.9297 0.3676 0.0215
vn 0.8470 0.4940 0.1962
vn 0.6900 0.7078 0.1518
vn 0.9146 0.3813 0.1346
vn 0.9014 0.4216 0.0986
vn 0.6146 0.7823 0.1012
vn 0.8546 0.5065 0.1145
vn 0.9501 -0.3106 -0.0301
vn 0.9842 0.1762 -0.0162
vn 0.8906 -0.4502 0.0642
vn 0.9935 0.0108 0.1137
vn 0.8792 -0.4756 0.0277
vn 0.9720 0.1274 0.1973
vn 0.7429 0.6283 0.2309
vn 0.6282 0.7755 0.0620
vn 0.2465 0.7833 0.5707
vn 0.1988 0.8889 0.4128
vn 0.2650 0.9280 0.2620
vn 0.1199 0.1812 0.9761
vn 0.1177 0.4483 0.8861
vn 0.1913 0.5297 0.8264
vn 0.0905 0.9051 -0.4154
vn 0.0556 0.9399 -0.3369
vn 0.0630 0.7973 -0.6003
vn 0.1931 0.8847 -0.4243
vn 0.3309 0.3370 -0.8814
vn 0.1595 -0.0644 -0.9851
vn 0.3413 0.1730 -0.9239
vn 0.5000 0.3997 -0.7683
vn 0.4618 0.4117 -0.7857
vn 0.3546 0.1512 -0.9227
vn 0.4188 0.4493 -0.7891
vn 0.4117 0.6084 -0.6785
vn 0.5449 0.5015 -0.6720
vn 0.5422 0.6435 -0.5403
vn 0.4876 0.6736 -0.5555
vn 0.4407 0.8186 -0.3684
vn 0.6082 0.7100 -0.3549
vn 0.5527 0.7902 -0.2647
vn 0.3122 0.0412 -0.9491
vn 0.4108 0.1713 0.8955
vn 0.2953 0.0350 0.9548
vn 0.5530 0.2610 0.7912
vn 0.5792 0.4679 0.6676
vn 0.5957 0.4375 0.6736
vn 0.6272 0.5444 0.5570
vn 0.6637 0.6096 0.4336
vn 0.6986 0.6284 0.3422
vn 0.6433 0.6740 0.3631
vn 0.0165 -0.2707 0.9625
vn 0.6069 0.7946 -0.0155
vn 0.6453 0.7636 -0.0227
vn 0.6909 0.7147 0.1093
vn 0.5660 0.5496 0.6145
vn 0.5906 0.7149 0.3744
vn 0.7352 0.6298 0.2506
vn 0.8641 0.2375 0.4438
vn 0.7276 0.6853 0.0306
vn 0.6377 0.7680 0.0594
vn 0.4327 0.6001 0.6729
vn 0.3302 0.3895 0.8598
vn 0.8590 0.4713 0.2000
vn 0.9723 0.2285 -0.0489
vn 0.9886 0.1209 -0.0896
vn 0.9854 0.1702 -0.0044
vn 0.8725 0.4824 -0.0776
vn 0.6210 0.7752 -0.1161
vn 0.8530 0.4875 -0.1865
vn 0.6653 0.7266 -0.1715
vn 0.5025 0.8409 -0.2009
vn 0.9871 0.0470 -0.1529
vn 0.2317 0.9667 -0.1090
vn 0.2781 0.9516 -0.1311
vn 0.3772 0.8999 -0.2191
vn 0.6094 0.7481 -0.2628
vn 0.7311 0.6610 -0.1692
vn 0.6193 0.7822 -0.0677
vn 0.6972 0.4827 -0.5299
vn 0.4721 0.2047 -0.8575
vn 0.5179 0.5967 -0.6130
vn 0.9386 0.3446 -0.0184
vn 0.8509 0.5185 -0.0839
vn 0.2615 0.7841 -0.5629
vn 0.2897 0.9307 -0.2235
vn 0.1756 0.5041 -0.8456
vn 0.2571 0.8029 -0.5379
vn 0.2898 0.9299 -0.2262
vn 0.2492 0.6167 -0.7467
vn 0.1603 0.5050 -0.8481
vn 0.1434 0.0624 0.9877
vn 0.2358 0.4544 0.8590
vn 0.1636 0.2695 0.9490
vn 0.2417 0.6653 0.7064
vn 0.2912 0.8696 0.3986
vn 0.0548 -0.2544 0.9655
vn 0.2598 0.9634 -0.0667
vn 0.1020 0.1735 -0.9795
vn 0.1176 0.4481 -0.8862
vn 0.0810 0.1870 -0.9790
vn 0.0097 -0.2360 -0.9717
vn 0.0387 -0.1229 -0.9917
vn 0.1819 0.6826 -0.7077
vn 0.0538 0.1942 -0.9795
vn 0.0347 0.3817 -0.9236
vn 0.0589 0.5408 -0.8391
vn 0.0390 0.6901 -0.7227
vn 0.0346 0.9113 -0.4103
vn 0.0838 0.7069 0.7023
vn 0.1813 0.6858 0.7049
vn -0.5528 0.3243 0.7676
vn -0.6723 0.2265 0.7048
vn -0.6423 0.2319 0.7305
vn -0.7225 0.3787 0.5785
vn -0.4761 0.6568 0.5847
vn -0.1166 0.9500 0.2896
vn 0.9229 -0.1042 0.3707
vn 0.8716 0.2738 0.4067
vn 0.9488 -0.0392 0.3134
vn 0.8569 0.1989 0.4756
vn 0.8308 0.4414 0.3390
vn 0.7206 0.6158 0.3186
vn 0.9549 0.1229 0.2702
vn 0.7171 0.5235 0.4600
vn 0.7410 0.4280 0.5174
vn 0.4519 0.8028 0.3890
vn 0.7387 0.5518 0.3872
vn 0.5718 0.6420 0.5107
vn 0.4255 0.7909 0.4398
vn 0.6877 0.4562 -0.5647
vn 0.7781 0.5306 -0.3362
vn 0.5467 -0.3816 -0.7453
vn 0.8392 -0.0802 -0.5379
vn 0.7998 -0.4375 -0.4109
vn 0.3132 0.9029 -0.2943
vn 0.5987 0.8002 -0.0341
vn -0.7895 0.4101 -0.4567
vn -0.7320 0.5530 -0.3979
vn -0.8891 0.2100 -0.4067
vn -0.7826 0.3720 -0.4992
vn -0.5753 0.6924 -0.4355
vn -0.7632 0.3760 -0.5255
vn -0.5849 0.6525 -0.4819
vn -0.2444 0.9258 -0.2883
vn -0.4645 0.8147 -0.3472
vn -0.2554 0.9042 -0.3424
vn -0.1060 0.9689 -0.2237
vn -0.5343 0.7773 -0.3323
vn 0.4375 0.6698 -0.5999
vn 0.4989 0.7906 -0.3550
vn 0.5483 0.8001 -0.2434
vn 0.5324 0.8336 -0.1473
vn 0.4538 0.6402 -0.6199
vn 0.5714 0.7835 -0.2443
vn 0.5450 0.8047 0.2354
vn 0.5056 0.8021 0.3178
vn 0.3712 0.5739 0.7300
vn 0.5770 0.7879 0.2153
vn 0.2084 0.2998 0.9310
vn 0.6702 0.5176 0.5319
vn 0.5889 0.7179 0.3713
vn 0.6726 0.7386 -0.0461
vn 0.6968 0.7169 -0.0205
vn 0.5369 0.8423 0.0475
vn 0.5180 0.3295 -0.7894
vn 0.6291 0.6218 -0.4665
vn 0.5007 0.3564 -0.7888
vn 0.6119 0.4759 -0.6318
vn 0.6648 0.6874 -0.2923
vn 0.0693 -0.2735 -0.9594
vn 0.0556 -0.2589 -0.9643
vn 0.6557 0.7540 0.0378
vn 0.6290 0.7769 0.0286
vn 0.0363 0.0981 -0.9945
vn 0.1003 0.2351 -0.9668
vn 0.0594 0.0794 -0.9951
vn 0.0530 0.1225 -0.9911
vn 0.0934 0.2682 -0.9588
vn 0.0449 0.1376 -0.9895
vn -0.3085 0.9475 -0.0844
vn -0.0224 0.9874 -0.1565
vn -0.2755 0.9572 0.0889
vn -0.1171 0.9856 0.1222
vn 0.0729 0.1530 0.9855
vn 0.0807 0.0948 0.9922
vn 0.0475 0.1317 0.9902
vn 0.1316 0.3905 0.9112
vn -0.0888 0.9877 -0.1291
vn 0.0180 0.9918 -0.1265
vn 0.5032 -0.8631 -0.0438
vn 0.6268 -0.7782 -0.0381
vn 0.6600 -0.7470 -0.0799
vn 0.8385 -0.5432 -0.0417
vn 0.6316 -0.7733 -0.0557
vn 0.7917 -0.6108 -0.0130
vn 0.9842 -0.1765 0.0166
vn -0.0418 -0.7446 -0.6662
vn -0.2101 -0.5970 -0.7742
vn -0.1361 -0.7684 -0.6253
vn -0.7169 -0.5111 -0.4740
vn -0.8172 -0.3555 -0.4537
vn -0.6998 -0.6468 -0.3032
vn -0.3808 -0.2905 -0.8778
vn -0.3893 -0.8180 -0.4235
vn -0.5030 -0.8136 -0.2915
vn -0.5717 -0.7411 -0.3521
vn -0.4203 -0.5474 -0.7237
vn -0.2978 -0.6279 -0.7190
vn -0.1562 -0.5250 -0.8366
vn -0.3394 -0.6268 -0.7014
vn -0.1908 -0.5128 -0.8370
vn -0.3239 -0.5878 -0.7414
vn -0.1296 -0.4112 -0.9023
vn -0.3074 -0.6576 -0.6878
vn -0.3424 -0.6422 -0.6858
vn -0.3608 -0.6205 -0.6962
vn 0.7744 -0.0155 0.6325
vn 0.7254 0.4547 0.5168
vn 0.1559 0.1136 0.9812
vn 0.3986 0.3534 0.8463
vn 0.1896 0.3252 0.9265
vn 0.3505 0.6637 0.6608
vn 0.1832 0.2284 0.9562
vn 0.3506 0.0524 0.9351
vn 0.4404 0.8973 0.0305
vn 0.1690 0.9779 -0.1228
vn 0.2264 0.9682 -0.1064
vn 0.4761 0.8779 0.0514
vn 0.0251 0.9761 -0.2159
vn 0.4291 0.9028 0.0267
vn -0.1173 0.9780 -0.1724
vn -0.1386 -0.7033 0.6972
vn -0.0739 -0.5738 0.8156
vn -0.0834 -0.5160 0.8525
vn -0.1223 -0.7391 0.6624
vn -0.0905 -0.7379 0.6688
vn -0.0055 -0.3618 0.9322
vn 0.0391 -0.1248 0.9914
vn 0.0103 -0.1988 0.9800
vn 0.5925 0.7176 0.3660
vn 0.3712 0.7581 0.5361
vn 0.5647 0.7368 0.3718
vn 0.3102 0.9343 0.1755
vn 0.4419 0.6618 0.6056
vn 0.1280 0.9153 0.3819
vn -0.0808 -0.5446 -0.8348
vn -0.0095 -0.3759 -0.9266
vn -0.0070 -0.5640 -0.8257
vn -0.0868 -0.5310 -0.8429
vn 0.2049 0.7971 -0.5680
vn 0.2866 0.8899 -0.3547
vn 0.2507 0.9008 -0.3546
vn -0.2388 -0.6706 0.7024
vn -0.1962 -0.6507 0.7336
vn -0.0069 -0.4344 0.9007
vn -0.0936 -0.5893 0.8025
vn 0.0270 -0.3846 0.9227
vn -0.3281 -0.6723 0.6636
vn -0.1968 -0.6517 0.7325
vn -0.0978 -0.5328 0.8406
vn -0.1792 -0.7437 0.6440
vn -0.3252 -0.6406 0.6956
vn -0.3537 -0.6144 0.7053
vn 0.1887 0.8084 0.5576
vn 0.1858 0.8021 0.5675
vn -0.5673 -0.8130 -0.1315
vn -0.6093 -0.7816 -0.1336
vn -0.6004 -0.7867 -0.1434
vn -0.6310 -0.7594 -0.1587
vn -0.5687 -0.8015 -0.1847
vn -0.7454 -0.6316 -0.2131
vn -0.7214 -0.6494 -0.2407
vn -0.8832 -0.3257 -0.3375
vn -0.7941 -0.5628 -0.2297
vn -0.8725 -0.3247 -0.3650
vn -0.9022 -0.0000 -0.4313
vn 0.0498 -0.7617 -0.6460
vn -0.0366 -0.6288 -0.7767
vn 0.0016 -0.7330 -0.6803
vn 0.0343 -0.7618 -0.6469
vn 0.0039 -0.6617 -0.7497
vn -0.1155 -0.5529 -0.8252
vn -0.0784 -0.5160 -0.8530
vn -0.2238 -0.2854 -0.9319
vn -0.2073 -0.1158 -0.9714
vn -0.0003 -0.6971 -0.7170
vn -0.0355 -0.7131 -0.7002
vn 0.0334 -0.7430 -0.6685
vn 0.0138 -0.6994 -0.7146
vn -0.0327 -0.4841 -0.8744
vn 0.5151 0.7690 -0.3787
vn 0.5704 0.7590 -0.3140
vn 0.4694 0.7899 -0.3945
vn 0.5739 0.8186 -0.0230
vn -0.1581 -0.7057 0.6906
vn -0.0763 -0.5241 0.8482
vn 0.0329 -0.2069 0.9778
vn -0.1808 0.9268 0.3291
vn -0.1771 0.9710 0.1606
vn 0.2286 0.9701 -0.0820
vn -0.0875 0.9663 -0.2422
vn 0.1070 0.9936 0.0365
vn 0.0135 0.8863 0.4629
vn 0.1234 0.9179 0.3772
vn 0.0128 0.8880 0.4596
vn 0.3972 0.9157 0.0608
vn 0.3875 0.9196 0.0642
vn 0.2734 0.7844 -0.5567
vn 0.2404 0.7966 -0.5546
vn 0.2423 0.7982 -0.5515
vn 0.2188 0.9758 -0.0021
vn -0.0029 -0.7274 -0.6863
vn -0.0529 -0.7227 -0.6891
vn 0.0022 -0.7210 -0.6930
vn -0.0907 0.8418 0.5321
vn -0.1990 0.9484 0.2467
vn -0.1310 0.9388 0.3186
vn -0.1245 0.8568 0.5003
vn -0.2672 0.9483 0.1712
vn -0.2402 0.9620 -0.1297
vn -0.1760 0.9769 -0.1214
vn -0.0755 0.8799 0.4691
vn -0.0736 0.8579 0.5085
vn -0.0958 0.8320 0.5464
vn -0.1005 0.8375 0.5371
vn 0.0263 0.8491 0.5276
vn 0.0040 0.8371 0.5470
vn 0.0028 -0.7341 -0.6790
vn 0.0050 -0.5488 -0.8359
vn -0.0006 -0.6519 -0.7583
vn -0.0159 -0.4323 -0.9016
vn 0.0040 -0.7612 -0.6485
vn -0.0004 -0.7973 -0.6036
vn 0.0174 -0.5485 0.8360
vn -0.0044 -0.5671 0.8236
vn -0.2120 -0.6553 -0.7250
vn -0.0806 -0.5358 -0.8405
vn -0.3306 -0.6401 -0.6936
vn -0.3247 -0.6646 -0.6729
vn -0.1709 -0.7911 -0.5874
vn 0.1506 -0.2894 -0.9453
vn -0.0191 -0.7221 0.6916
vn -0.0382 -0.7265 0.6861
vn 0.0324 -0.2609 0.9648
vn 0.0060 -0.5581 0.8298
vn 0.0356 -0.1279 0.9912
vn -0.0874 -0.6426 0.7612
vn 0.2112 -0.8166 -0.5371
vn -0.1529 -0.7445 -0.6499
vn 0.0189 -0.2846 0.9585
vn 0.0106 -0.6060 0.7954
vn 0.0022 -0.7517 0.6595
vn -0.0054 -0.2285 -0.9735
vn -0.0066 -0.5388 -0.8424
vn 0.0214 -0.7450 -0.6667
vn -0.0428 -0.3489 -0.9362
vn 0.0105 -0.7564 -0.6540
vn 0.0028 -0.7222 -0.6917
vn 0.0109 -0.5011 -0.8653
vn 0.0021 -0.4951 -0.8688
vn 0.0134 -0.7645 -0.6445
vn 0.0360 -0.1397 -0.9895
vn -0.0590 -0.5009 -0.8635
vn 0.0083 -0.5493 -0.8356
vn -0.0576 -0.7214 -0.6901
vn 0.0342 -0.2320 -0.9721
vn 0.0118 -0.6279 -0.7782
vn 0.0858 -0.0498 0.9951
vn 0.0318 -0.3441 0.9384
vn 0.1563 0.0605 0.9859
vn -0.1004 -0.5909 0.8004
vn -0.0765 -0.4951 0.8655
vn -0.1450 -0.7011 0.6981
vn -0.1640 -0.7214 0.6728
vn -0.1573 -0.7241 0.6715
vn -0.3520 -0.0268 -0.9356
vn -0.1348 -0.4095 -0.9023
vn -0.1397 -0.5357 -0.8328
vn -0.1239 -0.0391 -0.9915
vn -0.0355 -0.5544 -0.8315
vn -0.1294 -0.3296 -0.9352
vn -0.3127 0.3110 -0.8975
vn -0.7584 0.4901 -0.4298
vn -0.7789 0.4241 -0.4619
vn -0.7296 0.5541 -0.4008
vn -0.8107 0.3311 -0.4829
vn -0.8431 0.1862 -0.5045
vn -0.7639 -0.5791 -0.2846
vn -0.6710 -0.6862 -0.2808
vn -0.8155 -0.4903 -0.3075
vn -0.5268 0.7290 -0.4370
vn -0.4506 0.8094 -0.3766
vn -0.7343 0.5690 -0.3702
vn -0.6959 0.6369 -0.3317
vn -0.1803 -0.4873 0.8544
vn -0.2088 -0.5555 0.8049
vn -0.1009 -0.5371 0.8374
vn -0.0726 -0.5378 0.8400
vn -0.0995 -0.4875 0.8674
vn -0.1682 -0.7007 0.6933
vn -0.1775 -0.7040 0.6876
vn -0.1887 -0.6984 0.6904
vn -0.1932 -0.6851 0.7023
vn -0.2134 -0.6884 0.6932
vn -0.2624 -0.6771 0.6876
vn 0.1261 0.4288 -0.8946
vn -0.1432 -0.6985 -0.7012
vn -0.1238 -0.7039 -0.6994
vn -0.0375 -0.4437 0.8954
vn 0.4337 0.8678 0.2425
vn 0.3246 0.9438 0.0618
vn 0.3149 0.9096 0.2710
vn 0.2887 0.9473 0.1386
vn 0.4814 0.7349 0.4778
vn 0.3417 0.5480 0.7635
vn 0.2935 0.8494 0.4386
vn 0.2233 0.6874 0.6911
vn 0.7280 0.3670 0.5791
vn 0.3687 0.1505 0.9173
vn 0.9227 -0.0031 0.3855
vn 0.5610 0.0005 0.8278
vn 0.9697 0.2027 0.1362
vn 0.6978 0.7146 0.0484
vn 0.1417 0.3860 0.9115
vn -0.1954 -0.5309 -0.8246
vn -0.2316 -0.5248 -0.8191
vn -0.1595 -0.5354 -0.8294
vn -0.5227 0.6878 -0.5037
vn -0.5843 0.3308 -0.7410
vn -0.5922 0.6137 -0.5222
vn -0.4971 0.3996 -0.7701
vn -0.3746 -0.2350 -0.8969
vn -0.6092 0.0559 -0.7911
vn -0.7043 0.4137 -0.5768
vn -0.7670 -0.2323 -0.5982
vn -0.8202 0.2054 -0.5340
vn -0.4544 -0.5062 -0.7330
vn -0.6644 -0.3030 -0.6833
vn -0.0867 -0.7153 -0.6934
vn -0.2543 -0.6370 -0.7277
vn -0.8310 -0.3070 -0.4639
vn -0.2814 -0.7927 -0.5408
vn -0.4632 0.7622 -0.4521
vn 0.8987 -0.4244 0.1106
vn 0.7745 -0.6326 -0.0005
vn 0.6458 -0.7635 -0.0040
vn 0.5798 -0.8133 -0.0492
vn 0.8908 -0.4432 -0.1001
vn 0.6681 -0.7382 -0.0935
vn 0.7044 -0.6992 -0.1222
vn 0.2800 0.9582 0.0583
vn 0.2991 0.9474 0.1136
vn 0.3077 0.9511 0.0264
vn 0.2734 0.9371 0.2170
vn 0.2929 0.9234 0.2479
vn 0.2090 0.6849 0.6981
vn 0.2754 0.8604 0.4289
vn 0.3262 0.9443 0.0441
vn 0.4597 0.8881 0.0054
vn 0.4814 0.8763 0.0213
vn 0.5098 0.8603 -0.0018
vn 0.4357 0.8998 0.0243
vn 0.3921 0.9197 0.0211
vn 0.3560 0.9343 0.0179
vn 0.2988 0.9476 -0.1134
vn 0.2738 0.9397 -0.2052
vn 0.3077 0.9415 -0.1375
vn 0.3145 0.9137 -0.2574
vn 0.2994 0.8540 -0.4254
vn 0.2174 0.7163 -0.6631
vn 0.2209 0.6744 -0.7045
vn 0.1370 0.4227 -0.8958
vn 0.1604 0.4542 -0.8763
vn 0.3122 0.9314 -0.1872
vn 0.2924 0.9256 -0.2403
vn -0.3238 0.9406 0.1020
vn -0.4021 0.9038 0.1467
vn -0.4211 0.8830 0.2072
vn -0.6292 0.7218 0.2883
vn -0.4419 0.8586 0.2598
vn -0.5956 0.7757 0.2087
vn -0.4181 0.8877 0.1930
vn -0.5392 0.8316 0.1330
vn -0.9548 -0.2211 0.1986
vn -0.9570 -0.1567 0.2443
vn -0.9304 -0.2591 0.2591
vn -0.9894 0.0345 0.1414
vn -0.9289 0.3128 0.1981
vn -0.9174 -0.3901 0.0781
vn -0.7981 -0.5914 0.1156
vn -0.8969 -0.3261 0.2988
vn 0.5703 -0.7340 -0.3688
vn 0.6344 -0.7635 -0.1208
vn 0.8126 -0.4537 -0.3659
vn -0.0948 -0.5321 -0.8414
vn 0.0145 -0.3736 -0.9275
vn 0.6815 -0.7304 0.0449
vn 0.5314 -0.8470 -0.0139
vn -0.0054 -0.2318 0.9727
vn 0.0021 -0.4974 0.8675
vn -0.0682 -0.0218 0.9974
vn -0.0069 -0.5406 0.8412
vn 0.6973 0.6905 -0.1923
vn 0.9681 0.2269 -0.1060
vn 0.7593 0.3553 -0.5452
vn 0.9613 -0.0898 -0.2603
vn 0.5068 0.7478 -0.4289
vn 0.3490 0.6441 -0.6807
vn 0.4829 0.3993 -0.7793
vn 0.4924 0.8616 -0.1235
vn 0.8290 0.0450 -0.5574
vn 0.9973 -0.0717 0.0148
vn 0.9857 -0.1429 0.0891
vn 0.0125 -0.2747 -0.9615
vn -0.0788 -0.5009 -0.8619
vn -0.3545 0.9130 -0.2017
vn -0.4066 0.8953 -0.1820
vn -0.3244 0.9435 -0.0681
vn -0.4124 0.9030 -0.1208
vn -0.5296 0.8438 -0.0862
vn -0.6040 0.7511 -0.2665
vn -0.6433 0.7363 -0.2099
vn -0.8444 0.5060 -0.1760
vn -0.6649 0.7404 -0.0984
vn -0.6621 0.7080 -0.2458
vn -0.8943 0.3931 -0.2136
vn -0.9814 -0.1443 -0.1269
vn -0.9220 -0.3269 -0.2074
vn -0.8421 -0.4943 -0.2155
vn -0.6953 -0.7092 -0.1167
vn -0.3720 0.8928 -0.2539
vn -0.3629 0.9041 -0.2258
vn -0.1570 -0.4878 0.8587
vn -0.3480 -0.6409 0.6842
vn -0.2987 -0.6500 0.6988
vn -0.3399 -0.6257 0.7021
vn -0.5844 0.6285 0.5134
vn -0.6800 0.2378 0.6936
vn -0.5768 0.1062 0.8099
vn -0.5299 0.5871 0.6120
vn -0.4837 0.7012 0.5238
vn -0.4493 -0.7679 0.4567
vn -0.3988 -0.1703 0.9011
vn -0.1494 -0.5185 0.8419
vn 0.7720 -0.6356 -0.0005
vn 0.9297 -0.3677 0.0206
vn 0.9425 -0.3287 0.0609
vn 0.7422 -0.6666 0.0688
vn 0.9943 -0.0435 0.0971
vn 0.5752 -0.8173 0.0334
vn 0.8407 -0.5350 -0.0828
vn 0.5420 0.8348 0.0965
vn 0.5719 0.8101 0.1291
vn 0.5764 0.8152 0.0555
vn 0.5103 0.8308 0.2221
vn 0.5209 0.8160 0.2506
vn 0.4939 0.7541 0.4329
vn 0.5547 0.7916 0.2562
vn 0.4235 0.6322 0.6488
vn 0.5207 0.7201 0.4586
vn 0.4330 0.6998 0.5681
vn 0.2562 0.3631 0.8959
vn 0.4510 0.5116 0.7314
vn 0.2114 0.3385 0.9169
vn 0.5664 0.7000 0.4350
vn 0.6076 0.7658 0.2105
vn 0.2066 -0.8217 0.5311
vn 0.5053 -0.8159 0.2810
vn 0.6413 -0.7558 0.1324
vn 0.3872 -0.9085 0.1569
vn 0.4925 -0.8703 -0.0117
vn 0.7303 -0.6691 0.1374
vn -0.4728 0.8175 0.3290
vn -0.4821 0.7717 0.4148
vn -0.6118 0.6465 0.4557
vn -0.4412 0.8183 0.3684
vn -0.5308 0.7555 0.3840
vn -0.8512 -0.4205 0.3141
vn -0.8303 -0.4612 0.3130
vn -0.7904 -0.5273 0.3117
vn -0.4467 0.8515 0.2744
vn -0.6657 0.6503 0.3659
vn -0.8407 -0.2735 0.4673
vn 0.5141 0.8560 -0.0538
vn 0.5415 0.8351 -0.0965
vn 0.5103 0.8308 -0.2221
vn 0.5548 0.7916 -0.2562
vn 0.5207 0.7201 -0.4586
vn 0.4939 0.7541 -0.4329
vn 0.5664 0.7000 -0.4349
vn 0.2558 0.3624 -0.8962
vn 0.2009 0.2393 -0.9499
vn 0.4812 0.8763 -0.0226
vn 0.5720 0.8101 -0.1290
vn 0.6078 0.7656 -0.2106
vn 0.4507 0.5110 -0.7320
vn 0.6599 0.7477 -0.0748
vn 0.7405 0.6254 -0.2459
vn 0.9746 0.1248 -0.1861
vn 0.8939 0.3914 -0.2187
vn 0.9940 0.0062 -0.1090
vn 0.7924 0.2410 -0.5604
vn 0.6428 0.4716 -0.6036
vn 0.8998 -0.4025 -0.1686
vn 0.9050 -0.3068 -0.2946
vn 0.7137 -0.6748 -0.1877
vn 0.7143 -0.6270 -0.3109
vn 0.6400 0.7682 -0.0128
vn -0.1303 -0.3210 0.9381
vn -0.0357 -0.5538 0.8319
vn -0.0031 -0.6959 0.7181
vn -0.1320 -0.4130 0.9011
vn 0.0302 -0.7363 0.6760
vn -0.0626 -0.3752 0.9248
vn -0.3807 0.1092 0.9182
vn 0.7240 -0.6774 -0.1305
vn 0.7240 -0.6857 -0.0753
vn 0.9750 -0.1785 -0.1321
vn 0.6018 -0.7986 0.0036
vn 0.3561 0.9343 -0.0178
vn 0.3262 0.9443 -0.0440
vn 0.3921 0.9197 -0.0211
vn 0.4156 0.9095 -0.0046
vn 0.4357 0.8998 -0.0243
vn 0.7370 0.6298 0.2453
vn 0.8974 0.3592 0.2561
vn 0.9227 0.3650 0.1243
vn 0.0217 0.9952 -0.0956
vn 0.0197 0.9521 0.3052
vn 0.0409 0.9957 -0.0828
vn 0.0516 0.8888 0.4553
vn 0.0422 0.9888 0.1430
vn -0.1982 0.9412 0.2736
vn -0.2209 0.9387 0.2648
vn -0.2567 0.9660 0.0312
vn -0.1281 0.8728 0.4709
vn -0.1665 0.9757 0.1423
vn -0.1086 0.8728 0.4758
vn 0.1854 0.9720 -0.1443
vn 0.1985 0.8975 -0.3937
vn 0.0962 0.9581 -0.2696
vn 0.0694 0.8646 -0.4976
vn 0.2033 0.9568 0.2080
vn 0.2383 0.9469 -0.2159
vn 0.1315 0.8223 -0.5537
vn 0.1857 0.8088 -0.5580
vn 0.1502 0.8169 -0.5569
vn 0.3852 0.8741 -0.2958
vn 0.3404 0.8963 -0.2842
vn 0.4226 0.8427 -0.3337
vn 0.4579 0.8061 -0.3749
vn -0.0320 0.9660 -0.2565
vn 0.2134 0.9720 -0.0983
vn 0.2264 0.9407 0.2527
vn 0.3330 0.9333 0.1342
vn 0.2451 0.9300 0.2738
vn -0.0487 0.8636 0.5019
vn -0.0478 0.8601 0.5080
vn 0.5997 0.7878 -0.1409
vn 0.4637 0.7194 -0.5172
vn 0.4823 0.7688 -0.4198
vn 0.4686 0.6917 -0.5495
vn 0.3845 0.7138 -0.5854
vn 0.4444 0.6624 -0.6031
vn 0.4643 0.6902 -0.5550
vn 0.4239 0.7154 -0.5555
vn 0.3845 0.7353 -0.5581
vn 0.3471 0.7407 -0.5752
vn 0.5808 0.8052 -0.1197
vn 0.3038 0.9522 0.0313
vn 0.3031 0.9100 0.2828
vn 0.3742 0.8951 -0.2423
vn 0.2330 0.8840 0.4053
vn 0.2182 0.8189 0.5308
vn 0.2213 0.8999 0.3758
vn 0.1823 0.8990 0.3982
vn 0.2842 0.9587 0.0034
vn 0.3027 0.9522 -0.0417
vn 0.3000 0.9086 -0.2905
vn 0.2364 0.8921 -0.3851
vn 0.2183 0.8218 -0.5263
vn 0.3218 0.8563 0.4040
vn 0.3726 0.8961 0.2411
vn 0.3669 0.7205 0.5884
vn 0.1425 0.8520 0.5038
vn -0.0233 0.9517 0.3062
vn 0.1845 0.9768 -0.1090
vn 0.3103 0.9490 -0.0566
vn 0.1955 0.9776 -0.0782
vn 0.4554 0.8897 0.0334
vn -0.2649 0.9029 -0.3384
vn -0.0075 0.9979 0.0638
vn -0.0647 0.9973 -0.0354
vn -0.2104 0.9769 0.0386
vn -0.3167 0.9477 -0.0395
vn -0.3326 0.9399 0.0774
vn -0.3367 0.9370 -0.0931
vn -0.1487 0.9829 -0.1090
vn -0.1990 0.9763 -0.0850
vn -0.1475 0.9781 -0.1468
vn -0.0215 0.9973 0.0707
vn 0.0047 0.9921 0.1257
vn -0.0482 0.9937 0.1012
vn -0.0037 0.8886 0.4586
vn 0.0451 0.9966 0.0694
vn 0.0199 0.9496 -0.3129
vn 0.0286 0.9950 0.0959
vn 0.0140 0.9969 0.0780
vn 0.4613 0.7616 0.4552
vn 0.4347 0.7975 0.4183
vn -0.0374 0.9905 0.1320
vn 0.2018 0.9765 0.0761
vn 0.3001 0.9537 0.0186
vn 0.4845 0.8747 -0.0130
vn -0.0270 0.9977 0.0616
vn -0.0399 0.9990 0.0186
vn -0.2232 0.9596 -0.1713
vn -0.3414 0.9336 -0.1093
vn -0.0490 0.9116 0.4083
vn -0.0492 0.9927 -0.1105
vn -0.0888 0.9075 0.4105
vn -0.0196 0.9912 -0.1307
vn -0.0246 0.9100 0.4139
vn -0.0388 0.8847 -0.4646
vn -0.0846 0.9843 -0.1549
vn 0.0006 0.9296 -0.3685
vn -0.0055 0.8756 -0.4829
vn -0.0073 0.8498 -0.5271
vn -0.0155 0.8765 -0.4812
vn -0.0233 0.8539 -0.5199
vn -0.0487 0.8550 -0.5163
vn -0.0763 0.8814 -0.4661
vn -0.1096 0.9936 -0.0255
vn -0.0277 0.9977 -0.0617
vn -0.1860 0.9737 -0.1319
vn 0.3005 0.9536 -0.0187
vn -0.1021 0.9822 -0.1577
vn 0.6651 0.7449 0.0520
vn 0.5324 0.8447 0.0547
vn 0.4890 0.8722 0.0130
vn -0.6552 0.7055 -0.2701
vn -0.6784 0.7097 -0.1900
vn -0.6635 0.7068 -0.2455
vn -0.6852 0.7102 -0.1616
vn -0.3867 0.9222 -0.0019
vn 0.2745 0.7946 -0.5415
vn 0.1225 0.9796 0.1595
vn 0.2169 0.9751 -0.0463
vn -0.3259 0.9409 0.0922
vn -0.1428 0.9846 0.1011
vn 0.0960 0.9220 -0.3751
vn 0.1215 0.9909 -0.0587
vn -0.2953 0.9439 0.1477
vn -0.3655 0.9282 0.0702
vn 0.0057 0.9984 0.0562
vn 0.1792 0.9769 0.1164
vn -0.1127 0.9925 -0.0466
vn 0.2362 0.9249 -0.2981
vn -0.3539 0.9160 0.1889
vn 0.0116 0.8867 -0.4623
vn 0.1235 0.9189 -0.3747
vn 0.1168 0.9234 -0.3658
vn -0.2576 0.9659 -0.0268
vn -0.2223 0.9391 -0.2622
vn -0.2043 0.9040 0.3756
vn -0.1675 0.9761 -0.1384
vn -0.2617 0.9085 0.3257
vn -0.0944 0.8325 -0.5459
vn -0.1980 0.9413 -0.2732
vn -0.2853 0.9060 0.3127
vn -0.1076 0.9811 -0.1605
vn -0.0792 0.8512 -0.5189
vn -0.1093 0.8710 -0.4789
vn -0.1093 0.8417 -0.5287
vn -0.1300 0.8723 -0.4715
vn 0.5479 0.0023 0.8366
vn 0.3815 -0.1281 0.9154
vn 0.5573 -0.1623 0.8143
vn 0.2955 -0.2239 0.9287
vn 0.4554 0.1297 0.8808
vn 0.3990 0.0517 0.9155
vn 0.6830 -0.3317 0.6507
vn 0.6335 0.1126 0.7655
vn 0.3818 0.1117 -0.9175
vn 0.4159 0.1768 -0.8921
vn 0.3826 0.0806 -0.9204
vn 0.3309 -0.0247 -0.9434
vn 0.3546 0.0241 -0.9347
vn 0.3493 -0.0435 -0.9360
vn 0.3990 0.0517 -0.9155
vn 0.2965 -0.0758 -0.9520
vn 0.2828 -0.1520 -0.9470
vn 0.3440 0.0509 -0.9376
vn 0.4555 0.1297 -0.8808
vn 0.3815 -0.1281 -0.9154
vn 0.2955 -0.2239 -0.9287
vn 0.8094 0.1075 -0.5773
vn 0.8445 -0.0117 -0.5354
vn 0.7466 -0.0204 -0.6650
vn 0.8626 0.1121 -0.4933
vn 0.5479 0.0023 -0.8366
vn 0.6335 0.1126 -0.7655
vn 0.6815 -0.3291 -0.6537
vn 0.6468 -0.4444 -0.6198
vn -0.9059 0.0773 -0.4163
vn -0.8837 0.1046 -0.4562
vn -0.8903 0.0421 -0.4535
vn -0.8653 0.1712 -0.4712
vn -0.8440 0.1967 -0.4989
vn -0.8535 0.1434 -0.5009
vn 0.9495 -0.0870 0.3013
vn 0.9341 -0.0251 0.3562
vn 0.9225 -0.2042 0.3276
vn 0.9430 0.1006 0.3171
vn 0.9081 -0.1217 0.4006
vn 0.9078 0.0844 0.4108
vn 0.8931 0.0703 0.4444
vn 0.8628 0.1128 0.4928
vn 0.8832 -0.0046 0.4691
vn 0.9664 -0.1776 0.1855
vn 0.9645 -0.0805 0.2515
vn 0.9385 -0.2329 0.2551
vn 0.9793 -0.0028 0.2022
vn 0.9561 0.1075 0.2726
vn 0.9099 -0.3610 0.2045
vn 0.8872 -0.3778 0.2650
vn -0.5926 -0.0727 0.8022
vn -0.7223 -0.0350 0.6907
vn -0.7215 -0.1155 0.6827
vn -0.7677 0.0554 0.6384
vn -0.8186 -0.0127 0.5742
vn -0.7567 0.1509 0.6360
vn -0.8103 0.0944 0.5783
vn -0.4053 0.0620 0.9121
vn -0.4412 0.1352 0.8872
vn -0.4906 0.0572 0.8695
vn -0.8305 0.1868 0.5248
vn -0.8028 0.1685 0.5719
vn -0.8378 0.1385 0.5282
vn -0.8489 0.0571 0.5254
vn 0.0780 0.0340 0.9964
vn 0.0510 -0.0346 0.9981
vn 0.0739 -0.0358 0.9966
vn 0.0939 0.2191 0.9712
vn 0.0534 0.1977 0.9788
vn 0.0903 0.1862 0.9783
vn 0.0314 -0.0345 -0.9989
vn 0.0467 0.0328 -0.9984
vn 0.0510 -0.0346 -0.9981
vn 0.0131 -0.0347 -0.9993
vn 0.0238 0.0323 -0.9992
vn 0.0500 0.0932 -0.9944
vn 0.0780 0.0340 -0.9964
vn 0.1242 0.1964 0.9726
vn 0.1525 0.1905 0.9698
vn 0.0920 0.2183 -0.9715
vn 0.0869 0.1454 -0.9855
vn 0.0914 0.1871 -0.9781
vn 0.1303 0.1385 -0.9818
vn 0.1372 0.1831 -0.9735
vn 0.0739 -0.0358 -0.9966
vn 0.0534 0.1978 -0.9788
vn -0.0864 -0.0347 -0.9957
vn -0.0626 0.0275 -0.9977
vn -0.0413 -0.0352 -0.9985
vn -0.0247 0.0306 -0.9992
vn -0.0135 -0.0351 -0.9993
vn 0.0015 0.0342 -0.9994
vn -0.1462 0.1417 -0.9791
vn -0.1029 0.1076 -0.9888
vn -0.1425 0.0416 -0.9889
vn 0.0009 0.1149 -0.9934
vn 0.0275 0.1463 -0.9889
vn 0.0264 0.0933 -0.9953
vn 0.1738 0.1483 -0.9736
vn 0.1576 0.0500 -0.9862
vn 0.2183 0.1000 -0.9707
vn 0.2026 0.0177 -0.9791
vn 0.2324 0.1775 -0.9563
vn 0.2398 0.2267 -0.9440
vn 0.2844 0.1727 -0.9430
vn 0.3311 0.1663 -0.9288
vn 0.2598 0.0107 -0.9656
vn 0.3133 0.0858 -0.9458
vn 0.3034 0.0008 -0.9529
vn 0.3592 0.1281 -0.9244
vn 0.3941 0.1857 -0.9001
vn 0.2696 -0.1577 -0.9500
vn -0.9466 -0.0057 0.3223
vn -0.9638 -0.0461 0.2625
vn -0.9444 -0.0876 0.3169
vn -0.9638 -0.0461 -0.2625
vn -0.9466 -0.0057 -0.3223
vn -0.9444 -0.0876 -0.3169
vn 0.3941 0.1857 0.9001
vn 0.3592 0.1281 0.9244
vn 0.3818 0.1117 0.9175
vn 0.3440 0.0509 0.9376
vn 0.3034 0.0008 0.9529
vn 0.3309 -0.0247 0.9434
vn 0.3133 0.0858 0.9458
vn 0.3312 0.1663 0.9288
vn 0.2598 0.0107 0.9656
vn 0.2844 0.1727 0.9430
vn 0.2965 -0.0758 0.9520
vn 0.2696 -0.1577 0.9500
vn 0.0869 0.1454 0.9855
vn 0.1300 0.1434 0.9811
vn 0.0467 0.0328 0.9984
vn 0.0314 -0.0345 0.9989
vn 0.0500 0.0932 0.9944
vn 0.0238 0.0323 0.9992
vn 0.0131 -0.0347 0.9993
vn 0.0015 0.0342 0.9994
vn -0.0135 -0.0351 0.9993
vn -0.0247 0.0306 0.9992
vn -0.0413 -0.0352 0.9985
vn -0.0616 0.0270 0.9977
vn -0.0874 -0.0340 0.9956
vn -0.0742 0.1121 0.9909
vn -0.1077 0.1450 0.9836
vn -0.1081 0.0486 0.9929
vn 0.0275 0.1463 0.9889
vn 0.0009 0.1149 0.9934
vn 0.0264 0.0933 0.9953
vn -0.3480 0.0554 -0.9358
vn -0.2974 0.0282 -0.9543
vn -0.3403 -0.0083 -0.9403
vn -0.3191 0.1215 -0.9399
vn -0.3844 0.1757 -0.9063
vn -0.4412 0.1352 -0.8872
vn -0.1963 -0.0480 -0.9794
vn -0.1391 -0.0832 -0.9868
vn -0.1915 -0.1274 -0.9732
vn -0.8186 -0.0127 -0.5742
vn -0.7677 0.0554 -0.6384
vn -0.7223 -0.0350 -0.6906
vn -0.8103 0.0944 -0.5783
vn -0.7567 0.1509 -0.6360
vn -0.5926 -0.0727 -0.8022
vn -0.7215 -0.1155 -0.6827
vn -0.8489 0.0571 -0.5254
vn -0.8378 0.1385 -0.5282
vn -0.8028 0.1685 -0.5719
vn -0.8305 0.1868 -0.5247
vn -0.4053 0.0620 -0.9121
vn -0.4906 0.0572 -0.8695
vn 0.5573 -0.1623 -0.8143
vn 0.8930 0.0676 -0.4449
vn 0.8832 -0.0046 -0.4691
vn 0.9086 -0.1193 -0.4002
vn 0.9213 -0.1959 -0.3358
vn 0.8793 -0.3124 -0.3596
vn 0.9085 0.0806 -0.4101
vn 0.9341 -0.0251 -0.3562
vn 0.9508 -0.0961 -0.2944
vn 0.9430 0.1006 -0.3171
vn 0.9561 0.1075 -0.2726
vn 0.9793 -0.0028 -0.2022
vn 0.9624 -0.0894 -0.2563
vn 0.9674 -0.1749 -0.1832
vn 0.8625 -0.2930 -0.4127
vn -0.8440 0.1967 0.4989
vn -0.8653 0.1712 0.4712
vn -0.8535 0.1434 0.5009
vn -0.8837 0.1047 0.4562
vn -0.9059 0.0773 0.4163
vn -0.8903 0.0421 0.4535
vn -0.2974 0.0282 0.9543
vn -0.3480 0.0554 0.9358
vn -0.3403 -0.0083 0.9403
vn -0.3191 0.1215 0.9399
vn -0.1386 -0.0820 0.9869
vn -0.1963 -0.0480 0.9794
vn -0.1915 -0.1274 0.9732
vn -0.3844 0.1757 0.9063
vn 0.8094 0.1075 0.5773
vn 0.8445 -0.0117 0.5354
vn 0.7466 -0.0204 0.6650
vn 0.8507 -0.3337 0.4061
vn 0.8281 -0.3229 0.4582
vn 0.3826 0.0806 0.9204
vn 0.3546 0.0241 0.9347
vn 0.3493 -0.0435 0.9360
vn 0.4151 0.1755 0.8927
vn 0.2828 -0.1520 0.9470
vn 0.9793 0.1628 -0.1203
vn 0.9778 0.1314 -0.1632
vn 0.9926 0.1165 -0.0347
vn 0.9983 0.0568 -0.0119
vn 0.9994 -0.0111 -0.0335
vn 0.9974 -0.0715 -0.0037
vn 0.9857 -0.1670 -0.0230
vn 0.9869 0.1613 -0.0059
vn 0.9981 0.0622 0.0046
vn 0.9844 -0.1664 -0.0576
vn 0.9550 -0.2861 -0.0777
vn 0.9870 0.1596 0.0178
vn 0.9975 0.0645 0.0303
vn 0.9973 -0.0719 0.0153
vn 0.9966 -0.0725 0.0381
vn 0.9972 0.0261 0.0706
vn 0.9847 -0.1587 0.0724
vn 0.9789 0.1645 0.1214
vn 0.9778 0.1314 0.1632
vn 0.9673 0.2535 0.0080
vn 0.9763 -0.2139 0.0330
vn 0.9427 -0.3293 0.0536
vn 0.9805 -0.1967 0.0046
vn 0.8315 -0.5555 -0.0000
vn -0.8555 -0.4270 0.2928
vn -0.8674 -0.4268 0.2560
vn -0.8401 -0.4724 0.2667
vn -0.8537 -0.4733 0.2172
vn -0.8758 -0.4282 0.2226
vn -0.8619 -0.4744 0.1792
vn -0.8847 -0.4281 0.1843
vn -0.9115 -0.3642 0.1910
vn -0.8686 -0.4754 0.1397
vn -0.8920 -0.4286 0.1437
vn -0.9192 -0.3644 0.1489
vn -0.9502 -0.2694 0.1569
vn -0.8740 -0.4761 0.0969
vn -0.8977 -0.4291 0.0996
vn -0.9254 -0.3647 0.1032
vn -0.9566 -0.2705 0.1078
vn -0.8778 -0.4764 0.0501
vn -0.9017 -0.4294 0.0513
vn -0.9296 -0.3648 0.0530
vn -0.9611 -0.2707 0.0559
vn -0.8209 -0.4697 0.3249
vn -0.9729 -0.1628 0.1644
vn -0.9803 -0.1624 0.1125
vn -0.9852 -0.1613 0.0581
vn -0.9637 -0.2670 -0.0000
vn -0.9871 -0.1604 -0.0000
vn -0.9322 -0.3619 -0.0000
vn -0.9039 -0.4277 -0.0000
vn -0.8799 -0.4752 -0.0000
vn -0.1271 0.9347 -0.3319
vn -0.2397 0.9619 0.1317
vn -0.0736 0.9387 -0.3367
vn -0.1758 0.9783 0.1099
vn -0.1477 0.9833 0.1059
vn -0.0577 0.9983 0.0111
vn -0.0815 0.9966 0.0115
vn -0.0799 0.9954 0.0524
vn -0.0798 0.9928 0.0892
vn -0.0818 0.9891 0.1226
vn -0.0508 0.9915 0.1200
vn -0.0344 0.9993 0.0111
vn -0.0199 0.9927 0.1187
vn -0.0079 0.9999 0.0124
vn 0.0033 0.9929 0.1189
vn -0.0858 0.9836 0.1589
vn -0.0510 0.9880 0.1455
vn -0.0202 0.9892 0.1454
vn 0.0031 0.9893 0.1458
vn 0.0220 0.9891 0.1458
vn 0.0222 0.9927 0.1189
vn -0.0336 0.9992 -0.0216
vn -0.0724 0.9970 -0.0289
vn -0.0199 0.9927 -0.1188
vn -0.0065 0.9997 -0.0215
vn 0.0032 0.9929 -0.1187
vn 0.0223 0.9927 -0.1188
vn 0.0027 0.9894 -0.1454
vn -0.0202 0.9891 -0.1455
vn 0.1642 0.9823 0.0905
vn 0.0789 0.9926 0.0924
vn 0.7070 -0.6524 0.2730
vn 0.6857 -0.5222 0.5070
vn 0.8243 -0.2287 0.5178
vn 0.1772 0.0176 0.9840
vn 0.5447 -0.3176 0.7762
vn 0.3264 -0.1062 0.9393
vn 0.6885 -0.7018 0.1831
vn 0.7276 -0.6115 0.3108
vn 0.7223 -0.4458 0.5286
vn 0.6129 -0.1978 0.7650
vn 0.4347 0.0390 0.8997
vn 0.2966 0.1626 0.9411
vn 0.1999 0.2391 0.9502
vn 0.2099 -0.5819 0.7857
vn -0.3255 -0.6977 0.6382
vn -0.7015 -0.5484 0.4551
vn -0.2804 -0.6126 0.7390
vn 0.1705 0.9851 0.0215
vn 0.2422 0.9345 -0.2609
vn 0.0121 0.8882 -0.4593
vn -0.0497 0.8629 -0.5030
vn -0.1292 -0.5932 -0.7946
vn -0.1850 -0.5908 -0.7853
vn -0.2341 -0.5959 -0.7681
vn -0.2778 -0.6221 -0.7320
vn -0.1290 -0.2346 0.9635
vn -0.1746 -0.2308 0.9572
vn -0.2339 -0.5931 0.7704
vn -0.2325 -0.2182 0.9478
vn 0.5578 -0.3030 -0.7727
vn 0.6101 -0.2021 -0.7661
vn 0.6955 -0.5147 -0.5014
vn 0.7168 -0.4531 -0.5300
vn 0.7316 -0.6209 -0.2816
vn 0.6824 0.0213 -0.7306
vn 0.8527 -0.1872 -0.4878
vn 0.8663 0.3182 -0.3852
vn -0.3296 -0.9284 -0.1714
vn -0.1687 -0.9832 -0.0693
vn -0.3337 -0.9326 -0.1373
vn -0.5080 -0.8189 -0.2671
vn -0.5037 -0.8306 -0.2376
vn -0.6551 -0.6929 -0.3011
vn -0.4921 -0.8500 -0.1880
vn -0.6596 -0.7064 -0.2567
vn -0.7430 -0.5503 -0.3810
vn -0.7553 -0.5542 -0.3499
vn -0.7706 -0.5604 -0.3036
vn -0.8010 -0.4690 -0.3720
vn -0.8208 -0.4698 -0.3248
vn -0.5153 -0.7957 -0.3184
vn -0.9206 -0.2510 0.2990
vn -0.7856 -0.5853 0.2006
vn -0.8195 -0.3544 0.4504
vn -0.1749 -0.9819 0.0722
vn -0.8141 -0.5807 0.0062
vn -0.6834 -0.7298 -0.0179
vn -0.1723 -0.9840 -0.0443
vn -0.1500 -0.9886 -0.0163
vn -0.2926 -0.9542 -0.0630
vn -0.3019 -0.9483 -0.0981
vn -0.4900 -0.8584 -0.1521
vn -0.4849 -0.8677 -0.1091
vn -0.4855 -0.8714 -0.0706
vn -0.6679 -0.7149 -0.2069
vn -0.6717 -0.7253 -0.1510
vn -0.6762 -0.7313 -0.0891
vn -0.7925 -0.5741 -0.2057
vn -0.7986 -0.5799 -0.1611
vn -0.8028 -0.5808 -0.1347
vn -0.8072 -0.5842 -0.0843
vn -0.8098 -0.5843 -0.0531
vn -0.8778 -0.4764 -0.0501
vn -0.8740 -0.4761 -0.0969
vn -0.8686 -0.4754 -0.1397
vn -0.8618 -0.4745 -0.1792
vn -0.8537 -0.4733 -0.2172
vn 0.1778 -0.6271 -0.7584
vn -0.0087 -0.6114 -0.7913
vn 0.7294 -0.6618 0.1731
vn 0.3191 0.5112 0.7980
vn 0.0191 -0.5457 -0.8377
vn 0.2282 0.9045 0.3603
vn 0.5602 0.7412 -0.3699
vn 0.5904 0.7185 -0.3677
vn 0.2944 0.9400 -0.1723
vn 0.2876 0.8200 -0.4949
vn 0.0052 0.9510 -0.3090
vn -0.0127 0.9289 -0.3701
vn 0.0957 -0.9309 0.3524
vn -0.5152 -0.0581 0.8551
vn 0.5272 0.8483 0.0497
vn 0.5342 0.8453 0.0036
vn 0.4937 0.8696 -0.0012
vn 0.0510 -0.2479 0.9674
vn -0.2670 0.5651 0.7806
vn -0.2419 0.2997 0.9229
vn -0.1975 0.3026 0.9324
vn -0.2181 0.5644 0.7962
vn 0.6647 0.5783 0.4731
vn -0.3102 0.5650 0.7646
vn -0.2854 0.3002 0.9102
vn -0.3229 0.2991 0.8979
vn -0.3594 0.2942 0.8856
vn -0.1885 0.2024 0.9610
vn -0.1454 0.2063 0.9676
vn -0.1520 0.3052 0.9401
vn -0.1675 0.5639 0.8087
vn -0.1659 0.9045 0.3929
vn -0.3438 0.1832 0.9210
vn -0.3062 0.1882 0.9332
vn -0.2710 0.1922 0.9432
vn -0.2307 0.1978 0.9527
vn -0.6592 0.5790 0.4799
vn -0.8803 0.1756 0.4408
vn -0.8932 0.1762 0.4137
vn -0.8559 0.3058 0.4170
vn -0.2673 0.9012 0.3411
vn -0.2743 0.9098 0.3116
vn -0.8722 0.3048 0.3826
vn -0.9073 0.1791 0.3806
vn -0.4345 0.1617 0.8861
vn -0.1096 0.0949 0.9894
vn 0.8530 0.2456 -0.4606
vn 0.6395 0.6789 -0.3607
vn 0.5961 0.7308 -0.3324
vn -0.6813 0.1440 -0.7177
vn -0.5909 0.1507 -0.7926
vn -0.5083 0.1543 -0.8473
vn -0.3594 0.2942 -0.8856
vn -0.3532 0.9163 -0.1888
vn -0.3229 0.2992 -0.8979
vn -0.2854 0.3003 -0.9101
vn -0.3103 0.5653 -0.7643
vn -0.2419 0.2997 -0.9229
vn -0.2672 0.5653 -0.7804
vn -0.1975 0.3026 -0.9324
vn -0.2182 0.5645 -0.7961
vn -0.2849 0.9065 -0.3116
vn -0.2613 0.9091 -0.3246
vn -0.2041 0.9043 -0.3749
vn -0.1677 0.5645 -0.8082
vn -0.1658 0.9048 -0.3923
vn -0.1885 0.2024 -0.9610
vn -0.2307 0.1978 -0.9527
vn -0.2710 0.1922 -0.9432
vn -0.3062 0.1882 -0.9332
vn -0.3438 0.1832 -0.9210
vn -0.2978 0.9141 -0.2752
vn -0.3404 0.8864 -0.3136
vn -0.2708 0.9287 -0.2532
vn -0.3091 0.9064 -0.2880
vn -0.2459 0.9443 -0.2188
vn -0.2433 0.9412 -0.2342
vn -0.2763 0.9239 -0.2646
vn -0.2209 0.9539 -0.2033
vn -0.1529 0.9703 -0.1874
vn -0.1769 0.9705 -0.1635
vn -0.0211 0.2341 0.9720
vn 0.0039 0.2358 0.9718
vn 0.0054 0.3255 0.9455
vn -0.0514 0.3159 0.9474
vn -0.0493 0.2002 0.9785
vn -0.0549 0.5685 0.8209
vn -0.0770 0.3123 0.9468
vn -0.0852 0.5654 0.8204
vn -0.1218 0.5641 0.8167
vn 0.0223 0.2376 0.9711
vn 0.0239 0.3250 0.9454
vn -0.1201 0.9043 0.4097
vn 0.0376 0.2389 0.9703
vn 0.0980 0.2751 0.9564
vn 0.2820 0.2225 0.9332
vn 0.4033 0.8905 0.2106
vn 0.2377 0.2260 0.9447
vn 0.5244 0.7955 0.3036
vn 0.4396 0.8693 0.2259
vn 0.2981 0.6800 0.6699
vn -0.1031 0.9565 0.2729
vn -0.1197 0.7571 0.6422
vn -0.0276 0.9723 0.2320
vn -0.0456 0.9716 0.2322
vn 0.7544 -0.6499 -0.0922
vn -0.9409 0.3170 -0.1188
vn -0.9743 0.1915 -0.1183
vn -0.9794 0.1922 -0.0611
vn -0.9460 0.3183 -0.0616
vn -0.9321 0.3187 -0.1722
vn -0.9668 0.1903 -0.1707
vn -0.9215 0.3201 -0.2200
vn -0.9573 0.1887 -0.2189
vn -0.9100 0.3191 -0.2649
vn -0.9464 0.1867 -0.2635
vn -0.8971 0.3180 -0.3066
vn -0.9343 0.1845 -0.3050
vn -0.8845 0.3140 -0.3450
vn -0.9212 0.1819 -0.3439
vn -0.9808 0.1951 -0.0000
vn -0.9472 0.3206 -0.0000
vn -0.8142 0.5806 -0.0000
vn -0.8716 0.3073 -0.3820
vn -0.9073 0.1791 -0.3806
vn 0.7610 -0.6461 0.0579
vn -0.9343 0.1845 0.3050
vn -0.9212 0.1819 0.3439
vn -0.8870 0.3063 0.3457
vn -0.9002 0.3101 0.3058
vn -0.9464 0.1867 0.2635
vn -0.9111 0.3166 0.2640
vn -0.9573 0.1887 0.2189
vn -0.9215 0.3202 0.2200
vn -0.6779 0.7102 0.1899
vn -0.9668 0.1903 0.1707
vn -0.9321 0.3188 0.1722
vn -0.6847 0.7107 0.1616
vn -0.9743 0.1915 0.1183
vn -0.9409 0.3171 0.1188
vn -0.9794 0.1922 0.0611
vn -0.9460 0.3183 0.0616
vn 0.2820 0.2225 -0.9332
vn 0.4276 0.8859 -0.1801
vn 0.4799 0.8701 -0.1119
vn 0.5270 0.8488 -0.0431
vn 0.5646 0.8253 0.0112
vn 0.2807 0.5997 -0.7494
vn 0.3219 0.8544 -0.4079
vn -0.0744 0.1981 -0.9774
vn -0.1099 0.3104 -0.9442
vn -0.0777 0.3125 -0.9468
vn -0.1219 0.5652 -0.8159
vn -0.0846 0.5709 -0.8166
vn -0.0493 0.2002 -0.9785
vn -0.0514 0.3159 -0.9474
vn -0.0211 0.2341 -0.9720
vn 0.0039 0.2358 -0.9718
vn 0.0054 0.3255 -0.9455
vn -0.1201 0.9044 -0.4095
vn -0.0879 0.9101 -0.4049
vn 0.0239 0.3250 -0.9454
vn 0.0223 0.2376 -0.9711
vn -0.0272 0.9723 -0.2322
vn 0.2653 0.9351 -0.2350
vn 0.5197 0.8204 -0.2387
vn -0.2203 0.9657 0.1371
vn -0.2297 0.9569 0.1777
vn -0.1520 0.9883 -0.0122
vn -0.2505 0.9676 -0.0310
vn -0.2877 0.9493 -0.1267
vn 0.8707 0.4800 0.1068
vn 0.8699 0.4753 0.1320
vn 0.7688 0.5940 0.2367
vn 0.6333 0.7397 0.2276
vn 0.9926 -0.1174 0.0319
vn 0.9948 -0.1016 0.0008
vn 0.0554 -0.2909 -0.9551
vn 0.0394 -0.3272 -0.9441
vn 0.0413 -0.2889 -0.9565
vn -0.0503 -0.3360 -0.9405
vn -0.0801 -0.3344 -0.9390
vn 0.0679 -0.1121 -0.9914
vn -0.0191 -0.3346 -0.9422
vn -0.0213 -0.2863 -0.9579
vn -0.0225 -0.2384 -0.9709
vn -0.1144 -0.3367 -0.9347
vn 0.1112 -0.2752 -0.9549
vn 0.1049 -0.3485 -0.9314
vn 0.0722 -0.3306 -0.9410
vn 0.0751 -0.2949 -0.9526
vn 0.1207 -0.1975 -0.9728
vn 0.0797 -0.2473 -0.9657
vn 0.0872 -0.1900 -0.9779
vn 0.1397 -0.3548 -0.9245
vn 0.1357 -0.4073 -0.9032
vn 0.1500 -0.2812 -0.9479
vn 0.1623 -0.2042 -0.9654
vn 0.1313 -0.1230 -0.9837
vn 0.0961 -0.1169 -0.9885
vn 0.1755 -0.1298 -0.9759
vn 0.2140 -0.3727 -0.9029
vn 0.1782 -0.4141 -0.8926
vn 0.1803 -0.3621 -0.9145
vn 0.2287 -0.1395 -0.9635
vn 0.8124 -0.5826 0.0246
vn 0.8453 -0.5338 0.0243
vn 0.8876 -0.4599 0.0270
vn 0.9280 -0.3715 0.0295
vn 0.8836 -0.4638 0.0643
vn 0.8719 -0.4777 0.1075
vn 0.9368 -0.3381 0.0894
vn 0.9306 -0.3447 0.1235
vn 0.8606 -0.4863 0.1516
vn 0.9216 -0.3497 0.1684
vn 0.8034 -0.5785 0.1410
vn 0.8816 -0.4676 -0.0641
vn 0.8718 -0.4780 -0.1076
vn 0.9212 -0.3828 -0.0698
vn 0.9306 -0.3448 -0.1232
vn 0.8454 -0.5336 -0.0246
vn 0.8884 -0.4583 -0.0259
vn 0.2135 -0.4306 0.8769
vn 0.2243 -0.4025 0.8875
vn 0.2166 -0.3826 0.8982
vn 0.1784 -0.4156 0.8919
vn 0.1808 -0.3634 0.9139
vn 0.2287 -0.1395 0.9635
vn 0.1623 -0.2042 0.9654
vn 0.1755 -0.1298 0.9759
vn 0.1500 -0.2812 0.9479
vn 0.1397 -0.3548 0.9245
vn 0.1357 -0.4073 0.9031
vn 0.0718 -0.3315 0.9407
vn 0.0751 -0.2949 0.9526
vn 0.0797 -0.2473 0.9657
vn 0.0872 -0.1900 0.9779
vn 0.0961 -0.1169 0.9885
vn 0.0679 -0.1121 0.9914
vn 0.0411 -0.2886 0.9566
vn -0.0191 -0.3346 0.9422
vn -0.0213 -0.2863 0.9579
vn -0.0225 -0.2384 0.9709
vn -0.0503 -0.3360 0.9405
vn -0.0801 -0.3344 0.9390
vn -0.1144 -0.3367 0.9347
vn -0.2806 -0.3543 -0.8920
vn -0.2709 -0.4028 -0.8743
vn -0.3232 -0.4115 -0.8522
vn -0.3343 -0.3623 -0.8700
vn -0.3508 -0.2956 -0.8886
vn -0.3624 -0.2233 -0.9049
vn -0.3067 -0.2132 -0.9276
vn -0.2252 -0.3487 -0.9098
vn -0.2488 -0.2018 -0.9473
vn -0.1813 -0.3424 -0.9219
vn -0.1437 -0.3388 -0.9298
vn -0.3747 -0.1532 -0.9144
vn -0.3181 -0.1432 -0.9372
vn -0.2559 -0.1333 -0.9575
vn -0.7893 -0.3132 -0.5282
vn -0.6995 -0.2613 -0.6652
vn -0.8005 -0.2558 -0.5420
vn -0.5762 -0.2101 -0.7898
vn -0.4212 -0.3779 -0.8245
vn -0.4380 -0.3095 -0.8440
vn -0.4497 -0.2418 -0.8598
vn -0.8270 -0.3103 -0.4687
vn -0.8110 -0.1851 -0.5550
vn -0.8452 -0.1795 -0.5035
vn -0.7120 -0.1771 -0.6795
vn -0.4656 -0.1594 -0.8705
vn 0.8527 -0.4517 -0.2625
vn 0.9122 -0.2996 -0.2795
vn -0.8270 -0.3103 0.4687
vn -0.8484 -0.3080 0.4306
vn -0.8011 -0.4689 0.3721
vn -0.8712 -0.3056 0.3843
vn -0.8452 -0.1795 0.5035
vn -0.1813 -0.3424 0.9219
vn -0.1437 -0.3388 0.9298
vn -0.2252 -0.3487 0.9098
vn -0.2488 -0.2018 0.9473
vn -0.2709 -0.4028 0.8743
vn -0.2806 -0.3543 0.8920
vn -0.3067 -0.2132 0.9276
vn -0.3232 -0.4115 0.8522
vn -0.3343 -0.3623 0.8700
vn -0.3508 -0.2956 0.8886
vn -0.3624 -0.2233 0.9049
vn -0.2559 -0.1334 0.9575
vn -0.3181 -0.1432 0.9372
vn -0.3747 -0.1532 0.9144
vn 0.7139 -0.5868 0.3820
vn 0.6601 0.7286 -0.1830
vn 0.6596 0.7361 -0.1520
vn 0.8191 0.5728 0.0312
vn -0.0389 0.9521 -0.3032
vn -0.0123 0.9466 -0.3223
vn 0.0020 0.9463 -0.3234
vn -0.0905 0.9919 0.0889
vn -0.0173 0.9992 0.0350
vn 0.0067 0.9997 0.0237
vn 0.0207 0.9994 0.0277
vn 0.4606 0.8801 -0.1153
vn 0.4591 0.8848 -0.0801
vn 0.4598 0.8870 -0.0426
vn 0.5055 0.8614 -0.0504
vn 0.5053 0.8582 -0.0902
vn 0.5042 0.8551 -0.1208
vn 0.5108 0.8463 -0.1510
vn 0.7700 0.6291 0.1063
vn 0.3566 0.9241 0.1374
vn -0.7141 -0.6994 -0.0293
vn -0.9384 -0.3346 -0.0859
vn -0.6507 -0.7481 -0.1299
vn -0.7837 -0.5881 -0.2002
vn -0.7127 -0.7015 -0.0000
vn -0.9263 -0.3769 -0.0000
vn -0.9218 -0.3857 -0.0386
vn -0.1154 -0.7065 -0.6982
vn 0.3156 0.7722 0.5515
vn 0.4087 0.8376 0.3624
vn 0.0888 -0.0197 -0.9958
vn 0.2733 0.7838 0.5576
vn 0.3590 0.8595 0.3639
vn 0.3164 0.8768 0.3621
vn 0.5057 0.8608 0.0563
vn 0.4554 0.8895 0.0384
vn 0.4023 0.9151 0.0264
vn 0.3340 0.7519 0.5685
vn 0.3087 0.7662 0.5637
vn 0.2702 0.7867 0.5552
vn 0.2807 0.8893 0.3611
vn 0.3514 0.9361 0.0168
vn 0.0389 0.9921 -0.1193
vn 0.1049 -0.3485 0.9314
vn 0.1112 -0.2752 0.9549
vn 0.1207 -0.1975 0.9728
vn 0.1313 -0.1230 0.9837
vn 0.1876 0.2311 0.9547
vn 0.2144 0.3323 0.9185
vn 0.2816 0.6029 0.7465
vn 0.1783 0.3302 0.9269
vn 0.0505 -0.5572 -0.8288
vn 0.0390 0.9921 0.1191
vn 0.0393 0.9884 0.1466
vn 0.0376 0.2389 -0.9703
vn 0.0318 0.9712 0.2361
vn 0.8510 -0.4437 0.2808
vn 0.9164 -0.3705 0.1516
vn 0.0401 0.9849 0.1684
vn 0.0229 0.9856 0.1678
vn 0.0038 -0.9981 0.0609
vn 0.0307 0.9817 0.1877
vn -0.4212 -0.3779 0.8245
vn -0.4380 -0.3095 0.8440
vn -0.4497 -0.2418 0.8598
vn -0.5762 -0.2101 0.7898
vn -0.6995 -0.2613 0.6652
vn -0.7893 -0.3132 0.5282
vn -0.8005 -0.2558 0.5420
vn -0.4656 -0.1594 0.8705
vn -0.7120 -0.1771 0.6795
vn -0.8110 -0.1851 0.5550
vn -0.0534 0.9841 0.1692
vn -0.0943 0.9771 0.1908
vn -0.0684 0.9796 0.1891
vn -0.0203 0.9858 0.1669
vn -0.0437 0.9814 0.1871
vn 0.0031 0.9859 0.1674
vn 0.3461 0.9215 0.1762
vn 0.4282 0.8795 0.2079
vn 0.5010 0.8350 0.2278
vn -0.2464 0.9447 0.2165
vn -0.2773 0.9317 0.2346
vn -0.2706 0.9290 0.2523
vn -0.5083 0.1543 0.8473
vn -0.5909 0.1507 0.7926
vn -0.6813 0.1440 0.7177
vn 0.6737 0.6471 0.3569
vn 0.5963 -0.7307 0.3325
vn 0.6494 0.7588 -0.0490
vn 0.0368 0.9194 -0.3917
vn 0.2568 0.8779 -0.4041
vn -0.8484 -0.3080 -0.4306
vn -0.8712 -0.3056 -0.3843
vn 0.3599 0.4286 -0.8288
vn 0.2754 0.3640 -0.8898
vn 0.5669 0.7102 -0.4174
vn 0.5782 0.6969 -0.4243
vn 0.3302 0.8245 -0.4596
vn -0.1172 0.0935 -0.9887
vn -0.3148 0.8374 -0.4467
vn -0.3499 0.8094 -0.4716
vn -0.4318 0.7929 -0.4299
vn -0.2149 0.7120 -0.6684
vn -0.8803 0.1756 -0.4408
vn -0.8932 0.1762 -0.4137
vn -0.8559 0.3058 -0.4170
vn -0.2741 0.9097 -0.3120
vn 0.5213 -0.8366 -0.1686
vn 0.2999 -0.7003 -0.6478
vn -0.3223 -0.6972 -0.6404
vn -0.3860 -0.5352 -0.7514
vn -0.6532 -0.5442 -0.5264
vn 0.6920 -0.6883 -0.2175
vn 0.6012 0.6558 -0.4566
vn 0.6272 0.6536 -0.4235
vn 0.5758 0.7573 0.3082
vn 0.5947 0.7369 0.3213
vn 0.5644 0.8016 0.1972
vn 0.1058 0.9941 0.0250
vn 0.0398 0.9989 0.0255
vn 0.5476 0.8233 -0.1496
vn 0.5451 0.8363 -0.0592
vn 0.5452 0.8383 -0.0042
vn 0.5790 0.8028 -0.1424
vn 0.5784 0.7965 -0.1759
vn 0.5453 0.8127 -0.2055
vn 0.5439 0.8392 0.0051
vn 0.5440 0.8369 0.0604
vn 0.5771 0.8162 0.0271
vn 0.5764 0.8149 0.0610
vn 0.5769 0.8116 0.0925
vn 0.5770 0.8167 -0.0094
vn 0.5490 0.7947 -0.2589
vn -0.0180 0.9990 -0.0421
vn 0.0060 0.9999 -0.0155
vn 0.0233 0.9997 -0.0119
vn -0.7154 -0.6981 0.0295
vn -0.9409 -0.2040 0.2705
vn -0.9589 -0.1733 0.2248
vn -0.9651 -0.1667 0.2017
vn -0.9246 -0.3789 0.0385
vn -0.8977 -0.4291 -0.0996
vn -0.9017 -0.4294 -0.0513
vn -0.9254 -0.3647 -0.1032
vn -0.9296 -0.3648 -0.0530
vn -0.9566 -0.2705 -0.1078
vn -0.9611 -0.2707 -0.0559
vn -0.8920 -0.4286 -0.1437
vn -0.9192 -0.3644 -0.1489
vn -0.9502 -0.2694 -0.1569
vn -0.8847 -0.4281 -0.1843
vn -0.9115 -0.3642 -0.1910
vn -0.8758 -0.4282 -0.2226
vn -0.8674 -0.4268 -0.2560
vn -0.8555 -0.4270 -0.2928
vn -0.9852 -0.1613 -0.0581
vn -0.9803 -0.1624 -0.1125
vn -0.9729 -0.1628 -0.1644
vn -0.3456 0.4226 0.8378
vn -0.2815 0.1235 0.9516
vn -0.2768 0.2974 0.9137
vn -0.2150 0.7964 0.5652
vn -0.1830 0.3255 0.9277
vn -0.2221 0.3065 0.9256
vn -0.2648 0.7800 0.5669
vn -0.3712 0.6855 0.6264
vn -0.1628 0.8114 0.5614
vn -0.7333 -0.0738 -0.6759
vn -0.8377 0.0052 -0.5460
vn -0.2747 0.8811 -0.3849
vn 0.3754 0.8370 0.3981
vn 0.3447 0.6264 0.6991
vn 0.3518 0.9359 -0.0170
vn 0.4033 0.9148 -0.0220
vn 0.4587 0.8882 -0.0260
vn 0.5126 0.8580 -0.0330
vn 0.0341 0.9098 0.4137
vn 0.0560 0.9082 0.4147
vn 0.1163 0.9009 0.4181
vn -0.7601 0.4232 0.4930
vn -0.7667 0.3742 0.5217
vn -0.7455 0.4887 0.4532
vn -0.5884 0.6347 0.5009
vn -0.4306 0.6606 -0.6149
vn -0.2620 0.7888 -0.5560
vn -0.2148 0.8135 -0.5404
vn -0.1644 0.8317 -0.5304
vn -0.2674 0.9550 -0.1282
vn 0.2275 0.3756 -0.8984
vn 0.2681 0.3430 -0.9003
vn 0.2911 0.6609 -0.6917
vn 0.3460 0.6322 -0.6933
vn 0.3241 0.8597 -0.3948
vn 0.3776 0.8428 -0.3836
vn 0.3086 0.9511 0.0099
vn -0.8958 0.2843 0.3417
vn -0.9045 0.2948 0.3083
vn -0.9149 0.3036 0.2662
vn -0.9225 0.3160 0.2216
vn -0.9318 0.3186 0.1741
vn -0.9421 0.3120 0.1233
vn -0.6022 0.7910 -0.1085
vn -0.9456 0.3017 -0.1215
vn -0.5422 0.7984 -0.2620
vn -0.8894 0.3347 -0.3113
vn -0.5425 0.7902 -0.2850
vn 0.9237 -0.0514 -0.3797
vn 0.9895 0.1301 0.0626
vn 0.0796 0.1822 0.9800
vn 0.0876 0.7025 -0.7063
vn 0.4988 0.8175 -0.2881
vn 0.8995 0.4186 -0.1251
vn 0.2901 0.6448 0.7072
vn 0.3236 0.8600 0.3945
vn 0.3088 0.9511 -0.0106
vn 0.0352 0.9994 -0.0045
vn -0.5489 0.6487 0.5271
vn -0.8412 0.0207 0.5403
vn -0.8955 0.0711 -0.4394
vn -0.8771 0.0543 -0.4772
vn -0.8652 0.0450 -0.4994
vn -0.8550 -0.3358 -0.3951
vn 0.5526 0.8002 0.2328
vn 0.5032 0.8044 0.3159
vn 0.0449 0.1375 0.9895
vn 0.6490 -0.7566 -0.0799
vn 0.6086 -0.7911 -0.0623
vn -0.5592 -0.5717 -0.6004
vn -0.2481 -0.8003 -0.5459
vn 0.6177 0.7128 0.3322
vn 0.2300 0.9051 -0.3575
vn 0.1907 0.8106 -0.5537
vn -0.0827 -0.5660 0.8203
vn 0.1988 0.8061 0.5574
vn 0.2525 0.8977 0.3611
vn 0.4516 0.7011 -0.5519
vn 0.5675 0.7354 -0.3705
vn -0.0159 0.9804 0.1965
vn 0.3506 0.9260 0.1397
vn 0.3601 0.8595 -0.3627
vn 0.3177 0.8783 -0.3572
vn 0.4037 0.8363 -0.3709
vn 0.3127 0.7693 -0.5571
vn 0.4363 0.8192 -0.3722
vn 0.3431 0.7547 -0.5592
vn 0.1791 0.9173 -0.3555
vn -0.2031 -0.5489 -0.8108
vn -0.5454 0.7476 -0.3790
vn -0.4937 0.8105 -0.3151
vn -0.3859 0.8748 -0.2931
vn -0.4270 0.8363 -0.3438
vn -0.6082 0.6527 -0.4517
vn -0.8836 -0.3324 -0.3297
vn -0.8735 -0.3536 -0.3346
vn -0.9277 -0.2002 -0.3150
vn 0.7336 0.6246 0.2678
vn -0.4485 -0.7692 -0.4551
vn 0.8357 -0.5455 -0.0635
vn 0.7971 -0.6030 -0.0317
vn 0.2689 0.7930 0.5466
vn 0.3133 0.9290 0.1972
vn 0.2769 0.8584 -0.4319
vn 0.2889 0.8604 -0.4198
vn 0.2195 0.6487 -0.7287
vn -0.3236 0.9434 0.0724
vn -0.5295 0.8434 0.0907
vn -0.3232 0.9456 0.0366
vn -0.5277 0.8481 0.0464
vn -0.7327 0.6178 0.2855
vn -0.6977 0.6854 0.2082
vn -0.6760 0.7210 0.1521
vn -0.6662 0.7387 0.1024
vn -0.6643 0.7455 0.0537
vn -0.9918 0.0376 0.1223
vn -0.9945 0.0801 0.0676
vn -0.3253 0.9456 0.0001
vn -0.5303 0.8478 0.0002
vn -0.6655 0.7464 -0.0001
vn -0.9964 0.0853 -0.0000
vn -0.7663 0.5317 0.3606
vn -0.0811 -0.5501 -0.8312
vn 0.0007 -0.3584 -0.9336
vn -0.4108 0.9005 -0.1427
vn -0.5287 0.8475 -0.0459
vn -0.3239 0.9454 -0.0363
vn -0.6076 0.7422 -0.2826
vn -0.6654 0.7446 -0.0541
vn -0.9963 0.0509 -0.0690
vn -0.9946 0.0507 -0.0910
vn -0.9590 -0.0690 -0.2749
vn -0.4928 -0.4361 0.7530
vn -0.6951 0.4741 0.5405
vn -0.6428 -0.3582 0.6771
vn -0.7784 -0.2019 0.5944
vn -0.8124 0.2077 0.5449
vn -0.2831 -0.7922 0.5407
vn 0.5135 0.8563 0.0547
vn 0.6556 0.7516 0.0727
vn -0.7890 0.3672 0.4926
vn -0.7293 0.5289 0.4340
vn -0.8409 0.2617 0.4737
vn -0.8040 0.4149 0.4260
vn 0.5209 0.8160 -0.2506
vn 0.5763 0.8152 -0.0570
vn 0.4330 0.6998 -0.5681
vn 0.4236 0.6323 -0.6487
vn 0.9019 -0.0259 -0.4312
vn 0.9036 -0.3898 0.1777
vn 0.9383 -0.2262 0.2615
vn 0.9022 -0.0224 0.4308
vn 0.7928 0.2465 0.5575
vn 0.6438 0.4747 0.6002
vn -0.1074 0.9811 0.1612
vn 0.2729 0.7867 -0.5537
vn 0.3078 0.7670 -0.5630
vn -0.1117 0.9554 0.2732
vn -0.1173 0.9922 0.0431
vn -0.0004 0.9980 -0.0627
vn 0.2360 0.9246 0.2991
vn 0.1171 0.9233 0.3659
vn 0.2695 0.9627 -0.0223
vn 0.9194 -0.1916 0.3436
vn -0.0843 0.9842 0.1554
vn 0.0888 0.9884 0.1236
vn -0.1864 0.9737 0.1311
vn 0.3553 0.9344 0.0262
vn 0.4056 0.8366 0.3683
vn 0.3706 0.8655 0.3369
vn 0.3332 0.8919 0.3057
vn -0.2611 0.9617 -0.0836
vn -0.2859 0.9514 0.1145
vn 0.1577 0.9801 0.1208
vn 0.1572 0.9756 0.1531
vn -0.0643 0.9890 0.1331
vn -0.1121 0.9553 -0.2735
vn 0.3315 0.9342 -0.1317
vn 0.2273 0.9402 -0.2537
vn 0.8442 -0.1737 -0.5071
vn 0.7460 -0.1910 -0.6380
vn 0.8823 -0.1468 -0.4472
vn -0.8938 -0.0186 -0.4481
vn -0.8929 -0.0922 -0.4407
vn -0.9192 -0.0881 -0.3839
vn -0.9208 -0.0117 -0.3899
vn -0.8709 -0.0221 -0.4910
vn -0.8702 -0.0972 -0.4830
vn -0.8654 0.0640 -0.4969
vn -0.8537 -0.0276 -0.5201
vn -0.8521 -0.1016 -0.5134
vn -0.9227 0.0799 -0.3771
vn 0.8825 -0.1481 0.4465
vn -0.5926 0.0540 0.8037
vn -0.4806 -0.0167 0.8768
vn -0.4735 -0.0991 0.8752
vn -0.6842 0.0470 0.7277
vn -0.8182 -0.1049 0.5653
vn -0.3860 -0.0815 0.9189
vn -0.3957 -0.0128 0.9183
vn -0.8521 -0.1016 0.5134
vn -0.8537 -0.0276 0.5201
vn 0.0510 0.1446 0.9882
vn 0.0831 0.0940 0.9921
vn 0.0380 0.1967 -0.9797
vn 0.0187 0.1933 -0.9810
vn 0.0510 0.1446 -0.9882
vn 0.1429 -0.0471 0.9886
vn 0.1892 -0.0539 0.9805
vn 0.2018 0.0184 0.9793
vn 0.1544 0.0251 0.9877
vn 0.2164 0.1003 0.9711
vn 0.1683 0.1055 0.9801
vn 0.2302 0.1779 0.9568
vn 0.1816 0.1841 0.9660
vn 0.1061 -0.0405 0.9935
vn 0.1159 0.0299 0.9928
vn 0.1232 0.0896 0.9883
vn 0.1148 0.0296 -0.9929
vn 0.1067 -0.0392 -0.9935
vn 0.1240 0.0897 -0.9882
vn 0.0831 0.0940 -0.9921
vn -0.1058 0.0231 -0.9941
vn -0.0764 0.1117 -0.9908
vn -0.0483 0.1124 -0.9925
vn -0.0254 0.1132 -0.9932
vn -0.0222 0.1873 -0.9821
vn 0.0024 0.1908 -0.9816
vn 0.1430 -0.0444 -0.9887
vn 0.1889 -0.0526 -0.9806
vn 0.2668 0.0961 -0.9589
vn 0.2447 -0.0653 -0.9674
vn -0.9498 0.0845 0.3013
vn -0.9343 0.0826 0.3467
vn -0.9613 0.0823 0.2631
vn -0.9761 -0.0425 0.2129
vn -0.9722 0.0838 0.2187
vn -0.9847 -0.0433 0.1687
vn -0.9817 0.0851 0.1706
vn -0.9923 -0.0415 0.1163
vn -0.9892 0.0861 0.1183
vn -0.9974 -0.0410 0.0598
vn -0.9943 0.0870 0.0612
vn -0.9192 -0.0881 0.3839
vn -0.9208 -0.0117 0.3899
vn -0.9227 0.0799 0.3771
vn -0.9958 0.0912 -0.0000
vn -0.9993 -0.0361 -0.0000
vn -0.9892 0.0861 -0.1183
vn -0.9923 -0.0415 -0.1163
vn -0.9974 -0.0410 -0.0598
vn -0.9943 0.0870 -0.0612
vn -0.9817 0.0851 -0.1706
vn -0.9847 -0.0433 -0.1687
vn -0.9722 0.0838 -0.2187
vn -0.9761 -0.0425 -0.2129
vn -0.9613 0.0823 -0.2631
vn -0.9498 0.0845 -0.3013
vn -0.9343 0.0826 -0.3467
vn 0.2447 -0.0653 0.9674
vn 0.2668 0.0961 0.9589
vn 0.0380 0.1967 0.9797
vn 0.0187 0.1933 0.9810
vn -0.0254 0.1132 0.9932
vn -0.0222 0.1873 0.9821
vn 0.0024 0.1908 0.9816
vn -0.0483 0.1124 0.9925
vn -0.1448 0.1410 0.9794
vn -0.1410 0.0435 0.9891
vn -0.3288 -0.0719 -0.9417
vn -0.3860 -0.0815 -0.9189
vn -0.3957 -0.0128 -0.9183
vn -0.3785 0.1197 -0.9178
vn -0.2655 -0.0591 -0.9623
vn -0.2577 0.0343 -0.9656
vn -0.2692 0.1267 -0.9547
vn -0.2252 0.0386 -0.9736
vn -0.2287 0.1322 -0.9645
vn -0.1788 0.0436 -0.9829
vn -0.1873 0.1369 -0.9727
vn -0.8182 -0.1049 -0.5653
vn -0.6842 0.0470 -0.7277
vn -0.5926 0.0540 -0.8037
vn -0.4806 -0.0167 -0.8768
vn -0.4735 -0.0991 -0.8752
vn -0.8702 -0.0972 0.4830
vn -0.8709 -0.0221 0.4910
vn -0.8654 0.0640 0.4969
vn -0.8929 -0.0922 0.4407
vn -0.8938 -0.0186 0.4481
vn -0.2287 0.1322 0.9645
vn -0.2252 0.0386 0.9736
vn -0.1788 0.0436 0.9829
vn -0.1873 0.1369 0.9727
vn -0.2577 0.0344 0.9656
vn -0.2655 -0.0591 0.9623
vn -0.2692 0.1267 0.9547
vn -0.3288 -0.0719 0.9417
vn -0.3785 0.1197 0.9178
vn 0.8431 -0.1721 0.5095
vn 0.7451 -0.1893 0.6395
vn 0.9812 -0.1633 -0.1030
vn 0.9754 -0.1711 -0.1389
vn 0.9880 -0.0008 -0.1546
vn 0.9939 0.0016 -0.1104
vn 0.9976 0.0017 -0.0695
vn 0.9911 0.1210 -0.0555
vn 0.9938 0.0038 0.1108
vn 0.9814 -0.1647 0.0988
vn 0.9880 -0.0008 0.1546
vn 0.9754 -0.1709 0.1390
vn 0.9808 -0.1951 -0.0000
vn -0.9809 0.1946 -0.0002
vn -0.5556 0.8315 -0.0000
vn -0.9809 0.1946 0.0002
vn -0.8321 0.5546 0.0001
vn -0.1951 0.9808 -0.0000
vn 0.1951 0.9808 -0.0000
vn 0.5556 0.8315 -0.0000
vn -0.0000 0.0001 -1.0000
vn 0.8315 0.5556 -0.0000
vn 0.9808 0.1951 -0.0000
vn -0.0000 0.0001 1.0000
vn -0.9773 -0.0000 -0.2121
vn -0.9029 0.3740 -0.2121
vn -0.7119 0.2949 -0.6373
vn -0.7706 -0.0000 -0.6373
vn -0.4181 0.1732 -0.8917
vn -0.4526 -0.0000 -0.8917
vn -0.2351 0.0974 -0.9671
vn -0.2544 -0.0000 -0.9671
vn -0.1098 0.0455 -0.9929
vn -0.1188 -0.0000 -0.9929
vn -0.0277 0.0115 -0.9995
vn -0.0300 -0.0000 -0.9995
vn -0.9029 0.3740 0.2121
vn -0.9773 -0.0000 0.2121
vn -0.7706 -0.0000 0.6374
vn -0.7119 0.2949 0.6373
vn -0.4526 -0.0000 0.8917
vn -0.4181 0.1732 0.8917
vn -0.2544 -0.0000 0.9671
vn -0.2351 0.0974 0.9671
vn -0.1188 -0.0000 0.9929
vn -0.1098 0.0455 0.9929
vn -0.0300 -0.0000 0.9995
vn -0.0277 0.0115 0.9995
vn -0.6910 0.6910 -0.2121
vn -0.5449 0.5449 -0.6374
vn -0.3200 0.3200 -0.8917
vn -0.1799 0.1799 -0.9671
vn -0.0840 0.0840 -0.9929
vn -0.0212 0.0212 -0.9995
vn -0.6910 0.6910 0.2121
vn -0.5449 0.5449 0.6373
vn -0.3200 0.3200 0.8917
vn -0.1799 0.1799 0.9671
vn -0.0840 0.0840 0.9929
vn -0.0212 0.0212 0.9995
vn -0.3740 0.9029 -0.2121
vn -0.2949 0.7119 -0.6374
vn -0.1732 0.4181 -0.8917
vn -0.0974 0.2351 -0.9671
vn -0.0455 0.1098 -0.9929
vn -0.0115 0.0277 -0.9995
vn -0.3740 0.9029 0.2121
vn -0.2949 0.7119 0.6374
vn -0.1732 0.4181 0.8917
vn -0.0974 0.2351 0.9671
vn -0.0455 0.1098 0.9929
vn -0.0115 0.0277 0.9995
vn -0.0000 0.9773 -0.2121
vn -0.0000 0.7706 -0.6373
vn -0.0000 0.4526 -0.8917
vn -0.0000 0.2544 -0.9671
vn -0.0000 0.1188 -0.9929
vn -0.0000 0.0300 -0.9995
vn -0.0000 0.9773 0.2121
vn -0.0000 0.7706 0.6373
vn -0.0000 0.4526 0.8917
vn -0.0000 0.2544 0.9671
vn -0.0000 0.1188 0.9929
vn -0.0000 0.0300 0.9995
vn 0.3740 0.9029 -0.2121
vn 0.2949 0.7119 -0.6373
vn 0.1732 0.4181 -0.8917
vn 0.0974 0.2351 -0.9671
vn 0.0455 0.1098 -0.9929
vn 0.0115 0.0277 -0.9995
vn 0.3740 0.9029 0.2121
vn 0.2949 0.7119 0.6373
vn 0.1732 0.4181 0.8917
vn 0.0974 0.2351 0.9671
vn 0.0455 0.1098 0.9929
vn 0.0115 0.0277 0.9995
vn 0.6910 0.6910 -0.2121
vn 0.5449 0.5449 -0.6373
vn 0.3200 0.3200 -0.8917
vn 0.1799 0.1799 -0.9671
vn 0.0840 0.0840 -0.9929
vn 0.0212 0.0212 -0.9995
vn 0.6910 0.6910 0.2121
vn 0.5449 0.5449 0.6373
vn 0.3200 0.3200 0.8917
vn 0.1799 0.1799 0.9671
vn 0.0840 0.0840 0.9929
vn 0.0212 0.0212 0.9995
vn 0.9029 0.3740 -0.2121
vn 0.7119 0.2949 -0.6374
vn 0.4181 0.1732 -0.8917
vn 0.2351 0.0974 -0.9671
vn 0.1098 0.0455 -0.9929
vn 0.0277 0.0115 -0.9995
vn 0.9029 0.3740 0.2121
vn 0.7119 0.2949 0.6374
vn 0.4181 0.1732 0.8917
vn 0.2351 0.0974 0.9671
vn 0.1098 0.0455 0.9929
vn 0.0277 0.0115 0.9995
vn 0.9772 -0.0000 -0.2121
vn 0.7706 -0.0000 -0.6374
vn 0.4526 -0.0000 -0.8917
vn 0.2544 -0.0000 -0.9671
vn 0.1188 -0.0000 -0.9929
vn 0.0300 -0.0000 -0.9995
vn 0.9772 -0.0000 0.2121
vn 0.7706 -0.0000 0.6374
vn 0.4526 -0.0000 0.8917
vn 0.2544 -0.0000 0.9671
vn 0.1188 -0.0000 0.9929
vn 0.0300 -0.0000 0.9995
vn 0.9029 -0.3740 -0.2121
vn 0.7119 -0.2949 -0.6374
vn 0.4181 -0.1732 -0.8917
vn 0.2351 -0.0974 -0.9671
vn 0.1098 -0.0455 -0.9929
vn 0.0277 -0.0115 -0.9995
vn 0.9029 -0.3740 0.2121
vn 0.7119 -0.2949 0.6374
vn 0.4181 -0.1732 0.8917
vn 0.2351 -0.0974 0.9671
vn 0.1098 -0.0455 0.9929
vn 0.0277 -0.0115 0.9995
vn 0.6910 -0.6910 -0.2121
vn 0.5449 -0.5449 -0.6374
vn 0.3200 -0.3200 -0.8917
vn 0.1799 -0.1799 -0.9671
vn 0.0840 -0.0840 -0.9929
vn 0.0212 -0.0212 -0.9995
vn 0.6910 -0.6910 0.2121
vn 0.5449 -0.5449 0.6374
vn 0.3200 -0.3200 0.8917
vn 0.1799 -0.1799 0.9671
vn 0.0840 -0.0840 0.9929
vn 0.0212 -0.0212 0.9995
vn 0.3740 -0.9029 -0.2121
vn 0.2949 -0.7119 -0.6373
vn 0.1732 -0.4181 -0.8917
vn 0.0974 -0.2351 -0.9671
vn 0.0455 -0.1098 -0.9929
vn 0.0115 -0.0277 -0.9995
vn 0.3740 -0.9029 0.2121
vn 0.2949 -0.7119 0.6373
vn 0.1732 -0.4181 0.8917
vn 0.0974 -0.2351 0.9671
vn 0.0455 -0.1098 0.9929
vn 0.0115 -0.0277 0.9995
vn -0.0000 -0.9773 -0.2121
vn -0.0000 -0.7706 -0.6373
vn -0.0000 -0.4526 -0.8917
vn -0.0000 -0.2544 -0.9671
vn -0.0000 -0.1188 -0.9929
vn -0.0000 -0.0300 -0.9995
vn -0.0000 -0.9773 0.2121
vn -0.0000 -0.7706 0.6373
vn -0.0000 -0.4526 0.8917
vn -0.0000 -0.2544 0.9671
vn -0.0000 -0.1188 0.9929
vn -0.0000 -0.0300 0.9995
vn -0.3740 -0.9029 -0.2121
vn -0.2949 -0.7119 -0.6373
vn -0.1732 -0.4181 -0.8917
vn -0.0974 -0.2351 -0.9671
vn -0.0455 -0.1098 -0.9929
vn -0.0115 -0.0277 -0.9995
vn -0.3740 -0.9029 0.2121
vn -0.2949 -0.7119 0.6373
vn -0.1732 -0.4181 0.8917
vn -0.0974 -0.2351 0.9671
vn -0.0455 -0.1098 0.9929
vn -0.0115 -0.0277 0.9995
vn -0.6910 -0.6910 -0.2121
vn -0.5449 -0.5449 -0.6373
vn -0.3200 -0.3200 -0.8917
vn -0.1799 -0.1799 -0.9671
vn -0.0840 -0.0840 -0.9929
vn -0.0212 -0.0212 -0.9995
vn -0.6910 -0.6910 0.2121
vn -0.5449 -0.5449 0.6373
vn -0.3200 -0.3200 0.8917
vn -0.1799 -0.1799 0.9671
vn -0.0840 -0.0840 0.9929
vn -0.0212 -0.0212 0.9995
vn -0.9029 -0.3740 -0.2121
vn -0.7119 -0.2949 -0.6373
vn -0.4181 -0.1732 -0.8917
vn -0.2351 -0.0974 -0.9671
vn -0.1098 -0.0455 -0.9929
vn -0.0277 -0.0115 -0.9995
vn -0.9029 -0.3740 0.2121
vn -0.7119 -0.2949 0.6374
vn -0.4181 -0.1732 0.8917
vn -0.2351 -0.0974 0.9671
vn -0.1098 -0.0455 0.9929
vn -0.0277 -0.0115 0.9995
vt 0.870483 0.627961
vt 0.879495 0.622331
vt 0.880041 0.631005
vt 0.863829 0.628744
vt 0.865712 0.614950
vt 0.871904 0.644749
vt 0.880651 0.639293
vt 0.881315 0.647156
vt 0.858039 0.638021
vt 0.865398 0.645645
vt 0.856505 0.620194
vt 0.318954 0.090022
vt 0.311454 0.068690
vt 0.314150 0.071338
vt 0.316147 0.084255
vt 0.310404 0.069094
vt 0.319869 0.101214
vt 0.316855 0.090511
vt 0.319707 0.096877
vt 0.313585 0.079417
vt 0.544117 0.315743
vt 0.528741 0.320683
vt 0.526209 0.297409
vt 0.582249 0.310049
vt 0.561048 0.316528
vt 0.570863 0.305247
vt 0.548867 0.332199
vt 0.581484 0.325840
vt 0.571222 0.336870
vt 0.529354 0.338713
vt 0.553666 0.346006
vt 0.548027 0.294031
vt 0.589193 0.343828
vt 0.572239 0.353074
vt 0.523125 0.352584
vt 0.518262 0.338436
vt 0.518099 0.321493
vt 0.516563 0.298489
vt 0.550658 0.144718
vt 0.530129 0.158598
vt 0.530110 0.138314
vt 0.550708 0.172347
vt 0.530171 0.185430
vt 0.550752 0.197853
vt 0.531665 0.217291
vt 0.447816 0.125053
vt 0.458084 0.144949
vt 0.437852 0.145338
vt 0.468244 0.124412
vt 0.478652 0.138435
vt 0.478739 0.158702
vt 0.458204 0.172509
vt 0.478803 0.185510
vt 0.458263 0.197985
vt 0.477412 0.217365
vt 0.458282 0.230995
vt 0.427940 0.125858
vt 0.418402 0.145788
vt 0.494144 0.285290
vt 0.484013 0.286138
vt 0.479500 0.257282
vt 0.458365 0.284317
vt 0.444805 0.287851
vt 0.438029 0.284310
vt 0.429631 0.288619
vt 0.473226 0.286139
vt 0.460236 0.287970
vt 0.419526 0.284607
vt 0.529704 0.257231
vt 0.535975 0.286141
vt 0.525215 0.286176
vt 0.570814 0.284239
vt 0.587104 0.287762
vt 0.568736 0.288243
vt 0.504612 0.264473
vt 0.515148 0.285319
vt 0.504648 0.285826
vt 0.553691 0.360303
vt 0.536788 0.367515
vt 0.537608 0.350537
vt 0.572108 0.367614
vt 0.553673 0.371185
vt 0.529481 0.382159
vt 0.523153 0.367200
vt 0.544982 0.382386
vt 0.562737 0.382360
vt 0.588330 0.359370
vt 0.589121 0.371321
vt 0.580702 0.382513
vt 0.580283 0.396860
vt 0.587172 0.406336
vt 0.571162 0.407567
vt 0.562630 0.396889
vt 0.553679 0.410710
vt 0.545016 0.397018
vt 0.536939 0.410710
vt 0.529538 0.396815
vt 0.523240 0.410366
vt 0.521224 0.396581
vt 0.868525 0.853117
vt 0.869432 0.854586
vt 0.868033 0.857336
vt 0.784822 0.879930
vt 0.785484 0.881380
vt 0.784631 0.881583
vt 0.870486 0.857611
vt 0.869506 0.861713
vt 0.868000 0.863441
vt 0.275920 0.508730
vt 0.277451 0.508477
vt 0.276533 0.511149
vt 0.791779 0.395287
vt 0.790499 0.394103
vt 0.792544 0.391845
vt 0.274910 0.509923
vt 0.283951 0.877857
vt 0.292360 0.874117
vt 0.282767 0.881204
vt 0.293146 0.876173
vt 0.290034 0.878834
vt 0.291325 0.879897
vt 0.287738 0.882659
vt 0.790793 0.024250
vt 0.786097 0.022122
vt 0.787551 0.021023
vt 0.789242 0.025656
vt 0.291433 0.870142
vt 0.296192 0.864665
vt 0.295024 0.870012
vt 0.297294 0.864358
vt 0.789066 0.028703
vt 0.787294 0.035417
vt 0.784392 0.026645
vt 0.775649 0.016347
vt 0.273180 0.890645
vt 0.273460 0.892105
vt 0.309292 0.064952
vt 0.307607 0.064215
vt 0.308278 0.062569
vt 0.306386 0.057898
vt 0.303490 0.055975
vt 0.305914 0.052674
vt 0.311993 0.066204
vt 0.305043 0.061269
vt 0.306295 0.060851
vt 0.786347 0.788767
vt 0.782704 0.780093
vt 0.787574 0.778150
vt 0.010107 0.825563
vt 0.009702 0.829373
vt 0.007489 0.814556
vt 0.015918 0.853156
vt 0.016646 0.858961
vt 0.013107 0.845988
vt 0.019747 0.867418
vt 0.388085 0.493739
vt 0.405095 0.486870
vt 0.379300 0.499665
vt 0.404973 0.488320
vt 0.395253 0.492826
vt 0.882946 0.951364
vt 0.882392 0.946123
vt 0.884852 0.953656
vt 0.879858 0.941798
vt 0.879579 0.935854
vt 0.877198 0.930051
vt 0.876905 0.923291
vt 0.399305 0.484427
vt 0.417993 0.481422
vt 0.379641 0.501219
vt 0.033542 0.511291
vt 0.034887 0.509057
vt 0.046051 0.504195
vt 0.028562 0.503637
vt 0.047260 0.502091
vt 0.032258 0.510460
vt 0.032029 0.512183
vt 0.027161 0.506586
vt 0.026865 0.504344
vt 0.834492 0.072148
vt 0.842268 0.051900
vt 0.833971 0.078783
vt 0.851580 0.033650
vt 0.851772 0.036543
vt 0.843052 0.053831
vt 0.858087 0.024097
vt 0.838629 0.067894
vt 0.833998 0.083314
vt 0.791937 0.070353
vt 0.790563 0.078952
vt 0.790777 0.061550
vt 0.786327 0.064142
vt 0.786510 0.056271
vt 0.785976 0.082450
vt 0.786147 0.072868
vt 0.788385 0.046815
vt 0.783393 0.045211
vt 0.302270 0.845912
vt 0.300094 0.855294
vt 0.298896 0.854644
vt 0.306681 0.821023
vt 0.304887 0.834219
vt 0.303659 0.833230
vt 0.309629 0.737119
vt 0.310776 0.750002
vt 0.309728 0.778815
vt 0.791725 0.125891
vt 0.790994 0.154713
vt 0.790178 0.121682
vt 0.790119 0.174127
vt 0.788318 0.146072
vt 0.787177 0.121326
vt 0.781448 0.133067
vt 0.781564 0.115529
vt 0.781382 0.157740
vt 0.787289 0.168427
vt 0.783837 0.184295
vt 0.308762 0.795577
vt 0.308614 0.806777
vt 0.307094 0.806068
vt 0.309479 0.698579
vt 0.788894 0.200788
vt 0.790240 0.098626
vt 0.785696 0.104072
vt 0.785822 0.092877
vt 0.791875 0.294546
vt 0.791829 0.305024
vt 0.790527 0.291229
vt 0.790771 0.277956
vt 0.789653 0.274656
vt 0.789013 0.299861
vt 0.786405 0.292803
vt 0.782281 0.278749
vt 0.787407 0.274932
vt 0.300526 0.602848
vt 0.301270 0.599436
vt 0.302568 0.609953
vt 0.790811 0.311715
vt 0.788198 0.311517
vt 0.783294 0.307034
vt 0.227576 0.471550
vt 0.260039 0.463245
vt 0.266772 0.462040
vt 0.281666 0.455769
vt 0.282476 0.453510
vt 0.273857 0.456993
vt 0.265735 0.459714
vt 0.247134 0.466053
vt 0.256940 0.462653
vt 0.278256 0.453666
vt 0.263283 0.468311
vt 0.246850 0.464689
vt 0.256687 0.461639
vt 0.321889 0.809026
vt 0.321176 0.811223
vt 0.319517 0.808857
vt 0.321102 0.805446
vt 0.319463 0.803908
vt 0.325486 0.809548
vt 0.325383 0.811943
vt 0.867893 0.834460
vt 0.869745 0.830851
vt 0.868823 0.838840
vt 0.869931 0.837592
vt 0.869246 0.840925
vt 0.321558 0.774520
vt 0.325888 0.774819
vt 0.319458 0.756398
vt 0.321121 0.756383
vt 0.320094 0.771964
vt 0.325715 0.754447
vt 0.913372 0.455693
vt 0.910748 0.447387
vt 0.914083 0.435462
vt 0.059582 0.893890
vt 0.033562 0.883697
vt 0.026127 0.876315
vt 0.605673 0.900210
vt 0.591582 0.904979
vt 0.609704 0.896699
vt 0.635139 0.883061
vt 0.634392 0.881987
vt 0.955892 0.244392
vt 0.952168 0.228740
vt 0.955987 0.240495
vt 0.893290 0.403725
vt 0.892251 0.408037
vt 0.892251 0.393413
vt 0.612820 0.898697
vt 0.637181 0.885498
vt 0.592746 0.908670
vt 0.577222 0.911827
vt 0.953527 0.227994
vt 0.955619 0.234121
vt 0.959550 0.249012
vt 0.173037 0.918811
vt 0.183788 0.920388
vt 0.163874 0.922334
vt 0.212200 0.911469
vt 0.220845 0.911749
vt 0.202780 0.916758
vt 0.193263 0.921284
vt 0.173964 0.924119
vt 0.211838 0.916835
vt 0.229254 0.911191
vt 0.911777 0.584661
vt 0.909090 0.590187
vt 0.908966 0.580859
vt 0.912074 0.602784
vt 0.909454 0.608142
vt 0.909254 0.599293
vt 0.912490 0.619828
vt 0.909943 0.624920
vt 0.909685 0.616696
vt 0.237186 0.895759
vt 0.245091 0.896664
vt 0.212358 0.907511
vt 0.912993 0.635470
vt 0.910652 0.643438
vt 0.910225 0.632778
vt 0.154441 0.925015
vt 0.140201 0.913008
vt 0.104487 0.908511
vt 0.093988 0.898979
vt 0.139263 0.921610
vt 0.909326 0.512859
vt 0.901922 0.508685
vt 0.909513 0.503603
vt 0.787554 0.505679
vt 0.783176 0.510818
vt 0.782054 0.496120
vt 0.013364 0.586302
vt 0.012193 0.586666
vt 0.016492 0.569246
vt 0.009701 0.601719
vt 0.009138 0.596421
vt 0.787408 0.517263
vt 0.782677 0.522169
vt 0.788332 0.628218
vt 0.785677 0.601710
vt 0.788766 0.599660
vt 0.781380 0.620738
vt 0.004852 0.740688
vt 0.003814 0.707026
vt 0.005116 0.686726
vt 0.006048 0.798003
vt 0.003867 0.786908
vt 0.004175 0.769503
vt 0.786927 0.682588
vt 0.781343 0.671540
vt 0.786714 0.655707
vt 0.786974 0.706824
vt 0.781394 0.695824
vt 0.785479 0.723776
vt 0.781477 0.712960
vt 0.003698 0.737041
vt 0.004784 0.768250
vt 0.005680 0.809866
vt 0.789855 0.658366
vt 0.790183 0.627876
vt 0.168858 0.474295
vt 0.129473 0.471156
vt 0.168153 0.471126
vt 0.169131 0.470069
vt 0.131463 0.469445
vt 0.169108 0.468895
vt 0.141851 0.468496
vt 0.169134 0.468185
vt 0.169555 0.471611
vt 0.320125 0.742313
vt 0.319013 0.741107
vt 0.320701 0.741219
vt 0.888537 0.723344
vt 0.889265 0.723941
vt 0.888523 0.724177
vt 0.323504 0.745054
vt 0.319763 0.742778
vt 0.862589 0.399233
vt 0.863476 0.398316
vt 0.863372 0.399149
vt 0.864325 0.398831
vt 0.324914 0.727398
vt 0.014819 0.291939
vt 0.015986 0.292905
vt 0.015024 0.295843
vt 0.010526 0.292958
vt 0.013451 0.295215
vt 0.010377 0.297006
vt 0.012303 0.291899
vt 0.013579 0.268448
vt 0.253869 0.498021
vt 0.260855 0.500025
vt 0.268701 0.505631
vt 0.241966 0.493099
vt 0.253110 0.495294
vt 0.232490 0.490867
vt 0.242452 0.494662
vt 0.800440 0.941543
vt 0.801566 0.930970
vt 0.807066 0.944965
vt 0.778921 0.843968
vt 0.783945 0.824948
vt 0.782964 0.843474
vt 0.784274 0.876637
vt 0.782223 0.874621
vt 0.784883 0.825009
vt 0.456720 0.477231
vt 0.444814 0.479144
vt 0.429092 0.480142
vt 0.429238 0.481431
vt 0.454138 0.478738
vt 0.872508 0.902274
vt 0.874557 0.909210
vt 0.874774 0.917770
vt 0.870759 0.876512
vt 0.873196 0.892985
vt 0.871921 0.892968
vt 0.455895 0.472789
vt 0.443761 0.474072
vt 0.475297 0.473100
vt 0.470617 0.476710
vt 0.482250 0.472541
vt 0.483733 0.476715
vt 0.871452 0.871807
vt 0.929270 0.199151
vt 0.924796 0.170163
vt 0.925556 0.169851
vt 0.211621 0.470399
vt 0.232785 0.468677
vt 0.230607 0.467824
vt 0.203053 0.469198
vt 0.224278 0.467685
vt 0.201906 0.468450
vt 0.235332 0.466069
vt 0.285520 0.046498
vt 0.265147 0.036788
vt 0.242801 0.025222
vt 0.249676 0.030794
vt 0.249673 0.029698
vt 0.268023 0.035084
vt 0.262267 0.029487
vt 0.302411 0.057309
vt 0.283626 0.046805
vt 0.290164 0.051315
vt 0.277895 0.044806
vt 0.306981 0.672094
vt 0.304423 0.626897
vt 0.307974 0.675107
vt 0.781873 0.232975
vt 0.787338 0.229295
vt 0.013562 0.298361
vt 0.016171 0.296593
vt 0.017568 0.314337
vt 0.017384 0.320922
vt 0.787187 0.551609
vt 0.781847 0.596629
vt 0.781779 0.550637
vt 0.007018 0.630790
vt 0.008054 0.628714
vt 0.914073 0.918569
vt 0.909978 0.918321
vt 0.910127 0.908288
vt 0.792129 0.317379
vt 0.791009 0.323012
vt 0.792535 0.335350
vt 0.791010 0.337587
vt 0.788514 0.322742
vt 0.783922 0.318029
vt 0.788591 0.336040
vt 0.785010 0.332205
vt 0.792219 0.342776
vt 0.791238 0.366579
vt 0.789046 0.365743
vt 0.785428 0.366674
vt 0.637631 0.880720
vt 0.639992 0.883420
vt 0.639628 0.879653
vt 0.638514 0.878458
vt 0.636709 0.879702
vt 0.861425 0.017983
vt 0.862913 0.015497
vt 0.862763 0.017873
vt 0.646711 0.874675
vt 0.643306 0.873137
vt 0.644977 0.868818
vt 0.645102 0.878290
vt 0.640988 0.877939
vt 0.642138 0.875790
vt 0.964660 0.268072
vt 0.964935 0.266613
vt 0.966185 0.267294
vt 0.861058 0.021091
vt 0.102925 0.022755
vt 0.127405 0.017059
vt 0.091378 0.028758
vt 0.146709 0.012008
vt 0.164080 0.011919
vt 0.136987 0.016381
vt 0.118048 0.020871
vt 0.175631 0.013213
vt 0.156553 0.013692
vt 0.030724 0.513957
vt 0.031244 0.515657
vt 0.790533 0.432049
vt 0.789358 0.455998
vt 0.789602 0.430692
vt 0.786515 0.474469
vt 0.785779 0.445774
vt 0.790002 0.489389
vt 0.731602 0.375936
vt 0.728781 0.371686
vt 0.744895 0.389489
vt 0.724393 0.364745
vt 0.734116 0.375044
vt 0.749595 0.387537
vt 0.758937 0.404776
vt 0.741622 0.387177
vt 0.306667 0.431867
vt 0.307528 0.432026
vt 0.305519 0.438156
vt 0.719657 0.361333
vt 0.717885 0.358401
vt 0.287895 0.461050
vt 0.298717 0.454813
vt 0.299313 0.454936
vt 0.830244 0.970731
vt 0.830731 0.972408
vt 0.829585 0.973412
vt 0.835068 0.957286
vt 0.834617 0.960720
vt 0.285608 0.461702
vt 0.296579 0.455285
vt 0.298817 0.453578
vt 0.300094 0.453771
vt 0.299685 0.452844
vt 0.300939 0.452765
vt 0.234717 0.497970
vt 0.256567 0.501915
vt 0.270546 0.510335
vt 0.242695 0.496256
vt 0.255567 0.500063
vt 0.227101 0.491481
vt 0.217686 0.491510
vt 0.272962 0.510472
vt 0.322333 0.609869
vt 0.320751 0.610369
vt 0.324421 0.595037
vt 0.319612 0.610161
vt 0.320666 0.606416
vt 0.319429 0.611178
vt 0.855025 0.401553
vt 0.855986 0.402004
vt 0.856872 0.404244
vt 0.857598 0.403775
vt 0.857645 0.404696
vt 0.319068 0.608897
vt 0.322548 0.597137
vt 0.293145 0.863103
vt 0.237191 0.885089
vt 0.292529 0.853581
vt 0.223807 0.871541
vt 0.297584 0.831731
vt 0.692454 0.031604
vt 0.690719 0.030349
vt 0.694487 0.025869
vt 0.326545 0.088660
vt 0.322898 0.077643
vt 0.324701 0.081324
vt 0.322012 0.072822
vt 0.696768 0.018932
vt 0.706331 0.018062
vt 0.817834 0.685073
vt 0.816727 0.676516
vt 0.821659 0.687324
vt 0.810908 0.663701
vt 0.812407 0.661578
vt 0.814210 0.668136
vt 0.821487 0.695546
vt 0.823012 0.696306
vt 0.294964 0.042960
vt 0.295042 0.042040
vt 0.307699 0.049759
vt 0.253107 0.021992
vt 0.249696 0.019860
vt 0.258251 0.023386
vt 0.650324 0.065517
vt 0.648710 0.067039
vt 0.643913 0.059458
vt 0.653130 0.072266
vt 0.653972 0.077209
vt 0.651666 0.079973
vt 0.650113 0.072961
vt 0.654926 0.089186
vt 0.655567 0.081268
vt 0.657273 0.088880
vt 0.658676 0.097541
vt 0.835599 0.055596
vt 0.831874 0.064894
vt 0.835120 0.055116
vt 0.660588 0.107580
vt 0.661679 0.118269
vt 0.659768 0.107262
vt 0.659101 0.118288
vt 0.655925 0.107541
vt 0.654929 0.097039
vt 0.630767 0.091508
vt 0.630300 0.073147
vt 0.033750 0.514961
vt 0.033322 0.512837
vt 0.036026 0.511750
vt 0.034921 0.511395
vt 0.049746 0.503508
vt 0.834783 0.725851
vt 0.837273 0.732867
vt 0.834287 0.726704
vt 0.063243 0.465467
vt 0.065456 0.467013
vt 0.060001 0.464738
vt 0.838972 0.738212
vt 0.840360 0.743757
vt 0.837253 0.737681
vt 0.071112 0.469304
vt 0.074685 0.469664
vt 0.078261 0.471370
vt 0.054591 0.461061
vt 0.052665 0.460860
vt 0.082762 0.471577
vt 0.085743 0.473185
vt 0.844273 0.758190
vt 0.845989 0.765989
vt 0.844190 0.766125
vt 0.841731 0.757673
vt 0.840283 0.750284
vt 0.833865 0.743429
vt 0.030999 0.431028
vt 0.036051 0.448226
vt 0.036962 0.452051
vt 0.757248 0.422158
vt 0.758844 0.419489
vt 0.760235 0.419259
vt 0.032948 0.437170
vt 0.032556 0.432689
vt 0.037071 0.448998
vt 0.037188 0.451408
vt 0.038015 0.451001
vt 0.038231 0.452180
vt 0.038224 0.452825
vt 0.397394 0.450946
vt 0.390492 0.448273
vt 0.387630 0.441411
vt 0.402202 0.452675
vt 0.399704 0.454005
vt 0.420631 0.460062
vt 0.413882 0.459016
vt 0.413814 0.456202
vt 0.875593 0.951125
vt 0.877885 0.955235
vt 0.878385 0.959367
vt 0.873726 0.943257
vt 0.876374 0.949553
vt 0.420125 0.452114
vt 0.410714 0.436943
vt 0.428248 0.460259
vt 0.869474 0.923279
vt 0.871297 0.930494
vt 0.869959 0.930520
vt 0.873812 0.939703
vt 0.872199 0.937209
vt 0.880109 0.960543
vt 0.880280 0.962863
vt 0.021228 0.865910
vt 0.021462 0.856668
vt 0.028576 0.869646
vt 0.015949 0.848514
vt 0.016880 0.833546
vt 0.009949 0.811162
vt 0.022082 0.872837
vt 0.822832 0.425537
vt 0.821034 0.424575
vt 0.823209 0.423252
vt 0.821267 0.420680
vt 0.822662 0.419231
vt 0.823009 0.421223
vt 0.820490 0.420827
vt 0.819568 0.416535
vt 0.820273 0.441899
vt 0.821505 0.429406
vt 0.824748 0.429028
vt 0.033678 0.048769
vt 0.030819 0.051438
vt 0.028956 0.052191
vt 0.026121 0.056231
vt 0.690151 0.795459
vt 0.691968 0.794496
vt 0.693896 0.799781
vt 0.696030 0.806106
vt 0.705716 0.807350
vt 0.018271 0.076636
vt 0.016473 0.080211
vt 0.019214 0.071728
vt 0.014582 0.087561
vt 0.392778 0.080777
vt 0.404478 0.085097
vt 0.378949 0.092720
vt 0.382713 0.047458
vt 0.399150 0.042126
vt 0.382038 0.051156
vt 0.413632 0.037079
vt 0.424446 0.042065
vt 0.411406 0.049006
vt 0.418392 0.100109
vt 0.427854 0.112360
vt 0.401071 0.113814
vt 0.377986 0.103973
vt 0.371751 0.116222
vt 0.375648 0.082688
vt 0.351641 0.098829
vt 0.675391 0.148629
vt 0.673008 0.141313
vt 0.675642 0.135618
vt 0.673072 0.189275
vt 0.672248 0.170371
vt 0.672804 0.166042
vt 0.695120 0.109996
vt 0.678126 0.096897
vt 0.693825 0.096978
vt 0.250711 0.773375
vt 0.303986 0.727207
vt 0.676016 0.229274
vt 0.676005 0.208553
vt 0.679375 0.229759
vt 0.335126 0.248895
vt 0.335668 0.249883
vt 0.334762 0.270542
vt 0.672915 0.207580
vt 0.673534 0.208562
vt 0.675923 0.257580
vt 0.676098 0.255635
vt 0.680948 0.276158
vt 0.683334 0.276704
vt 0.691155 0.256312
vt 0.695128 0.283031
vt 0.677831 0.257964
vt 0.710277 0.347072
vt 0.711277 0.344977
vt 0.716298 0.353166
vt 0.704830 0.335674
vt 0.319476 0.390165
vt 0.322868 0.378215
vt 0.319926 0.390307
vt 0.711237 0.330148
vt 0.718863 0.341355
vt 0.697067 0.323350
vt 0.697780 0.320816
vt 0.700520 0.326930
vt 0.317317 0.395675
vt 0.315225 0.405083
vt 0.320639 0.383857
vt 0.323710 0.371714
vt 0.325765 0.365886
vt 0.651939 0.352869
vt 0.654555 0.357148
vt 0.651012 0.360079
vt 0.649787 0.366265
vt 0.651891 0.369563
vt 0.648486 0.372360
vt 0.648644 0.381903
vt 0.648511 0.384722
vt 0.645100 0.393487
vt 0.655722 0.344846
vt 0.657191 0.344632
vt 0.655373 0.356292
vt 0.810097 0.312437
vt 0.812161 0.318533
vt 0.814021 0.325810
vt 0.816194 0.330688
vt 0.820082 0.342054
vt 0.821541 0.343929
vt 0.825812 0.354324
vt 0.642734 0.390193
vt 0.641431 0.395898
vt 0.627655 0.363260
vt 0.654725 0.307942
vt 0.657824 0.320335
vt 0.645033 0.319556
vt 0.657285 0.331982
vt 0.652999 0.331712
vt 0.801673 0.263631
vt 0.802819 0.269711
vt 0.802933 0.274824
vt 0.662416 0.265282
vt 0.661881 0.285730
vt 0.660467 0.286057
vt 0.657919 0.283166
vt 0.657371 0.287461
vt 0.802709 0.218085
vt 0.800138 0.242741
vt 0.799939 0.240353
vt 0.662049 0.288070
vt 0.661751 0.289900
vt 0.661090 0.289958
vt 0.663548 0.142428
vt 0.664000 0.155248
vt 0.660884 0.142381
vt 0.664853 0.172144
vt 0.664607 0.185918
vt 0.663879 0.168240
vt 0.821177 0.104732
vt 0.819156 0.111437
vt 0.822022 0.098869
vt 0.816229 0.128119
vt 0.811839 0.155028
vt 0.809653 0.165114
vt 0.813445 0.141633
vt 0.125344 0.487491
vt 0.101626 0.488051
vt 0.124937 0.486310
vt 0.799113 0.789893
vt 0.802053 0.798088
vt 0.799664 0.813131
vt 0.124128 0.488589
vt 0.100590 0.489951
vt 0.802353 0.819448
vt 0.806731 0.856996
vt 0.800824 0.857129
vt 0.799209 0.856841
vt 0.160591 0.004133
vt 0.150342 0.005532
vt 0.150184 0.004798
vt 0.101035 0.016194
vt 0.088481 0.021407
vt 0.091928 0.019290
vt 0.187826 0.486401
vt 0.205947 0.486753
vt 0.207039 0.488630
vt 0.799173 0.875984
vt 0.802404 0.876616
vt 0.168675 0.486310
vt 0.181588 0.487543
vt 0.799401 0.910446
vt 0.802193 0.906417
vt 0.802077 0.914268
vt 0.803688 0.633676
vt 0.803602 0.630009
vt 0.805042 0.638337
vt 0.235657 0.015351
vt 0.221667 0.010905
vt 0.231405 0.013476
vt 0.191398 0.005680
vt 0.181160 0.004208
vt 0.191562 0.004947
vt 0.158719 0.901325
vt 0.174382 0.913227
vt 0.134701 0.880517
vt 0.081965 0.882946
vt 0.061867 0.853630
vt 0.101800 0.815066
vt 0.222513 0.853589
vt 0.011234 0.603715
vt 0.016385 0.579083
vt 0.019519 0.563013
vt 0.011249 0.618603
vt 0.009112 0.627399
vt 0.008285 0.613524
vt 0.697395 0.509623
vt 0.696595 0.506829
vt 0.700062 0.503330
vt 0.710901 0.500533
vt 0.704255 0.494285
vt 0.718394 0.488993
vt 0.709496 0.482312
vt 0.710586 0.484688
vt 0.702420 0.494431
vt 0.708919 0.482358
vt 0.715474 0.476136
vt 0.716922 0.470484
vt 0.723379 0.464020
vt 0.699688 0.551139
vt 0.686126 0.543357
vt 0.701810 0.538174
vt 0.689632 0.531445
vt 0.704173 0.529134
vt 0.680805 0.554560
vt 0.681867 0.548435
vt 0.683773 0.543652
vt 0.692617 0.522385
vt 0.691713 0.519044
vt 0.694912 0.515986
vt 0.006036 0.687516
vt 0.673177 0.688644
vt 0.675626 0.681651
vt 0.675874 0.694472
vt 0.679607 0.743935
vt 0.696409 0.733020
vt 0.695332 0.744817
vt 0.672775 0.701187
vt 0.673783 0.706813
vt 0.672248 0.675717
vt 0.672961 0.664222
vt 0.004579 0.217643
vt 0.003916 0.229360
vt 0.003698 0.206107
vt 0.009528 0.735520
vt 0.007041 0.790552
vt 0.006345 0.741970
vt 0.689678 0.601516
vt 0.679517 0.601316
vt 0.691384 0.575371
vt 0.674282 0.601513
vt 0.673852 0.597668
vt 0.675472 0.576630
vt 0.677312 0.576721
vt 0.677799 0.572902
vt 0.384535 0.127846
vt 0.399621 0.146329
vt 0.377592 0.141208
vt 0.408977 0.126759
vt 0.377641 0.154476
vt 0.377702 0.167815
vt 0.399877 0.173121
vt 0.376783 0.186359
vt 0.399062 0.198475
vt 0.382992 0.210323
vt 0.350021 0.130857
vt 0.360428 0.208983
vt 0.348304 0.186742
vt 0.347771 0.143069
vt 0.401127 0.285876
vt 0.384697 0.285873
vt 0.379450 0.261724
vt 0.415065 0.288944
vt 0.403154 0.289713
vt 0.384480 0.290070
vt 0.370823 0.285752
vt 0.351609 0.288097
vt 0.353240 0.284690
vt 0.381151 0.310736
vt 0.395333 0.322982
vt 0.372212 0.320316
vt 0.397687 0.303893
vt 0.410920 0.311102
vt 0.419489 0.325811
vt 0.410348 0.339471
vt 0.384951 0.333136
vt 0.388816 0.344527
vt 0.428257 0.339019
vt 0.419328 0.353280
vt 0.405981 0.352761
vt 0.376653 0.349235
vt 0.355074 0.340305
vt 0.353247 0.319754
vt 0.420057 0.367642
vt 0.402939 0.373086
vt 0.398606 0.358998
vt 0.387823 0.371903
vt 0.377407 0.377795
vt 0.374713 0.364537
vt 0.415718 0.380777
vt 0.403993 0.386873
vt 0.389524 0.385220
vt 0.380145 0.388162
vt 0.416484 0.394825
vt 0.405191 0.397335
vt 0.429104 0.396567
vt 0.422463 0.407691
vt 0.391170 0.398103
vt 0.380391 0.401299
vt 0.379153 0.395081
vt 0.361680 0.383044
vt 0.362709 0.378292
vt 0.358931 0.371297
vt 0.357673 0.365326
vt 0.356516 0.359295
vt 0.539485 0.027457
vt 0.529715 0.040056
vt 0.524733 0.022279
vt 0.545352 0.052602
vt 0.529940 0.063008
vt 0.564265 0.065907
vt 0.550048 0.070220
vt 0.519600 0.081672
vt 0.509252 0.061320
vt 0.540105 0.082450
vt 0.560144 0.083798
vt 0.568678 0.023473
vt 0.559287 0.034450
vt 0.549618 0.019086
vt 0.585938 0.028462
vt 0.577798 0.038350
vt 0.582732 0.068253
vt 0.579399 0.085552
vt 0.579773 0.098399
vt 0.570434 0.111233
vt 0.560352 0.097072
vt 0.550479 0.110368
vt 0.540213 0.096049
vt 0.530030 0.109772
vt 0.519649 0.095457
vt 0.509368 0.108779
vt 0.499239 0.094561
vt 0.514451 0.021569
vt 0.509169 0.038099
vt 0.504158 0.020741
vt 0.438223 0.038309
vt 0.442430 0.056747
vt 0.428495 0.053603
vt 0.473082 0.032059
vt 0.488735 0.039915
vt 0.472851 0.052508
vt 0.428216 0.063772
vt 0.493716 0.062977
vt 0.483216 0.063519
vt 0.457549 0.054119
vt 0.467982 0.070119
vt 0.447606 0.072230
vt 0.457736 0.083752
vt 0.437609 0.085659
vt 0.478386 0.082354
vt 0.430045 0.029939
vt 0.450290 0.022316
vt 0.457922 0.034145
vt 0.473536 0.017037
vt 0.483594 0.022277
vt 0.488931 0.109712
vt 0.478441 0.095963
vt 0.468151 0.110305
vt 0.457791 0.097016
vt 0.447709 0.111215
vt 0.437612 0.098459
vt 0.852444 0.386650
vt 0.845772 0.373858
vt 0.855927 0.389267
vt 0.838608 0.364922
vt 0.836666 0.358479
vt 0.832243 0.353497
vt 0.830863 0.347425
vt 0.846721 0.373892
vt 0.838280 0.358574
vt 0.848277 0.374812
vt 0.537124 0.461896
vt 0.532029 0.464480
vt 0.527026 0.461651
vt 0.548704 0.461700
vt 0.545839 0.464558
vt 0.334807 0.522457
vt 0.334437 0.515884
vt 0.335318 0.508626
vt 0.332360 0.550433
vt 0.330854 0.558417
vt 0.331739 0.546769
vt 0.334461 0.505534
vt 0.335305 0.498478
vt 0.125751 0.489598
vt 0.179393 0.488347
vt 0.107695 0.491648
vt 0.182646 0.490297
vt 0.084027 0.496060
vt 0.222768 0.489705
vt 0.744942 0.602186
vt 0.738120 0.601727
vt 0.745385 0.576178
vt 0.731358 0.598435
vt 0.738652 0.576004
vt 0.748283 0.731311
vt 0.744879 0.714251
vt 0.751608 0.713331
vt 0.785547 0.734618
vt 0.772385 0.733116
vt 0.748788 0.742775
vt 0.738981 0.739280
vt 0.731519 0.728640
vt 0.738044 0.715027
vt 0.730919 0.702729
vt 0.737605 0.689311
vt 0.730619 0.667273
vt 0.737508 0.664405
vt 0.737685 0.631890
vt 0.747316 0.663665
vt 0.744570 0.631633
vt 0.751348 0.631303
vt 0.760451 0.662420
vt 0.757894 0.630920
vt 0.764080 0.630503
vt 0.771823 0.661105
vt 0.781343 0.648793
vt 0.771858 0.685096
vt 0.772021 0.709824
vt 0.765912 0.550195
vt 0.774268 0.537578
vt 0.772704 0.554146
vt 0.785874 0.536234
vt 0.755656 0.508209
vt 0.756474 0.492571
vt 0.761563 0.493315
vt 0.748353 0.505102
vt 0.774833 0.494241
vt 0.778349 0.464798
vt 0.771827 0.463908
vt 0.752531 0.487267
vt 0.764866 0.461278
vt 0.786855 0.491868
vt 0.813423 0.895966
vt 0.811034 0.908043
vt 0.808511 0.895395
vt 0.808521 0.825024
vt 0.827442 0.830673
vt 0.825874 0.866944
vt 0.824228 0.824835
vt 0.810585 0.775212
vt 0.813055 0.787034
vt 0.808146 0.787918
vt 0.825296 0.803058
vt 0.819680 0.824224
vt 0.820183 0.859731
vt 0.813764 0.824456
vt 0.814276 0.859653
vt 0.808537 0.805960
vt 0.801859 0.785810
vt 0.752932 0.343210
vt 0.756844 0.337920
vt 0.765845 0.367489
vt 0.755805 0.322842
vt 0.762003 0.336905
vt 0.748452 0.326196
vt 0.779579 0.362986
vt 0.764100 0.235964
vt 0.769982 0.233190
vt 0.772824 0.276289
vt 0.775431 0.225637
vt 0.766241 0.200498
vt 0.776736 0.196326
vt 0.730215 0.209320
vt 0.737000 0.200419
vt 0.737518 0.230713
vt 0.783747 0.215228
vt 0.744255 0.116653
vt 0.747761 0.098981
vt 0.751072 0.117253
vt 0.771623 0.168958
vt 0.757470 0.200400
vt 0.760027 0.168449
vt 0.743953 0.200408
vt 0.746688 0.167955
vt 0.750821 0.200400
vt 0.729841 0.164888
vt 0.736777 0.167601
vt 0.736872 0.142351
vt 0.730159 0.128872
vt 0.737353 0.116125
vt 0.730833 0.102335
vt 0.738397 0.091158
vt 0.748335 0.087109
vt 0.772297 0.095525
vt 0.771846 0.119461
vt 0.771651 0.144651
vt 0.753075 0.790237
vt 0.748541 0.776519
vt 0.754948 0.774787
vt 0.750160 0.763079
vt 0.740288 0.760014
vt 0.749423 0.753379
vt 0.785703 0.753801
vt 0.772964 0.752634
vt 0.785625 0.744648
vt 0.785854 0.769495
vt 0.773686 0.769629
vt 0.785777 0.762079
vt 0.896744 0.431551
vt 0.899783 0.428725
vt 0.904933 0.433190
vt 0.896606 0.425918
vt 0.910516 0.429171
vt 0.886256 0.426198
vt 0.878569 0.423576
vt 0.886414 0.423913
vt 0.891777 0.422846
vt 0.905587 0.425973
vt 0.880981 0.420880
vt 0.900366 0.445711
vt 0.889845 0.447395
vt 0.886009 0.429503
vt 0.779899 0.801436
vt 0.775400 0.800466
vt 0.783350 0.797031
vt 0.778876 0.429648
vt 0.782225 0.426091
vt 0.781880 0.433141
vt 0.777223 0.424251
vt 0.775354 0.422652
vt 0.778715 0.422526
vt 0.784018 0.425419
vt 0.786102 0.428367
vt 0.774495 0.436968
vt 0.772230 0.423971
vt 0.772531 0.420397
vt 0.775765 0.419930
vt 0.812947 0.728267
vt 0.812200 0.737997
vt 0.807833 0.733876
vt 0.817214 0.726646
vt 0.816752 0.736497
vt 0.806916 0.741508
vt 0.807335 0.747282
vt 0.813359 0.749023
vt 0.807489 0.753717
vt 0.824314 0.756834
vt 0.822861 0.764591
vt 0.819495 0.757534
vt 0.814178 0.758692
vt 0.817405 0.765527
vt 0.810226 0.767273
vt 0.807801 0.760493
vt 0.801530 0.769800
vt 0.891170 0.682047
vt 0.896041 0.672184
vt 0.901696 0.681088
vt 0.883261 0.684220
vt 0.883830 0.670521
vt 0.894349 0.661524
vt 0.882351 0.657759
vt 0.893234 0.647991
vt 0.898217 0.692477
vt 0.864052 0.679856
vt 0.869124 0.673453
vt 0.871509 0.686690
vt 0.861961 0.667979
vt 0.867192 0.660488
vt 0.859883 0.653925
vt 0.904855 0.669965
vt 0.912016 0.677279
vt 0.739882 0.069503
vt 0.749906 0.065823
vt 0.749061 0.076037
vt 0.748436 0.051676
vt 0.753266 0.036710
vt 0.754916 0.053149
vt 0.773964 0.057217
vt 0.773031 0.075194
vt 0.280460 0.501097
vt 0.283022 0.498013
vt 0.280920 0.502306
vt 0.809984 0.954037
vt 0.807648 0.967648
vt 0.806213 0.954699
vt 0.815927 0.970248
vt 0.816094 0.973427
vt 0.814031 0.973004
vt 0.779942 0.405576
vt 0.777553 0.406539
vt 0.781543 0.403438
vt 0.783136 0.380416
vt 0.776206 0.375601
vt 0.761737 0.371203
vt 0.771106 0.385315
vt 0.781588 0.398919
vt 0.776007 0.390231
vt 0.779364 0.386507
vt 0.762747 0.382503
vt 0.769228 0.389154
vt 0.786497 0.388155
vt 0.452956 0.462645
vt 0.463892 0.464672
vt 0.447633 0.464500
vt 0.864183 0.887539
vt 0.864519 0.881584
vt 0.865572 0.891903
vt 0.863021 0.873793
vt 0.863640 0.871063
vt 0.866578 0.903769
vt 0.867053 0.899487
vt 0.868445 0.911810
vt 0.868173 0.915428
vt 0.847373 0.775314
vt 0.846679 0.784694
vt 0.842982 0.774117
vt 0.151698 0.477973
vt 0.140356 0.478496
vt 0.136325 0.477825
vt 0.155344 0.478395
vt 0.151323 0.478915
vt 0.852844 0.832772
vt 0.853477 0.827462
vt 0.853719 0.844148
vt 0.852138 0.812489
vt 0.850121 0.811250
vt 0.850371 0.797628
vt 0.852688 0.823426
vt 0.838146 0.764736
vt 0.847928 0.794931
vt 0.846058 0.802209
vt 0.841257 0.791248
vt 0.122140 0.477489
vt 0.111844 0.477065
vt 0.104016 0.475571
vt 0.852453 0.844990
vt 0.165013 0.478087
vt 0.845169 0.815347
vt 0.850090 0.827147
vt 0.456044 0.360272
vt 0.472775 0.367543
vt 0.456126 0.371152
vt 0.438048 0.370983
vt 0.447268 0.382231
vt 0.428731 0.382219
vt 0.464732 0.382376
vt 0.480060 0.382202
vt 0.455947 0.346014
vt 0.471897 0.350574
vt 0.486331 0.367242
vt 0.488295 0.381996
vt 0.437796 0.360146
vt 0.437243 0.308452
vt 0.451659 0.315629
vt 0.439583 0.326524
vt 0.465034 0.315972
vt 0.480730 0.320585
vt 0.460624 0.332228
vt 0.480079 0.338757
vt 0.461117 0.294219
vt 0.473806 0.292828
vt 0.482062 0.292088
vt 0.489066 0.296585
vt 0.488542 0.320528
vt 0.486328 0.352624
vt 0.438620 0.346769
vt 0.293046 0.449250
vt 0.292951 0.447280
vt 0.294494 0.448418
vt 0.283135 0.451757
vt 0.292147 0.446463
vt 0.853142 0.860825
vt 0.852053 0.860261
vt 0.201428 0.478152
vt 0.199060 0.478775
vt 0.188746 0.478626
vt 0.847208 0.907244
vt 0.849240 0.898602
vt 0.847914 0.908231
vt 0.847062 0.897759
vt 0.843437 0.908392
vt 0.849193 0.864883
vt 0.850316 0.875836
vt 0.844046 0.878028
vt 0.172400 0.477870
vt 0.172061 0.478722
vt 0.188591 0.477851
vt 0.244530 0.475280
vt 0.236074 0.476308
vt 0.246754 0.473946
vt 0.844700 0.916575
vt 0.846392 0.916730
vt 0.838665 0.917854
vt 0.848241 0.887445
vt 0.841595 0.891012
vt 0.944004 0.111038
vt 0.944806 0.120951
vt 0.942580 0.125880
vt 0.945140 0.097358
vt 0.947297 0.092341
vt 0.946576 0.101208
vt 0.465398 0.924991
vt 0.480879 0.924889
vt 0.481010 0.927181
vt 0.943747 0.149507
vt 0.944079 0.140298
vt 0.945044 0.149451
vt 0.349517 0.596171
vt 0.354000 0.587806
vt 0.351152 0.615034
vt 0.923558 0.299904
vt 0.927277 0.278878
vt 0.931800 0.257098
vt 0.924154 0.290277
vt 0.925318 0.280290
vt 0.928338 0.268477
vt 0.017675 0.349747
vt 0.019969 0.362146
vt 0.016387 0.363388
vt 0.030145 0.392712
vt 0.032920 0.400704
vt 0.031875 0.401226
vt 0.483762 0.239917
vt 0.458345 0.259943
vt 0.494176 0.254265
vt 0.494128 0.219445
vt 0.504572 0.238698
vt 0.519197 0.292178
vt 0.535072 0.292868
vt 0.508486 0.290604
vt 0.507011 0.291992
vt 0.516776 0.294366
vt 0.509179 0.292562
vt 0.498637 0.292077
vt 0.492323 0.292131
vt 0.496764 0.293348
vt 0.424100 0.310783
vt 0.774507 0.292671
vt 0.765968 0.281019
vt 0.764326 0.595589
vt 0.758452 0.576272
vt 0.775191 0.591129
vt 0.368774 0.290373
vt 0.351864 0.291668
vt 0.680687 0.575240
vt 0.685673 0.555161
vt 0.675430 0.573106
vt 0.676152 0.572402
vt 0.682503 0.554414
vt 0.007766 0.686423
vt 0.657640 0.291049
vt 0.660628 0.308676
vt 0.659100 0.308967
vt 0.692062 0.311413
vt 0.692882 0.308319
vt 0.695233 0.314601
vt 0.330751 0.323157
vt 0.331863 0.317879
vt 0.330995 0.328909
vt 0.007445 0.608088
vt 0.006418 0.630829
vt 0.005888 0.627128
vt 0.787188 0.528580
vt 0.092528 0.467393
vt 0.077601 0.462128
vt 0.090677 0.464824
vt 0.070787 0.461047
vt 0.055929 0.452734
vt 0.064396 0.456204
vt 0.072479 0.458973
vt 0.081254 0.461978
vt 0.055213 0.450941
vt 0.060586 0.453096
vt 0.043242 0.452029
vt 0.054211 0.453630
vt 0.056046 0.459901
vt 0.073088 0.458108
vt 0.904891 0.716726
vt 0.904079 0.713545
vt 0.905773 0.712388
vt 0.876752 0.404167
vt 0.875447 0.404616
vt 0.876189 0.404108
vt 0.903622 0.713085
vt 0.904667 0.711577
vt 0.903069 0.715001
vt 0.785043 0.897405
vt 0.784236 0.896104
vt 0.784233 0.894134
vt 0.907958 0.713509
vt 0.908498 0.711323
vt 0.908472 0.716481
vt 0.782323 0.893995
vt 0.876538 0.402833
vt 0.791688 0.277651
vt 0.790327 0.229486
vt 0.525385 0.239858
vt 0.515016 0.254232
vt 0.510726 0.216337
vt 0.550844 0.230893
vt 0.550873 0.259861
vt 0.758217 0.255270
vt 0.751681 0.255610
vt 0.757940 0.230167
vt 0.730724 0.234176
vt 0.738149 0.256444
vt 0.744406 0.229985
vt 0.744949 0.256002
vt 0.771844 0.638857
vt 0.772534 0.615051
vt 0.770083 0.597426
vt 0.730923 0.623213
vt 0.387934 0.240724
vt 0.373371 0.236430
vt 0.405327 0.231085
vt 0.400427 0.260290
vt 0.420064 0.229415
vt 0.418931 0.260236
vt 0.350166 0.264926
vt 0.349722 0.253542
vt 0.349170 0.238094
vt 0.348706 0.217140
vt 0.676159 0.622273
vt 0.676094 0.601580
vt 0.673198 0.641202
vt 0.672968 0.622894
vt 0.673619 0.622042
vt 0.018778 0.590313
vt 0.014490 0.598282
vt 0.664521 0.209710
vt 0.664097 0.240597
vt 0.663409 0.240507
vt 0.664574 0.231613
vt 0.231276 0.544849
vt 0.293651 0.592809
vt 0.677327 0.254152
vt 0.332446 0.298952
vt 0.332911 0.294833
vt 0.332871 0.299076
vt 0.333956 0.274240
vt 0.675056 0.253371
vt 0.674255 0.229167
vt 0.689362 0.230124
vt 0.821025 0.128617
vt 0.822200 0.129116
vt 0.810464 0.198932
vt 0.828839 0.093584
vt 0.827819 0.106234
vt 0.823076 0.131783
vt 0.819482 0.156234
vt 0.662475 0.746479
vt 0.659510 0.758320
vt 0.657720 0.687190
vt 0.661795 0.781113
vt 0.658102 0.794173
vt 0.660913 0.806009
vt 0.656742 0.816262
vt 0.828788 0.106567
vt 0.813859 0.187509
vt 0.815118 0.187530
vt 0.308265 0.695355
vt 0.791308 0.229534
vt 0.791005 0.206098
vt 0.791107 0.598873
vt 0.790125 0.547659
vt 0.790873 0.551229
vt 0.790185 0.599257
vt 0.326635 0.713792
vt 0.330201 0.695697
vt 0.328081 0.701285
vt 0.879850 0.750088
vt 0.879559 0.756186
vt 0.877173 0.762249
vt 0.882931 0.740177
vt 0.882375 0.745552
vt 0.874357 0.775433
vt 0.876163 0.771949
vt 0.308037 0.739885
vt 0.305867 0.689149
vt 0.306696 0.682675
vt 0.301021 0.613510
vt 0.303106 0.626343
vt 0.624917 0.289743
vt 0.607889 0.292443
vt 0.608756 0.287933
vt 0.637618 0.289808
vt 0.628811 0.309075
vt 0.606140 0.310115
vt 0.594500 0.314435
vt 0.594452 0.289257
vt 0.817100 0.928410
vt 0.810205 0.930943
vt 0.810390 0.923658
vt 0.809708 0.937624
vt 0.815810 0.941129
vt 0.812102 0.945888
vt 0.816847 0.953601
vt 0.813719 0.956049
vt 0.820345 0.941447
vt 0.821767 0.948072
vt 0.767231 0.017254
vt 0.772272 0.016899
vt 0.780960 0.022059
vt 0.756472 0.014068
vt 0.762123 0.013559
vt 0.754408 0.010606
vt 0.762205 0.011709
vt 0.901272 0.693788
vt 0.906375 0.689401
vt 0.887514 0.696107
vt 0.776313 0.023712
vt 0.660595 0.186245
vt 0.631877 0.198394
vt 0.631051 0.172934
vt 0.659895 0.214188
vt 0.630805 0.222257
vt 0.589778 0.283345
vt 0.611075 0.284227
vt 0.630694 0.285779
vt 0.629933 0.260839
vt 0.658886 0.261879
vt 0.619351 0.320118
vt 0.601670 0.330014
vt 0.627613 0.333102
vt 0.607530 0.339346
vt 0.625697 0.342631
vt 0.651570 0.344563
vt 0.624802 0.349553
vt 0.601353 0.360413
vt 0.597708 0.375517
vt 0.626466 0.376390
vt 0.634009 0.383639
vt 0.619255 0.386973
vt 0.595856 0.384996
vt 0.605682 0.388428
vt 0.592030 0.395618
vt 0.617456 0.359386
vt 0.618688 0.396993
vt 0.628147 0.402179
vt 0.615958 0.405345
vt 0.296702 0.584547
vt 0.292712 0.577204
vt 0.305541 0.799267
vt 0.308178 0.776023
vt 0.636455 0.059741
vt 0.625322 0.057453
vt 0.617960 0.047959
vt 0.630260 0.065862
vt 0.623860 0.079873
vt 0.612514 0.068900
vt 0.599967 0.070980
vt 0.597362 0.087531
vt 0.614134 0.089797
vt 0.620316 0.101565
vt 0.605032 0.045741
vt 0.601234 0.033748
vt 0.628891 0.048758
vt 0.628107 0.114612
vt 0.597144 0.112290
vt 0.598000 0.099898
vt 0.694544 0.019961
vt 0.696019 0.014374
vt 0.696812 0.013829
vt 0.698061 0.014863
vt 0.698656 0.012449
vt 0.697012 0.010177
vt 0.698947 0.008615
vt 0.699088 0.010397
vt 0.315205 0.057280
vt 0.310268 0.052240
vt 0.312393 0.053215
vt 0.826262 0.697040
vt 0.300499 0.839077
vt 0.588714 0.458012
vt 0.594790 0.457510
vt 0.588955 0.460131
vt 0.327361 0.587629
vt 0.327269 0.581711
vt 0.330734 0.565988
vt 0.329049 0.572788
vt 0.329802 0.565863
vt 0.324475 0.591567
vt 0.590619 0.441286
vt 0.325439 0.585802
vt 0.327752 0.575370
vt 0.275072 0.512337
vt 0.275991 0.512651
vt 0.271596 0.508026
vt 0.274577 0.508876
vt 0.841023 0.939546
vt 0.840814 0.942550
vt 0.838846 0.946051
vt 0.837276 0.951509
vt 0.837504 0.953097
vt 0.280420 0.464357
vt 0.844837 0.924733
vt 0.842298 0.925175
vt 0.256471 0.472133
vt 0.259870 0.471936
vt 0.252469 0.473787
vt 0.270046 0.468254
vt 0.278291 0.464476
vt 0.840901 0.932763
vt 0.834530 0.939744
vt 0.274717 0.507794
vt 0.799029 0.949443
vt 0.195191 0.012327
vt 0.200599 0.014427
vt 0.180883 0.010877
vt 0.218038 0.016831
vt 0.232803 0.023907
vt 0.214193 0.018732
vt 0.235131 0.018422
vt 0.215914 0.012901
vt 0.919525 0.313293
vt 0.919624 0.309476
vt 0.914698 0.325437
vt 0.915303 0.319872
vt 0.911029 0.331394
vt 0.910712 0.329741
vt 0.352464 0.578544
vt 0.355084 0.566911
vt 0.357180 0.575022
vt 0.358052 0.555566
vt 0.360027 0.562929
vt 0.361102 0.544669
vt 0.363282 0.552283
vt 0.909648 0.337401
vt 0.920251 0.302634
vt 0.268948 0.891101
vt 0.251407 0.902023
vt 0.258948 0.899945
vt 0.244968 0.906654
vt 0.913537 0.649232
vt 0.911286 0.656520
vt 0.914100 0.661252
vt 0.911904 0.667613
vt 0.914734 0.673524
vt 0.244545 0.903011
vt 0.975107 0.594882
vt 0.977786 0.617126
vt 0.973426 0.586097
vt 0.348149 0.290424
vt 0.347557 0.291614
vt 0.347356 0.286803
vt 0.027956 0.500526
vt 0.813147 0.712050
vt 0.813275 0.715178
vt 0.810815 0.713574
vt 0.782324 0.423282
vt 0.778076 0.420601
vt 0.816719 0.714109
vt 0.809594 0.716737
vt 0.042128 0.497593
vt 0.892342 0.490094
vt 0.881350 0.480596
vt 0.893284 0.473052
vt 0.882665 0.464151
vt 0.894838 0.458980
vt 0.881918 0.446395
vt 0.864566 0.498218
vt 0.858950 0.488694
vt 0.866172 0.479785
vt 0.860849 0.470865
vt 0.867936 0.463023
vt 0.862784 0.455234
vt 0.870147 0.445289
vt 0.903675 0.459317
vt 0.356119 0.350772
vt 0.354207 0.354300
vt 0.359729 0.378592
vt 0.356940 0.369463
vt 0.352675 0.345116
vt 0.380557 0.357665
vt 0.955914 0.754650
vt 0.954768 0.755615
vt 0.959653 0.744697
vt 0.961353 0.742093
vt 0.965148 0.729926
vt 0.967191 0.725501
vt 0.968828 0.718376
vt 0.353103 0.331225
vt 0.349967 0.320150
vt 0.978163 0.669131
vt 0.975749 0.686210
vt 0.977756 0.668719
vt 0.346737 0.265592
vt 0.345784 0.263540
vt 0.348838 0.286070
vt 0.346553 0.130434
vt 0.345223 0.142950
vt 0.348870 0.155719
vt 0.344815 0.155768
vt 0.344981 0.168738
vt 0.344019 0.172631
vt 0.347102 0.118809
vt 0.345725 0.130614
vt 0.968726 0.554582
vt 0.970924 0.564630
vt 0.964446 0.528044
vt 0.967206 0.541439
vt 0.955728 0.487581
vt 0.958864 0.499392
vt 0.959622 0.505020
vt 0.358080 0.065029
vt 0.357028 0.069684
vt 0.355393 0.072707
vt 0.352213 0.090062
vt 0.349822 0.098106
vt 0.350372 0.108473
vt 0.350503 0.118691
vt 0.942670 0.449054
vt 0.946228 0.457047
vt 0.945790 0.457369
vt 0.811353 0.475068
vt 0.809824 0.471767
vt 0.813073 0.466744
vt 0.815482 0.455920
vt 0.816881 0.444164
vt 0.813245 0.456511
vt 0.815866 0.444350
vt 0.083344 0.022754
vt 0.819988 0.429968
vt 0.059608 0.890095
vt 0.925983 0.806559
vt 0.925368 0.806671
vt 0.927619 0.803610
vt 0.879725 0.965595
vt 0.882968 0.972584
vt 0.881109 0.973479
vt 0.926424 0.807438
vt 0.925853 0.808101
vt 0.377519 0.440288
vt 0.381177 0.440269
vt 0.384863 0.446770
vt 0.924860 0.806884
vt 0.924984 0.805970
vt 0.829851 0.712376
vt 0.829374 0.713926
vt 0.828698 0.711402
vt 0.039593 0.453877
vt 0.052825 0.461419
vt 0.038995 0.453995
vt 0.039499 0.452629
vt 0.041728 0.454034
vt 0.064854 0.497932
vt 0.076630 0.494602
vt 0.051465 0.504429
vt 0.378669 0.500507
vt 0.377977 0.500694
vt 0.375794 0.496868
vt 0.374869 0.497573
vt 0.378555 0.495123
vt 0.024876 0.878128
vt 0.027157 0.882018
vt 0.915199 0.430814
vt 0.913905 0.428055
vt 0.916404 0.428096
vt 0.911689 0.434962
vt 0.055020 0.499980
vt 0.054881 0.497842
vt 0.045338 0.494041
vt 0.800345 0.763041
vt 0.798939 0.773719
vt 0.084673 0.491953
vt 0.074707 0.493149
vt 0.085373 0.490059
vt 0.037706 0.427463
vt 0.038984 0.425918
vt 0.040422 0.437761
vt 0.035065 0.418190
vt 0.032037 0.407638
vt 0.035010 0.412082
vt 0.035413 0.434266
vt 0.032869 0.424969
vt 0.030012 0.414895
vt 0.026909 0.404003
vt 0.028944 0.396897
vt 0.066586 0.549680
vt 0.035734 0.514334
vt 0.379022 0.421460
vt 0.372053 0.420667
vt 0.368663 0.410625
vt 0.371693 0.422783
vt 0.942056 0.780450
vt 0.927009 0.803228
vt 0.939128 0.784055
vt 0.947764 0.769163
vt 0.949737 0.766879
vt 0.290555 0.564135
vt 0.601621 0.411500
vt 0.605468 0.419402
vt 0.593596 0.425064
vt 0.622235 0.415413
vt 0.624745 0.422321
vt 0.612985 0.428719
vt 0.598226 0.435564
vt 0.628967 0.426724
vt 0.620492 0.436396
vt 0.591317 0.415344
vt 0.583293 0.416135
vt 0.602124 0.404834
vt 0.612118 0.437543
vt 0.610076 0.452807
vt 0.606843 0.452085
vt 0.327565 0.291088
vt 0.326580 0.286702
vt 0.329718 0.211584
vt 0.327149 0.253242
vt 0.329278 0.293180
vt 0.332091 0.250093
vt 0.324814 0.294122
vt 0.126226 0.540992
vt 0.456233 0.424093
vt 0.460218 0.441035
vt 0.451966 0.439699
vt 0.486219 0.439910
vt 0.488137 0.461465
vt 0.479710 0.461827
vt 0.472512 0.440291
vt 0.465022 0.461938
vt 0.785688 0.399943
vt 0.785140 0.398402
vt 0.780399 0.403290
vt 0.777059 0.404071
vt 0.778958 0.402335
vt 0.281262 0.503758
vt 0.785197 0.401372
vt 0.774216 0.406441
vt 0.773852 0.403043
vt 0.774883 0.452050
vt 0.779160 0.443889
vt 0.760765 0.457652
vt 0.769768 0.442440
vt 0.761579 0.445837
vt 0.767874 0.438600
vt 0.782204 0.454504
vt 0.571118 0.417634
vt 0.553648 0.424225
vt 0.566688 0.435030
vt 0.557842 0.440125
vt 0.575056 0.434819
vt 0.582817 0.442582
vt 0.572977 0.460079
vt 0.564872 0.460856
vt 0.556898 0.461392
vt 0.326371 0.295076
vt 0.385785 0.409487
vt 0.386680 0.420984
vt 0.379337 0.409188
vt 0.393871 0.409522
vt 0.394714 0.422348
vt 0.392038 0.432632
vt 0.417712 0.430408
vt 0.407285 0.425176
vt 0.398332 0.434232
vt 0.393984 0.442212
vt 0.426103 0.436843
vt 0.727627 0.456685
vt 0.738691 0.446037
vt 0.730350 0.452138
vt 0.741506 0.439977
vt 0.718625 0.467349
vt 0.023556 0.404029
vt 0.026325 0.411443
vt 0.027698 0.419265
vt 0.029578 0.421864
vt 0.740196 0.440412
vt 0.748300 0.440495
vt 0.640263 0.401297
vt 0.641282 0.406533
vt 0.633059 0.411359
vt 0.830052 0.361728
vt 0.833914 0.369636
vt 0.641270 0.410666
vt 0.638376 0.415248
vt 0.919810 0.393413
vt 0.919810 0.401410
vt 0.918736 0.403791
vt 0.634475 0.427657
vt 0.637389 0.423739
vt 0.334499 0.612899
vt 0.336243 0.615918
vt 0.325435 0.608839
vt 0.645389 0.396312
vt 0.322131 0.611912
vt 0.625886 0.436230
vt 0.760584 0.407225
vt 0.761957 0.407511
vt 0.300674 0.452170
vt 0.302119 0.449550
vt 0.301360 0.453007
vt 0.301256 0.450104
vt 0.030230 0.512492
vt 0.032625 0.514963
vt 0.788030 0.439911
vt 0.010465 0.203847
vt 0.012358 0.181929
vt 0.012168 0.206195
vt 0.013193 0.156682
vt 0.014932 0.140198
vt 0.014281 0.156991
vt 0.007600 0.167703
vt 0.011669 0.156414
vt 0.010865 0.179226
vt 0.008740 0.143744
vt 0.013386 0.132611
vt 0.016022 0.128800
vt 0.012543 0.238407
vt 0.944578 0.190637
vt 0.945037 0.181916
vt 0.947021 0.199042
vt 0.942951 0.172886
vt 0.944622 0.167795
vt 0.945717 0.177266
vt 0.576497 0.915122
vt 0.564949 0.916065
vt 0.558416 0.920517
vt 0.548555 0.920650
vt 0.539237 0.925039
vt 0.529381 0.924373
vt 0.294042 0.568918
vt 0.292329 0.561433
vt 0.865254 0.533656
vt 0.863206 0.518278
vt 0.869864 0.518299
vt 0.878935 0.523187
vt 0.879375 0.513139
vt 0.855988 0.528685
vt 0.857305 0.508011
vt 0.879882 0.503316
vt 0.871078 0.498382
vt 0.880449 0.493782
vt 0.781638 0.910012
vt 0.782299 0.928368
vt 0.781647 0.933179
vt 0.782333 0.897355
vt 0.784311 0.900180
vt 0.782233 0.905149
vt 0.784829 0.942346
vt 0.782397 0.942365
vt 0.781489 0.942674
vt 0.909331 0.789765
vt 0.910063 0.795575
vt 0.909484 0.819879
vt 0.909738 0.786866
vt 0.862460 0.021578
vt 0.858355 0.030544
vt 0.857231 0.030198
vt 0.864025 0.021678
vt 0.859327 0.030696
vt 0.318695 0.101509
vt 0.876845 0.004927
vt 0.878250 0.009297
vt 0.875483 0.005121
vt 0.965594 0.009427
vt 0.966413 0.011844
vt 0.965148 0.013803
vt 0.966643 0.007665
vt 0.070723 0.939284
vt 0.069799 0.936049
vt 0.070723 0.934478
vt 0.061623 0.937888
vt 0.062404 0.934477
vt 0.062404 0.940292
vt 0.033037 0.065239
vt 0.030835 0.068061
vt 0.034209 0.061780
vt 0.878511 0.383920
vt 0.884264 0.374687
vt 0.886110 0.373216
vt 0.876751 0.384497
vt 0.878143 0.384683
vt 0.046094 0.444670
vt 0.043689 0.438771
vt 0.041893 0.428405
vt 0.890896 0.724277
vt 0.892486 0.723743
vt 0.886225 0.737330
vt 0.890174 0.724012
vt 0.889406 0.724909
vt 0.864781 0.398193
vt 0.865046 0.399033
vt 0.824911 0.329926
vt 0.825324 0.327986
vt 0.831556 0.342897
vt 0.820700 0.317896
vt 0.821215 0.315899
vt 0.819251 0.306943
vt 0.822193 0.316047
vt 0.307338 0.390167
vt 0.309829 0.384751
vt 0.306662 0.395667
vt 0.310536 0.378879
vt 0.312949 0.373281
vt 0.313488 0.367273
vt 0.315723 0.361490
vt 0.832186 0.347669
vt 0.816952 0.303997
vt 0.816582 0.297686
vt 0.837517 0.353497
vt 0.831293 0.340042
vt 0.837465 0.351801
vt 0.811868 0.216825
vt 0.816174 0.187747
vt 0.812892 0.216975
vt 0.817072 0.188167
vt 0.813427 0.217607
vt 0.810824 0.216704
vt 0.824387 0.131643
vt 0.820846 0.156046
vt 0.831640 0.101281
vt 0.829002 0.113329
vt 0.833971 0.089542
vt 0.825373 0.132030
vt 0.821752 0.156275
vt 0.324234 0.164814
vt 0.325514 0.183824
vt 0.324707 0.183815
vt 0.325993 0.208086
vt 0.325057 0.208324
vt 0.324131 0.141323
vt 0.325105 0.153305
vt 0.323736 0.152541
vt 0.325607 0.165761
vt 0.326225 0.183499
vt 0.836952 0.078824
vt 0.326375 0.158173
vt 0.954228 0.225004
vt 0.956517 0.234329
vt 0.277591 0.045728
vt 0.287357 0.050477
vt 0.268259 0.040816
vt 0.257111 0.034877
vt 0.265755 0.038445
vt 0.959378 0.245388
vt 0.962271 0.254455
vt 0.952904 0.217986
vt 0.954922 0.221181
vt 0.888947 0.027477
vt 0.892999 0.037250
vt 0.887772 0.027669
vt 0.025115 0.089821
vt 0.022299 0.100541
vt 0.024226 0.089539
vt 0.896576 0.040582
vt 0.896325 0.045037
vt 0.900430 0.053374
vt 0.902820 0.063284
vt 0.899103 0.053917
vt 0.027543 0.078517
vt 0.882154 0.017505
vt 0.875447 0.007617
vt 0.879481 0.008889
vt 0.883299 0.017192
vt 0.911163 0.096639
vt 0.908020 0.085072
vt 0.910623 0.088889
vt 0.918906 0.138933
vt 0.914273 0.115135
vt 0.915307 0.114850
vt 0.905745 0.073669
vt 0.904263 0.074337
vt 0.917937 0.139030
vt 0.913436 0.115204
vt 0.016955 0.151501
vt 0.015228 0.164731
vt 0.015569 0.152271
vt 0.014960 0.182752
vt 0.014312 0.206997
vt 0.014249 0.182451
vt 0.905746 0.067561
vt 0.920293 0.139151
vt 0.916616 0.114971
vt 0.926860 0.255531
vt 0.927572 0.244884
vt 0.928048 0.250367
vt 0.018763 0.324690
vt 0.018577 0.314188
vt 0.945987 0.158914
vt 0.944217 0.158523
vt 0.946680 0.149606
vt 0.947688 0.159383
vt 0.170837 0.014159
vt 0.180773 0.015038
vt 0.190543 0.015953
vt 0.194941 0.014957
vt 0.200215 0.017385
vt 0.209744 0.019281
vt 0.219082 0.021587
vt 0.228183 0.024251
vt 0.237000 0.027219
vt 0.248559 0.031808
vt 0.953089 0.211053
vt 0.945976 0.110871
vt 0.948398 0.101350
vt 0.948097 0.110977
vt 0.946598 0.120560
vt 0.948317 0.120743
vt 0.132066 0.019834
vt 0.122573 0.020988
vt 0.131929 0.018503
vt 0.949583 0.078230
vt 0.951811 0.073648
vt 0.950578 0.082719
vt 0.170833 0.015510
vt 0.160900 0.014967
vt 0.945844 0.139921
vt 0.880770 0.935779
vt 0.882167 0.933144
vt 0.883644 0.938965
vt 0.885018 0.946169
vt 0.886317 0.946474
vt 0.888157 0.954509
vt 0.889255 0.954047
vt 0.885762 0.941983
vt 0.878090 0.919805
vt 0.878772 0.926788
vt 0.880742 0.926746
vt 0.880175 0.919847
vt 0.882736 0.930262
vt 0.060749 0.452116
vt 0.886180 0.954024
vt 0.892387 0.966547
vt 0.870257 0.849740
vt 0.871551 0.845762
vt 0.871374 0.852497
vt 0.872048 0.846344
vt 0.873277 0.866900
vt 0.169200 0.466689
vt 0.169243 0.467485
vt 0.142252 0.467597
vt 0.869425 0.852132
vt 0.873177 0.814972
vt 0.873957 0.819926
vt 0.872533 0.824960
vt 0.878176 0.780314
vt 0.877625 0.789859
vt 0.876495 0.788240
vt 0.942026 0.337685
vt 0.943021 0.345441
vt 0.942026 0.358013
vt 0.876607 0.796374
vt 0.875847 0.807358
vt 0.875490 0.799596
vt 0.871082 0.824606
vt 0.870990 0.834902
vt 0.875023 0.779496
vt 0.875837 0.783486
vt 0.873634 0.790726
vt 0.878060 0.772597
vt 0.242864 0.464197
vt 0.235202 0.464734
vt 0.225719 0.466368
vt 0.208255 0.467513
vt 0.193329 0.467727
vt 0.320946 0.315112
vt 0.322507 0.296847
vt 0.321953 0.315414
vt 0.811122 0.264474
vt 0.809814 0.242488
vt 0.811952 0.262539
vt 0.016967 0.291943
vt 0.015499 0.269266
vt 0.016256 0.269356
vt 0.017152 0.295601
vt 0.921557 0.292585
vt 0.923289 0.289925
vt 0.918234 0.306613
vt 0.908809 0.329949
vt 0.913276 0.317679
vt 0.913755 0.319539
vt 0.917529 0.305234
vt 0.920532 0.292618
vt 0.907673 0.330002
vt 0.912301 0.317764
vt 0.026597 0.372207
vt 0.023440 0.360474
vt 0.024351 0.360327
vt 0.032337 0.395035
vt 0.028927 0.383899
vt 0.029619 0.383714
vt 0.902799 0.343765
vt 0.845873 0.368993
vt 0.859313 0.390348
vt 0.866056 0.398142
vt 0.843495 0.363180
vt 0.853363 0.379145
vt 0.877551 0.717381
vt 0.866313 0.712370
vt 0.871950 0.714279
vt 0.876125 0.715449
vt 0.887967 0.720136
vt 0.865236 0.710608
vt 0.334918 0.815247
vt 0.334918 0.803999
vt 0.335669 0.812284
vt 0.857717 0.389944
vt 0.028213 0.938394
vt 0.028890 0.934477
vt 0.028890 0.944676
vt 0.302581 0.409262
vt 0.304228 0.407205
vt 0.301199 0.417232
vt 0.298346 0.423573
vt 0.297501 0.428166
vt 0.078535 0.936914
vt 0.079048 0.936483
vt 0.078118 0.938440
vt 0.867979 0.849193
vt 0.868933 0.849023
vt 0.868550 0.850221
vt 0.911129 0.885137
vt 0.911954 0.888550
vt 0.909978 0.887592
vt 0.911819 0.886633
vt 0.870065 0.847051
vt 0.785087 0.856275
vt 0.785759 0.879511
vt 0.785109 0.876533
vt 0.869259 0.850505
vt 0.785527 0.879736
vt 0.873865 0.884746
vt 0.875165 0.901063
vt 0.871957 0.868405
vt 0.874996 0.885049
vt 0.942026 0.377123
vt 0.942909 0.365409
vt 0.942909 0.385328
vt 0.103164 0.464281
vt 0.111141 0.465824
vt 0.103020 0.465600
vt 0.876329 0.912340
vt 0.122371 0.466902
vt 0.128971 0.468193
vt 0.113869 0.467287
vt 0.095491 0.463698
vt 0.095171 0.464853
vt 0.878204 0.912209
vt 0.914347 0.885918
vt 0.915193 0.888072
vt 0.913524 0.886526
vt 0.915734 0.887263
vt 0.319313 0.811029
vt 0.318663 0.812547
vt 0.318564 0.809545
vt 0.871177 0.839505
vt 0.870073 0.842796
vt 0.195654 0.466979
vt 0.785007 0.906184
vt 0.784557 0.908059
vt 0.902667 0.727251
vt 0.902285 0.755268
vt 0.902285 0.727620
vt 0.785444 0.933235
vt 0.784704 0.927720
vt 0.902642 0.721626
vt 0.785759 0.942699
vt 0.814583 0.291345
vt 0.814318 0.285102
vt 0.812770 0.276285
vt 0.813588 0.273290
vt 0.319744 0.325687
vt 0.320678 0.325761
vt 0.814388 0.294814
vt 0.322153 0.321452
vt 0.929332 0.246815
vt 0.930452 0.224842
vt 0.931273 0.224656
vt 0.930130 0.249465
vt 0.932079 0.224316
vt 0.929664 0.225997
vt 0.018088 0.295565
vt 0.928225 0.199282
vt 0.923722 0.170355
vt 0.927158 0.199348
vt 0.922763 0.170651
vt 0.014695 0.239332
vt 0.015640 0.239501
vt 0.810702 0.239997
vt 0.810563 0.243694
vt 0.865452 0.016994
vt 0.865910 0.014706
vt 0.866982 0.015423
vt 0.866839 0.012407
vt 0.866518 0.018052
vt 0.301634 0.058126
vt 0.883592 0.745578
vt 0.883552 0.750537
vt 0.880745 0.756231
vt 0.886552 0.740123
vt 0.882135 0.758977
vt 0.881509 0.765480
vt 0.879355 0.765501
vt 0.886299 0.745226
vt 0.888508 0.736432
vt 0.269934 0.455945
vt 0.265282 0.458775
vt 0.262417 0.458818
vt 0.279179 0.452109
vt 0.274611 0.454879
vt 0.249960 0.462710
vt 0.893592 0.967852
vt 0.894355 0.968013
vt 0.046430 0.444383
vt 0.889609 0.966948
vt 0.890846 0.966260
vt 0.890870 0.966924
vt 0.889532 0.966250
vt 0.045851 0.445396
vt 0.045212 0.444631
vt 0.956042 0.053271
vt 0.954325 0.065205
vt 0.953036 0.064924
vt 0.959064 0.038861
vt 0.958569 0.045647
vt 0.961708 0.027484
vt 0.962475 0.028356
vt 0.069999 0.041723
vt 0.076544 0.037399
vt 0.084825 0.034323
vt 0.054245 0.050283
vt 0.063133 0.044283
vt 0.084640 0.033065
vt 0.953507 0.074106
vt 0.319226 0.769534
vt 0.318564 0.756289
vt 0.916047 0.850809
vt 0.915081 0.861746
vt 0.915592 0.849383
vt 0.915690 0.863874
vt 0.914702 0.871005
vt 0.319437 0.784658
vt 0.912981 0.853406
vt 0.913080 0.847132
vt 0.912297 0.850144
vt 0.912221 0.871202
vt 0.784406 0.850094
vt 0.868052 0.399422
vt 0.894041 0.722800
vt 0.894890 0.722367
vt 0.294261 0.437813
vt 0.296699 0.432667
vt 0.294526 0.440488
vt 0.292356 0.445527
vt 0.293163 0.445658
vt 0.866593 0.399120
vt 0.893746 0.357740
vt 0.900651 0.342953
vt 0.902274 0.342230
vt 0.890049 0.362557
vt 0.041331 0.424049
vt 0.038477 0.416387
vt 0.035898 0.406553
vt 0.904311 0.342961
vt 0.895455 0.359073
vt 0.950329 0.293011
vt 0.949645 0.279617
vt 0.950329 0.275468
vt 0.039954 0.425158
vt 0.036045 0.411527
vt 0.033198 0.394858
vt 0.905200 0.738479
vt 0.903417 0.726678
vt 0.905169 0.725521
vt 0.908377 0.728155
vt 0.908478 0.766871
vt 0.904276 0.765594
vt 0.902352 0.764951
vt 0.044817 0.448140
vt 0.045397 0.446385
vt 0.041135 0.450721
vt 0.043626 0.447198
vt 0.904241 0.788485
vt 0.907379 0.785297
vt 0.907841 0.799190
vt 0.903522 0.831278
vt 0.105506 0.468437
vt 0.107438 0.467339
vt 0.333504 0.694769
vt 0.328126 0.671355
vt 0.868915 0.823461
vt 0.870935 0.816351
vt 0.870224 0.808600
vt 0.872393 0.799869
vt 0.871911 0.791840
vt 0.872452 0.810143
vt 0.881207 0.006160
vt 0.879401 0.005819
vt 0.880079 0.003845
vt 0.962806 0.010824
vt 0.962689 0.013907
vt 0.961654 0.013672
vt 0.878130 0.005863
vt 0.369908 0.882438
vt 0.371596 0.883869
vt 0.369571 0.886219
vt 0.878059 0.003698
vt 0.903595 0.349212
vt 0.905513 0.342857
vt 0.897454 0.360085
vt 0.896786 0.358806
vt 0.890509 0.371205
vt 0.886159 0.375138
vt 0.363992 0.534544
vt 0.365962 0.541775
vt 0.366790 0.524689
vt 0.368874 0.531645
vt 0.369784 0.513723
vt 0.371518 0.522423
vt 0.374431 0.513149
vt 0.877321 0.402151
vt 0.875691 0.402821
vt 0.907504 0.779681
vt 0.908269 0.777436
vt 0.908947 0.782062
vt 0.909207 0.778835
vt 0.909508 0.781623
vt 0.781843 0.896639
vt 0.903979 0.779343
vt 0.906615 0.776304
vt 0.781489 0.901672
vt 0.040655 0.052893
vt 0.069815 0.039329
vt 0.052415 0.048395
vt 0.082949 0.030632
vt 0.053369 0.048806
vt 0.037534 0.050565
vt 0.100189 0.026716
vt 0.805794 0.246229
vt 0.806819 0.243125
vt 0.808957 0.264020
vt 0.657856 0.640861
vt 0.655335 0.643180
vt 0.654666 0.639751
vt 0.807665 0.241966
vt 0.808228 0.241818
vt 0.810062 0.264288
vt 0.042670 0.439307
vt 0.042976 0.446108
vt 0.044080 0.444704
vt 0.044433 0.445650
vt 0.038253 0.446432
vt 0.043272 0.446884
vt 0.933230 0.226673
vt 0.932624 0.224367
vt 0.933249 0.223137
vt 0.931128 0.249601
vt 0.322302 0.345964
vt 0.319962 0.350414
vt 0.321630 0.338034
vt 0.827978 0.344850
vt 0.825628 0.338759
vt 0.826412 0.336358
vt 0.816043 0.308050
vt 0.818214 0.312829
vt 0.860152 0.399286
vt 0.861251 0.399057
vt 0.861451 0.400106
vt 0.862179 0.398446
vt 0.322890 0.745707
vt 0.857731 0.400483
vt 0.858869 0.402319
vt 0.847027 0.385104
vt 0.014818 0.321437
vt 0.011610 0.322119
vt 0.374972 0.888990
vt 0.416510 0.907136
vt 0.398163 0.901495
vt 0.398751 0.898592
vt 0.374419 0.885728
vt 0.418895 0.906852
vt 0.955462 0.039472
vt 0.952018 0.061460
vt 0.950998 0.061388
vt 0.417705 0.910633
vt 0.955925 0.042620
vt 0.954035 0.053303
vt 0.895565 0.031910
vt 0.887907 0.019162
vt 0.883519 0.010269
vt 0.352721 0.828449
vt 0.355400 0.837225
vt 0.356221 0.846235
vt 0.882536 0.011371
vt 0.888522 0.022882
vt 0.882905 0.014202
vt 0.889977 0.027024
vt 0.358695 0.867882
vt 0.364174 0.871201
vt 0.361366 0.874341
vt 0.350763 0.836378
vt 0.351338 0.812406
vt 0.906552 0.063143
vt 0.904236 0.060092
vt 0.898121 0.040372
vt 0.303634 0.413145
vt 0.300342 0.422966
vt 0.306877 0.402287
vt 0.307452 0.396423
vt 0.813365 0.302499
vt 0.811732 0.285990
vt 0.811838 0.278986
vt 0.029788 0.067664
vt 0.031968 0.063950
vt 0.038732 0.056469
vt 0.038015 0.058273
vt 0.034995 0.059108
vt 0.027646 0.059559
vt 0.031783 0.060294
vt 0.030535 0.062497
vt 0.037466 0.055422
vt 0.034599 0.052215
vt 0.316401 0.375133
vt 0.319186 0.363320
vt 0.322739 0.364825
vt 0.323487 0.297663
vt 0.345911 0.650030
vt 0.349572 0.647620
vt 0.349461 0.651747
vt 0.017529 0.103989
vt 0.021377 0.095756
vt 0.017492 0.113215
vt 0.021499 0.089026
vt 0.025020 0.083143
vt 0.019423 0.108724
vt 0.017835 0.118267
vt 0.010845 0.122129
vt 0.015201 0.117548
vt 0.023892 0.067774
vt 0.027205 0.069872
vt 0.013436 0.291041
vt 0.007929 0.250148
vt 0.929430 0.181428
vt 0.924924 0.160125
vt 0.916136 0.105038
vt 0.911845 0.089849
vt 0.347732 0.690085
vt 0.347423 0.762328
vt 0.344532 0.750250
vt 0.809890 0.215609
vt 0.806979 0.240962
vt 0.881765 0.384733
vt 0.880906 0.384320
vt 0.373716 0.500030
vt 0.376592 0.501357
vt 0.377059 0.500366
vt 0.377648 0.501877
vt 0.879819 0.383998
vt 0.655046 0.645765
vt 0.658657 0.644747
vt 0.803497 0.216606
vt 0.801242 0.240095
vt 0.800486 0.242781
vt 0.802362 0.240603
vt 0.802857 0.244630
vt 0.801682 0.244414
vt 0.373847 0.496546
vt 0.374070 0.497978
vt 0.372896 0.496904
vt 0.807409 0.186908
vt 0.806451 0.199893
vt 0.807172 0.202761
vt 0.964339 0.530605
vt 0.959494 0.508412
vt 0.952195 0.482242
vt 0.954781 0.486935
vt 0.344019 0.781920
vt 0.345463 0.783782
vt 0.344040 0.698583
vt 0.972716 0.586311
vt 0.972105 0.589925
vt 0.967433 0.551223
vt 0.349165 0.797641
vt 0.346961 0.809714
vt 0.980066 0.641828
vt 0.979437 0.643481
vt 0.979322 0.639303
vt 0.978333 0.641403
vt 0.977998 0.637964
vt 0.976923 0.615126
vt 0.344019 0.676165
vt 0.975656 0.611819
vt 0.805213 0.286535
vt 0.808916 0.304367
vt 0.807393 0.299656
vt 0.807351 0.293138
vt 0.803494 0.268950
vt 0.804947 0.270347
vt 0.808766 0.294562
vt 0.656615 0.615963
vt 0.652987 0.609507
vt 0.653746 0.592817
vt 0.930362 0.425677
vt 0.934843 0.434241
vt 0.929305 0.425264
vt 0.949147 0.466890
vt 0.943730 0.454484
vt 0.930685 0.429467
vt 0.927256 0.424005
vt 0.940855 0.446413
vt 0.939474 0.442043
vt 0.984737 0.056675
vt 0.986833 0.050099
vt 0.983703 0.065551
vt 0.988763 0.038486
vt 0.990379 0.034714
vt 0.995432 0.017069
vt 0.988285 0.046109
vt 0.382210 0.042622
vt 0.392518 0.037542
vt 0.372020 0.888084
vt 0.981626 0.073176
vt 0.980770 0.082700
vt 0.843639 0.382549
vt 0.856683 0.401401
vt 0.821585 0.342137
vt 0.815520 0.326437
vt 0.828089 0.356215
vt 0.812709 0.313168
vt 0.650864 0.575205
vt 0.649265 0.585758
vt 0.646460 0.571105
vt 0.648051 0.563697
vt 0.643221 0.561016
vt 0.644912 0.552437
vt 0.640390 0.552205
vt 0.826572 0.349754
vt 0.980408 0.641893
vt 0.975980 0.667650
vt 0.978243 0.644553
vt 0.800969 0.244086
vt 0.500155 0.294227
vt 0.494797 0.296615
vt 0.499373 0.298743
vt 0.497120 0.298982
vt 0.501888 0.294144
vt 0.502232 0.295314
vt 0.500648 0.299266
vt 0.903014 0.777321
vt 0.902922 0.783490
vt 0.902737 0.775150
vt 0.903950 0.776059
vt 0.880407 0.400648
vt 0.879373 0.400890
vt 0.880190 0.399780
vt 0.884856 0.404616
vt 0.881493 0.399067
vt 0.881183 0.396463
vt 0.903379 0.787845
vt 0.946918 0.769037
vt 0.942879 0.773760
vt 0.949216 0.762244
vt 0.938096 0.784228
vt 0.935243 0.786667
vt 0.953130 0.757170
vt 0.954947 0.750555
vt 0.992266 0.007961
vt 0.993630 0.007462
vt 0.992997 0.011636
vt 0.928397 0.421742
vt 0.926433 0.420015
vt 0.925837 0.417731
vt 0.924696 0.416557
vt 0.993900 0.013124
vt 0.995188 0.013220
vt 0.994192 0.016176
vt 0.994453 0.008731
vt 0.995310 0.009242
vt 0.995378 0.011115
vt 0.925268 0.420513
vt 0.924151 0.418159
vt 0.994875 0.016537
vt 0.365210 0.882974
vt 0.364317 0.881163
vt 0.366315 0.882956
vt 0.362814 0.057657
vt 0.360677 0.058709
vt 0.364021 0.054619
vt 0.363073 0.878432
vt 0.367236 0.878690
vt 0.329628 0.561612
vt 0.330947 0.546231
vt 0.334812 0.680203
vt 0.334884 0.695058
vt 0.333216 0.676201
vt 0.333752 0.502453
vt 0.332470 0.504708
vt 0.332817 0.498779
vt 0.492901 0.320818
vt 0.496037 0.335515
vt 0.491157 0.338454
vt 0.497904 0.318869
vt 0.498435 0.335374
vt 0.501035 0.331662
vt 0.500053 0.335224
vt 0.902285 0.814640
vt 0.493830 0.348856
vt 0.488303 0.396632
vt 0.493887 0.403061
vt 0.486899 0.411292
vt 0.493876 0.388679
vt 0.493862 0.373952
vt 0.493847 0.359219
vt 0.513375 0.335550
vt 0.511583 0.318099
vt 0.512150 0.298357
vt 0.509964 0.298360
vt 0.508668 0.298875
vt 0.508361 0.331922
vt 0.507802 0.301031
vt 0.910245 0.750951
vt 0.909489 0.752867
vt 0.909030 0.723037
vt 0.511818 0.348626
vt 0.510973 0.335428
vt 0.534813 0.012389
vt 0.544644 0.010958
vt 0.563868 0.015573
vt 0.568577 0.014918
vt 0.573029 0.018321
vt 0.549581 0.009773
vt 0.554389 0.013101
vt 0.534557 0.007228
vt 0.977239 0.198292
vt 0.978812 0.206236
vt 0.979539 0.215308
vt 0.976002 0.184812
vt 0.976884 0.188620
vt 0.976176 0.174875
vt 0.977423 0.188165
vt 0.981493 0.222054
vt 0.982339 0.230510
vt 0.374290 0.495733
vt 0.373302 0.496079
vt 0.376546 0.494549
vt 0.884087 0.971376
vt 0.884924 0.972220
vt 0.884469 0.973191
vt 0.959703 0.742667
vt 0.960127 0.738168
vt 0.970332 0.710193
vt 0.326910 0.574626
vt 0.328880 0.561046
vt 0.334249 0.708771
vt 0.331254 0.721440
vt 0.816309 0.130788
vt 0.813115 0.151868
vt 0.825472 0.087478
vt 0.821621 0.106588
vt 0.823283 0.105921
vt 0.816473 0.139884
vt 0.806946 0.186835
vt 0.508684 0.293153
vt 0.506859 0.292794
vt 0.883227 0.402793
vt 0.881844 0.402619
vt 0.881010 0.402150
vt 0.507867 0.294068
vt 0.506139 0.292904
vt 0.507075 0.295175
vt 0.506477 0.293882
vt 0.880370 0.402990
vt 0.909502 0.713439
vt 0.909199 0.712100
vt 0.511348 0.294096
vt 0.909629 0.719500
vt 0.905753 0.710973
vt 0.909279 0.710608
vt 0.877858 0.402787
vt 0.880783 0.401046
vt 0.975185 0.685641
vt 0.977105 0.667943
vt 0.444827 0.018301
vt 0.454325 0.013057
vt 0.483866 0.011039
vt 0.473862 0.009191
vt 0.483959 0.005915
vt 0.445080 0.013775
vt 0.458994 0.009837
vt 0.474056 0.006335
vt 0.483803 0.004907
vt 0.976551 0.110705
vt 0.978232 0.101491
vt 0.976762 0.115851
vt 0.976172 0.131922
vt 0.977552 0.116405
vt 0.976735 0.132088
vt 0.978732 0.102354
vt 0.981382 0.083940
vt 0.979256 0.102671
vt 0.427019 0.023681
vt 0.435734 0.020890
vt 0.834461 0.367657
vt 0.839050 0.372229
vt 0.832516 0.361081
vt 0.845016 0.375432
vt 0.857042 0.010466
vt 0.858429 0.010228
vt 0.857267 0.012710
vt 0.645953 0.055643
vt 0.647573 0.059472
vt 0.641782 0.881892
vt 0.856074 0.015668
vt 0.856946 0.016713
vt 0.853010 0.021381
vt 0.869219 0.911320
vt 0.865921 0.887580
vt 0.867558 0.891403
vt 0.864635 0.874642
vt 0.865905 0.879220
vt 0.435942 0.473703
vt 0.864781 0.865057
vt 0.866124 0.871993
vt 0.863553 0.865173
vt 0.430082 0.475792
vt 0.419922 0.476265
vt 0.494982 0.423336
vt 0.496092 0.439201
vt 0.492751 0.439530
vt 0.497849 0.409835
vt 0.498503 0.422987
vt 0.500118 0.425278
vt 0.498495 0.438829
vt 0.501107 0.429271
vt 0.500122 0.440086
vt 0.500828 0.409653
vt 0.777382 0.845139
vt 0.778006 0.846603
vt 0.777816 0.877585
vt 0.779430 0.822933
vt 0.500074 0.456768
vt 0.497678 0.457634
vt 0.325510 0.745873
vt 0.324739 0.745851
vt 0.325244 0.745093
vt 0.326116 0.742864
vt 0.324118 0.744122
vt 0.325247 0.740843
vt 0.318564 0.607604
vt 0.323679 0.590046
vt 0.593001 0.025823
vt 0.623997 0.041680
vt 0.619868 0.037320
vt 0.642204 0.051108
vt 0.612973 0.036696
vt 0.602119 0.028900
vt 0.985484 0.243969
vt 0.988571 0.253056
vt 0.989588 0.258533
vt 0.984444 0.236337
vt 0.612123 0.899626
vt 0.581814 0.021288
vt 0.585894 0.020993
vt 0.995579 0.274112
vt 0.994962 0.274879
vt 0.515662 0.409884
vt 0.514583 0.423303
vt 0.511696 0.409814
vt 0.511090 0.438845
vt 0.509462 0.440095
vt 0.509447 0.425261
vt 0.509528 0.456757
vt 0.326792 0.777930
vt 0.325536 0.805991
vt 0.515650 0.403026
vt 0.513495 0.439209
vt 0.511932 0.457632
vt 0.326583 0.808683
vt 0.517118 0.461151
vt 0.513053 0.461451
vt 0.334664 0.493780
vt 0.335227 0.491553
vt 0.334508 0.498776
vt 0.336243 0.489752
vt 0.335190 0.487258
vt 0.336167 0.486310
vt 0.333895 0.495376
vt 0.333943 0.491222
vt 0.509511 0.459463
vt 0.508535 0.456347
vt 0.332880 0.493813
vt 0.332961 0.490312
vt 0.521488 0.461425
vt 0.521856 0.463994
vt 0.840763 0.044141
vt 0.837789 0.052414
vt 0.851245 0.026237
vt 0.847148 0.031103
vt 0.837332 0.055970
vt 0.831497 0.068392
vt 0.850796 0.023488
vt 0.846561 0.030883
vt 0.650679 0.864358
vt 0.648245 0.857064
vt 0.653333 0.837524
vt 0.657822 0.832726
vt 0.878420 0.952957
vt 0.871639 0.927250
vt 0.874524 0.939152
vt 0.870276 0.923137
vt 0.414018 0.478620
vt 0.515610 0.359189
vt 0.515604 0.348823
vt 0.515624 0.373920
vt 0.521208 0.381948
vt 0.515637 0.388644
vt 0.861203 0.854771
vt 0.862419 0.855871
vt 0.862577 0.860382
vt 0.005526 0.245173
vt 0.006695 0.252554
vt 0.006455 0.271097
vt 0.004901 0.247708
vt 0.009240 0.293118
vt 0.007992 0.290250
vt 0.024395 0.062605
vt 0.018353 0.080336
vt 0.014626 0.092167
vt 0.016222 0.091502
vt 0.011001 0.111086
vt 0.013902 0.103800
vt 0.331476 0.298690
vt 0.330616 0.299948
vt 0.331142 0.295293
vt 0.330373 0.295195
vt 0.331979 0.298812
vt 0.330161 0.317162
vt 0.329425 0.297988
vt 0.327822 0.323536
vt 0.326210 0.298130
vt 0.321326 0.377397
vt 0.324187 0.365136
vt 0.318124 0.389301
vt 0.314794 0.400811
vt 0.051875 0.039554
vt 0.034412 0.050329
vt 0.030499 0.055386
vt 0.032358 0.053780
vt 0.033244 0.058537
vt 0.026213 0.062318
vt 0.029193 0.065057
vt 0.310814 0.417831
vt 0.308072 0.421350
vt 0.311586 0.411681
vt 0.305021 0.432109
vt 0.310366 0.410562
vt 0.302044 0.438313
vt 0.300613 0.429687
vt 0.305118 0.414117
vt 0.308359 0.403229
vt 0.313536 0.399773
vt 0.314042 0.406833
vt 0.010695 0.339215
vt 0.012761 0.351666
vt 0.011875 0.352134
vt 0.011506 0.336807
vt 0.013536 0.346540
vt 0.010088 0.321559
vt 0.009205 0.297872
vt 0.329829 0.328217
vt 0.328649 0.340233
vt 0.326480 0.352701
vt 0.328387 0.333083
vt 0.325736 0.347268
vt 0.329249 0.340683
vt 0.327363 0.353216
vt 0.038779 0.449156
vt 0.039967 0.449774
vt 0.039641 0.450950
vt 0.073193 0.029156
vt 0.054657 0.039259
vt 0.090790 0.021744
vt 0.080976 0.027250
vt 0.058331 0.035531
vt 0.046772 0.041510
vt 0.174600 0.477332
vt 0.166297 0.476769
vt 0.171618 0.476323
vt 0.167484 0.475406
vt 0.183065 0.476114
vt 0.107380 0.474064
vt 0.118491 0.476369
vt 0.149766 0.477244
vt 0.090707 0.472819
vt 0.004515 0.194327
vt 0.005626 0.181711
vt 0.005444 0.206601
vt 0.005009 0.168518
vt 0.006482 0.155870
vt 0.006800 0.191057
vt 0.333287 0.274018
vt 0.333286 0.253923
vt 0.334415 0.249439
vt 0.335338 0.212419
vt 0.027137 0.410737
vt 0.024030 0.399829
vt 0.235144 0.015865
vt 0.250759 0.022295
vt 0.215853 0.011276
vt 0.184153 0.007321
vt 0.197876 0.007207
vt 0.178664 0.005219
vt 0.065869 0.465280
vt 0.076382 0.467648
vt 0.093618 0.474625
vt 0.335389 0.164223
vt 0.334194 0.157073
vt 0.334838 0.151362
vt 0.334868 0.182976
vt 0.335821 0.182753
vt 0.332092 0.144853
vt 0.333100 0.139147
vt 0.334129 0.208250
vt 0.333422 0.187091
vt 0.329773 0.183144
vt 0.333041 0.168526
vt 0.329113 0.157697
vt 0.327552 0.133793
vt 0.330066 0.122887
vt 0.160960 0.005102
vt 0.143828 0.007014
vt 0.125811 0.010109
vt 0.126022 0.010919
vt 0.106490 0.015407
vt 0.145671 0.008887
vt 0.121426 0.013548
vt 0.157640 0.007230
vt 0.110379 0.013206
vt 0.129917 0.008244
vt 0.120023 0.010538
vt 0.140010 0.006376
vt 0.170876 0.004456
vt 0.299960 0.449044
vt 0.299105 0.450791
vt 0.295646 0.446702
vt 0.008251 0.295037
vt 0.007850 0.297801
vt 0.228056 0.475087
vt 0.213280 0.477164
vt 0.007212 0.293631
vt 0.007220 0.297795
vt 0.162309 0.477548
vt 0.277967 0.463552
vt 0.295293 0.453132
vt 0.310942 0.053772
vt 0.306970 0.051328
vt 0.313972 0.057264
vt 0.311927 0.055248
vt 0.317421 0.062630
vt 0.313676 0.060590
vt 0.309500 0.061294
vt 0.312359 0.058273
vt 0.326461 0.093180
vt 0.322755 0.081152
vt 0.331525 0.116234
vt 0.329976 0.112168
vt 0.329862 0.106222
vt 0.317263 0.068843
vt 0.316923 0.063720
vt 0.328013 0.097116
vt 0.332014 0.127412
vt 0.325083 0.114088
vt 0.327125 0.104873
vt 0.321492 0.095294
vt 0.324754 0.092244
vt 0.767666 0.407939
vt 0.770026 0.406302
vt 0.770943 0.408073
vt 0.771740 0.404980
vt 0.763123 0.405631
vt 0.765154 0.404685
vt 0.773749 0.408273
vt 0.775521 0.407648
vt 0.765371 0.408278
vt 0.736651 0.466664
vt 0.734562 0.460465
vt 0.749405 0.444600
vt 0.742819 0.474060
vt 0.747040 0.456690
vt 0.765968 0.422713
vt 0.763557 0.422468
vt 0.743456 0.484383
vt 0.759781 0.442588
vt 0.736392 0.478939
vt 0.761483 0.421391
vt 0.768395 0.420737
vt 0.770120 0.422069
vt 0.825394 0.711941
vt 0.822924 0.712364
vt 0.822517 0.710608
vt 0.828679 0.724818
vt 0.765990 0.418976
vt 0.763662 0.418537
vt 0.766501 0.417578
vt 0.760309 0.417718
vt 0.763690 0.416535
vt 0.816983 0.711061
vt 0.815207 0.711520
vt 0.839257 0.483385
vt 0.838078 0.470700
vt 0.843353 0.470641
vt 0.829329 0.466977
vt 0.826223 0.455949
vt 0.834191 0.455314
vt 0.828624 0.933509
vt 0.829625 0.940171
vt 0.825326 0.940005
vt 0.834350 0.933284
vt 0.825973 0.948481
vt 0.831641 0.946010
vt 0.830322 0.951452
vt 0.829473 0.959179
vt 0.826991 0.958191
vt 0.828208 0.918392
vt 0.829678 0.926286
vt 0.825744 0.929461
vt 0.832997 0.918459
vt 0.835656 0.926011
vt 0.822551 0.925730
vt 0.821749 0.932902
vt 0.735219 0.010241
vt 0.732790 0.007243
vt 0.737873 0.007521
vt 0.725269 0.006054
vt 0.729997 0.003698
vt 0.713998 0.006660
vt 0.720465 0.003895
vt 0.722128 0.022172
vt 0.714512 0.017291
vt 0.724278 0.013560
vt 0.831235 0.687596
vt 0.836990 0.699480
vt 0.838478 0.689496
vt 0.845585 0.700466
vt 0.847546 0.690492
vt 0.855140 0.701083
vt 0.718379 0.256616
vt 0.724039 0.234309
vt 0.724796 0.256950
vt 0.696421 0.256492
vt 0.698154 0.230218
vt 0.701274 0.256622
vt 0.724210 0.623286
vt 0.718094 0.603435
vt 0.724683 0.598380
vt 0.723912 0.653195
vt 0.717581 0.632185
vt 0.711930 0.602236
vt 0.718920 0.576043
vt 0.703274 0.277078
vt 0.705774 0.288170
vt 0.696651 0.575720
vt 0.707023 0.575762
vt 0.701657 0.575561
vt 0.711471 0.549294
vt 0.706510 0.548674
vt 0.725351 0.575737
vt 0.698611 0.601868
vt 0.724610 0.728652
vt 0.717893 0.716878
vt 0.724198 0.703082
vt 0.717338 0.690685
vt 0.723887 0.677300
vt 0.717325 0.665080
vt 0.705625 0.745568
vt 0.710214 0.734037
vt 0.717045 0.745764
vt 0.708306 0.665701
vt 0.705428 0.632077
vt 0.711338 0.632154
vt 0.713368 0.531614
vt 0.723693 0.531662
vt 0.721348 0.518821
vt 0.728787 0.519004
vt 0.712207 0.518811
vt 0.704269 0.518945
vt 0.716008 0.506599
vt 0.720528 0.494219
vt 0.732480 0.504091
vt 0.728666 0.494219
vt 0.737145 0.488640
vt 0.729217 0.482222
vt 0.725379 0.476541
vt 0.747708 0.486190
vt 0.845494 0.638377
vt 0.847598 0.625384
vt 0.851656 0.638327
vt 0.847020 0.523089
vt 0.844758 0.507905
vt 0.850920 0.507951
vt 0.726044 0.353272
vt 0.729705 0.348115
vt 0.737420 0.362874
vt 0.736894 0.351361
vt 0.737457 0.342188
vt 0.743400 0.356009
vt 0.728914 0.336792
vt 0.720857 0.336538
vt 0.732538 0.327428
vt 0.716158 0.324630
vt 0.743843 0.346217
vt 0.748083 0.344409
vt 0.706575 0.256625
vt 0.711164 0.282954
vt 0.717448 0.229205
vt 0.723490 0.209316
vt 0.711326 0.230302
vt 0.716858 0.200326
vt 0.723140 0.179171
vt 0.716557 0.167128
vt 0.723098 0.154788
vt 0.716567 0.141173
vt 0.723426 0.128581
vt 0.717166 0.114456
vt 0.723911 0.102394
vt 0.708859 0.109395
vt 0.704079 0.096657
vt 0.715532 0.096751
vt 0.704797 0.200165
vt 0.707596 0.166334
vt 0.710652 0.200251
vt 0.721318 0.793437
vt 0.722275 0.783441
vt 0.726800 0.793373
vt 0.712420 0.786559
vt 0.706488 0.797887
vt 0.713985 0.808380
vt 0.727554 0.761002
vt 0.729622 0.746204
vt 0.733797 0.760966
vt 0.853591 0.426716
vt 0.849194 0.423376
vt 0.856876 0.421890
vt 0.844040 0.427008
vt 0.837894 0.424098
vt 0.859650 0.418892
vt 0.861961 0.422132
vt 0.846138 0.441093
vt 0.837078 0.441585
vt 0.835453 0.427318
vt 0.829856 0.443162
vt 0.721794 0.804206
vt 0.723733 0.811956
vt 0.769253 0.418781
vt 0.772002 0.418377
vt 0.773755 0.418918
vt 0.829580 0.732168
vt 0.826204 0.725744
vt 0.825250 0.735027
vt 0.824659 0.743207
vt 0.821047 0.735519
vt 0.830935 0.737382
vt 0.828957 0.742995
vt 0.828000 0.749449
vt 0.833728 0.749660
vt 0.835082 0.756733
vt 0.832474 0.764107
vt 0.829103 0.756469
vt 0.827686 0.764218
vt 0.820198 0.726263
vt 0.827475 0.677881
vt 0.830476 0.670049
vt 0.835456 0.679235
vt 0.839191 0.667985
vt 0.840245 0.658186
vt 0.844469 0.668323
vt 0.722148 0.044841
vt 0.721395 0.033991
vt 0.726854 0.034116
vt 0.712422 0.041262
vt 0.729028 0.084205
vt 0.727094 0.068740
vt 0.733355 0.068690
vt 0.706824 0.028629
vt 0.826277 0.972774
vt 0.823804 0.972310
vt 0.823409 0.974189
vt 0.819926 0.957751
vt 0.818503 0.970701
vt 0.826189 0.974842
vt 0.768239 0.409139
vt 0.750582 0.383753
vt 0.747963 0.372389
vt 0.767555 0.404461
vt 0.735507 0.368557
vt 0.760987 0.385661
vt 0.840384 0.782015
vt 0.837844 0.772740
vt 0.841247 0.814424
vt 0.839126 0.825635
vt 0.836182 0.812557
vt 0.834618 0.834180
vt 0.831187 0.813567
vt 0.844109 0.835020
vt 0.839788 0.847435
vt 0.830254 0.794272
vt 0.825681 0.784850
vt 0.843783 0.857530
vt 0.839164 0.868014
vt 0.834365 0.858698
vt 0.833735 0.878255
vt 0.836870 0.887524
vt 0.830351 0.891872
vt 0.840785 0.900327
vt 0.838309 0.909700
vt 0.849724 0.846439
vt 0.829731 0.878232
vt 0.825420 0.889838
vt 0.830639 0.850427
vt 0.679218 0.900519
vt 0.680225 0.901580
vt 0.680671 0.905725
vt 0.681263 0.907538
vt 0.682190 0.908032
vt 0.684619 0.908021
vt 0.685525 0.907421
vt 0.685991 0.905702
vt 0.686131 0.901925
vt 0.686668 0.900880
vt 0.687806 0.900183
vt 0.690228 0.899520
vt 0.693998 0.899166
vt 0.694274 0.908083
vt 0.672541 0.908176
vt 0.672248 0.899259
vt 0.676041 0.899580
vt 0.892464 0.636847
vt 0.891989 0.628714
vt 0.902595 0.630356
vt 0.902075 0.618111
vt 0.891562 0.620205
vt 0.901803 0.609432
vt 0.891189 0.611356
vt 0.879020 0.613307
vt 0.901572 0.600458
vt 0.890876 0.602205
vt 0.878625 0.603972
vt 0.865228 0.605453
vt 0.901383 0.591225
vt 0.890627 0.592787
vt 0.878316 0.594362
vt 0.864854 0.595675
vt 0.901245 0.581769
vt 0.890453 0.583139
vt 0.878103 0.584515
vt 0.864600 0.585654
vt 0.903291 0.645370
vt 0.855677 0.606176
vt 0.855254 0.596317
vt 0.854967 0.586212
vt 0.863908 0.575515
vt 0.854830 0.575900
vt 0.877447 0.574548
vt 0.889881 0.573370
vt 0.900768 0.572162
vt 0.323481 0.114372
vt 0.321559 0.109856
vt 0.325938 0.134115
vt 0.323083 0.119407
vt 0.324376 0.129878
vt 0.509433 0.137253
vt 0.509402 0.123034
vt 0.530075 0.124021
vt 0.550570 0.124430
vt 0.570608 0.125026
vt 0.570801 0.144992
vt 0.509475 0.157416
vt 0.570887 0.172445
vt 0.509518 0.184066
vt 0.571301 0.198533
vt 0.597627 0.125726
vt 0.590106 0.145315
vt 0.590268 0.172559
vt 0.591131 0.198087
vt 0.590323 0.231244
vt 0.570994 0.232116
vt 0.494095 0.158636
vt 0.490180 0.128833
vt 0.438003 0.172685
vt 0.494135 0.185474
vt 0.437709 0.198723
vt 0.438096 0.232223
vt 0.417861 0.198321
vt 0.418580 0.172877
vt 0.548849 0.287890
vt 0.550882 0.284204
vt 0.867218 0.854456
vt 0.866644 0.852207
vt 0.867967 0.851257
vt 0.782799 0.877982
vt 0.865984 0.850673
vt 0.867301 0.850023
vt 0.782946 0.881893
vt 0.782870 0.880220
vt 0.488541 0.473927
vt 0.489806 0.477721
vt 0.491974 0.474417
vt 0.492685 0.477658
vt 0.864420 0.855267
vt 0.863818 0.852811
vt 0.783091 0.883116
vt 0.779229 0.884070
vt 0.779038 0.882712
vt 0.778908 0.880900
vt 0.778812 0.878528
vt 0.778787 0.874966
vt 0.788886 0.383701
vt 0.277905 0.511953
vt 0.294835 0.873269
vt 0.791631 0.028050
vt 0.791505 0.031000
vt 0.291262 0.883029
vt 0.288395 0.885043
vt 0.791280 0.037982
vt 0.792544 0.034291
vt 0.792372 0.040007
vt 0.913100 0.686387
vt 0.913176 0.688702
vt 0.916404 0.685195
vt 0.305187 0.059268
vt 0.308059 0.059514
vt 0.310728 0.063520
vt 0.315033 0.063416
vt 0.790082 0.747543
vt 0.791316 0.747267
vt 0.791337 0.763221
vt 0.790099 0.764144
vt 0.791355 0.775551
vt 0.790182 0.776745
vt 0.015908 0.860032
vt 0.019356 0.869831
vt 0.790245 0.785947
vt 0.789894 0.728572
vt 0.791240 0.732922
vt 0.888547 0.966693
vt 0.416853 0.484460
vt 0.843547 0.055574
vt 0.850276 0.040859
vt 0.857222 0.022674
vt 0.791055 0.048061
vt 0.792247 0.049148
vt 0.856463 0.029351
vt 0.792268 0.058593
vt 0.791979 0.083603
vt 0.791564 0.097893
vt 0.791931 0.109107
vt 0.311168 0.730574
vt 0.321218 0.812981
vt 0.325366 0.813865
vt 0.321310 0.814372
vt 0.325389 0.815416
vt 0.319591 0.625526
vt 0.318564 0.623462
vt 0.321792 0.623313
vt 0.322945 0.625541
vt 0.320816 0.629321
vt 0.324457 0.628855
vt 0.319590 0.812707
vt 0.319593 0.813992
vt 0.868103 0.841358
vt 0.866827 0.840571
vt 0.867354 0.838386
vt 0.868701 0.842284
vt 0.326095 0.633632
vt 0.868160 0.843266
vt 0.867445 0.842516
vt 0.047412 0.893178
vt 0.071785 0.901807
vt 0.072553 0.904793
vt 0.048019 0.895383
vt 0.065267 0.903670
vt 0.048189 0.897108
vt 0.065377 0.905470
vt 0.080375 0.909904
vt 0.080527 0.911796
vt 0.910757 0.460016
vt 0.912828 0.474361
vt 0.910284 0.474361
vt 0.912426 0.490571
vt 0.909813 0.490728
vt 0.903048 0.473948
vt 0.902437 0.490624
vt 0.029844 0.886872
vt 0.030077 0.885493
vt 0.950601 0.214153
vt 0.949565 0.214475
vt 0.963522 0.264901
vt 0.959471 0.251348
vt 0.575367 0.911284
vt 0.964563 0.264483
vt 0.193179 0.923310
vt 0.173847 0.926173
vt 0.211797 0.918800
vt 0.229266 0.913069
vt 0.244839 0.900187
vt 0.908691 0.571166
vt 0.911529 0.566039
vt 0.154473 0.927082
vt 0.105127 0.912571
vt 0.138987 0.918330
vt 0.115060 0.917748
vt 0.096744 0.913116
vt 0.097088 0.915553
vt 0.115362 0.920256
vt 0.134538 0.923515
vt 0.097274 0.917521
vt 0.115562 0.922278
vt 0.134733 0.925565
vt 0.912078 0.508192
vt 0.911807 0.527086
vt 0.909164 0.522340
vt 0.909033 0.531982
vt 0.911650 0.546493
vt 0.908936 0.541725
vt 0.908876 0.551505
vt 0.908858 0.561260
vt 0.901133 0.562315
vt 0.901162 0.552434
vt 0.901244 0.542525
vt 0.901372 0.532649
vt 0.901543 0.522867
vt 0.791384 0.488807
vt 0.791233 0.506674
vt 0.790031 0.505211
vt 0.789977 0.516800
vt 0.791123 0.627020
vt 0.004541 0.678696
vt 0.791149 0.656745
vt 0.791111 0.688809
vt 0.789875 0.681911
vt 0.789908 0.706109
vt 0.791384 0.716742
vt 0.318564 0.742012
vt 0.801928 0.921520
vt 0.798888 0.930323
vt 0.798780 0.920775
vt 0.222240 0.488358
vt 0.470612 0.478330
vt 0.785759 0.825025
vt 0.785231 0.837583
vt 0.869170 0.876556
vt 0.930248 0.198711
vt 0.934142 0.219403
vt 0.016314 0.320864
vt 0.294289 0.445657
vt 0.295801 0.440095
vt 0.297886 0.439038
vt 0.293932 0.446560
vt 0.295326 0.447416
vt 0.295155 0.448060
vt 0.297968 0.450967
vt 0.913208 0.905303
vt 0.298690 0.587013
vt 0.298523 0.581344
vt 0.292862 0.567889
vt 0.860752 0.016170
vt 0.861570 0.014105
vt 0.859492 0.018664
vt 0.639814 0.876790
vt 0.864988 0.014003
vt 0.864114 0.016762
vt 0.863398 0.013852
vt 0.124157 0.016215
vt 0.166167 0.010451
vt 0.310941 0.420288
vt 0.170908 0.006794
vt 0.011735 0.946378
vt 0.011735 0.934477
vt 0.012554 0.943309
vt 0.949913 0.943721
vt 0.949771 0.933438
vt 0.949913 0.927961
vt 0.830947 0.974536
vt 0.829571 0.974766
vt 0.840524 0.379925
vt 0.843144 0.382907
vt 0.855559 0.404272
vt 0.854424 0.401646
vt 0.332041 0.604014
vt 0.318627 0.610498
vt 0.680691 0.064207
vt 0.683305 0.063612
vt 0.681256 0.073867
vt 0.678610 0.074388
vt 0.325638 0.594765
vt 0.682969 0.054918
vt 0.685549 0.054250
vt 0.685065 0.046560
vt 0.687889 0.045790
vt 0.687703 0.039059
vt 0.690223 0.038240
vt 0.696444 0.073719
vt 0.694979 0.084911
vt 0.679503 0.084992
vt 0.676827 0.085451
vt 0.332269 0.116044
vt 0.333694 0.126988
vt 0.332932 0.127147
vt 0.330586 0.106001
vt 0.328715 0.096864
vt 0.318206 0.062709
vt 0.704092 0.037867
vt 0.702083 0.045475
vt 0.700081 0.053995
vt 0.698172 0.063414
vt 0.814482 0.675572
vt 0.828966 0.663589
vt 0.827487 0.656594
vt 0.810640 0.654524
vt 0.808333 0.653733
vt 0.283759 0.035827
vt 0.283133 0.036328
vt 0.269793 0.028645
vt 0.269181 0.029176
vt 0.808955 0.647000
vt 0.806627 0.646258
vt 0.826074 0.649089
vt 0.849534 0.024350
vt 0.842254 0.039503
vt 0.843591 0.035521
vt 0.852716 0.018555
vt 0.853336 0.019195
vt 0.838803 0.046801
vt 0.828680 0.075589
vt 0.828249 0.075247
vt 0.835730 0.732446
vt 0.842390 0.750801
vt 0.876585 0.960047
vt 0.874146 0.953285
vt 0.407691 0.454462
vt 0.407735 0.457159
vt 0.404003 0.435245
vt 0.427987 0.462221
vt 0.838456 0.421689
vt 0.838099 0.419551
vt 0.712470 0.811891
vt 0.712960 0.814115
vt 0.697735 0.811861
vt 0.697220 0.809757
vt 0.695897 0.810526
vt 0.693774 0.804990
vt 0.689846 0.788338
vt 0.687277 0.787370
vt 0.023916 0.061467
vt 0.023081 0.061643
vt 0.687622 0.781281
vt 0.684720 0.780284
vt 0.685390 0.773317
vt 0.682752 0.772473
vt 0.683245 0.764439
vt 0.680571 0.763654
vt 0.681285 0.754641
vt 0.678575 0.753919
vt 0.010433 0.104845
vt 0.012362 0.095721
vt 0.013060 0.096010
vt 0.011156 0.105095
vt 0.008685 0.114875
vt 0.009429 0.115086
vt 0.007187 0.125809
vt 0.007950 0.125981
vt 0.676864 0.743264
vt 0.696717 0.755562
vt 0.698346 0.765379
vt 0.700145 0.774282
vt 0.702029 0.782274
vt 0.703920 0.789356
vt 0.395713 0.053708
vt 0.380751 0.057139
vt 0.394737 0.061701
vt 0.379344 0.064362
vt 0.410778 0.057565
vt 0.393721 0.070788
vt 0.377649 0.072907
vt 0.410181 0.067198
vt 0.400012 0.102003
vt 0.423218 0.082141
vt 0.688079 0.141552
vt 0.687540 0.167002
vt 0.675201 0.166435
vt 0.676108 0.122523
vt 0.694537 0.123161
vt 0.673629 0.122835
vt 0.676835 0.109584
vt 0.674369 0.109895
vt 0.675420 0.097354
vt 0.688507 0.190821
vt 0.675582 0.189680
vt 0.336624 0.182595
vt 0.336624 0.207311
vt 0.336002 0.211639
vt 0.336184 0.164160
vt 0.335625 0.151269
vt 0.334031 0.138924
vt 0.334807 0.138798
vt 0.688867 0.209684
vt 0.336240 0.230563
vt 0.680531 0.255965
vt 0.316493 0.402042
vt 0.703047 0.335354
vt 0.707701 0.321323
vt 0.328047 0.353682
vt 0.325689 0.362504
vt 0.704391 0.312264
vt 0.652492 0.369193
vt 0.645756 0.381460
vt 0.807041 0.300382
vt 0.627012 0.369903
vt 0.659887 0.319662
vt 0.658787 0.331821
vt 0.804670 0.287244
vt 0.660118 0.130001
vt 0.662747 0.130008
vt 0.663365 0.263216
vt 0.660161 0.168069
vt 0.659810 0.155081
vt 0.825025 0.086706
vt 0.801710 0.777529
vt 0.801853 0.553369
vt 0.820050 0.554393
vt 0.819804 0.564859
vt 0.801530 0.563678
vt 0.799429 0.553255
vt 0.798780 0.563497
vt 0.802408 0.543031
vt 0.820496 0.543899
vt 0.799676 0.543007
vt 0.803180 0.532723
vt 0.821128 0.533444
vt 0.800463 0.532778
vt 0.804152 0.522512
vt 0.821929 0.523091
vt 0.801452 0.522644
vt 0.805304 0.512459
vt 0.822883 0.512906
vt 0.802626 0.512664
vt 0.806622 0.502627
vt 0.823977 0.502951
vt 0.803967 0.502901
vt 0.819296 0.575171
vt 0.801335 0.573867
vt 0.798984 0.573586
vt 0.805764 0.493351
vt 0.808086 0.493079
vt 0.170878 0.003698
vt 0.825194 0.493299
vt 0.802337 0.894558
vt 0.799465 0.894107
vt 0.823560 0.632658
vt 0.824757 0.641090
vt 0.807392 0.639037
vt 0.805972 0.630664
vt 0.822497 0.623836
vt 0.804713 0.621918
vt 0.802005 0.621156
vt 0.821586 0.614662
vt 0.803632 0.612834
vt 0.800909 0.612133
vt 0.820843 0.605170
vt 0.802749 0.603450
vt 0.800012 0.602815
vt 0.820282 0.595399
vt 0.802081 0.593802
vt 0.799655 0.593358
vt 0.819921 0.585388
vt 0.801645 0.583927
vt 0.798892 0.583433
vt 0.240729 0.016537
vt 0.201719 0.006599
vt 0.707478 0.509652
vt 0.022316 0.400980
vt 0.018988 0.389221
vt 0.019440 0.389080
vt 0.014048 0.364446
vt 0.013360 0.364757
vt 0.011180 0.352537
vt 0.016820 0.376791
vt 0.016153 0.377106
vt 0.019939 0.388796
vt 0.023191 0.400423
vt 0.687386 0.531680
vt 0.010087 0.339585
vt 0.009550 0.339829
vt 0.008431 0.327744
vt 0.008608 0.322799
vt 0.695619 0.720583
vt 0.678020 0.732238
vt 0.677030 0.720008
vt 0.675512 0.731719
vt 0.674499 0.719487
vt 0.695067 0.707707
vt 0.676328 0.707338
vt 0.688532 0.689330
vt 0.687980 0.664187
vt 0.675425 0.664052
vt 0.005994 0.137610
vt 0.006772 0.137744
vt 0.005090 0.150075
vt 0.005879 0.150169
vt 0.004442 0.162961
vt 0.675776 0.641026
vt 0.003873 0.181395
vt 0.688926 0.640630
vt 0.006423 0.294357
vt 0.005890 0.273099
vt 0.348635 0.168657
vt 0.352505 0.309191
vt 0.405759 0.404022
vt 0.559536 0.048527
vt 0.578296 0.051791
vt 0.499201 0.080625
vt 0.493874 0.021578
vt 0.463521 0.018686
vt 0.555246 0.464672
vt 0.565662 0.463905
vt 0.573622 0.463069
vt 0.581611 0.461577
vt 0.581438 0.459312
vt 0.333809 0.531909
vt 0.332986 0.530542
vt 0.333080 0.542397
vt 0.331794 0.558522
vt 0.333811 0.516416
vt 0.752028 0.576232
vt 0.758242 0.601690
vt 0.751683 0.602040
vt 0.760759 0.711875
vt 0.761119 0.729008
vt 0.731941 0.575798
vt 0.760507 0.686769
vt 0.751283 0.687958
vt 0.744498 0.688694
vt 0.761471 0.740295
vt 0.752415 0.532620
vt 0.763830 0.532901
vt 0.760108 0.550172
vt 0.754059 0.550043
vt 0.743812 0.532359
vt 0.747796 0.549919
vt 0.741435 0.549802
vt 0.764980 0.520899
vt 0.774703 0.521145
vt 0.753943 0.520092
vt 0.745717 0.519674
vt 0.737775 0.532137
vt 0.735089 0.549697
vt 0.739940 0.519384
vt 0.767418 0.495081
vt 0.775513 0.509598
vt 0.766157 0.509217
vt 0.742925 0.504673
vt 0.808779 0.877254
vt 0.813877 0.877602
vt 0.819664 0.877965
vt 0.823919 0.878003
vt 0.819013 0.896585
vt 0.818346 0.909030
vt 0.824451 0.901616
vt 0.823848 0.910219
vt 0.817919 0.917446
vt 0.823381 0.918147
vt 0.810730 0.916110
vt 0.818639 0.786108
vt 0.817889 0.773809
vt 0.822847 0.785322
vt 0.823381 0.772389
vt 0.813631 0.805296
vt 0.819416 0.804616
vt 0.778311 0.334104
vt 0.772908 0.364431
vt 0.769031 0.335808
vt 0.776026 0.320077
vt 0.766474 0.321187
vt 0.742988 0.326781
vt 0.745624 0.312099
vt 0.739809 0.312553
vt 0.753941 0.311327
vt 0.765154 0.309849
vt 0.775075 0.308859
vt 0.760000 0.281170
vt 0.753854 0.281664
vt 0.747506 0.282110
vt 0.741080 0.282481
vt 0.734695 0.282756
vt 0.731397 0.256824
vt 0.751237 0.229792
vt 0.760077 0.143774
vt 0.750707 0.143123
vt 0.743833 0.142712
vt 0.760366 0.118187
vt 0.760791 0.100585
vt 0.761209 0.088909
vt 0.764471 0.786417
vt 0.774420 0.783119
vt 0.775034 0.793392
vt 0.765468 0.796898
vt 0.754512 0.800814
vt 0.746211 0.802217
vt 0.744425 0.791468
vt 0.763313 0.772673
vt 0.742287 0.777788
vt 0.762435 0.760275
vt 0.761916 0.750733
vt 0.740433 0.803226
vt 0.738414 0.792431
vt 0.736142 0.778278
vt 0.878114 0.428319
vt 0.872912 0.422855
vt 0.872417 0.427641
vt 0.870085 0.419551
vt 0.766098 0.804118
vt 0.766352 0.806992
vt 0.755643 0.807715
vt 0.755725 0.810633
vt 0.747599 0.809764
vt 0.744962 0.813462
vt 0.876071 0.445784
vt 0.866760 0.427140
vt 0.864752 0.441208
vt 0.867297 0.422322
vt 0.741866 0.810811
vt 0.818304 0.747802
vt 0.822753 0.747704
vt 0.877425 0.685575
vt 0.875264 0.672393
vt 0.798780 0.736048
vt 0.805632 0.730784
vt 0.904071 0.658679
vt 0.873521 0.659503
vt 0.866158 0.690208
vt 0.762359 0.067989
vt 0.761739 0.078024
vt 0.763405 0.054826
vt 0.742125 0.050611
vt 0.774929 0.042730
vt 0.764807 0.040028
vt 0.744521 0.035829
vt 0.775763 0.031536
vt 0.766038 0.028575
vt 0.754949 0.025115
vt 0.746559 0.024040
vt 0.735938 0.050289
vt 0.738474 0.035000
vt 0.740746 0.023160
vt 0.807029 0.969100
vt 0.812240 0.969125
vt 0.811688 0.971569
vt 0.283215 0.500202
vt 0.477649 0.464552
vt 0.435903 0.463349
vt 0.436164 0.461336
vt 0.444496 0.462218
vt 0.485259 0.464187
vt 0.862620 0.866175
vt 0.848752 0.784080
vt 0.125458 0.478148
vt 0.103028 0.476232
vt 0.327483 0.157929
vt 0.328136 0.183219
vt 0.328148 0.207523
vt 0.325386 0.141240
vt 0.327019 0.183445
vt 0.327026 0.207867
vt 0.326412 0.239994
vt 0.447407 0.396771
vt 0.464735 0.397013
vt 0.480029 0.396861
vt 0.476727 0.410816
vt 0.460184 0.410724
vt 0.446327 0.409598
vt 0.434335 0.410249
vt 0.212867 0.478452
vt 0.215860 0.477840
vt 0.852126 0.871127
vt 0.850658 0.884941
vt 0.226488 0.477371
vt 0.466301 0.922025
vt 0.452061 0.921662
vt 0.452932 0.919108
vt 0.942132 0.140024
vt 0.944339 0.130632
vt 0.947206 0.077966
vt 0.948538 0.078123
vt 0.505181 0.926330
vt 0.505197 0.928837
vt 0.495517 0.928680
vt 0.495146 0.926077
vt 0.433979 0.916692
vt 0.434248 0.913870
vt 0.942026 0.149834
vt 0.934548 0.226430
vt 0.025675 0.385634
vt 0.027154 0.384704
vt 0.347283 0.621107
vt 0.927494 0.285788
vt 0.927719 0.265440
vt 0.022641 0.374071
vt 0.024108 0.373166
vt 0.021412 0.361337
vt 0.028189 0.384159
vt 0.025149 0.372636
vt 0.022458 0.360809
vt 0.024575 0.395789
vt 0.022211 0.387525
vt 0.019018 0.375196
vt 0.019265 0.349279
vt 0.020344 0.348901
vt 0.438213 0.261005
vt 0.500230 0.292623
vt 0.763888 0.298089
vt 0.752289 0.299062
vt 0.743592 0.299689
vt 0.737517 0.300077
vt 0.007650 0.316709
vt 0.006693 0.298619
vt 0.799959 0.244551
vt 0.700593 0.299671
vt 0.689829 0.299377
vt 0.687642 0.298943
vt 0.686254 0.287547
vt 0.683963 0.287045
vt 0.329779 0.340986
vt 0.789902 0.528593
vt 0.791304 0.533820
vt 0.789164 0.554272
vt 0.084992 0.462035
vt 0.791320 0.521932
vt 0.903079 0.718471
vt 0.785028 0.900391
vt 0.877841 0.403664
vt 0.783985 0.892437
vt 0.570961 0.260968
vt 0.590172 0.260294
vt 0.689247 0.621885
vt 0.660286 0.240399
vt 0.005107 0.269351
vt 0.805402 0.195671
vt 0.884842 0.737684
vt 0.324142 0.724179
vt 0.877603 0.765313
vt 0.328920 0.687830
vt 0.608568 0.260430
vt 0.608898 0.231390
vt 0.300306 0.623539
vt 0.630432 0.241431
vt 0.766864 0.020564
vt 0.756280 0.017415
vt 0.748161 0.015627
vt 0.745625 0.011538
vt 0.748774 0.009296
vt 0.887792 0.698369
vt 0.880137 0.701417
vt 0.879638 0.698240
vt 0.754427 0.007253
vt 0.748757 0.005906
vt 0.742394 0.014711
vt 0.743179 0.008274
vt 0.743124 0.004859
vt 0.873952 0.699472
vt 0.868303 0.700375
vt 0.608658 0.145732
vt 0.629129 0.127379
vt 0.629890 0.140545
vt 0.608906 0.172724
vt 0.630438 0.153944
vt 0.609878 0.198201
vt 0.607086 0.349316
vt 0.612090 0.373694
vt 0.602604 0.398127
vt 0.595522 0.055520
vt 0.593002 0.043532
vt 0.611768 0.060007
vt 0.713132 0.013264
vt 0.713708 0.010705
vt 0.714311 0.008536
vt 0.711858 0.004837
vt 0.701231 0.005734
vt 0.697988 0.006278
vt 0.696494 0.006584
vt 0.824377 0.699119
vt 0.330913 0.571941
vt 0.329696 0.578009
vt 0.616983 0.449797
vt 0.600719 0.455876
vt 0.630557 0.439714
vt 0.843203 0.932214
vt 0.267116 0.470012
vt 0.279055 0.499661
vt 0.273132 0.505821
vt 0.196145 0.009131
vt 0.344987 0.240976
vt 0.345672 0.240882
vt 0.344471 0.210131
vt 0.349209 0.309131
vt 0.348939 0.315378
vt 0.980505 0.645000
vt 0.347183 0.288538
vt 0.024763 0.501228
vt 0.023924 0.503066
vt 0.806097 0.717439
vt 0.874084 0.463428
vt 0.872508 0.480076
vt 0.354211 0.357633
vt 0.351912 0.344796
vt 0.964315 0.735368
vt 0.360825 0.384823
vt 0.363445 0.389830
vt 0.364890 0.395434
vt 0.363930 0.396297
vt 0.970596 0.712894
vt 0.350293 0.332047
vt 0.351096 0.333030
vt 0.980670 0.640164
vt 0.344311 0.186386
vt 0.952401 0.476619
vt 0.952976 0.476392
vt 0.353788 0.082304
vt 0.352997 0.081693
vt 0.355402 0.075512
vt 0.961652 0.511738
vt 0.360306 0.063158
vt 0.351266 0.089407
vt 0.348301 0.107976
vt 0.931806 0.427203
vt 0.949598 0.466215
vt 0.827904 0.475249
vt 0.826513 0.484045
vt 0.809676 0.483869
vt 0.935413 0.433977
vt 0.807376 0.484215
vt 0.072343 0.028477
vt 0.071758 0.027930
vt 0.057733 0.035010
vt 0.928023 0.804817
vt 0.883604 0.972094
vt 0.879129 0.972616
vt 0.883943 0.973497
vt 0.759188 0.417269
vt 0.065446 0.495873
vt 0.378853 0.501848
vt 0.888572 0.967457
vt 0.022290 0.876588
vt 0.024049 0.879464
vt 0.787936 0.794652
vt 0.790334 0.792209
vt 0.790363 0.794801
vt 0.788014 0.797315
vt 0.025955 0.883162
vt 0.911740 0.431688
vt 0.915463 0.435367
vt 0.065438 0.493610
vt 0.074658 0.490815
vt 0.800026 0.753924
vt 0.799608 0.743519
vt 0.953374 0.762053
vt 0.948693 0.770517
vt 0.940805 0.784034
vt 0.366961 0.402949
vt 0.384743 0.430606
vt 0.929889 0.803677
vt 0.612906 0.417341
vt 0.605357 0.433396
vt 0.582787 0.428939
vt 0.323702 0.294017
vt 0.325213 0.268710
vt 0.438151 0.423732
vt 0.472675 0.424233
vt 0.486294 0.423883
vt 0.443294 0.439728
vt 0.434444 0.438075
vt 0.421753 0.417950
vt 0.523284 0.423839
vt 0.537001 0.424230
vt 0.526915 0.440023
vt 0.537180 0.440359
vt 0.549321 0.440280
vt 0.521277 0.439789
vt 0.405986 0.412781
vt 0.917562 0.396369
vt 0.842127 0.383681
vt 0.013461 0.182240
vt 0.013281 0.206651
vt 0.013665 0.238813
vt 0.948533 0.216406
vt 0.946603 0.205483
vt 0.942287 0.159450
vt 0.948673 0.202814
vt 0.947525 0.194609
vt 0.946534 0.186081
vt 0.515191 0.925860
vt 0.524960 0.927546
vt 0.514881 0.928481
vt 0.890404 0.553265
vt 0.890342 0.563351
vt 0.878089 0.554033
vt 0.877990 0.564334
vt 0.864622 0.554668
vt 0.864484 0.565154
vt 0.890541 0.543145
vt 0.878285 0.543699
vt 0.864882 0.544146
vt 0.890747 0.533058
vt 0.878570 0.533395
vt 0.891014 0.523065
vt 0.891338 0.513229
vt 0.891712 0.503614
vt 0.854850 0.565424
vt 0.855019 0.554847
vt 0.855328 0.544234
vt 0.852470 0.041478
vt 0.851324 0.041250
vt 0.910015 0.819495
vt 0.910063 0.829309
vt 0.847075 0.051618
vt 0.841791 0.069305
vt 0.840214 0.068946
vt 0.843629 0.059816
vt 0.845266 0.060121
vt 0.848781 0.051858
vt 0.853466 0.041522
vt 0.315941 0.090757
vt 0.312597 0.079391
vt 0.307590 0.066110
vt 0.320359 0.110094
vt 0.321861 0.119595
vt 0.323135 0.130016
vt 0.838453 0.079426
vt 0.964266 0.009634
vt 0.964177 0.006737
vt 0.965551 0.006523
vt 0.963864 0.013937
vt 0.966202 0.003698
vt 0.967497 0.010044
vt 0.035913 0.062548
vt 0.032982 0.067111
vt 0.879435 0.384881
vt 0.037616 0.059647
vt 0.051410 0.050854
vt 0.894890 0.968361
vt 0.942598 0.328953
vt 0.942026 0.330289
vt 0.942026 0.308258
vt 0.889826 0.735821
vt 0.890594 0.723511
vt 0.826342 0.328158
vt 0.317904 0.349702
vt 0.314942 0.358553
vt 0.316977 0.349607
vt 0.817521 0.297783
vt 0.318896 0.350003
vt 0.316682 0.361899
vt 0.313889 0.373714
vt 0.310746 0.385221
vt 0.325379 0.240451
vt 0.324122 0.269851
vt 0.323373 0.270306
vt 0.324437 0.240589
vt 0.304504 0.401168
vt 0.322691 0.293892
vt 0.835333 0.090458
vt 0.960578 0.245595
vt 0.963565 0.254859
vt 0.957661 0.234522
vt 0.961602 0.246077
vt 0.965060 0.256577
vt 0.277261 0.046303
vt 0.264159 0.039365
vt 0.290150 0.052899
vt 0.886722 0.027593
vt 0.881133 0.017545
vt 0.891190 0.037269
vt 0.894580 0.045111
vt 0.897946 0.053888
vt 0.028522 0.078494
vt 0.901198 0.063632
vt 0.019024 0.118592
vt 0.017687 0.128995
vt 0.020583 0.109111
vt 0.021169 0.100094
vt 0.909783 0.097759
vt 0.016619 0.140298
vt 0.015248 0.207201
vt 0.926314 0.267523
vt 0.924216 0.280264
vt 0.925319 0.267513
vt 0.923215 0.280247
vt 0.019698 0.324614
vt 0.020738 0.336288
vt 0.019805 0.336369
vt 0.022279 0.348568
vt 0.021350 0.348659
vt 0.018791 0.336576
vt 0.951285 0.210523
vt 0.949991 0.202688
vt 0.951767 0.203199
vt 0.948839 0.194501
vt 0.950591 0.194999
vt 0.947845 0.185996
vt 0.949579 0.186484
vt 0.947028 0.177207
vt 0.948747 0.177688
vt 0.946403 0.168169
vt 0.948111 0.168644
vt 0.947823 0.130448
vt 0.947543 0.140123
vt 0.946116 0.130255
vt 0.951045 0.092070
vt 0.950002 0.101528
vt 0.949415 0.091929
vt 0.952240 0.082811
vt 0.141459 0.017174
vt 0.113454 0.023585
vt 0.104613 0.026489
vt 0.096387 0.029568
vt 0.151132 0.015813
vt 0.883613 0.946062
vt 0.037513 0.934477
vt 0.037513 0.942525
vt 0.036286 0.939761
vt 0.046303 0.934477
vt 0.046303 0.941198
vt 0.044909 0.937951
vt 0.053699 0.941229
vt 0.053699 0.934478
vt 0.054228 0.935024
vt 0.874769 0.873304
vt 0.874294 0.799623
vt 0.901463 0.395709
vt 0.900686 0.408394
vt 0.900686 0.393413
vt 0.880150 0.772634
vt 0.809023 0.242242
vt 0.321585 0.296620
vt 0.017907 0.291826
vt 0.320137 0.315204
vt 0.929498 0.222266
vt 0.926381 0.200025
vt 0.916598 0.305293
vt 0.025896 0.372389
vt 0.942026 0.300863
vt 0.942026 0.275468
vt 0.942249 0.285690
vt 0.876391 0.901101
vt 0.078118 0.934477
vt 0.867320 0.847861
vt 0.877837 0.904307
vt 0.876650 0.893134
vt 0.943019 0.392724
vt 0.943019 0.408877
vt 0.942026 0.400851
vt 0.909978 0.944141
vt 0.909978 0.925965
vt 0.911006 0.932325
vt 0.869292 0.843810
vt 0.914859 0.884749
vt 0.916210 0.888959
vt 0.815251 0.285203
vt 0.785341 0.905863
vt 0.319546 0.337426
vt 0.318614 0.337345
vt 0.320550 0.337692
vt 0.014657 0.267588
vt 0.321791 0.292926
vt 0.302868 0.060635
vt 0.865463 0.011332
vt 0.868052 0.012572
vt 0.965779 0.264517
vt 0.967497 0.266032
vt 0.867136 0.004240
vt 0.865872 0.003698
vt 0.256366 0.460365
vt 0.884165 0.752862
vt 0.883532 0.758710
vt 0.020817 0.939200
vt 0.019950 0.944397
vt 0.019950 0.934478
vt 0.876705 0.385491
vt 0.878236 0.385321
vt 0.875447 0.385027
vt 0.954888 0.053255
vt 0.957864 0.038923
vt 0.960436 0.027740
vt 0.928023 0.405628
vt 0.927205 0.396774
vt 0.928023 0.393413
vt 0.955596 0.061774
vt 0.958375 0.031446
vt 0.916210 0.839130
vt 0.912628 0.861617
vt 0.913434 0.839012
vt 0.912678 0.839293
vt 0.911726 0.865949
vt 0.891885 0.723152
vt 0.004339 0.944149
vt 0.003698 0.950228
vt 0.003698 0.934477
vt 0.908093 0.829904
vt 0.325882 0.654735
vt 0.323237 0.640092
vt 0.328988 0.646831
vt 0.331049 0.659237
vt 0.327427 0.639411
vt 0.375186 0.884663
vt 0.372782 0.882498
vt 0.370999 0.881223
vt 0.368500 0.880761
vt 0.369661 0.879582
vt 0.367808 0.876946
vt 0.366053 0.876001
vt 0.962732 0.008791
vt 0.962708 0.007103
vt 0.907959 0.775968
vt 0.906391 0.774977
vt 0.908681 0.777215
vt 0.781834 0.892903
vt 0.782457 0.892555
vt 0.903932 0.775092
vt 0.782395 0.891536
vt 0.783770 0.891466
vt 0.805145 0.242633
vt 0.805666 0.240093
vt 0.934631 0.223483
vt 0.323173 0.321730
vt 0.324669 0.322655
vt 0.821447 0.329066
vt 0.817193 0.318072
vt 0.821745 0.326351
vt 0.319402 0.744143
vt 0.016094 0.337108
vt 0.017702 0.336890
vt 0.954344 0.039863
vt 0.398632 0.897430
vt 0.950213 0.059138
vt 0.361374 0.861119
vt 0.302328 0.423559
vt 0.298171 0.431663
vt 0.909978 0.896355
vt 0.808558 0.277505
vt 0.032998 0.061576
vt 0.034996 0.057011
vt 0.314907 0.374271
vt 0.317709 0.362459
vt 0.311755 0.385789
vt 0.313241 0.386694
vt 0.309304 0.394155
vt 0.310854 0.394846
vt 0.324600 0.297810
vt 0.348756 0.768604
vt 0.660672 0.682894
vt 0.881541 0.386018
vt 0.880514 0.385184
vt 0.882730 0.384912
vt 0.923799 0.805286
vt 0.924750 0.802990
vt 0.925685 0.803781
vt 0.924178 0.806623
vt 0.346014 0.646565
vt 0.350434 0.839382
vt 0.943968 0.457511
vt 0.407216 0.028673
vt 0.422745 0.022238
vt 0.416436 0.027881
vt 0.404796 0.032085
vt 0.390478 0.036569
vt 0.407556 0.027573
vt 0.422988 0.021011
vt 0.984020 0.056051
vt 0.988073 0.037978
vt 0.984287 0.066715
vt 0.988901 0.045597
vt 0.989013 0.028485
vt 0.324719 0.746637
vt 0.816535 0.325537
vt 0.821176 0.337802
vt 0.639118 0.546630
vt 0.641680 0.541626
vt 0.346161 0.643474
vt 0.349772 0.644741
vt 0.880696 0.397840
vt 0.879439 0.393413
vt 0.501319 0.293244
vt 0.502886 0.293259
vt 0.501512 0.301336
vt 0.902944 0.774696
vt 0.992109 0.003698
vt 0.923799 0.416535
vt 0.996132 0.014253
vt 0.996302 0.012166
vt 0.367786 0.884723
vt 0.366706 0.884743
vt 0.333081 0.514582
vt 0.366851 0.050958
vt 0.332224 0.529558
vt 0.332106 0.512295
vt 0.330507 0.648963
vt 0.332982 0.663689
vt 0.500764 0.348067
vt 0.497616 0.348647
vt 0.902418 0.831616
vt 0.509351 0.335290
vt 0.509371 0.348235
vt 0.508208 0.347819
vt 0.909654 0.767300
vt 0.524660 0.011104
vt 0.524475 0.005883
vt 0.514403 0.010293
vt 0.514286 0.005042
vt 0.567998 0.014178
vt 0.549175 0.009032
vt 0.534572 0.006219
vt 0.524523 0.004845
vt 0.514369 0.003986
vt 0.975402 0.175403
vt 0.975026 0.165769
vt 0.975816 0.165300
vt 0.979329 0.205744
vt 0.504196 0.009732
vt 0.504176 0.004681
vt 0.504162 0.003698
vt 0.974892 0.155949
vt 0.975706 0.155975
vt 0.981779 0.231008
vt 0.978941 0.215668
vt 0.375171 0.494590
vt 0.965446 0.726654
vt 0.964578 0.725479
vt 0.968236 0.712699
vt 0.972967 0.697726
vt 0.973480 0.699418
vt 0.972351 0.693754
vt 0.908858 0.406573
vt 0.908858 0.393413
vt 0.910166 0.399463
vt 0.331616 0.724574
vt 0.828870 0.081628
vt 0.902582 0.839012
vt 0.902582 0.933599
vt 0.902285 0.899882
vt 0.884031 0.404412
vt 0.086443 0.936136
vt 0.086718 0.934477
vt 0.087484 0.936136
vt 0.909924 0.710858
vt 0.463983 0.010936
vt 0.494097 0.005061
vt 0.494039 0.010262
vt 0.436041 0.016572
vt 0.493955 0.004017
vt 0.977962 0.096282
vt 0.979238 0.086863
vt 0.463872 0.008174
vt 0.449873 0.011536
vt 0.975808 0.146532
vt 0.975014 0.145984
vt 0.975380 0.135937
vt 0.975753 0.126149
vt 0.855049 0.014928
vt 0.858670 0.013315
vt 0.859009 0.011544
vt 0.858537 0.007416
vt 0.859595 0.009781
vt 0.859900 0.008179
vt 0.859531 0.006392
vt 0.643218 0.880096
vt 0.644331 0.880070
vt 0.642877 0.881868
vt 0.994402 0.275528
vt 0.995334 0.277467
vt 0.641134 0.883445
vt 0.996302 0.276358
vt 0.468102 0.472068
vt 0.493886 0.409917
vt 0.501062 0.456362
vt 0.778243 0.822384
vt 0.492504 0.461180
vt 0.326403 0.744149
vt 0.619043 0.036212
vt 0.601552 0.027640
vt 0.989199 0.259533
vt 0.984965 0.244608
vt 0.993737 0.276252
vt 0.988590 0.260039
vt 0.511060 0.422963
vt 0.639208 0.048008
vt 0.516838 0.439522
vt 0.508714 0.409641
vt 0.508461 0.429264
vt 0.327063 0.754033
vt 0.327523 0.776547
vt 0.514872 0.462843
vt 0.334472 0.488861
vt 0.326784 0.812368
vt 0.326757 0.814304
vt 0.333476 0.487921
vt 0.334177 0.486335
vt 0.393905 0.485370
vt 0.407898 0.479862
vt 0.873671 0.933077
vt 0.884482 0.970005
vt 0.863924 0.860170
vt 0.863361 0.856844
vt 0.496547 0.461479
vt 0.491037 0.463740
vt 0.862924 0.853891
vt 0.862134 0.852197
vt 0.500082 0.459486
vt 0.861114 0.851143
vt 0.864942 0.858720
vt 0.863056 0.851149
vt 0.777857 0.883011
vt 0.777709 0.881180
vt 0.008867 0.126264
vt 0.320016 0.376567
vt 0.316842 0.388351
vt 0.026449 0.058414
vt 0.027355 0.056227
vt 0.030408 0.052751
vt 0.029408 0.054227
vt 0.028961 0.057249
vt 0.009239 0.322250
vt 0.098798 0.021038
vt 0.007701 0.137976
vt 0.332029 0.294715
vt 0.215873 0.010431
vt 0.211795 0.008539
vt 0.275321 0.034206
vt 0.020806 0.388300
vt 0.017709 0.376378
vt 0.014951 0.364102
vt 0.297285 0.451764
vt 0.296024 0.454436
vt 0.335086 0.754033
vt 0.335086 0.796603
vt 0.334918 0.772844
vt 0.268380 0.029873
vt 0.286817 0.039434
vt 0.234275 0.475698
vt 0.314872 0.059463
vt 0.309041 0.054735
vt 0.310821 0.056406
vt 0.819912 0.712701
vt 0.819321 0.710863
vt 0.823075 0.725574
vt 0.769697 0.417719
vt 0.848940 0.470638
vt 0.854790 0.470707
vt 0.852717 0.488583
vt 0.846700 0.488527
vt 0.851226 0.454954
vt 0.856904 0.455035
vt 0.843566 0.454993
vt 0.853560 0.440956
vt 0.859057 0.441010
vt 0.838077 0.492807
vt 0.823863 0.958397
vt 0.724976 0.010069
vt 0.731539 0.013692
vt 0.736873 0.014056
vt 0.725635 0.007950
vt 0.737621 0.004169
vt 0.735061 0.022579
vt 0.850773 0.703213
vt 0.839463 0.701912
vt 0.729566 0.022263
vt 0.860466 0.690647
vt 0.862784 0.700894
vt 0.854971 0.690766
vt 0.705511 0.230221
vt 0.712310 0.256700
vt 0.698127 0.622258
vt 0.697820 0.641095
vt 0.706061 0.602149
vt 0.731586 0.300322
vt 0.734132 0.312847
vt 0.728653 0.312994
vt 0.725863 0.300439
vt 0.721256 0.313057
vt 0.718145 0.300509
vt 0.712214 0.312764
vt 0.708697 0.300195
vt 0.728440 0.282931
vt 0.722398 0.283013
vt 0.716623 0.283016
vt 0.722790 0.549486
vt 0.728846 0.549590
vt 0.716981 0.549386
vt 0.712812 0.575853
vt 0.718941 0.734034
vt 0.709517 0.721663
vt 0.709022 0.708853
vt 0.708412 0.690878
vt 0.697721 0.689968
vt 0.697191 0.664674
vt 0.731857 0.531965
vt 0.734276 0.519162
vt 0.724687 0.506612
vt 0.737618 0.504336
vt 0.836696 0.633998
vt 0.837779 0.642511
vt 0.835733 0.625086
vt 0.846860 0.616101
vt 0.834904 0.615813
vt 0.846253 0.606493
vt 0.834223 0.606218
vt 0.845788 0.596599
vt 0.833704 0.596339
vt 0.845478 0.586458
vt 0.833362 0.586215
vt 0.853652 0.654278
vt 0.847636 0.654350
vt 0.838967 0.650586
vt 0.832691 0.575825
vt 0.844758 0.576052
vt 0.833470 0.554715
vt 0.845552 0.554869
vt 0.845359 0.565484
vt 0.833245 0.565308
vt 0.833873 0.544090
vt 0.845901 0.544220
vt 0.834439 0.533499
vt 0.846395 0.533605
vt 0.835157 0.523009
vt 0.836011 0.512685
vt 0.836989 0.502596
vt 0.737668 0.327188
vt 0.724747 0.324896
vt 0.697610 0.209752
vt 0.697264 0.190785
vt 0.707699 0.140812
vt 0.697129 0.141354
vt 0.696610 0.166966
vt 0.708332 0.122503
vt 0.705141 0.084564
vt 0.716468 0.084645
vt 0.732517 0.793055
vt 0.734761 0.803871
vt 0.729263 0.804189
vt 0.714896 0.798280
vt 0.729988 0.778860
vt 0.720815 0.775398
vt 0.709974 0.775174
vt 0.719417 0.766441
vt 0.708358 0.766226
vt 0.718139 0.756564
vt 0.706884 0.756360
vt 0.861237 0.426843
vt 0.849806 0.421017
vt 0.849390 0.418874
vt 0.731020 0.811891
vt 0.734584 0.814875
vt 0.724313 0.814989
vt 0.736358 0.811524
vt 0.858176 0.680291
vt 0.852499 0.680411
vt 0.844838 0.680174
vt 0.855906 0.668376
vt 0.850058 0.668472
vt 0.708065 0.062932
vt 0.719039 0.062967
vt 0.717653 0.073368
vt 0.706488 0.073308
vt 0.720559 0.053453
vt 0.729771 0.049770
vt 0.709798 0.053444
vt 0.732564 0.034439
vt 0.715137 0.028533
vt 0.820790 0.971987
vt 0.820212 0.973956
vt 0.817873 0.973826
vt 0.771440 0.408962
vt 0.829332 0.781196
vt 0.828557 0.772441
vt 0.833485 0.772380
vt 0.834385 0.781186
vt 0.835449 0.794374
vt 0.840457 0.800533
vt 0.834791 0.901125
vt 0.829739 0.901160
vt 0.833952 0.910042
vt 0.829023 0.910026
vt 0.694420 0.921495
vt 0.672687 0.921588
vt 0.924245 0.945254
vt 0.925354 0.942439
vt 0.926692 0.941598
vt 0.931505 0.941621
vt 0.931637 0.949578
vt 0.923800 0.949066
vt 0.945572 0.920566
vt 0.923815 0.920564
vt 0.923803 0.909625
vt 0.945561 0.909626
vt 0.931637 0.928491
vt 0.931506 0.936424
vt 0.926692 0.935816
vt 0.925354 0.934797
vt 0.924244 0.931834
vt 0.923800 0.927961
vt 0.933010 0.937229
vt 0.932292 0.936763
vt 0.942376 0.930524
vt 0.942376 0.951611
vt 0.932829 0.941482
vt 0.933486 0.940733
vt 0.933487 0.938040
vt 0.923800 0.896461
vt 0.945557 0.896462
vt 0.923803 0.883078
vt 0.945561 0.883080
vt 0.923815 0.871513
vt 0.945572 0.871515
vt 0.760594 0.890985
vt 0.747246 0.888924
vt 0.735752 0.881955
vt 0.727860 0.871138
vt 0.724773 0.858122
vt 0.726961 0.844886
vt 0.734090 0.833447
vt 0.745075 0.825545
vt 0.758244 0.822385
vt 0.768447 0.823960
vt 0.769306 0.834669
vt 0.769986 0.850109
vt 0.769986 0.865820
vt 0.769208 0.881485
vt 0.768488 0.889099
vt 0.693981 0.945434
vt 0.672248 0.945526
vt 0.672584 0.934703
vt 0.694317 0.934611
vt 0.673786 0.824052
vt 0.683969 0.822385
vt 0.697113 0.825483
vt 0.708078 0.833392
vt 0.715194 0.844906
vt 0.717378 0.858274
vt 0.714296 0.871459
vt 0.706420 0.882455
vt 0.694946 0.889587
vt 0.681623 0.891770
vt 0.673744 0.889920
vt 0.673026 0.882229
vt 0.672248 0.866394
vt 0.672248 0.850504
vt 0.672928 0.834884
vt 0.331931 0.840043
vt 0.332402 0.830588
vt 0.333068 0.830706
vt 0.332603 0.840051
vt 0.923800 0.844575
vt 0.923800 0.834909
vt 0.924528 0.835085
vt 0.924528 0.844423
vt 0.925730 0.835352
vt 0.925730 0.844178
vt 0.927287 0.835684
vt 0.927287 0.843864
vt 0.929048 0.836048
vt 0.929048 0.843513
vt 0.319563 0.830798
vt 0.319092 0.840253
vt 0.318564 0.840281
vt 0.319029 0.830936
vt 0.753814 0.898381
vt 0.762716 0.902076
vt 0.762205 0.902773
vt 0.753605 0.899204
vt 0.761442 0.903862
vt 0.753314 0.900488
vt 0.760504 0.905236
vt 0.752969 0.902108
vt 0.759481 0.906760
vt 0.752605 0.903906
vt 0.333743 0.822811
vt 0.334394 0.823019
vt 0.927454 0.825989
vt 0.928058 0.826468
vt 0.929066 0.827207
vt 0.930380 0.828134
vt 0.931870 0.829158
vt 0.320904 0.823021
vt 0.320355 0.823249
vt 0.744177 0.898386
vt 0.744296 0.899208
vt 0.744516 0.900493
vt 0.744814 0.902112
vt 0.745163 0.903909
vt 0.319183 0.908620
vt 0.319191 0.916520
vt 0.318572 0.916642
vt 0.318564 0.908834
vt 0.934205 0.819172
vt 0.934580 0.819883
vt 0.935231 0.820983
vt 0.936094 0.822365
vt 0.937084 0.823893
vt 0.332440 0.916521
vt 0.332432 0.908621
vt 0.333051 0.908835
vt 0.333059 0.916643
vt 0.735275 0.902090
vt 0.735696 0.902786
vt 0.736387 0.903874
vt 0.737280 0.905247
vt 0.738287 0.906770
vt 0.319194 0.926025
vt 0.318575 0.926037
vt 0.943027 0.815497
vt 0.943102 0.816333
vt 0.943285 0.817628
vt 0.943559 0.819255
vt 0.943897 0.821055
vt 0.332443 0.926026
vt 0.333061 0.926038
vt 0.728461 0.908929
vt 0.729114 0.909393
vt 0.730166 0.910119
vt 0.731513 0.911035
vt 0.733025 0.912052
vt 0.319191 0.935689
vt 0.318572 0.935589
vt 0.952575 0.815523
vt 0.952326 0.816358
vt 0.952003 0.817651
vt 0.951640 0.819277
vt 0.951272 0.821075
vt 0.332440 0.935690
vt 0.333059 0.935590
vt 0.724773 0.917862
vt 0.725552 0.918023
vt 0.726799 0.918275
vt 0.728393 0.918595
vt 0.730177 0.918952
vt 0.319183 0.944040
vt 0.318564 0.943844
vt 0.961397 0.819246
vt 0.960847 0.819954
vt 0.960058 0.821051
vt 0.959106 0.822428
vt 0.958085 0.823950
vt 0.332432 0.944041
vt 0.333051 0.943845
vt 0.724773 0.927530
vt 0.725552 0.927362
vt 0.726799 0.927102
vt 0.728393 0.926777
vt 0.730177 0.926418
vt 0.319513 0.865829
vt 0.319258 0.873644
vt 0.318652 0.873772
vt 0.318905 0.866048
vt 0.968149 0.826099
vt 0.967369 0.826575
vt 0.966222 0.827308
vt 0.964820 0.828228
vt 0.963299 0.829243
vt 0.332493 0.873609
vt 0.332748 0.865794
vt 0.333376 0.866009
vt 0.333123 0.873734
vt 0.728461 0.936459
vt 0.729114 0.935988
vt 0.730166 0.935255
vt 0.731513 0.934334
vt 0.733025 0.933315
vt 0.319168 0.883115
vt 0.318564 0.883133
vt 0.971803 0.835039
vt 0.970899 0.835211
vt 0.969559 0.835471
vt 0.967912 0.835794
vt 0.966121 0.836148
vt 0.332403 0.883080
vt 0.333035 0.883095
vt 0.735275 0.943292
vt 0.735696 0.942588
vt 0.736387 0.941494
vt 0.737280 0.940117
vt 0.738287 0.938591
vt 0.319258 0.892800
vt 0.318652 0.892706
vt 0.971803 0.844706
vt 0.970899 0.844548
vt 0.969559 0.844296
vt 0.967912 0.843974
vt 0.966121 0.843614
vt 0.332493 0.892765
vt 0.333123 0.892668
vt 0.744177 0.946987
vt 0.744296 0.946157
vt 0.744516 0.944867
vt 0.744814 0.943244
vt 0.745163 0.941445
vt 0.319513 0.901225
vt 0.318905 0.901033
vt 0.968149 0.853626
vt 0.967369 0.853166
vt 0.966222 0.852441
vt 0.964820 0.851524
vt 0.963299 0.850503
vt 0.332748 0.901190
vt 0.333376 0.900995
vt 0.753813 0.946982
vt 0.753605 0.946153
vt 0.753314 0.944863
vt 0.752969 0.943240
vt 0.752605 0.941442
vt 0.702435 0.899166
vt 0.702450 0.907435
vt 0.701831 0.907539
vt 0.701816 0.899366
vt 0.961397 0.860443
vt 0.960847 0.859751
vt 0.960058 0.858665
vt 0.959106 0.857293
vt 0.958085 0.855768
vt 0.715700 0.907434
vt 0.715684 0.899166
vt 0.716303 0.899365
vt 0.716318 0.907538
vt 0.762716 0.943278
vt 0.762205 0.942575
vt 0.761442 0.941481
vt 0.760504 0.940105
vt 0.759481 0.938581
vt 0.702456 0.917073
vt 0.701836 0.917066
vt 0.952575 0.864118
vt 0.952326 0.863301
vt 0.952003 0.862021
vt 0.951640 0.860403
vt 0.951272 0.858606
vt 0.715705 0.917072
vt 0.716323 0.917065
vt 0.769530 0.936439
vt 0.768787 0.935968
vt 0.767663 0.935237
vt 0.766270 0.934317
vt 0.764743 0.933299
vt 0.702450 0.926615
vt 0.701831 0.926497
vt 0.943027 0.864092
vt 0.943102 0.863276
vt 0.943285 0.861997
vt 0.943559 0.860381
vt 0.943897 0.858586
vt 0.715700 0.926614
vt 0.716318 0.926496
vt 0.773218 0.927506
vt 0.772349 0.927338
vt 0.771030 0.927080
vt 0.769391 0.926757
vt 0.767591 0.926399
vt 0.702435 0.934606
vt 0.701816 0.934396
vt 0.934205 0.860369
vt 0.934580 0.859679
vt 0.935231 0.858598
vt 0.936094 0.857230
vt 0.937084 0.855711
vt 0.715684 0.934605
vt 0.716303 0.934395
vt 0.773218 0.917838
vt 0.772349 0.918000
vt 0.771030 0.918253
vt 0.769391 0.918575
vt 0.767591 0.918933
vt 0.333743 0.858189
vt 0.332402 0.849735
vt 0.333068 0.849631
vt 0.334394 0.857987
vt 0.927454 0.853516
vt 0.928058 0.853059
vt 0.929066 0.852340
vt 0.930380 0.851430
vt 0.931870 0.850418
vt 0.319563 0.849945
vt 0.320904 0.858399
vt 0.320355 0.858217
vt 0.319029 0.849860
vt 0.769530 0.908908
vt 0.768787 0.909374
vt 0.767664 0.910100
vt 0.766270 0.911018
vt 0.764743 0.912036
vt 0.333351 0.840094
vt 0.333801 0.849348
s 1
usemtl grey_plastic
f 1604/1/1 1607/2/2 1603/3/3
f 1605/4/4 1610/5/5 1604/1/1
f 485/6/6 1601/7/7 486/8/8
f 735/9/9 1605/4/4 484/10/10
f 736/11/11 1610/5/5 1605/4/4
f 1621/12/12 1270/13/13 1269/14/14
f 1621/12/12 1623/15/15 1270/13/13
f 1623/15/15 144/16/16 1270/13/13
f 1049/17/17 1048/18/18 1624/19/19
f 1624/19/19 1048/18/18 1623/15/15
f 1623/15/15 1047/20/20 144/16/16
f 783/21/21 1625/22/22 784/23/23
f 103/24/24 1626/25/25 781/26/26
f 1626/25/25 1627/27/27 783/21/21
f 242/28/28 1628/29/29 1626/25/25
f 1627/27/27 1629/30/30 1625/22/22
f 1628/29/29 700/31/31 1627/27/27
f 781/26/26 1626/25/25 782/32/32
f 11/33/33 1660/34/34 1628/29/29
f 1629/30/30 98/35/35 746/36/36
f 1625/22/22 745/37/37 109/38/38
f 1634/39/39 1636/40/40 1633/41/41
f 1637/42/42 1639/43/43 1636/40/40
f 1640/44/44 699/45/45 1639/43/43
f 1642/46/46 1645/47/47 1644/48/48
f 1643/49/49 1646/50/50 1645/47/47
f 1645/47/47 1648/51/51 1651/52/52
f 1651/52/52 1652/53/53 1655/54/54
f 1655/54/54 645/55/55 646/56/56
f 226/57/57 1644/48/48 227/58/58
f 814/59/59 1656/60/60 2390/61/61
f 816/62/62 1657/63/63 817/64/64
f 1657/63/63 14/65/65 817/64/64
f 815/66/66 650/67/67 816/62/62
f 817/64/64 14/65/65 110/68/68
f 2445/69/69 820/70/70 1658/71/71
f 818/72/72 17/73/73 702/74/74
f 788/75/75 821/76/76 248/77/77
f 1659/78/78 1661/79/79 701/80/80
f 1662/81/81 1663/82/82 1659/78/78
f 1661/79/79 1664/83/83 742/84/84
f 1663/82/82 1665/85/85 1661/79/79
f 1662/81/81 1666/86/86 1663/82/82
f 1660/34/34 1659/78/78 700/31/31
f 254/87/87 1662/81/81 1660/34/34
f 255/88/88 256/89/89 1662/81/81
f 257/90/90 24/91/91 704/92/92
f 257/90/90 704/92/92 1669/93/93
f 1669/93/93 2760/94/94 1668/95/95
f 1668/95/95 2759/96/96 1667/97/97
f 1667/97/97 99/98/98 744/99/99
f 1676/100/100 1172/101/101 1670/102/102
f 1169/103/103 1170/104/104 1678/105/105
f 1172/101/101 182/106/106 247/107/107
f 1670/102/102 247/107/107 246/108/108
f 264/109/109 1681/110/110 1680/111/111
f 1681/112/110 964/113/112 1033/114/113
f 263/115/114 264/109/109 1680/111/111
f 897/116/115 1682/117/116 898/118/117
f 1682/117/116 1684/119/118 899/120/119
f 899/120/119 1687/121/120 1686/122/121
f 899/120/119 1684/119/118 1687/121/120
f 1687/123/120 825/124/122 1691/125/123
f 1687/123/120 1688/126/124 825/124/122
f 822/127/125 1682/117/116 897/116/115
f 284/128/126 1683/129/127 1682/117/116
f 284/128/126 285/130/128 1683/129/127
f 1689/131/129 287/132/130 823/133/131
f 1691/125/123 825/124/122 826/134/132
f 2603/135/133 1686/122/121 2606/136/134
f 899/120/119 1686/122/121 2603/135/133
f 1698/137/135 1103/138/136 1697/139/137
f 1488/140/138 1692/141/139 1417/142/140
f 1269/14/14 1270/13/13 1694/143/141
f 144/16/16 1103/138/136 1698/137/135
f 1103/138/136 1102/144/142 1696/145/143
f 300/146/144 301/147/145 1709/148/146
f 60/149/147 1699/150/148 297/151/149
f 298/152/150 1701/153/151 1700/154/152
f 37/155/153 1701/153/151 298/152/150
f 196/156/154 1711/157/155 2696/158/156
f 1711/157/155 1712/159/157 1713/160/158
f 1713/161/158 1133/162/159 1132/163/160
f 1712/164/157 1134/165/161 1133/162/159
f 1714/166/162 180/167/163 1134/165/161
f 1412/168/164 1710/169/165 196/156/154
f 2696/158/156 1713/160/158 2698/170/166
f 1715/171/167 1716/172/168 960/173/169
f 1716/172/168 2619/174/170 2712/175/171
f 1717/176/172 2619/174/170 1716/172/168
f 2793/177/173 1717/176/172 1715/171/167
f 1717/176/172 34/178/174 909/179/175
f 1716/172/168 2712/175/171 960/173/169
f 648/180/176 1411/181/177 649/182/178
f 1410/183/179 1719/184/180 1718/185/181
f 1309/186/182 1719/184/180 1410/183/179
f 649/182/178 1040/187/183 142/188/184
f 1721/189/185 1724/190/186 1723/191/187
f 1723/191/187 1727/192/188 1726/193/189
f 1724/190/186 1729/194/190 1728/195/191
f 1725/196/192 1726/193/189 325/197/193
f 319/198/194 1720/199/195 318/200/196
f 321/201/197 1721/202/185 320/203/198
f 327/204/199 1731/205/200 1730/206/201
f 1730/207/201 1731/208/200 1732/209/202
f 1731/208/200 328/210/203 1733/211/204
f 1732/209/202 1733/211/204 1735/212/205
f 1735/212/205 331/213/206 332/214/207
f 1733/211/204 330/215/208 331/213/206
f 1736/216/209 40/217/210 330/215/208
f 326/218/211 322/219/212 2542/220/213
f 327/204/199 2475/221/214 1731/205/200
f 328/210/203 329/222/215 1736/216/209
f 323/223/216 1734/224/217 324/225/218
f 1737/226/219 334/227/220 1738/228/221
f 2440/229/222 1738/228/221 1853/230/223
f 1739/231/224 1740/232/225 1738/228/221
f 1740/232/225 748/233/226 1854/234/227
f 333/235/228 334/236/220 1737/237/219
f 334/227/220 335/238/229 1739/231/224
f 336/239/230 41/240/231 1739/231/224
f 1414/241/232 1743/242/233 1741/243/234
f 1742/244/235 1741/243/234 384/245/236
f 1743/242/233 1744/246/237 1741/243/234
f 1743/242/233 1745/247/238 1744/246/237
f 1413/248/239 1746/249/240 1743/242/233
f 1745/247/238 161/250/241 1744/246/237
f 1414/241/232 1741/243/234 3592/251/242
f 1414/241/232 1413/248/239 1743/242/233
f 156/252/243 1075/253/244 1746/249/240
f 1747/254/245 1748/255/246 1752/256/247
f 1265/257/248 1752/256/247 1253/258/249
f 3442/259/250 3443/260/251 1747/254/245
f 1267/261/252 1268/262/253 1755/263/254
f 1755/263/254 184/264/255 1188/265/256
f 1265/257/248 1758/266/257 1757/267/258
f 1758/266/257 1251/268/259 1756/269/260
f 1758/266/257 1253/258/249 1252/270/261
f 1757/267/258 1756/269/260 3430/271/262
f 1765/272/263 959/273/264 2709/274/265
f 1759/275/266 2701/276/267 910/277/268
f 1769/278/269 1770/279/270 1771/280/271
f 1867/281/272 1771/280/271 1872/282/273
f 1771/283/271 1770/284/270 1772/285/274
f 1771/286/271 1772/287/274 1773/288/275
f 1409/289/276 1867/281/272 1312/290/277
f 3419/291/278 1345/292/279 1769/278/269
f 1772/285/274 1098/293/280 2887/294/281
f 1772/285/274 2887/294/281 169/295/282
f 372/296/283 1776/297/284 373/298/285
f 1775/299/286 1778/300/287 1777/301/288
f 1776/297/284 1780/302/289 1779/303/290
f 1777/301/288 1781/304/291 1780/302/289
f 1778/300/287 280/305/292 1781/304/291
f 1782/306/293 1786/307/294 1785/308/295
f 1783/309/296 1788/310/297 1787/311/298
f 1784/312/299 1790/313/300 1789/314/301
f 706/315/302 283/316/303 1774/317/304
f 279/318/305 278/319/306 1791/320/307
f 373/298/285 1779/303/290 374/321/308
f 654/322/309 1792/323/310 503/324/311
f 373/298/285 374/321/308 1797/325/312
f 1805/326/313 660/327/314 1804/328/315
f 1813/329/316 391/330/317 392/331/318
f 388/332/319 1811/333/320 387/334/321
f 55/335/322 1811/333/320 388/332/319
f 55/335/322 389/336/323 1811/333/320
f 390/337/324 56/338/325 391/330/317
f 1817/339/326 1856/340/327 813/341/328
f 1817/339/326 792/342/329 1856/340/327
f 57/343/330 1815/344/331 75/345/332
f 395/346/333 1822/347/334 1819/348/335
f 1823/349/336 398/350/337 393/351/338
f 1824/352/339 397/353/340 1823/349/336
f 1825/354/341 396/355/342 1824/352/339
f 57/343/330 1818/356/343 1815/344/331
f 57/343/330 394/357/344 1818/356/343
f 394/357/344 395/346/333 1819/348/335
f 297/151/149 296/358/345 395/346/333
f 1820/359/346 1817/339/326 1816/360/347
f 1262/361/348 1479/362/349 1826/363/350
f 1453/364/351 3099/365/352 1452/366/353
f 1452/366/353 183/367/354 1146/368/355
f 1826/363/350 1453/364/351 272/369/356
f 1827/370/357 689/371/358 1408/372/359
f 1261/373/360 1828/374/361 689/375/358
f 1353/376/362 1260/377/363 1827/370/357
f 1261/378/360 159/379/364 1828/380/361
f 1828/380/361 159/379/364 1071/381/365
f 1408/372/359 689/371/358 2479/382/366
f 1831/383/367 176/384/368 1855/385/369
f 3589/386/370 302/387/371 3581/388/372
f 1829/389/373 302/387/371 3589/386/370
f 1259/390/374 176/384/368 1831/383/367
f 423/391/375 893/392/376 840/393/377
f 1832/394/378 1833/395/379 423/391/375
f 425/396/380 1832/394/378 424/397/381
f 1833/398/379 1834/399/382 841/400/383
f 1407/401/384 1836/402/385 1837/403/386
f 1837/403/386 1679/404/387 1351/405/388
f 1837/403/386 1836/402/385 1838/406/389
f 1839/407/390 1841/408/391 1303/409/392
f 1841/408/391 1302/410/393 1303/409/392
f 1839/407/390 1842/411/394 1841/408/391
f 1841/412/391 1166/413/395 1302/414/393
f 1843/415/396 1167/416/397 1842/417/394
f 3390/418/398 1839/407/390 3392/419/399
f 3393/420/400 1840/421/401 3390/418/398
f 1305/422/402 246/423/108 3393/420/400
f 247/107/107 1168/424/403 1843/415/396
f 1166/413/395 180/167/163 1302/414/393
f 1205/425/404 175/426/405 1306/427/406
f 1845/428/407 1846/429/408 1414/241/232
f 1845/428/407 1847/430/409 1846/429/408
f 1453/364/351 1848/431/410 1845/428/407
f 1848/431/410 1183/432/411 1847/430/409
f 1452/366/353 1184/433/412 1848/431/410
f 1183/432/411 1182/434/413 1847/430/409
f 1847/430/409 156/252/243 1413/248/239
f 1850/435/414 1851/436/415 2594/437/416
f 1851/436/415 171/438/417 741/439/418
f 1417/142/140 1849/440/419 1436/441/420
f 1849/440/419 1692/141/139 1850/435/414
f 1850/435/414 290/442/421 1852/443/422
f 1852/443/422 1220/444/423 1219/445/424
f 795/446/425 780/447/426 2474/448/427
f 1854/234/227 337/449/428 2477/450/429
f 302/387/371 1855/385/369 1418/451/430
f 3581/388/372 302/387/371 1418/451/430
f 1131/452/431 1196/453/432 1195/454/433
f 2427/455/434 793/456/435 107/457/436
f 75/345/332 2420/458/437 754/459/438
f 3578/460/439 1485/461/440 1421/462/441
f 1858/463/442 1860/464/443 335/238/229
f 1859/465/444 1862/466/445 1860/464/443
f 1863/467/446 453/468/447 336/239/230
f 1864/469/448 452/470/449 1863/467/446
f 1861/471/450 2812/472/451 1862/466/445
f 1862/466/445 262/473/452 1864/469/448
f 265/474/453 452/470/449 1864/469/448
f 1867/281/272 1868/475/454 3384/476/455
f 1405/477/456 1868/475/454 1871/478/457
f 1868/475/454 1872/282/273 1216/479/458
f 1869/480/459 1870/481/460 1215/482/461
f 192/483/462 1865/484/463 1310/485/464
f 3376/486/465 1406/487/466 1866/488/467
f 1871/489/457 1216/490/458 3038/491/468
f 1869/480/459 143/492/469 1309/186/182
f 1873/493/470 1874/494/471 1422/495/472
f 1483/496/473 1432/497/474 1874/494/471
f 1874/494/471 1164/498/475 1163/499/476
f 1432/497/474 173/500/477 1165/501/478
f 387/334/321 2795/502/479 2794/503/480
f 2795/504/479 1875/505/481 2796/506/482
f 1875/505/481 78/507/483 975/508/484
f 386/509/485 1875/505/481 2795/504/479
f 1877/510/486 1878/511/487 1588/512/488
f 1878/511/487 1523/513/489 1589/514/490
f 1588/512/488 1026/515/491 1548/516/492
f 1547/517/493 1588/512/488 1548/516/492
f 971/518/494 1547/519/493 1876/520/495
f 1522/521/496 1991/522/497 1878/511/487
f 1539/523/498 1879/524/499 1880/525/500
f 1586/526/501 1880/527/500 1587/528/502
f 1540/529/503 1539/530/498 1586/526/501
f 2587/531/504 833/532/505 1879/524/499
f 1879/524/499 832/533/506 465/534/507
f 381/535/508 2791/536/509 465/534/507
f 1881/537/510 1882/538/511 2580/539/512
f 1883/540/513 1884/541/514 1882/538/511
f 472/542/515 424/397/381 1883/540/513
f 471/543/516 472/542/515 1883/540/513
f 424/397/381 423/391/375 1884/541/514
f 1882/538/511 2727/544/517 2580/539/512
f 1887/545/518 1888/546/519 2578/547/520
f 1888/546/519 1890/548/521 892/549/522
f 1888/546/519 1889/550/523 1890/548/521
f 1885/551/524 969/552/525 1889/553/523
f 1889/553/523 3224/554/526 315/555/527
f 892/549/522 314/556/528 116/557/529
f 2569/558/530 1891/559/531 2570/560/532
f 2570/560/532 1892/561/533 2572/562/534
f 706/315/302 1891/559/531 2569/558/530
f 1902/563/535 1903/564/536 1904/565/537
f 274/566/538 273/567/539 1901/568/540
f 1901/568/540 273/567/539 1903/569/536
f 1904/565/537 1525/570/541 216/571/542
f 1905/572/543 1907/573/544 1906/574/545
f 1910/575/546 1911/576/547 1909/577/548
f 2568/578/549 1905/572/543 2567/579/550
f 838/580/551 1905/581/543 2568/582/549
f 50/583/552 1526/584/553 1913/585/554
f 1914/586/555 1916/587/556 117/588/557
f 271/589/558 1918/590/559 1914/586/555
f 1918/590/559 1919/591/560 1917/592/561
f 1918/590/559 885/593/562 1919/591/560
f 270/594/563 269/595/564 1918/590/559
f 269/595/564 1921/596/565 885/593/562
f 268/597/566 267/598/567 1921/599/565
f 267/600/567 845/601/568 1922/602/569
f 1922/602/569 846/603/570 886/604/571
f 1920/605/572 886/604/571 2558/606/573
f 1919/591/560 885/593/562 2554/607/574
f 2785/608/575 972/609/576 957/610/577
f 957/610/577 307/611/578 908/612/579
f 972/609/576 2793/177/173 1715/171/167
f 1545/613/580 1923/614/581 1580/615/582
f 916/616/583 1924/617/584 1923/618/581
f 1924/619/584 1925/620/585 1582/621/586
f 1925/622/585 915/623/587 1926/624/588
f 917/625/589 916/616/583 1544/626/590
f 915/623/587 914/627/591 1927/628/592
f 1927/629/592 71/630/593 1528/631/594
f 1927/629/592 1528/631/594 1584/632/595
f 1925/620/585 1583/633/596 3846/634/597
f 2783/635/598 1928/636/599 1929/637/600
f 1546/638/601 1929/639/600 1579/640/602
f 2784/641/603 131/642/604 1928/636/599
f 1928/636/599 968/643/605 1930/644/606
f 1930/644/606 967/645/607 36/646/608
f 1930/644/606 36/646/608 2690/647/609
f 1931/648/610 949/649/611 139/650/612
f 1932/651/613 1936/652/614 1931/648/610
f 1935/653/615 1938/654/616 1934/655/617
f 1936/656/614 430/657/618 951/658/619
f 1937/659/620 3452/660/621 1936/656/614
f 1017/661/622 1934/655/617 2779/662/623
f 134/663/624 1935/653/615 1017/661/622
f 501/664/625 432/665/626 1935/666/615
f 432/665/626 431/667/627 1938/668/616
f 1938/668/616 431/667/627 1937/659/620
f 430/657/618 124/669/628 952/670/629
f 1939/671/630 2684/672/631 947/673/632
f 298/152/150 1940/674/633 1939/671/630
f 1940/674/633 948/675/634 2684/672/631
f 1940/674/633 2080/676/635 948/675/634
f 60/149/147 2080/676/635 1940/674/633
f 2699/677/636 1939/671/630 910/277/268
f 37/155/153 1939/671/630 2699/677/636
f 1942/678/637 1943/679/638 1944/680/639
f 1946/681/640 1947/682/641 1945/683/642
f 903/684/643 1529/685/644 1946/681/640
f 1543/686/645 1542/687/646 1941/688/647
f 1541/689/648 904/690/649 1943/691/638
f 904/690/649 903/692/643 1943/691/638
f 1949/693/650 1950/694/651 1948/695/652
f 1530/696/653 1948/695/652 219/697/654
f 410/698/655 1952/699/656 1949/700/650
f 410/698/655 409/701/657 1952/699/656
f 1966/702/658 1967/703/659 1968/704/660
f 902/705/661 901/706/662 942/707/663
f 900/708/664 514/709/665 1961/710/666
f 518/711/667 1/712/668 920/713/669
f 1969/714/670 920/713/669 921/715/671
f 946/716/672 1968/704/660 2673/717/673
f 1973/718/674 1974/719/675 1975/720/676
f 522/721/677 362/722/678 1972/723/679
f 3798/724/680 1980/725/681 3801/726/682
f 2572/562/534 1982/727/683 523/728/684
f 1984/729/685 1985/730/686 1983/731/687
f 790/732/688 1986/733/689 1538/734/690
f 790/735/688 522/721/677 1986/736/689
f 1988/737/691 1990/738/692 2419/739/693
f 2418/740/694 1574/741/695 1561/742/696
f 2419/739/693 1987/743/697 2418/740/694
f 1992/744/698 1571/745/699 1570/746/700
f 1992/744/698 1994/747/701 1571/745/699
f 1993/748/702 1995/749/703 1992/750/698
f 1994/747/701 1572/751/704 3766/752/705
f 1997/753/706 1998/754/707 1996/755/708
f 1991/522/497 1570/746/700 1523/513/489
f 348/756/709 1993/748/702 1522/757/496
f 347/758/710 1995/749/703 1993/748/702
f 346/759/711 1997/760/706 1995/749/703
f 882/761/712 1999/762/713 2000/763/714
f 2001/764/715 2002/765/716 2004/766/717
f 2006/767/718 2007/768/719 475/769/720
f 528/770/721 1999/762/713 882/761/712
f 529/771/722 343/772/723 1999/762/713
f 343/773/723 342/774/724 2003/775/725
f 2003/775/725 341/776/726 2007/777/719
f 2007/777/719 340/778/727 476/779/728
f 884/780/729 475/769/720 118/781/730
f 882/761/712 2000/763/714 2528/782/731
f 879/783/732 2008/784/733 880/785/734
f 2008/784/733 2010/786/735 881/787/736
f 865/788/737 752/789/738 2009/790/739
f 2469/791/740 2014/792/741 2013/793/742
f 2012/794/743 2013/793/742 120/795/744
f 112/796/745 446/797/746 2014/798/741
f 2014/792/741 446/799/746 531/800/747
f 2014/792/741 531/800/747 530/801/748
f 2013/793/742 530/801/748 120/795/744
f 2016/802/749 2017/803/750 875/804/751
f 355/805/752 2019/806/753 2018/807/754
f 356/808/755 2017/809/750 2016/810/749
f 356/808/755 355/811/752 2017/809/750
f 354/812/756 532/813/757 2019/814/753
f 2020/815/758 2021/816/759 2022/817/760
f 2021/818/759 2024/819/761 2022/820/760
f 673/821/762 674/822/763 2020/815/758
f 2023/823/764 726/824/765 2038/825/766
f 2022/820/760 2038/825/766 2037/826/767
f 672/827/768 671/828/769 2029/829/770
f 666/830/771 53/831/772 505/832/773
f 2035/833/774 2036/834/775 724/835/776
f 2035/836/774 2038/825/766 2041/837/777
f 2020/815/758 2037/838/767 725/839/778
f 426/840/779 2039/841/780 427/842/781
f 723/843/782 2045/844/783 2043/845/784
f 723/846/782 722/847/785 2045/848/783
f 719/849/786 718/850/787 2050/851/788
f 536/852/789 1892/561/533 1891/559/531
f 705/853/790 536/852/789 1891/559/531
f 536/852/789 535/854/791 1892/561/533
f 2052/855/792 535/854/791 536/852/789
f 502/856/793 13/857/794 12/858/795
f 503/324/311 536/852/789 654/322/309
f 2055/859/796 388/332/319 2053/860/797
f 388/332/319 387/334/321 2054/861/798
f 934/862/799 2068/863/800 2055/859/796
f 754/459/438 753/864/801 2055/859/796
f 2056/865/802 2057/866/803 2058/867/804
f 1566/868/805 2059/869/806 1567/870/807
f 2059/869/806 2061/871/808 1568/872/809
f 2060/873/810 2062/874/811 2061/871/808
f 1568/872/809 2061/871/808 1569/875/812
f 1569/875/812 497/876/813 211/877/814
f 1564/878/815 2063/879/816 3704/880/817
f 3704/880/817 2065/881/818 3708/882/819
f 1535/883/820 750/884/821 2064/885/822
f 2067/886/823 542/887/824 541/888/825
f 2464/889/826 754/459/438 2068/863/800
f 2464/889/826 75/345/332 754/459/438
f 2076/890/827 2077/891/828 2075/892/829
f 1532/893/830 3690/894/831 220/895/832
f 416/896/833 2076/890/827 2074/897/834
f 415/898/835 2079/899/836 2076/890/827
f 64/900/837 1533/901/838 2079/902/836
f 2080/676/635 543/903/839 948/675/634
f 2081/904/840 2082/905/841 2080/676/635
f 60/149/147 2081/904/840 2080/676/635
f 394/357/344 57/343/330 2081/904/840
f 1559/906/842 2460/907/843 215/908/844
f 2462/909/845 113/910/846 2084/911/847
f 2083/912/848 2084/911/847 2411/913/849
f 2086/914/850 2089/915/851 2088/916/852
f 2087/917/853 227/58/58 2089/915/851
f 2088/916/852 2089/915/851 2090/918/854
f 2091/919/855 2092/920/856 2093/921/857
f 2094/922/858 923/923/859 2093/921/857
f 921/715/671 2086/914/850 2655/924/860
f 920/713/669 2087/917/853 2086/914/850
f 2093/921/857 2664/925/861 2663/926/862
f 2655/924/860 2088/916/852 2657/927/863
f 2096/928/864 2095/929/865 2456/930/866
f 924/931/867 2408/932/868 2096/928/864
f 2096/928/864 925/933/869 2095/929/865
f 128/934/870 126/935/871 2653/936/872
f 933/937/873 2099/938/874 2097/939/875
f 2410/940/876 932/941/877 2099/938/874
f 932/941/877 230/942/878 2099/938/874
f 2099/938/874 2100/943/879 2098/944/880
f 2098/944/880 2100/943/879 2101/945/881
f 230/942/878 231/946/882 2100/943/879
f 2100/943/879 6/947/883 926/948/884
f 2101/945/881 927/949/885 2650/950/886
f 933/937/873 2097/939/875 2647/951/887
f 249/952/888 2105/953/889 2102/954/890
f 2104/955/891 2106/956/892 2103/957/893
f 2107/958/894 2109/959/895 2105/953/889
f 2108/960/896 2110/961/897 2106/956/892
f 2111/962/898 2112/963/899 2109/959/895
f 926/948/884 2102/954/890 2101/945/881
f 251/964/900 22/965/901 2111/962/898
f 499/966/902 125/967/903 940/968/904
f 2110/961/897 940/968/904 2644/969/905
f 2106/956/892 2643/970/906 2640/971/907
f 2103/957/893 2639/972/908 2637/973/909
f 715/974/910 2114/975/911 716/976/912
f 2115/977/913 2117/978/914 2114/975/911
f 2118/979/915 2119/980/916 2115/977/913
f 2117/978/914 2120/981/917 539/982/918
f 2119/980/916 2121/983/919 2117/978/914
f 2118/979/915 2122/984/920 2119/980/916
f 713/985/921 2113/986/922 714/987/923
f 49/988/924 492/989/925 713/985/921
f 490/990/926 489/991/927 2118/979/915
f 488/992/928 694/993/929 2125/994/930
f 2125/994/930 695/995/931 2124/996/932
f 2124/996/932 696/997/933 2123/998/934
f 2123/998/934 8/999/935 537/1000/936
f 717/1001/937 540/1002/938 51/1003/939
f 2126/1004/940 2130/1005/941 515/1006/942
f 2128/1007/943 2129/1008/944 2132/1009/945
f 515/1006/942 2130/1005/941 516/1010/946
f 2129/1008/944 2134/1011/947 2133/1012/948
f 2131/1013/949 2136/1014/950 2135/1015/951
f 2132/1009/945 2133/1012/948 2136/1014/950
f 2135/1015/951 2138/1016/952 2137/1017/953
f 2136/1014/950 2139/1018/954 2138/1016/952
f 54/1019/955 2126/1004/940 514/709/665
f 665/1020/956 2127/1021/957 2126/1004/940
f 663/1022/958 662/1023/959 2128/1007/943
f 537/1000/936 8/999/935 641/1024/960
f 2142/1025/961 641/1024/960 642/1026/962
f 2141/1027/963 642/1026/962 643/1028/964
f 2140/1029/965 643/1028/964 1/712/668
f 1314/1030/966 2143/1031/967 1313/1032/968
f 1403/1033/969 2144/1034/970 2143/1031/967
f 193/1035/971 349/1036/972 2144/1034/970
f 2145/1037/973 1080/1038/974 1158/1039/975
f 1013/1040/976 2146/1041/977 1014/1042/978
f 1012/1043/979 2147/1044/980 1013/1040/976
f 2147/1045/980 2150/1046/981 2146/1047/977
f 2149/1048/982 73/1049/983 442/1050/984
f 2146/1047/977 100/1051/985 740/1052/986
f 2153/1053/987 674/822/763 673/821/762
f 2155/1054/988 673/821/762 725/839/778
f 2153/1053/987 673/821/762 2155/1054/988
f 2152/1055/989 2153/1053/987 2154/1056/990
f 978/1057/991 2154/1056/990 1881/537/510
f 2154/1056/990 471/543/516 1881/537/510
f 724/835/776 67/1058/992 472/542/515
f 2451/1059/993 2452/1060/994 2158/1061/995
f 2452/1060/994 799/1062/996 2159/1063/997
f 2161/1064/998 2165/1065/999 2164/1066/1000
f 59/1067/1001 513/1068/1002 1825/354/341
f 511/1069/1003 510/1070/1004 2161/1064/998
f 510/1070/1004 611/1071/1005 2166/1072/1006
f 2166/1072/1006 612/1073/1007 2171/1074/1008
f 2171/1074/1008 613/1075/1009 2175/1076/1010
f 2175/1076/1010 613/1075/1009 544/1077/1011
f 2174/1078/1012 545/1079/1013 546/1080/1014
f 2173/1081/1015 547/1082/1016 548/1083/1017
f 398/350/337 2172/1084/1018 58/1085/1019
f 397/353/340 2167/1086/1020 398/350/337
f 396/355/342 2162/1087/1021 397/353/340
f 765/1088/1022 2176/1089/1023 766/1090/1024
f 2176/1089/1023 2426/1091/1025 107/457/436
f 2182/1092/1026 2186/1093/1027 2185/1094/1028
f 2182/1092/1026 2183/1095/1029 2186/1093/1027
f 2188/1096/1030 578/1097/1031 392/331/318
f 2188/1096/1030 579/1098/1032 578/1097/1031
f 2186/1093/1027 2187/1099/1033 580/1100/1034
f 578/1097/1031 78/507/483 1814/1101/1035
f 2196/1102/1036 2199/1103/1037 2195/1104/1038
f 2210/1105/1039 726/824/765 2023/823/764
f 93/1106/1040 732/1107/1041 2213/1108/1042
f 2201/1109/1043 2204/1110/1044 2203/1111/1045
f 682/1112/1046 93/1106/1040 2213/1108/1042
f 2212/1113/1047 2213/1108/1042 2190/1114/1048
f 2211/1115/1049 2212/1113/1047 2189/1116/1050
f 2210/1105/1039 2211/1115/1049 726/824/765
f 2024/819/761 2207/1117/1051 2023/823/764
f 2025/1118/1052 2203/1111/1045 2024/819/761
f 2214/1119/1053 2218/1120/1054 466/1121/1055
f 2218/1120/1054 2222/1122/1056 2217/1123/1057
f 2219/1124/1058 2222/1122/1056 2218/1120/1054
f 265/474/453 468/1125/1059 452/470/449
f 2223/1126/1060 592/1127/1061 2407/1128/1062
f 748/233/226 804/1129/1063 337/449/428
f 2223/1126/1060 2227/1130/1064 592/1127/1061
f 2227/1130/1064 445/1131/1065 804/1129/1063
f 620/1132/1066 2231/1133/1067 800/1134/1068
f 804/1129/1063 445/1131/1065 444/1135/1069
f 804/1129/1063 444/1135/1069 337/449/428
f 2244/1136/1070 2247/1137/1071 2243/1138/1072
f 2227/1130/1064 2232/1139/1073 445/1131/1065
f 2228/1140/1074 2233/1141/1075 2227/1130/1064
f 2230/1142/1076 2234/1143/1077 2229/1144/1078
f 89/1145/1079 2235/1146/1080 2231/1133/1067
f 89/1145/1079 2240/1147/1081 2235/1146/1080
f 621/1148/1082 2245/1149/1083 2240/1147/1081
f 622/1150/1084 566/1151/1085 2245/1149/1083
f 566/1151/1085 565/1152/1086 2247/1137/1071
f 563/1153/1087 324/225/218 1734/224/217
f 2241/1154/1088 332/214/207 331/213/206
f 2236/1155/1089 331/213/206 330/215/208
f 2232/1139/1073 330/215/208 40/217/210
f 2250/1156/1090 2255/1157/1091 2254/1158/1092
f 2259/1159/1093 2260/1160/1094 2262/1161/1095
f 1706/1162/1096 2257/1163/1097 1705/1164/1098
f 1708/1165/1099 2252/1166/1100 1707/1167/1101
f 2263/1168/1102 368/1169/1103 367/1170/1104
f 368/1169/1103 2270/1171/1105 369/1172/1106
f 2267/1173/1107 2268/1174/1108 2271/1175/1109
f 2270/1171/1105 2272/1176/1110 370/1177/1111
f 2271/1175/1109 2273/1178/1112 2272/1176/1110
f 2634/1179/1113 367/1170/1104 959/273/264
f 2263/1168/1102 367/1170/1104 2634/1179/1113
f 2630/1180/1114 2264/1181/1115 2263/1168/1102
f 370/1182/1111 2274/1183/1116 371/1184/1117
f 1007/1185/1118 463/1186/1119 1008/1187/1120
f 2278/1188/1121 463/1186/1119 1007/1185/1118
f 2278/1188/1121 2279/1189/1122 574/1190/1123
f 463/1186/1119 34/1191/174 2797/1192/1124
f 2757/1193/1125 2279/1189/1122 2278/1188/1121
f 135/1194/1126 3840/1195/1127 2279/1189/1122
f 2279/1189/1122 3840/1195/1127 575/1196/1128
f 2797/1192/1124 34/1191/174 2796/506/482
f 937/1197/1129 2280/1198/1130 308/1199/1131
f 127/1200/1132 2281/1201/1133 937/1197/1129
f 2280/1198/1130 309/1202/1134 308/1199/1131
f 310/1203/1135 2282/1204/1136 311/1205/1137
f 632/1206/1138 84/1207/1139 2285/1208/1140
f 2284/1209/1141 495/1210/1142 496/1211/1143
f 312/1212/1144 496/1211/1143 68/1213/1145
f 873/1214/1146 2287/1215/1147 2286/1216/1148
f 872/1217/1149 2288/1218/1150 873/1214/1146
f 2288/1218/1150 2291/1219/1151 2287/1215/1147
f 2292/1220/1152 487/1221/1153 2291/1219/1151
f 873/1214/1146 2286/1216/1148 2508/1222/1154
f 633/1223/1155 2290/1224/1156 870/1225/1157
f 634/1226/1158 2294/1227/1159 2290/1224/1156
f 82/1228/1160 484/10/10 2294/1227/1159
f 2286/1216/1148 288/1229/1161 115/1230/1162
f 2298/1231/1163 2300/1232/1164 2297/1233/1165
f 2304/1234/1166 2308/1235/1167 2303/1236/1168
f 2301/1237/1169 1726/193/189 1727/192/188
f 2295/1238/1170 1728/195/191 1729/194/190
f 429/1239/1171 2311/1240/1172 30/1241/1173
f 868/1242/1174 428/1243/1175 869/1244/1176
f 638/1245/1177 639/1246/1178 556/1247/1179
f 2311/1248/1172 556/1249/1179 555/1250/1180
f 2314/1251/1181 2316/1252/1182 468/1125/1059
f 2317/1253/1183 466/1121/1055 2315/1254/1184
f 2752/1255/1185 1006/1256/1186 2312/1257/1187
f 640/1258/1188 2317/1253/1183 2313/1259/1189
f 129/1260/1190 2314/1251/1181 265/474/453
f 1003/1261/1191 2319/1262/1192 2322/1263/1193
f 2319/1264/1192 678/1265/1194 677/1266/1195
f 2320/1267/1196 96/1268/1197 678/1265/1194
f 2322/1269/1193 677/1266/1195 676/1270/1198
f 2322/1269/1193 675/1271/1199 2321/1272/1200
f 2326/1273/1201 2324/1274/1202 1594/1275/1203
f 679/1276/1204 2332/1277/1205 438/1278/1206
f 2330/1279/1207 2331/1280/1208 2332/1277/1205
f 2333/1281/1209 2330/1282/1207 554/1283/1210
f 2332/1284/1205 2323/1285/1211 2329/1286/1212
f 2323/1285/1211 2332/1284/1205 2331/1287/1208
f 1528/631/594 1594/1275/1203 218/1288/1213
f 2325/1289/1214 1595/1290/1215 3903/1291/1216
f 2328/1292/1217 2327/1293/1218 439/1294/1219
f 2326/1273/1201 1528/631/594 71/630/593
f 553/1295/1220 2333/1281/1209 554/1283/1210
f 2330/1279/1207 679/1276/1204 72/1296/1221
f 1596/1297/1222 2323/1285/1211 2334/1298/1223
f 1596/1297/1222 1595/1290/1215 2323/1285/1211
f 2341/1299/1224 2342/1300/1225 2344/1301/1226
f 2343/1302/1227 2345/1303/1228 250/1304/1229
f 2344/1301/1226 2346/1305/1230 2345/1303/1228
f 2342/1300/1225 2347/1306/1231 2346/1305/1230
f 244/1307/1232 243/1308/1233 2341/1299/1224
f 690/1309/1234 691/1310/1235 2347/1306/1231
f 6/947/883 2340/1311/1236 249/952/888
f 760/1312/1237 2351/1313/1238 2354/1314/1239
f 2352/1315/1240 2353/1316/1241 2355/1317/1242
f 2355/1317/1242 243/1308/1233 244/1307/1232
f 2355/1317/1242 2356/1318/1243 243/1308/1233
f 759/1319/1244 2352/1315/1240 2351/1313/1238
f 2394/1320/1245 2397/1321/1246 2352/1315/1240
f 785/1322/1247 693/1323/1248 2353/1316/1241
f 2356/1318/1243 94/1324/1249 243/1308/1233
f 231/946/882 245/1325/1250 6/947/883
f 1481/1326/1251 2359/1327/1252 2358/1328/1253
f 384/245/236 2359/1327/1252 1481/1326/1251
f 385/1329/1254 1214/1330/1255 2359/1327/1252
f 1742/244/235 384/245/236 1481/1326/1251
f 2362/1331/1256 2361/1332/1257 554/1283/1210
f 731/1333/1258 2363/1334/1259 2362/1335/1256
f 2365/1336/1260 729/1337/1261 728/1338/1262
f 2366/1339/1263 2365/1336/1260 1599/1340/1264
f 1597/1341/1265 2360/1342/1266 1598/1343/1267
f 443/1344/1268 554/1345/1210 72/1296/1221
f 101/1346/1269 2362/1335/1256 443/1344/1268
f 470/1347/1270 728/1348/1262 266/1349/1271
f 469/1350/1272 2365/1336/1260 470/1351/1270
f 1599/1340/1264 469/1350/1272 1495/1352/1273
f 1598/1343/1267 2367/1353/1274 3916/1354/1275
f 2370/1355/1276 2374/1356/1277 2369/1357/1278
f 2371/1358/1279 2375/1359/1280 1162/1360/1281
f 3366/1361/1282 2369/1362/1278 1402/1363/1283
f 1032/1364/1284 2372/1365/1285 172/1366/1286
f 3346/1367/1287 1337/1368/1288 2376/1369/1289
f 2596/1370/1290 2377/1371/1291 2376/1372/1289
f 1336/1373/1292 178/1374/1293 2378/1375/1294
f 12/858/795 13/857/794 1982/727/683
f 205/1376/1295 2381/1377/1296 3557/1378/1297
f 2382/1379/1298 151/1380/1299 896/1381/1300
f 645/55/55 2386/1382/1301 2390/61/61
f 646/56/56 2390/61/61 2389/1383/1302
f 2386/1382/1301 2387/1384/1303 2390/61/61
f 645/55/55 644/1385/1304 2386/1382/1301
f 644/1385/1304 787/1386/1305 2387/1384/1303
f 2387/1384/1303 788/75/75 814/59/59
f 2389/1383/1302 815/66/66 816/62/62
f 1658/71/71 820/70/70 2392/1387/1306
f 782/32/32 702/74/74 781/26/26
f 784/23/23 2391/1388/1307 783/21/21
f 747/1389/1308 2392/1387/1306 2393/1390/1309
f 821/76/76 1658/71/71 747/1389/1308
f 757/1391/1310 2392/1387/1306 784/23/23
f 2392/1387/1306 757/1391/1310 758/1392/1311
f 2395/1393/1312 2396/1394/1313 1656/60/60
f 2396/1394/1313 2397/1321/1246 815/66/66
f 14/65/65 1657/63/63 760/1312/1237
f 1657/63/63 759/1319/1244 760/1312/1237
f 2395/1393/1312 747/1389/1308 2393/1390/1309
f 785/1322/1247 2396/1394/1313 3238/1395/1314
f 14/65/65 760/1312/1237 102/1396/1315
f 2398/1397/1316 2402/1398/1317 2407/1128/1062
f 1740/232/225 2398/1397/1316 748/233/226
f 2448/1399/1318 2156/1400/1319 765/1088/1022
f 2453/1401/1320 107/457/436 793/456/435
f 925/933/869 2410/940/876 933/937/873
f 2409/1402/1321 2617/1403/1322 126/935/871
f 2085/1404/1323 2411/913/849 1537/1405/1324
f 2084/911/847 422/1406/1325 2412/1407/1326
f 2411/913/849 1535/883/820 1536/1408/1327
f 2463/1409/1328 2068/863/800 934/862/799
f 120/795/744 530/801/748 867/1410/1329
f 530/801/748 865/1411/737 866/1412/1330
f 527/1413/1331 2413/1414/1332 526/1415/1333
f 106/1416/1334 2419/1417/693 2417/1418/1335
f 753/864/801 2422/1419/1336 55/335/322
f 2421/1420/1337 2423/1421/1338 753/864/801
f 2425/1422/1339 2426/1091/1025 56/338/325
f 1430/1423/1340 2429/1424/1341 1429/1425/1342
f 2428/1426/1343 433/1427/1344 2432/1428/1345
f 2429/1424/1341 2431/1429/1346 2430/1430/1347
f 433/1427/1344 434/1431/1348 2432/1428/1345
f 2432/1428/1345 434/1431/1348 1236/1432/1349
f 1431/1433/1350 1480/1434/1351 3550/1435/1352
f 2431/1429/1346 1236/1432/1349 1235/1436/1353
f 2434/1437/1354 2437/1438/1355 2433/1439/1356
f 2436/1440/1357 1324/1441/1358 1325/1442/1359
f 2437/1438/1355 1324/1443/1358 2436/1444/1357
f 2437/1438/1355 2438/1445/1360 1324/1443/1358
f 2439/1446/1361 1323/1447/1362 2438/1448/1360
f 1399/1449/1363 2433/1439/1356 3341/1450/1364
f 194/1451/1365 2434/1437/1354 1399/1449/1363
f 2438/1448/1360 1323/1447/1362 3125/1452/1366
f 2436/1440/1357 1325/1442/1359 3120/1453/1367
f 780/1454/426 2440/229/222 2476/1455/1368
f 2441/1456/1369 2442/1457/1370 9/1458/1371
f 698/1459/1372 2445/69/69 699/45/45
f 2445/69/69 821/76/76 2442/1457/1370
f 2443/1460/1373 820/70/70 2445/69/69
f 2442/1457/1370 788/75/75 787/1386/1305
f 2224/1461/1374 2225/1462/1375 803/1463/1376
f 114/1464/1377 800/1134/1068 2226/1465/1378
f 800/1134/1068 801/1466/1379 593/1467/1380
f 549/1468/1381 548/1083/1017 2446/1469/1382
f 2446/1469/1382 2447/1470/1383 2453/1401/1320
f 58/1085/1019 549/1468/1381 792/342/329
f 544/1077/1011 798/1471/1384 2452/1060/994
f 792/342/329 2446/1469/1382 793/456/435
f 2455/1472/1385 2456/930/866 2454/1473/1386
f 922/1474/1387 2457/1475/1388 2455/1472/1385
f 2457/1475/1388 2456/930/866 2455/1472/1385
f 923/923/859 2454/1473/1386 2664/925/861
f 922/1474/1387 2455/1472/1385 923/923/859
f 3/1476/1389 786/1477/1390 922/1474/1387
f 2456/930/866 128/934/870 2615/1478/1391
f 2456/930/866 2615/1478/1391 2613/1479/1392
f 2454/1473/1386 2611/1480/1393 2612/1481/1394
f 2458/1482/1395 2461/1483/1396 2460/907/843
f 1533/1484/838 449/1485/1397 2459/1486/1398
f 2459/1486/1398 449/1485/1397 2462/909/845
f 948/675/634 543/903/839 936/1487/1399
f 543/903/839 935/1488/1400 936/1487/1399
f 543/903/839 2463/1409/1328 935/1488/1400
f 2082/905/841 2463/1409/1328 543/903/839
f 57/343/330 2464/889/826 2082/905/841
f 57/343/330 75/345/332 2464/889/826
f 532/1489/757 2466/1490/1401 2465/1491/1402
f 532/1489/757 350/1492/1403 2466/1490/1401
f 847/1493/1404 2487/1494/1405 523/728/684
f 1990/738/692 525/1495/1406 1987/743/697
f 74/1496/1407 353/1497/1408 1988/1498/691
f 791/1499/1409 1538/734/690 353/1497/1408
f 353/1500/1408 1538/1501/690 1990/738/692
f 1983/731/687 222/1502/1410 1574/741/695
f 2470/1503/1411 2472/1504/1412 1378/1505/1413
f 2470/1503/1411 2471/1506/1414 2472/1504/1412
f 2471/1506/1414 649/182/178 2472/1504/1412
f 2472/1504/1412 2473/1507/1415 1092/1508/1416
f 2472/1504/1412 649/182/178 2473/1507/1415
f 2472/1504/1412 1092/1508/1416 1091/1509/1417
f 3332/1510/1418 2470/1511/1411 1378/1512/1413
f 3333/1513/1419 2471/1514/1414 2470/1511/1411
f 1333/1515/1420 648/1516/176 2471/1514/1414
f 2473/1507/1415 142/188/184 1093/1517/1421
f 3185/1518/1422 1091/1509/1417 1090/1519/1423
f 1378/1505/1413 2472/1504/1412 3185/1518/1422
f 794/1520/1424 2474/448/427 2475/221/214
f 2474/1521/427 2476/1455/1368 2475/1522/214
f 2475/1522/214 2476/1455/1368 329/222/215
f 329/222/215 444/1135/1069 40/217/210
f 329/222/215 2477/450/429 444/1135/1069
f 2477/450/429 337/449/428 444/1135/1069
f 2478/1523/1425 2423/1524/1338 2421/1525/1337
f 812/1526/1426 813/341/328 2423/1524/1338
f 2479/382/366 2480/1527/1427 1335/1528/1428
f 2480/1527/1427 2481/1529/1429 1335/1528/1428
f 2480/1530/1427 1211/1531/1430 2481/1532/1429
f 2482/1533/1431 1212/1534/1432 2480/1530/1427
f 1334/1535/1433 2481/1532/1429 157/1536/1434
f 2544/1537/1435 524/1538/1436 2483/1539/1437
f 2483/1539/1437 795/446/425 794/1520/1424
f 2541/1540/1438 104/1541/1439 2483/1539/1437
f 852/1542/1440 2488/1543/1441 851/1544/1442
f 853/1545/1443 774/1546/1444 852/1542/1440
f 775/1547/1445 776/1548/1446 850/1549/1447
f 850/1549/1447 103/24/24 17/73/73
f 2490/1550/1448 2491/1551/1449 2489/1552/1450
f 2492/1553/1451 2493/1554/1452 2494/1555/1453
f 2493/1554/1452 2496/1556/1454 2494/1555/1453
f 841/400/383 868/1242/1174 869/1244/1176
f 2494/1555/1453 2495/1557/1455 868/1242/1174
f 862/1558/1456 863/1559/1457 2496/1556/1454
f 2492/1553/1451 841/400/383 1834/399/382
f 2501/1560/1458 2503/1561/1459 824/1562/1460
f 2502/1563/1461 2504/1564/1462 2501/1560/1458
f 2503/1561/1459 826/134/132 825/124/122
f 2505/1565/1463 2507/1566/1464 2504/1564/1462
f 826/1567/132 2508/1222/1154 827/1568/1465
f 2509/1569/1466 873/1214/1146 2508/1222/1154
f 827/1568/1465 2508/1222/1154 2286/1216/1148
f 827/1568/1465 2286/1216/1148 115/1230/1162
f 2497/1570/1467 824/1562/1460 823/133/131
f 878/1571/1468 2519/1572/1469 2517/1573/1470
f 2519/1572/1469 121/1574/1471 855/1575/1472
f 111/1576/1473 806/1577/1474 17/73/73
f 806/1577/1474 2520/1578/1475 851/1544/1442
f 2486/1579/1476 2468/1580/1477 2520/1578/1475
f 2468/1580/1477 2012/794/743 2520/1578/1475
f 2520/1578/1475 120/795/744 853/1545/1443
f 2520/1578/1475 853/1545/1443 852/1542/1440
f 17/73/73 851/1544/1442 850/1549/1447
f 774/1546/1444 2521/1581/1478 775/1547/1445
f 2521/1581/1478 2522/1582/1479 775/1547/1445
f 880/785/734 2523/1583/1480 2521/1581/1478
f 2523/1583/1480 2524/1584/1481 2522/1582/1479
f 2524/1584/1481 11/33/33 2522/1582/1479
f 879/783/732 880/785/734 774/1546/1444
f 880/785/734 881/787/736 2523/1583/1480
f 2525/1585/1482 119/1586/1483 849/1587/1484
f 2522/1582/1479 11/33/33 242/28/28
f 776/1548/1446 242/28/28 103/24/24
f 2526/1588/1485 2529/1589/1486 255/88/88
f 2532/1590/1487 883/1591/1488 2535/1592/1489
f 2533/1593/1490 2534/1594/1491 2536/1595/1492
f 849/1587/1484 882/761/712 2527/1596/1493
f 2538/1597/1494 844/1598/1495 843/1599/1496
f 255/88/88 2529/1589/1486 256/89/89
f 2541/1540/1438 450/1600/1497 333/235/228
f 2487/1494/1405 2539/1601/1498 2541/1540/1438
f 2541/1540/1438 333/235/228 104/1541/1439
f 2542/220/213 477/1602/1499 2543/1603/1500
f 477/1602/1499 523/728/684 2544/1537/1435
f 2544/1537/1435 523/728/684 524/1538/1436
f 2547/1604/1501 2548/1605/1502 379/1606/1503
f 2547/1604/1501 2551/1607/1504 2548/1605/1502
f 2554/607/574 2555/1608/1505 2553/1609/1506
f 2552/1610/1507 2556/1611/1508 490/990/926
f 2555/1608/1505 2557/1612/1509 2552/1610/1507
f 2558/606/573 2560/1613/1510 2557/1612/1509
f 379/1606/1503 2546/1614/1511 380/1615/1512
f 117/588/557 2547/1604/1501 377/1616/1513
f 885/593/562 2558/606/573 2555/1608/1505
f 886/604/571 493/1617/1514 2560/1613/1510
f 2560/1613/1510 494/1618/1515 2559/1619/1516
f 2559/1619/1516 494/1618/1515 488/992/928
f 1524/1620/1517 383/1621/1518 2562/1622/1519
f 2561/1623/1520 2562/1622/1519 2563/1624/1521
f 2565/1625/1522 2566/1626/1523 2564/1627/1524
f 383/1628/1518 382/1629/1525 2565/1630/1522
f 382/1629/1525 2568/582/549 2565/1630/1522
f 2567/579/550 1906/574/545 223/1631/1526
f 2569/558/530 2570/560/532 2571/1632/1527
f 318/200/196 2571/1632/1527 320/203/198
f 2571/1632/1527 2572/562/534 477/1602/1499
f 2573/1633/1528 1001/1634/1529 2575/1635/1530
f 998/1636/1531 2578/547/520 2577/1637/1532
f 2575/1638/1530 2576/1639/1533 828/1640/1534
f 2578/547/520 892/549/522 831/1641/1535
f 2738/1642/1536 1001/1634/1529 2573/1633/1528
f 2577/1637/1532 831/1641/1535 830/1643/1537
f 2577/1637/1532 830/1643/1537 829/1644/1538
f 2579/1645/1539 263/115/114 963/1646/1540
f 2727/544/517 263/115/114 2579/1645/1539
f 2581/1647/1541 839/1648/1542 263/115/114
f 2584/1649/1543 2585/1650/1544 1556/1651/1545
f 1557/1652/1546 2586/1653/1547 1540/529/503
f 2586/1654/1547 2587/531/504 1539/523/498
f 469/1350/1272 2582/1655/1548 1554/1656/1549
f 470/1351/1270 2582/1655/1548 469/1350/1272
f 317/1657/1550 2583/1658/1551 2582/1659/1548
f 317/1657/1550 2585/1660/1544 2583/1658/1551
f 2585/1660/1544 316/1661/1552 2586/1654/1547
f 2586/1654/1547 316/1661/1552 2587/531/504
f 1555/1662/1553 2584/1649/1543 3643/1663/1554
f 839/1648/1542 2588/1664/1555 264/109/109
f 264/109/109 2588/1664/1555 30/1241/1173
f 840/393/377 2588/1664/1555 839/1648/1542
f 893/1665/376 869/1244/1176 428/1243/1175
f 2591/1666/1556 2593/1667/1557 2590/1668/1558
f 2592/1669/1559 2593/1667/1557 2591/1666/1556
f 2595/1670/1560 1180/1671/1561 2593/1667/1557
f 3546/1672/1562 2592/1669/1559 3545/1673/1563
f 1436/441/420 2594/437/416 3546/1672/1562
f 2597/1674/1564 2599/1675/1565 2596/1370/1290
f 2598/1676/1566 2599/1675/1565 2597/1674/1564
f 2598/1676/1566 2600/1677/1567 2599/1675/1565
f 779/1678/1568 2600/1677/1567 2598/1676/1566
f 2599/1675/1565 1336/1373/1292 2377/1371/1291
f 779/1678/1568 152/1679/1569 2600/1677/1567
f 3322/1680/1570 1337/1368/1288 3346/1367/1287
f 3323/1681/1571 2596/1682/1290 3322/1680/1570
f 3324/1683/1572 2597/1684/1564 3323/1681/1571
f 1340/1685/1573 2598/1686/1566 3324/1683/1572
f 778/1687/1574 779/1678/1568 2598/1676/1566
f 152/1679/1569 1154/1688/1575 2600/1677/1567
f 2600/1677/1567 1154/1688/1575 1336/1373/1292
f 2601/1689/1576 2603/135/133 2602/1690/1577
f 2602/1690/1577 2605/1691/1578 2604/1692/1579
f 2604/1693/1579 2607/1694/1580 278/319/306
f 2605/1695/1578 2608/1696/1581 2607/1694/1580
f 2606/1697/134 115/1230/1162 2608/1696/1581
f 706/315/302 897/116/115 283/316/303
f 898/118/117 899/120/119 2601/1689/1576
f 2608/1696/1581 115/1230/1162 288/1229/1161
f 281/1698/1582 2602/1690/1577 280/305/292
f 2609/1699/1583 796/1700/1584 63/1701/1585
f 551/1702/1586 2616/1703/1587 2651/1704/1588
f 909/179/175 2620/1705/1589 2619/174/170
f 575/1706/1128 2621/1707/1590 2618/1708/1591
f 574/1190/1123 909/1709/175 34/1191/174
f 575/1196/1128 2618/1710/1591 574/1190/1123
f 931/1711/1592 127/1200/1132 2621/1707/1590
f 2621/1707/1590 937/1197/1129 2620/1712/1589
f 2619/174/170 938/1713/1593 2712/175/171
f 582/1714/1594 2622/1715/1595 2625/1716/1596
f 2625/1716/1596 2626/1717/1597 2629/1718/1598
f 2626/1717/1597 2631/1719/1599 2630/1180/1114
f 2629/1718/1598 2630/1180/1114 2634/1179/1113
f 585/1720/1600 86/1721/1601 2624/1722/1602
f 2624/1722/1602 928/1723/1603 2628/1724/1604
f 2628/1724/1604 929/1725/1605 2633/1726/1606
f 2634/1179/1113 2630/1180/1114 2263/1168/1102
f 912/1727/1607 2634/1179/1113 959/273/264
f 2636/1728/1608 2637/973/909 2635/1729/1609
f 2640/971/907 2642/1730/1610 2638/1731/1611
f 2643/970/906 2644/969/905 2642/1730/1610
f 2636/1728/1608 2635/1729/1609 552/1732/1612
f 939/1733/1613 2637/973/909 2636/1728/1608
f 918/1734/1614 1338/1735/1615 457/1736/1616
f 2641/1737/1617 457/1736/1616 456/1738/1618
f 2638/1739/1611 456/1738/1618 455/1740/1619
f 2647/951/887 2649/1741/1620 2646/1742/1621
f 768/1743/1622 420/1744/1623 105/1745/1624
f 2614/1746/1625 2651/1704/1588 796/1747/1584
f 2615/1478/1391 2652/1748/1626 2614/1746/1625
f 2653/936/872 126/935/871 2652/1748/1626
f 128/934/870 2653/936/872 2615/1478/1391
f 126/935/871 551/1702/1586 2652/1748/1626
f 2652/1748/1626 551/1702/1586 2651/1704/1588
f 2654/1749/1627 2657/927/863 2656/1750/1628
f 2657/927/863 2659/1751/1629 2658/1752/1630
f 2658/1752/1630 2660/1753/1631 413/1754/1632
f 520/1755/1633 2654/1749/1627 411/1756/1634
f 414/1757/1635 550/1758/1636 63/1701/1585
f 413/1759/1632 2662/1760/1637 414/1757/1635
f 411/1761/1634 2656/1762/1628 412/1763/1638
f 948/675/634 13/857/794 502/856/793
f 2666/1764/1639 2668/1765/1640 399/1766/1641
f 2671/1767/1642 2673/717/673 2672/1768/1643
f 2675/1769/1644 921/715/671 519/1770/1645
f 2675/1769/1644 519/1770/1645 520/1755/1633
f 401/1771/1646 2672/1772/1643 402/1773/1647
f 2678/1774/1648 2679/1775/1649 2680/1776/1650
f 2681/1777/1651 2683/1778/1652 1543/686/645
f 2682/1779/1653 123/1780/1654 2683/1778/1652
f 505/832/773 53/831/772 2677/1781/1655
f 2683/1778/1652 1541/1782/648 1542/687/646
f 947/673/632 2052/855/792 503/324/311
f 947/673/632 2684/672/631 2052/855/792
f 2684/672/631 502/856/793 2052/855/792
f 910/277/268 947/673/632 363/1783/1656
f 2686/1784/1657 2688/1785/1658 2685/1786/1659
f 950/1787/1660 2687/1788/1661 996/1789/1662
f 2687/1790/1661 2689/1791/1663 2686/1784/1657
f 949/649/611 995/1792/1664 994/1793/1665
f 949/649/611 950/1794/1660 995/1792/1664
f 951/658/619 952/670/629 2687/1788/1661
f 2688/1785/1658 35/1795/1666 3191/1796/1667
f 2691/1797/1668 1551/1798/1669 1550/1799/1670
f 2692/1800/1671 1545/1801/580 2691/1802/1668
f 435/1803/1672 2692/1800/1671 2690/647/609
f 3523/1804/1673 1544/626/590 2692/1800/1671
f 1545/613/580 1580/615/582 1551/1798/1669
f 978/1057/991 2693/1805/1674 2695/1806/1675
f 2694/1807/1676 957/610/577 908/612/579
f 2696/158/156 2697/1808/1677 1342/1809/1678
f 3317/1810/1679 1342/1809/1678 195/1811/1680
f 3318/1812/1681 2696/158/156 3317/1810/1679
f 910/277/268 2700/1813/1682 2699/677/636
f 2701/276/267 2704/1814/1683 2700/1813/1682
f 2705/1815/1684 2708/1816/1685 2703/1817/1686
f 369/1172/1106 370/1177/1111 2708/1816/1685
f 2711/1818/1687 959/273/264 367/1170/1104
f 907/1819/1688 2712/175/171 2715/1820/1689
f 2712/175/171 308/1821/1131 2715/1820/1689
f 2713/1822/1690 68/1213/1145 306/1823/1691
f 69/1824/1692 905/1825/1693 306/1826/1691
f 2716/1827/1694 2719/1828/1695 1437/1829/1696
f 2717/1830/1697 2719/1828/1695 2716/1827/1694
f 2718/1831/1698 2720/1832/1699 2717/1830/1697
f 894/1833/1700 2716/1827/1694 1437/1829/1696
f 3538/1834/1701 2717/1830/1697 2716/1827/1694
f 3539/1835/1702 2718/1831/1698 2717/1830/1697
f 1439/1836/1703 895/1837/1704 2718/1831/1698
f 895/1837/1704 896/1381/1300 2718/1831/1698
f 2665/1838/1705 1023/1839/1706 978/1057/991
f 992/1840/1707 2726/1841/1708 2723/1842/1709
f 994/1793/1665 995/1792/1664 2725/1843/1710
f 2724/1844/1711 130/1845/1712 966/1846/1713
f 2724/1844/1711 966/1846/1713 965/1847/1714
f 2721/1848/1715 965/1847/1714 1338/1735/1615
f 2580/539/512 2727/544/517 2539/1601/1498
f 2727/544/517 2579/1645/1539 2540/1849/1716
f 2729/1850/1717 2730/1851/1718 2733/1852/1719
f 2732/1853/1720 2737/1854/1721 2736/1855/1722
f 2733/1852/1719 2734/1856/1723 2738/1642/1536
f 2737/1854/1721 989/1857/1724 997/1858/1725
f 24/91/91 2728/1859/1726 474/1860/1727
f 842/1861/1728 843/1599/1496 2729/1850/1717
f 2739/1862/1729 997/1858/1725 998/1863/1531
f 2739/1862/1729 998/1863/1531 999/1864/1730
f 1441/1865/1731 1443/1866/1732 2336/1867/1733
f 1443/1866/1732 1440/1868/1734 2336/1867/1733
f 3534/1869/1735 1441/1865/1731 207/1870/1736
f 1443/1866/1732 1442/1871/1737 1440/1868/1734
f 651/1872/1738 1881/537/510 847/1493/1404
f 2741/1873/1739 2746/1874/1740 2745/1875/1741
f 984/1876/1742 136/1877/1743 1002/1878/1744
f 2747/1879/1745 1002/1878/1744 2318/1880/1746
f 2745/1875/1741 2746/1874/1740 1003/1261/1191
f 2748/1881/1747 2750/1882/1748 964/113/112
f 2748/1881/1747 2749/1883/1749 2750/1882/1748
f 2753/1884/1750 2751/1885/1751 2749/1883/1749
f 2749/1883/1749 2751/1885/1751 2752/1255/1185
f 2750/1882/1748 2752/1255/1185 129/1260/1190
f 30/1241/1173 2748/1886/1747 1681/110/110
f 30/1887/1173 555/1250/1180 2748/1881/1747
f 981/1888/1752 2753/1884/1750 556/1249/1179
f 981/1888/1752 982/1889/1753 2753/1884/1750
f 2753/1884/1750 1006/1256/1186 2751/1885/1751
f 2755/1890/1754 2754/1891/1755 578/1097/1031
f 580/1100/1034 581/1892/1756 2758/1893/1757
f 2755/1890/1754 2757/1193/1125 1007/1185/1118
f 581/1892/1756 85/1894/1758 2756/1895/1759
f 1007/1185/1118 1008/1187/1120 2754/1891/1755
f 1008/1187/1120 463/1186/1119 975/508/484
f 578/1097/1031 974/1896/1760 78/507/483
f 2761/1897/1761 2763/1898/1762 2760/94/94
f 2764/1899/1763 2769/1900/1764 2763/1898/1762
f 2765/1901/1765 133/1902/1766 1009/1903/1767
f 1010/1904/1768 1011/1905/1769 2769/1900/1764
f 1441/1865/1731 208/1906/1770 1443/1866/1732
f 3534/1869/1735 208/1906/1770 1441/1865/1731
f 2770/1907/1771 991/1908/1772 990/1909/1773
f 2771/1910/1774 2773/1911/1775 2770/1907/1771
f 2773/1911/1775 2776/1912/1776 991/1908/1772
f 2775/1913/1777 2779/662/623 2774/1914/1778
f 2777/1915/1779 1018/1916/1780 2776/1912/1776
f 980/1917/1781 1017/661/622 2775/1913/1777
f 211/877/814 2780/1918/1782 1549/1919/1783
f 2780/1918/1782 2781/1920/1784 2782/1921/1785
f 497/876/813 498/1922/1786 2780/1918/1782
f 498/1923/1786 305/1924/1787 2781/1925/1784
f 2781/1925/1784 304/1926/1788 2783/635/598
f 2783/635/598 131/642/604 2784/641/603
f 2782/1921/1785 2783/1927/598 1546/638/601
f 3614/1928/1789 1549/1919/1783 1546/638/601
f 2053/860/797 2785/608/575 1023/1839/1706
f 935/1488/1400 2053/860/797 1023/1839/1706
f 987/1929/1790 2786/1930/1791 988/1931/1792
f 476/779/728 461/1932/1793 2787/1933/1794
f 2786/1930/1791 2787/1934/1794 2788/1935/1795
f 2787/1936/1794 2790/1937/1796 2789/1938/1797
f 2788/1935/1795 1025/1939/1798 989/1857/1724
f 2788/1935/1795 2789/1940/1797 1025/1939/1798
f 1025/1941/1798 2789/1942/1797 1886/1943/1799
f 475/769/720 476/1944/728 2786/1930/1791
f 2789/1942/1797 1024/1945/1800 1887/545/518
f 989/1857/1724 1025/1939/1798 138/1946/1801
f 847/1493/1404 2580/539/512 2487/1494/1405
f 847/1493/1404 1881/537/510 2580/539/512
f 464/1947/1802 1548/516/492 210/1948/1803
f 462/1949/1804 2792/1950/1805 2791/536/509
f 2792/1950/1805 1547/519/493 464/1951/1802
f 3577/1952/1806 2792/1950/1805 462/1949/1804
f 2793/177/173 2796/1953/482 34/178/174
f 973/1954/1807 2793/177/173 972/609/576
f 2796/506/482 1027/1955/1808 2797/1192/1124
f 2797/1192/1124 1027/1955/1808 463/1186/1119
f 1447/1956/1809 2801/1957/1810 2800/1958/1811
f 2802/1959/1812 2803/1960/1813 1125/1961/1814
f 3531/1962/1815 2798/1963/1816 2799/1964/1817
f 3532/1965/1818 1015/1966/1819 2798/1963/1816
f 1015/1966/1819 1016/1967/1820 2803/1960/1813
f 1447/1956/1809 2800/1958/1811 3181/1968/1821
f 2804/1969/1822 2809/1970/1823 2808/1971/1824
f 2805/1972/1825 2810/1973/1826 2809/1970/1823
f 2810/1973/1826 1178/1974/1827 2809/1970/1823
f 197/1975/1828 2807/1976/1829 1345/292/279
f 1398/1977/1830 2804/1978/1822 2807/1976/1829
f 1397/1979/1831 2805/1980/1825 2804/1978/1822
f 1859/1981/444 1680/111/111 1861/1982/450
f 1033/114/113 964/113/112 2812/472/451
f 963/1646/1540 1680/111/111 1859/1981/444
f 2812/472/451 262/473/452 1862/466/445
f 2825/1983/1832 2829/1984/1833 2828/1985/1834
f 2827/1986/1835 2828/1985/1834 2831/1987/1836
f 2825/1983/1832 686/1988/1837 2829/1984/1833
f 2829/1984/1833 687/1989/1838 585/1720/1600
f 2833/1990/1839 584/1991/1840 583/1992/1841
f 2834/1993/1842 2836/1994/1843 2835/1995/1844
f 140/1996/1845 1034/1997/1846 1036/1998/1847
f 2836/1994/1843 1037/1999/1848 3923/2000/1849
f 2835/1995/1844 3923/2000/1849 3924/2001/1850
f 1276/2002/1851 2834/2003/1842 1174/2004/1852
f 190/2005/1853 2834/2003/1842 1276/2002/1851
f 1044/2006/1854 2843/2007/1855 2841/2008/1856
f 1045/2009/1857 2848/2010/1858 2843/2007/1855
f 1048/18/18 1049/17/17 2846/2011/1859
f 2850/2012/1860 1055/2013/1861 2852/2014/1862
f 2851/2015/1863 1241/2016/1864 1240/2017/1865
f 2853/2018/1866 1241/2016/1864 2851/2015/1863
f 2853/2019/1866 1242/2020/1867 1241/2021/1864
f 2853/2022/1866 2854/2023/1868 1242/2024/1867
f 2854/2025/1868 149/2026/1869 1231/2027/1870
f 2855/2028/1871 3084/2029/1872 153/2030/1873
f 2855/2028/1871 1258/2031/1874 3084/2029/1872
f 1065/2032/1875 1258/2031/1874 2855/2028/1871
f 2856/2033/1876 1245/2034/1877 3090/2035/1878
f 1225/2036/1879 1226/2037/1880 3048/2038/1881
f 1071/2039/365 1225/2036/1879 158/2040/1882
f 1071/381/365 1072/2041/1883 1225/2042/1879
f 1081/2043/1884 2861/2044/1885 1079/2045/1886
f 2860/2046/1887 2862/2047/1888 2861/2044/1885
f 2862/2047/1888 2863/2048/1889 2866/2049/1890
f 2864/2050/1891 2867/2051/1892 1076/2052/1893
f 2865/2053/1894 2868/2054/1895 2867/2051/1892
f 2866/2055/1890 2869/2056/1896 2868/2054/1895
f 163/2057/1897 1081/2043/1884 1080/1038/974
f 1082/2058/1898 1083/2059/1899 2863/2048/1889
f 1078/2060/1900 2864/2061/1891 1077/2062/1901
f 1079/2045/1886 2864/2061/1891 1078/2060/1900
f 1206/2063/1902 2870/2064/1903 1207/2065/1904
f 1207/2065/1904 2871/2066/1905 1208/2067/1906
f 166/2068/1907 1090/1519/1423 1206/2063/1902
f 1091/1509/1417 2873/2069/1908 2875/2070/1909
f 1093/1517/1421 2877/2071/1910 2876/2072/1911
f 1093/1517/1421 2874/2073/1912 2877/2071/1910
f 2873/2069/1908 2876/2072/1911 2878/2074/1913
f 2875/2070/1909 2878/2074/1913 2879/2075/1914
f 2876/2076/1911 2880/2077/1915 2878/2078/1913
f 2880/2077/1915 2882/2079/1916 2879/2080/1914
f 2881/2081/1917 2884/2082/1918 2877/2083/1910
f 2883/2084/1919 2885/2085/1920 2880/2077/1915
f 1092/1508/1416 1093/1517/1421 2873/2069/1908
f 142/188/184 1039/2086/1921 2874/2073/1912
f 2884/2082/1918 1095/2087/1922 2883/2084/1919
f 2887/294/281 2888/2088/1923 2889/2089/1924
f 2892/2090/1925 1219/445/424 1224/2091/1926
f 2893/2092/1927 2894/2093/1928 1218/2094/1929
f 169/295/282 2886/2095/1930 1221/2096/1931
f 1098/293/280 2888/2088/1923 2887/294/281
f 2888/2088/1923 1099/2097/1932 1100/2098/1933
f 2894/2093/1928 171/438/417 1218/2094/1929
f 1224/2091/1926 1219/445/424 1220/444/423
f 2896/2099/1934 2897/2100/1935 2900/2101/1936
f 2903/2102/1937 2904/2103/1938 1115/2104/1939
f 1108/2105/1940 2898/2106/1941 2897/2100/1935
f 1108/2105/1940 1109/2107/1942 2898/2106/1941
f 1109/2107/1942 1110/2108/1943 2901/2109/1944
f 2854/2025/1868 1116/2110/1945 149/2026/1869
f 1055/2013/1861 2899/2111/1946 1056/2112/1947
f 148/2113/1948 2895/2114/1949 1055/2013/1861
f 2908/2115/1950 2910/2116/1951 1117/2117/1952
f 2911/2118/1953 2912/2119/1954 2909/2120/1955
f 2907/2121/1956 2910/2116/1951 2914/2122/1957
f 2913/2123/1958 2916/2124/1959 2912/2119/1954
f 2910/2125/1951 2915/2126/1960 2917/2127/1961
f 2916/2128/1959 2918/2129/1962 2919/2130/1963
f 1117/2117/1952 2907/2121/1956 174/2131/1964
f 1119/2132/1965 2909/2120/1955 1118/2133/1966
f 2922/2134/1967 1203/2135/1968 1202/2136/1969
f 2924/2137/1970 1196/453/432 1203/2138/1968
f 172/1366/1286 2932/2139/1971 2811/2140/1972
f 1104/2141/1973 2939/2142/1974 2932/2139/1971
f 1105/2143/1975 173/500/477 2939/2144/1974
f 2938/2145/1976 1179/2146/1977 2937/2147/1978
f 2936/2148/1979 1180/1671/1561 2935/2149/1980
f 2934/2150/1981 2595/1670/1560 2933/2151/1982
f 2933/2151/1982 171/438/417 1100/2152/1933
f 2933/2153/1982 1100/2098/1933 1099/2097/1932
f 1161/2154/1983 2943/2155/1984 2946/2156/1985
f 2942/2157/1986 2946/2156/1985 2949/2158/1987
f 2946/2159/1985 2950/2160/1988 2953/2161/1989
f 2374/1356/1277 1161/2154/1983 2942/2157/1986
f 146/2162/1990 1053/2163/1991 2945/2164/1992
f 1104/2165/1973 2947/2166/1993 1105/2143/1975
f 172/1366/1286 2940/2167/1994 1104/2141/1973
f 2955/2168/1995 2960/2169/1996 2959/2170/1997
f 2958/2171/1998 2959/2170/1997 2962/2172/1999
f 2957/2173/2000 2962/2172/1999 1238/2174/2001
f 2962/2172/1999 1235/2175/1353 1238/2174/2001
f 180/167/163 1135/2176/2002 2956/2177/2003
f 2956/2177/2003 1135/2176/2002 2961/2178/2004
f 2961/2178/2004 1136/2179/2005 1234/2180/2006
f 1238/2181/2001 1235/1436/1353 1236/1432/1349
f 1237/2182/2007 2957/2173/2000 3058/2183/2008
f 1139/2184/2009 2963/2185/2010 1173/2186/2011
f 1173/2186/2011 2964/2187/2012 3009/2188/2013
f 2964/2189/2012 2965/2190/2014 3014/2191/2015
f 1138/2192/2016 1139/2184/2009 182/106/106
f 2968/2193/2017 1191/2194/2018 1190/2195/2019
f 2971/2196/2020 2975/2197/2021 2970/2198/2022
f 2972/2199/2023 2974/2200/2024 1191/2201/2018
f 2973/2202/2025 2974/2203/2024 2972/2204/2023
f 1143/2205/2026 1189/2206/2027 184/264/255
f 1145/2207/2028 2967/2208/2029 1144/2209/2030
f 1070/2210/2031 2971/2196/2020 2967/2208/2029
f 1069/2211/2032 1182/434/413 2971/2212/2020
f 1182/434/413 1183/432/411 2975/2213/2021
f 2974/2214/2024 1184/433/412 1192/2215/2033
f 3028/2216/2034 2978/2217/2035 185/2218/2036
f 3022/2219/2037 2976/2220/2038 3025/2221/2039
f 2982/2222/2040 3034/2223/2041 3033/2224/2042
f 1126/2225/2043 176/384/368 2982/2222/2040
f 2982/2222/2040 176/384/368 3034/2223/2041
f 1154/1688/1575 2984/2226/2044 1153/2227/2045
f 2983/2228/2046 2984/2226/2044 1154/1688/1575
f 1062/2229/2047 2987/2230/2048 2985/2231/2049
f 2986/2232/2050 2988/2233/2051 2984/2226/2044
f 1061/2234/2052 2990/2235/2053 2987/2230/2048
f 2989/2236/2054 2991/2237/2055 2988/2238/2051
f 1060/2239/2056 2993/2240/2057 2990/2241/2053
f 1063/2242/2058 1062/2229/2047 2985/2231/2049
f 1158/1039/975 2994/2243/2059 1256/2244/2060
f 1080/1038/974 1079/2045/1886 2994/2243/2059
f 1256/2244/2060 2994/2243/2059 3083/2245/2061
f 2994/2243/2059 2996/2246/2062 2995/2247/2063
f 2995/2248/2063 2996/2249/2062 2997/2250/2064
f 2995/2248/2063 2998/2251/2065 1257/2252/2066
f 2996/2249/2062 2999/2253/2067 2997/2250/2064
f 2996/2254/2062 1077/2255/1901 2999/2256/2067
f 2997/2250/2064 2999/2253/2067 2998/2251/2065
f 186/2257/2068 1158/1039/975 1256/2244/2060
f 1077/2258/1901 1076/2259/1893 2999/2260/2067
f 2999/2261/2067 1246/2262/2069 1247/2263/2070
f 2998/2264/2065 1247/2263/2070 1248/2265/2071
f 3000/2266/2072 1255/2267/2073 1170/2268/104
f 1170/2269/104 3001/2270/2074 1171/2271/2075
f 1255/2272/2073 3002/2273/2076 3001/2274/2074
f 1255/2272/2073 188/2275/2077 3002/2273/2076
f 3001/2270/2074 3002/2276/2076 1139/2184/2009
f 3080/2277/2078 1255/2278/2073 189/2279/2079
f 1172/101/101 1138/2192/2016 182/106/106
f 1171/2271/2075 3003/2280/2080 1138/2192/2016
f 189/2279/2079 3000/2281/2072 1169/103/103
f 1167/416/397 3007/2282/2081 3006/2283/2082
f 1168/424/403 3005/2284/2083 3007/2282/2081
f 3007/2282/2081 3009/2188/2013 3011/2285/2084
f 3011/2286/2084 3014/2287/2015 3013/2288/2085
f 3008/2289/2086 3012/2290/2087 1142/2291/2088
f 1166/413/395 3006/2283/2082 3004/2292/2089
f 1166/413/395 1167/416/397 3006/2283/2082
f 1168/424/403 182/106/106 3005/2284/2083
f 3013/2293/2085 1140/2294/2090 1141/2295/2091
f 1136/2296/2005 1142/2291/2088 181/2297/2092
f 1135/2176/2002 3008/2298/2086 1136/2179/2005
f 1254/2299/2093 3016/2300/2094 1160/2301/2095
f 1186/2302/2096 3016/2300/2094 1254/2299/2093
f 3016/2300/2094 3002/2273/2076 1160/2301/2095
f 1185/2303/2097 1186/2304/2096 3015/2305/2098
f 3017/2306/2099 2963/2185/2010 1181/2307/2100
f 1191/2308/2018 2965/2190/2014 2964/2189/2012
f 1181/2307/2100 2963/2185/2010 3002/2276/2076
f 1192/2215/2033 1184/433/412 2965/2190/2014
f 3018/2309/2101 1035/2310/2102 1034/1997/1846
f 191/2311/2103 3020/2312/2104 3018/2313/2101
f 3020/2314/2104 1037/1999/1848 3019/2315/2105
f 191/2311/2103 3018/2313/2101 1200/2316/2106
f 1037/1999/1848 3020/2314/2104 1193/2317/2107
f 3019/2315/2105 1037/1999/1848 2836/1994/1843
f 3019/2315/2105 2836/1994/1843 1036/1998/1847
f 3021/2318/2108 3023/2319/2109 1083/2059/1899
f 3022/2219/2037 3025/2221/2039 3024/2320/2110
f 3024/2320/2110 3025/2221/2039 3027/2321/2111
f 3027/2322/2111 3028/2216/2034 3030/2323/2112
f 164/2324/2113 3021/2318/2108 1082/2058/1898
f 3030/2323/2112 185/2218/2036 1148/2325/2114
f 1201/2326/2115 2980/2327/2116 2979/2328/2117
f 177/2329/2118 1201/2326/2115 1150/2330/2119
f 1202/2136/1969 1127/2331/2120 2980/2327/2116
f 1203/2138/1968 1126/2225/2043 1127/2332/2120
f 1196/453/432 1131/452/431 1126/2225/2043
f 3031/2333/2121 1120/2334/2122 175/426/405
f 3032/2335/2123 1121/2336/2124 1120/2334/2122
f 3033/2224/2042 1122/2337/2125 1121/2338/2124
f 2976/2220/2038 3035/2339/2126 2977/2340/2127
f 1207/2065/1904 3035/2339/2126 2976/2220/2038
f 1207/2065/1904 1208/2067/1906 3035/2339/2126
f 3041/2341/2128 1045/2009/1857 1044/2006/1854
f 3040/2342/2129 3043/2343/2130 3041/2341/2128
f 3040/2342/2129 3042/2344/2131 3043/2343/2130
f 3043/2343/2130 1046/2345/2132 3041/2341/2128
f 1224/2091/1926 1220/444/423 1101/2346/2133
f 3047/2347/2134 3050/2348/2135 3046/2349/2136
f 3048/2038/1881 3051/2350/2137 3047/2347/2134
f 3049/2351/2138 3053/2352/2139 3045/2353/2140
f 3051/2350/2137 3055/2354/2141 3050/2348/2135
f 3052/2355/2142 3055/2354/2141 3051/2350/2137
f 3055/2356/2141 1074/2357/2143 3054/2358/2144
f 3056/2359/2145 1073/2360/2146 3055/2356/2141
f 1226/2037/1880 3052/2355/2142 3051/2350/2137
f 1075/253/244 156/252/243 3053/2361/2139
f 3053/2361/2139 156/252/243 1069/2211/2032
f 1066/2362/2147 1238/2174/2001 2857/2363/2148
f 2857/2364/2148 1238/2181/2001 2856/2033/1876
f 154/2365/2149 3057/2366/2150 1065/2367/1875
f 1233/2368/2151 1237/2182/2007 3057/2366/2150
f 3058/2183/2008 2957/2173/2000 1066/2362/2147
f 2856/2033/1876 1137/2369/2152 155/2370/2153
f 3063/2371/2154 3066/2372/2155 3059/2373/2156
f 3064/2374/2157 3067/2375/2158 3063/2371/2154
f 3065/2376/2159 3068/2377/2160 3064/2374/2157
f 3067/2378/2158 1058/2379/2161 3069/2380/2162
f 3068/2381/2160 1057/2382/2163 3067/2378/2158
f 1058/2379/2161 1059/2383/2164 3069/2380/2162
f 3066/2372/2155 1052/2384/2165 1053/2163/1991
f 1251/268/259 3072/2385/2166 3070/2386/2167
f 3072/2387/2166 3073/2388/2168 3071/2389/2169
f 3074/2390/2170 3075/2391/2171 3073/2388/2168
f 1252/270/261 3074/2392/2170 3072/2385/2166
f 1253/258/249 3015/2305/2098 3074/2392/2170
f 3071/2389/2169 3079/2393/2172 3077/2394/2173
f 3077/2394/2173 3079/2393/2172 3078/2395/2174
f 3082/2396/2175 188/2275/2077 1255/2272/2073
f 1250/2397/2176 3080/2277/2078 189/2279/2079
f 3083/2245/2061 2995/2247/2063 2858/2398/2177
f 2995/2248/2063 1257/2252/2066 2858/2399/2177
f 2858/2399/2177 1257/2252/2066 2859/2400/2178
f 1257/2401/2066 187/2402/2179 1159/2403/2180
f 2859/2404/2178 1159/2403/2180 160/2405/2181
f 1072/2041/1883 3083/2245/2061 1226/2406/1880
f 3084/2029/1872 3086/2407/2182 1063/2242/2058
f 3086/2407/2182 3087/2408/2183 3085/2409/2184
f 1258/2031/1874 3088/2410/2185 3086/2407/2182
f 3088/2411/2185 3089/2412/2186 3087/2413/2183
f 1243/2414/2187 1063/2242/2058 152/1679/1569
f 1244/2415/2188 1063/2242/2058 1243/2414/2187
f 1066/2416/2147 3090/2417/1878 3088/2418/2185
f 3090/2035/1878 1067/2419/2189 3089/2412/2186
f 3089/2412/2186 1068/2420/2190 3087/2413/2183
f 3087/2413/2183 151/1380/1299 1060/2239/2056
f 3087/2413/2183 1060/2239/2056 1061/2421/2052
f 3085/2409/2184 1061/2234/2052 1062/2229/2047
f 3092/2422/2191 437/2423/2192 3091/2424/2193
f 1396/2425/2194 3092/2422/2191 3091/2424/2193
f 1395/2426/2195 3093/2427/2196 3092/2422/2191
f 1193/2428/2107 191/2311/2103 437/2423/2192
f 3091/2424/2193 437/2423/2192 2434/1437/1354
f 1480/1434/1351 3095/2429/2197 433/1427/1344
f 433/1427/1344 3096/2430/2198 434/1431/1348
f 3095/2429/2197 1480/1434/1351 1431/1433/1350
f 3524/2431/2199 3094/2432/2200 3095/2429/2197
f 434/1431/1348 1137/2369/2152 1236/1432/1349
f 199/2433/2201 1275/2434/2202 3097/2435/2203
f 199/2433/2201 3097/2435/2203 3283/2436/2204
f 1479/362/349 3098/2437/2205 3099/365/352
f 3099/365/352 1140/2294/2090 183/367/354
f 3098/2437/2205 1429/1425/1342 3100/2438/2206
f 3100/2438/2206 181/2297/2092 1142/2291/2088
f 1826/363/350 3099/365/352 1453/364/351
f 1394/2439/2207 1335/1528/1428 3103/2440/2208
f 3101/2441/2209 3104/2442/2210 1268/262/253
f 3102/2443/2211 3105/2444/2212 3104/2442/2210
f 3103/2445/2208 1144/2209/2030 3105/2444/2212
f 1334/1535/1433 157/1536/1434 1145/2207/2028
f 3105/2444/2212 1144/2209/2030 2966/2446/2213
f 3104/2442/2210 2966/2446/2213 1143/2205/2026
f 1268/262/253 1143/2205/2026 184/264/255
f 3107/2447/2214 3111/2448/2215 1391/2449/2216
f 3108/2450/2217 147/2451/2218 1370/2452/2219
f 3111/2448/2215 148/2113/1948 1054/2453/2220
f 1393/2454/2221 3106/2455/2222 3265/2456/2223
f 3110/2457/2224 1054/2453/2220 2850/2012/1860
f 3112/2458/2225 3114/2459/2226 778/1687/1574
f 3113/2460/2227 3115/2461/2228 3112/2458/2225
f 3186/2462/2229 3115/2461/2228 3113/2460/2227
f 1284/2463/2230 1244/2415/2188 3115/2461/2228
f 3252/2464/2231 778/2465/1574 1340/1685/1573
f 3253/2466/2232 3112/2467/2225 3252/2464/2231
f 3254/2468/2233 3113/2469/2227 3253/2466/2232
f 3186/2470/2229 3113/2469/2227 3254/2468/2233
f 3118/2471/2234 3120/1453/1367 3121/2472/2235
f 3116/2473/2236 3119/2474/2237 3122/2475/2238
f 3119/2474/2237 3125/2476/1366 3124/2477/2239
f 3122/2475/2238 3124/2477/2239 190/2005/1853
f 3125/1452/1366 140/1996/1845 3124/2478/2239
f 3247/2479/2240 3117/2480/2241 3116/2473/2236
f 3120/1453/1367 1325/1442/1359 3121/2472/2235
f 3125/1452/1366 1323/1447/1362 140/1996/1845
f 3124/2478/2239 140/1996/1845 190/2481/1853
f 1459/2482/2242 3127/2483/2243 1458/2484/2244
f 3126/2485/2245 1422/495/472 3127/2483/2243
f 3127/2483/2243 1457/2486/2246 1458/2484/2244
f 1285/2487/2247 3126/2485/2245 1459/2482/2242
f 1422/495/472 145/2488/2248 1059/2383/2164
f 1059/2383/2164 1058/2379/2161 3127/2483/2243
f 3127/2483/2243 1057/2382/2163 1457/2486/2246
f 201/2489/2249 3128/2490/2250 3158/2491/2251
f 3237/2492/2252 1287/2493/2253 201/2494/2249
f 3129/2495/2254 1147/2496/2255 1198/2497/2256
f 1437/1829/1696 3132/2498/2257 3130/2499/2258
f 3131/2500/2259 155/2370/2153 1274/2501/2260
f 1437/1829/1696 3130/2499/2258 3515/2502/2261
f 3130/2499/2258 1274/2501/2260 209/2503/2262
f 3134/2504/2263 3176/2505/2264 3175/2506/2265
f 1322/2507/2266 177/2329/2118 3134/2504/2263
f 177/2329/2118 1150/2330/2119 3176/2505/2264
f 3136/2508/2267 1291/2509/2268 3137/2510/2269
f 1390/2511/2270 1389/2512/2271 349/1036/972
f 349/1036/972 3139/2513/2272 163/2057/1897
f 1294/2514/2273 164/2324/2113 3140/2515/2274
f 3140/2515/2274 164/2324/2113 1082/2058/1898
f 3140/2515/2274 1082/2058/1898 2860/2046/1887
f 3140/2515/2274 2860/2046/1887 1081/2043/1884
f 3139/2513/2272 1081/2043/1884 163/2057/1897
f 3141/2516/2275 3142/2517/2276 1260/2518/363
f 3143/2519/2277 186/2257/2068 159/379/364
f 3226/2520/2278 1260/377/363 1353/376/362
f 3227/2521/2279 3141/2516/2275 3226/2522/2278
f 1386/2523/2280 3141/2516/2275 3227/2521/2279
f 1418/451/430 1477/2524/2281 3509/2525/2282
f 200/2526/2283 3147/2527/2284 1384/2528/2285
f 200/2526/2283 3148/2529/2286 3147/2527/2284
f 1371/2530/2287 3148/2529/2286 200/2526/2283
f 3148/2529/2286 3149/2531/2288 3147/2527/2284
f 3150/2532/2289 1227/2533/2290 3149/2534/2288
f 1384/2528/2285 3147/2527/2284 1385/2535/2291
f 1229/2536/2292 1228/2537/2293 1227/2533/2290
f 1383/2538/2294 3151/2539/2295 1277/2540/2296
f 1382/2541/2297 3152/2542/2298 1383/2543/2294
f 3151/2539/2295 1278/2544/2299 1277/2540/2296
f 1278/2544/2299 3153/2545/2300 1106/2546/2301
f 3153/2545/2300 1108/2105/1940 1107/2547/2302
f 3210/2548/2303 1277/2549/2296 1369/2550/2304
f 1383/2543/2294 1277/2549/2296 3210/2548/2303
f 1382/2541/2297 1383/2543/2294 3212/2551/2305
f 202/2552/2306 3152/2542/2298 1382/2541/2297
f 202/2553/2306 1295/2554/2307 3152/2555/2298
f 174/2131/1964 1109/2107/1942 1295/2554/2307
f 3153/2545/2300 1107/2547/2302 1106/2546/2301
f 3154/2556/2308 1247/2263/2070 1246/2262/2069
f 3154/2556/2308 3155/2557/2309 1247/2263/2070
f 3155/2557/2309 1248/2265/2071 1247/2263/2070
f 1462/2558/2310 1246/2262/2069 162/2559/2311
f 201/2489/2249 3158/2491/2251 1293/2560/2312
f 3157/2561/2313 1197/2562/2314 164/2324/2113
f 1293/2560/2312 3157/2561/2313 1294/2514/2273
f 1464/2563/2315 3162/2564/2316 149/2026/1869
f 3165/2565/2317 1232/2566/2318 3164/2567/2319
f 3497/2568/2320 1472/2569/2321 3159/2570/2322
f 1459/2482/2242 3161/2571/2323 3501/2572/2324
f 1470/2573/2325 3166/2574/2326 3488/2575/2327
f 1148/2325/2114 185/2218/2036 1199/2576/2328
f 3204/2577/2329 3174/2578/2330 3173/2579/2331
f 1466/2580/2332 3179/2581/2333 3178/2582/2334
f 1466/2580/2332 3177/2583/2335 3179/2581/2333
f 3177/2583/2335 3180/2584/2336 3179/2581/2333
f 3178/2582/2334 1113/2585/2337 1112/2586/2338
f 1449/2587/2339 1467/2588/2340 1015/1966/1819
f 1298/2589/2341 1465/2590/2342 3177/2583/2335
f 3180/2584/2336 1116/2110/1945 1115/2104/1939
f 1829/389/373 1447/1956/1809 1830/2591/2343
f 1830/2591/2343 3181/1968/1821 1259/390/374
f 1451/2592/2344 1447/1956/1809 1829/389/373
f 1308/2593/2345 1307/2594/2346 3182/2595/2347
f 1307/2594/2346 1118/2133/1966 3182/2595/2347
f 3183/2596/2348 174/2131/1964 1295/2554/2307
f 1308/2597/2345 1379/2598/2349 3201/2599/2350
f 1118/2133/1966 1117/2117/1952 3183/2596/2348
f 1378/1505/1413 3185/1518/1422 3184/2600/2351
f 3184/2600/2351 3185/1518/1422 166/2068/1907
f 3184/2600/2351 166/2068/1907 1288/2601/2352
f 3187/2602/2353 3188/2603/2354 3186/2462/2229
f 3193/2604/2355 1377/2605/2356 3186/2470/2229
f 1343/2606/2357 1342/1809/1678 3187/2607/2353
f 1064/2608/2358 153/2030/1873 1284/2463/2230
f 3188/2603/2354 1284/2463/2230 3186/2462/2229
f 1378/1512/1413 3189/2609/2359 1372/2610/2360
f 166/2068/1907 1147/2496/2255 3129/2495/2254
f 1301/2611/2361 3190/2612/2362 3235/2613/2363
f 1372/2614/2360 3237/2615/2252 1289/2616/2364
f 811/2617/2365 3194/2618/2366 3191/2619/1667
f 3194/2618/2366 195/1811/1680 1343/2606/2357
f 3194/2618/2366 1343/2606/2357 1377/2605/2356
f 3254/2468/2233 3193/2604/2355 3186/2470/2229
f 3195/2620/2367 3196/2621/2368 1301/2611/2361
f 3196/2621/2368 1300/2622/2369 1372/2614/2360
f 3196/2621/2368 1372/2614/2360 3190/2612/2362
f 3197/2623/2370 3198/2624/2371 412/1763/1638
f 3198/2624/2371 1376/2625/2372 1375/2626/2373
f 3198/2627/2371 3201/2599/2350 3200/2628/2374
f 252/2629/2375 3201/2599/2350 3198/2627/2371
f 412/1763/1638 1375/2626/2373 411/1761/1634
f 414/1757/1635 3197/2623/2370 413/1759/1632
f 253/2630/2376 252/2631/2375 3199/2632/2377
f 3201/2599/2350 1379/2598/2349 3200/2628/2374
f 3200/2628/2374 1380/2633/2378 1376/2634/2372
f 3202/2635/2379 1290/2636/2380 3203/2637/2381
f 3203/2637/2381 3205/2638/2382 3204/2639/2329
f 796/1700/1584 3202/2635/2379 3385/2640/2383
f 3204/2577/2329 3173/2579/2331 1308/2597/2345
f 3386/2641/2384 3204/2577/2329 252/2629/2375
f 3385/2640/2383 3203/2637/2381 3386/2642/2384
f 751/2643/2385 3230/2644/2386 42/2645/2387
f 751/2643/2385 1373/2646/2388 3230/2644/2386
f 3206/2647/2389 1373/2646/2388 751/2643/2385
f 3207/2648/2390 1374/2649/2391 1373/2646/2388
f 1289/2616/2364 3207/2648/2390 3206/2647/2389
f 3207/2650/2390 1381/2651/2392 1374/2652/2391
f 38/2653/2393 3208/2654/2394 1368/2655/2395
f 403/2656/2396 3211/2657/2397 402/1773/1647
f 1368/2655/2395 3210/2658/2303 1369/2659/2304
f 401/1771/1646 3209/2660/2398 400/2661/2399
f 402/1773/1647 3209/2660/2398 401/1771/1646
f 1375/2626/2373 3211/2657/2397 403/2656/2396
f 3212/2551/2305 1383/2543/2294 3210/2548/2303
f 3218/2662/2400 3221/2663/2401 3220/2664/2402
f 3219/2665/2403 3222/2666/2404 3221/2663/2401
f 3222/2666/2405 1279/2667/2406 3223/2668/2407
f 902/705/661 1283/2669/2408 3215/2670/2409
f 1279/2671/2406 200/2526/2283 1384/2528/2285
f 1319/2672/2410 3220/2664/2402 1320/2673/2411
f 344/2674/2412 1386/2523/2280 3225/2675/2413
f 341/776/726 3228/2676/2414 340/778/727
f 342/774/724 3229/2677/2415 341/776/726
f 340/778/727 1315/2678/2416 461/1932/1793
f 42/2645/2387 3230/2644/2386 343/773/723
f 1373/2646/2388 3233/2679/2417 3230/2644/2386
f 3233/2680/2417 1374/2652/2391 1293/2681/2312
f 3233/2680/2417 1293/2681/2312 1387/2682/2418
f 3232/2683/2419 1387/2682/2418 1388/2684/2420
f 3231/2685/2421 1388/2684/2420 1389/2686/2271
f 1316/2687/2422 1390/2511/2270 193/1035/971
f 3228/2676/2414 1316/2687/2422 1315/2678/2416
f 448/2688/2423 105/1745/1624 3202/2635/2379
f 1290/2636/2380 1400/2689/2424 3234/2690/2425
f 3236/2691/2426 1289/2616/2364 3206/2647/2389
f 3238/1395/1314 3240/2692/2427 1364/2693/2428
f 3240/2692/2427 1366/2694/2429 1365/2695/2430
f 3243/2696/2431 3245/2697/2432 3281/2698/2433
f 3245/2699/2432 3247/2479/2240 1367/2700/2434
f 3246/2701/2435 3248/2702/2436 3245/2699/2432
f 3244/2703/2437 3249/2704/2438 3246/2705/2435
f 3238/1395/1314 1364/2693/2428 785/1322/1247
f 758/2706/1311 3242/2707/2439 3239/2708/2440
f 3247/2479/2240 199/2433/2201 3284/2709/2441
f 3250/2710/2442 3253/2711/2232 3252/2712/2231
f 3251/2713/2443 3254/2714/2233 3253/2711/2232
f 1339/2715/2444 3252/2712/2231 1340/2716/1573
f 3255/2717/2445 3256/2718/2446 1282/2719/2447
f 292/2720/2448 3257/2721/2449 3256/2722/2446
f 3256/2722/2446 3257/2721/2449 3258/2723/2450
f 1281/2724/2451 3259/2725/2452 1280/2726/2453
f 3258/2727/2450 3261/2728/2454 3260/2729/2455
f 3257/2721/2449 3263/2730/2456 3262/2731/2457
f 1280/2726/2453 3259/2725/2452 3264/2732/2458
f 3261/2733/2454 3262/2734/2457 3267/2735/2459
f 291/2736/2460 292/2737/2448 3255/2738/2445
f 38/2653/2393 1368/2655/2395 3257/2721/2449
f 3263/2739/2456 1391/2740/2216 3262/2734/2457
f 1280/2726/2453 3264/2732/2458 3222/2666/2404
f 442/1050/984 653/2741/2461 3270/2742/2462
f 3270/2743/2462 652/2744/2463 3274/2745/2464
f 1359/2746/2465 3271/2747/2466 1360/2748/2467
f 3276/2749/2468 3277/2750/2469 3275/2751/2470
f 3278/2752/2471 3279/2753/2472 3277/2750/2469
f 1366/2694/2429 3281/2698/2433 3278/2752/2471
f 3281/2698/2433 3282/2754/2473 3280/2755/2474
f 1367/2700/2434 3284/2709/2441 3282/2756/2473
f 3275/2751/2470 1361/2757/2475 94/1324/1249
f 1364/2693/2428 1365/2695/2430 3276/2749/2468
f 692/2758/2476 1350/2759/2477 95/2760/2478
f 691/1310/1235 3285/2761/2479 692/2758/2476
f 690/1309/1234 3286/2762/2480 691/1310/1235
f 94/1324/1249 3287/2763/2481 690/1309/1234
f 745/37/37 3289/2764/2482 3288/2765/2483
f 1327/2766/2484 3288/2765/2483 1328/2767/2485
f 1329/2768/2486 3292/2769/2487 1330/2770/2488
f 3292/2771/2487 3293/2772/2489 1331/2773/2490
f 3293/2772/2489 1395/2426/2195 1396/2425/2194
f 3289/2764/2482 1273/2774/2491 3290/2775/2492
f 1331/2773/2490 1396/2425/2194 194/1451/1365
f 3294/2776/2493 3300/2777/2494 714/987/923
f 3298/2778/2495 3304/2779/2496 3297/2780/2497
f 3300/2777/2494 3305/2781/2498 3299/2782/2499
f 3301/2783/2500 3305/2781/2498 3300/2777/2494
f 3307/2784/2501 3311/2785/2502 3306/2786/2503
f 3308/2787/2504 3312/2788/2505 3307/2784/2501
f 3313/2789/2506 1397/2790/1831 3312/2788/2507
f 3306/2786/2503 197/2791/1828 1028/2792/2508
f 3315/2793/2509 811/2617/2365 35/2794/1666
f 3316/2795/2510 3317/1810/1679 3315/2793/2509
f 913/2796/2511 3315/2797/2509 35/2798/1666
f 3321/2799/2512 1340/2716/1573 3324/2800/1572
f 455/1740/1619 456/1738/1618 3319/2801/2513
f 1338/1735/1615 1339/2715/2444 3321/2799/2512
f 653/2741/2461 3325/2802/2514 652/2803/2463
f 3325/2804/2514 3327/2805/2515 1394/2439/2207
f 828/1640/1534 829/1644/1538 653/2741/2461
f 831/1641/1535 116/557/529 830/1643/1537
f 354/812/756 3329/2806/2516 3330/2807/2517
f 356/808/755 357/2808/2518 3331/2809/2519
f 3329/2806/2516 3331/2809/2519 3330/2807/2517
f 3330/2807/2517 3331/2809/2519 3196/2621/2368
f 3331/2809/2519 3333/2810/1419 3332/2811/1418
f 350/2812/1403 354/812/756 3195/2620/2367
f 355/811/752 356/808/755 3329/2806/2516
f 3332/1510/1418 3333/1513/1419 2470/1511/1411
f 3196/2621/2368 3332/2811/1418 1300/2622/2369
f 3195/2620/2367 3330/2807/2517 3196/2621/2368
f 758/1392/1311 3334/2813/2520 3336/2814/2521
f 3336/2815/2521 3338/2816/2522 3340/2817/2523
f 3334/2813/2520 3337/2818/2524 3338/2819/2522
f 3337/2818/2524 3339/2820/2525 3342/2821/2526
f 1329/2768/2486 1330/2770/2488 3339/2820/2525
f 3338/2816/2522 3341/2822/1364 3340/2817/2523
f 3339/2823/2525 194/1451/1365 3342/2824/2526
f 757/1391/1310 109/38/38 3335/2825/2527
f 1330/2826/2488 1331/2773/2490 194/1451/1365
f 3341/1450/1364 2435/2827/2528 3340/2828/2523
f 3340/2817/2523 1326/2829/2529 436/2830/2530
f 758/2706/1311 3336/2815/2521 3242/2707/2439
f 105/1745/1624 3343/2831/2531 3344/2832/2532
f 665/1020/956 3349/2833/2533 3353/2834/2534
f 3348/2835/2535 3351/2836/2536 3355/2837/2537
f 3353/2834/2534 3356/2838/2538 3359/2839/2539
f 3355/2837/2537 3358/2840/2540 3361/2841/2541
f 3359/2842/2539 3363/2843/2542 3362/2844/2543
f 3365/2845/2544 3366/2846/1282 1402/2847/1283
f 3367/2848/2545 1321/2849/2546 1401/2850/2547
f 662/1023/959 663/1022/958 3348/2835/2535
f 54/1019/955 1317/2851/2548 3350/2852/2549
f 3368/2853/2550 1386/2523/2280 344/2674/2412
f 3368/2853/2550 3369/2854/2551 1386/2523/2280
f 1315/2678/2416 3370/2855/2552 3368/2853/2550
f 3370/2855/2552 193/1035/971 1403/1033/969
f 3369/2854/2551 1403/1033/969 1404/2856/2553
f 1386/2523/2280 1404/2856/2553 1314/1030/966
f 1311/2857/2554 3374/2858/2555 3373/2859/2556
f 117/588/557 3371/2860/2557 835/2861/2558
f 3383/2862/2559 3384/476/455 1405/477/456
f 3372/2863/2560 192/2864/462 313/2865/2561
f 63/1701/1585 3385/2640/2383 253/2630/2376
f 3204/2577/2329 1308/2597/2345 252/2629/2375
f 252/2629/2375 1308/2597/2345 3201/2599/2350
f 676/1270/1198 3389/2866/2562 675/1271/1199
f 3387/2867/2563 3390/2868/398 676/1270/1198
f 3388/2869/2564 3391/2870/2565 3387/2867/2563
f 3390/418/398 3392/419/399 3389/2871/2562
f 1305/2872/402 3393/2873/400 3391/2870/2565
f 678/1265/1194 3387/2867/2563 677/1266/1195
f 96/1268/1197 3388/2869/2564 678/1265/1194
f 1304/2874/2566 1305/2872/402 3388/2869/2564
f 3389/2871/2562 236/2875/2567 237/2876/2568
f 3395/2877/2569 3397/2878/2570 3394/2879/2571
f 3398/2880/2572 3400/2881/2573 3395/2877/2569
f 3400/2881/2573 3402/2882/2574 3399/2883/2575
f 3402/2882/2574 3404/2884/2576 3401/2885/2577
f 3403/2886/2578 3404/2884/2576 3402/2882/2574
f 3404/2887/2576 3405/2888/2579 3470/2889/2580
f 3405/2888/2579 3406/2890/2581 1407/401/384
f 3399/2883/2575 3469/2891/2582 3462/2892/2583
f 315/2893/527 1352/2894/2584 3408/2895/2585
f 3407/2896/2586 3409/2897/2587 3328/2898/2588
f 314/556/528 3407/2899/2586 3326/2900/2589
f 49/988/924 3411/2901/2590 380/1615/1512
f 3410/2902/2591 3412/2903/2592 1311/2904/2554
f 378/2905/2593 3412/2903/2592 3410/2902/2591
f 3411/2901/2590 3413/2906/2594 378/2905/2593
f 3417/2907/2595 3418/2908/2596 3416/2909/2597
f 1028/2792/2508 3419/2910/278 3417/2907/2595
f 3418/2911/2596 1409/289/276 1312/290/277
f 3419/291/278 1409/289/276 3418/2911/2596
f 378/2905/2593 3410/2902/2591 377/1616/1513
f 380/1615/1512 378/2905/2593 379/1606/1503
f 1030/2912/2598 1029/2913/2599 3411/2901/2590
f 3416/2909/2597 1312/2914/277 3381/2915/2600
f 3410/2902/2591 1311/2904/2554 3371/2860/2557
f 3926/2916/2601 3420/2917/2602 3422/2918/2603
f 3425/2919/2604 3428/2920/2605 3427/2921/2606
f 3425/2919/2604 1356/2922/2607 3428/2920/2605
f 3431/2923/2608 1358/2924/2609 1757/267/258
f 99/98/98 3926/2916/2601 1266/2925/2610
f 3423/2926/2611 1355/2927/2612 3425/2919/2604
f 1357/2928/2613 1358/2924/2609 3431/2923/2608
f 1354/2929/2614 3433/2930/2615 1355/2927/2612
f 740/1052/986 3435/2931/2616 3434/2932/2617
f 740/1052/986 3432/2933/2618 3435/2931/2616
f 3433/2934/2615 3438/2935/2619 3437/2936/2620
f 3435/2931/2616 3436/2937/2621 3440/2938/2622
f 1356/2922/2607 3437/2939/2620 1357/2940/2613
f 1357/2928/2613 3442/259/250 1358/2924/2609
f 3440/2938/2622 3441/2941/2623 3446/2942/2624
f 137/2943/2625 740/2944/986 1354/2929/2614
f 3432/2933/2618 1359/2746/2465 3436/2937/2621
f 3436/2937/2621 1360/2748/2467 3441/2941/2623
f 268/597/566 3447/2945/2626 3449/2946/2627
f 313/2865/2561 3450/2947/2628 3448/2948/2629
f 3449/2946/2627 3450/2947/2628 3451/2949/2630
f 267/598/567 268/597/566 1332/2950/2631
f 1915/2951/2632 3448/2948/2629 271/2952/558
f 3450/2953/2628 192/483/462 1310/485/464
f 3450/2953/2628 1310/485/464 1410/2954/179
f 3450/2953/2628 1410/2954/179 1411/2955/177
f 3451/2956/2630 1411/2955/177 648/1516/176
f 3452/660/621 3453/2957/2633 124/669/628
f 237/2958/2568 3454/2959/2634 431/667/627
f 70/2960/2635 237/2958/2568 432/665/626
f 236/2875/2567 1412/168/164 3455/2961/2636
f 3318/1812/1681 1412/168/164 196/156/154
f 98/35/35 3456/2962/2637 3927/2963/2638
f 742/84/84 3457/2964/2639 3456/2962/2637
f 743/2965/2640 3458/2966/2641 3457/2964/2639
f 744/99/99 1266/2925/2610 3458/2966/2641
f 3461/2967/2642 3465/2968/2643 3459/2969/2644
f 3477/2970/2645 3478/2971/2646 1450/2972/2647
f 449/2973/1397 64/900/837 3477/2970/2645
f 3478/2971/2646 1451/2592/2344 3588/2974/2648
f 3478/2971/2646 3588/2974/2648 3587/2975/2649
f 410/698/655 1299/2976/2650 3481/2977/2651
f 3480/2978/2652 3481/2977/2651 3483/2979/2653
f 3479/2980/2654 3482/2981/2655 1449/2587/2339
f 3481/2977/2651 1298/2589/2341 3483/2979/2653
f 409/701/657 410/698/655 3480/2978/2652
f 3483/2979/2653 1298/2589/2341 3177/2583/2335
f 1445/2982/2656 3484/2983/2657 962/2984/2658
f 962/2984/2658 3484/2983/2657 961/2985/2659
f 74/1496/1407 106/1416/1334 1444/2986/2660
f 1445/2982/2656 1292/2987/2661 3484/2983/2657
f 1446/2988/2662 1478/2989/2663 3171/2990/2664
f 346/759/711 3486/2991/2665 3485/2992/2666
f 347/758/710 3487/2993/2667 3486/2991/2665
f 348/756/709 1297/2994/2668 3487/2993/2667
f 1286/2995/2669 3495/2996/2670 904/690/649
f 3499/2997/2671 3500/2998/2672 1471/2999/2673
f 3496/3000/2674 3497/2568/2320 1473/3001/2675
f 1299/2976/2650 3496/3000/2674 1298/2589/2341
f 970/3002/2676 3503/3003/2677 3502/3004/2678
f 971/518/494 303/3005/2679 3503/3003/2677
f 3502/3004/2678 3503/3003/2677 3504/3006/2680
f 203/3007/2681 1474/3008/2682 303/3005/2679
f 3503/3003/2677 1476/3009/2683 3504/3006/2680
f 3504/3006/2680 1463/3010/2684 1296/3011/2685
f 77/3012/2686 3502/3004/2678 1297/2994/2668
f 3505/3013/2687 1427/3014/2688 66/3015/2689
f 3507/3016/2690 1428/3017/2691 1427/3014/2688
f 3508/3018/2692 3509/2525/2282 3507/3016/2690
f 293/3019/2693 3509/2525/2282 3508/3018/2692
f 106/1416/1334 3510/3020/2694 1292/2987/2661
f 3511/3021/2695 1460/3022/2696 3512/3023/2697
f 1292/2987/2661 3512/3023/2697 3484/2983/2657
f 3512/3023/2697 3513/3024/2698 1478/2989/2663
f 447/3025/2699 43/3026/2700 3511/3021/2695
f 3484/2983/2657 1478/2989/2663 1446/2988/2662
f 3515/2502/2261 3130/2499/2258 3514/3027/2701
f 3514/3027/2701 3130/2499/2258 1456/3028/2702
f 967/645/607 1456/3028/2702 3525/3029/2703
f 967/645/607 3525/3029/2703 36/646/608
f 3516/3030/2704 3517/3031/2705 1286/2995/2669
f 339/3032/2706 3518/3033/2707 3516/3030/2704
f 3517/3031/2705 3518/3033/2707 1285/2487/2247
f 294/3034/2708 1286/2995/2669 123/3035/1654
f 3517/3031/2705 1285/2487/2247 3495/2996/2670
f 443/1344/1268 3519/3036/2709 101/1346/1269
f 1264/3037/2710 3520/3038/2711 3519/3036/2709
f 1263/3039/2712 1262/361/348 3520/3038/2711
f 1262/361/348 272/369/356 1415/3040/2713
f 439/1294/1219 3522/3041/2714 3521/3042/2715
f 97/3043/2716 3522/3041/2714 1263/3039/2712
f 439/1294/1219 3521/3042/2715 2328/1292/1217
f 421/3044/2717 3522/3041/2714 439/1294/1219
f 3522/3041/2714 1430/1423/1340 1479/362/349
f 1262/361/348 3522/3041/2714 1479/362/349
f 435/1803/1672 3525/3029/2703 3524/2431/2199
f 917/625/589 3523/1804/1673 3550/1435/1352
f 415/3045/835 3527/3046/2718 3526/3047/2719
f 416/3048/833 3528/3049/2720 3527/3046/2718
f 3528/3049/2720 3532/1965/1818 3531/1962/1815
f 3478/2971/2646 3530/3050/2721 1451/2592/2344
f 3477/2970/2645 3526/3047/2719 3478/2971/2646
f 64/900/837 3526/3047/2719 3477/2970/2645
f 961/2985/2659 1446/2988/2662 3534/1869/1735
f 3536/3051/2722 962/2984/2658 958/3052/2723
f 958/3052/2723 961/2985/2659 207/1870/1736
f 3535/3053/2724 958/3052/2723 3561/3054/2725
f 131/642/604 894/1833/1700 968/643/605
f 304/1926/1788 3538/1834/1701 131/642/604
f 3537/3055/2726 3539/1835/1702 304/1926/1788
f 1438/3056/2727 1439/1836/1703 3537/3055/2726
f 894/1833/1700 1437/1829/1696 3515/2502/2261
f 3541/3057/2728 1434/3058/2729 3543/3059/2730
f 3543/3059/2730 3544/3060/2731 3542/3061/2732
f 1434/3058/2729 3546/1672/1562 3543/3059/2730
f 718/850/787 719/849/786 727/3062/2733
f 723/846/782 50/583/552 3541/3057/2728
f 3548/3063/2734 3549/3064/2735 914/627/591
f 3550/1435/1352 3549/3064/2735 3548/3063/2734
f 914/627/591 421/3044/2717 71/3065/593
f 916/616/583 917/625/589 3548/3063/2734
f 3522/3041/2714 3549/3064/2735 1430/1423/1340
f 3549/3064/2735 3522/3041/2714 421/3044/2717
f 360/3066/2736 3563/3067/2737 359/3068/2738
f 3561/3054/2725 3564/3069/2739 361/3070/2740
f 3563/3067/2737 3566/3071/2741 3562/3072/2742
f 3565/3073/2743 3568/3074/2744 3564/3069/2739
f 207/1870/1736 2336/1867/1733 3568/3074/2744
f 3568/3074/2744 2335/3075/2745 3567/3076/2746
f 3567/3076/2746 1482/3077/2747 3566/3071/2741
f 3566/3071/2741 1424/3078/2748 351/3079/2749
f 3572/3080/2750 3571/3081/2751 671/828/769
f 3570/3082/2752 3573/3083/2753 3569/3084/2754
f 3571/3081/2751 3573/3083/2753 3570/3082/2752
f 3573/3083/2753 3575/3085/2755 3574/3086/2756
f 3573/3083/2753 3576/3087/2757 3575/3085/2755
f 667/3088/2758 3569/3084/2754 666/830/771
f 669/3089/2759 3570/3082/2752 668/3090/2760
f 671/828/769 3571/3081/2751 670/3091/2761
f 52/3092/2762 3572/3080/2750 672/827/768
f 3572/3080/2750 727/3062/2733 3571/3081/2751
f 3575/3085/2755 3576/3087/2757 1483/496/473
f 339/3032/2706 3574/3086/2756 3518/3033/2707
f 3569/3084/2754 339/3032/2706 53/831/772
f 3578/3093/439 3579/3094/2763 1485/3095/440
f 462/1949/1804 381/535/508 3579/3094/2763
f 303/3005/2679 3578/3093/439 203/3007/2681
f 971/518/494 3577/1952/1806 303/3005/2679
f 1419/3096/2764 293/3019/2693 3580/3097/2765
f 3581/388/372 1418/451/430 3509/2525/2282
f 1415/3040/2713 3586/3098/2766 3585/3099/2767
f 1415/3040/2713 1414/241/232 3586/3098/2766
f 731/1333/1258 101/1346/1269 3585/3099/2767
f 1450/2972/2647 3587/2975/2649 797/3100/2768
f 3587/2975/2649 3588/2974/2648 1419/3096/2764
f 797/3100/2768 3580/3097/2765 422/3101/1325
f 1451/2592/2344 3589/386/370 3588/2974/2648
f 3588/2974/2648 3581/388/372 293/3019/2693
f 797/3100/2768 1419/3096/2764 3580/3097/2765
f 72/1296/1221 3590/3102/2769 443/1344/1268
f 679/1276/1204 97/3043/2716 3590/3102/2769
f 317/1657/1550 266/1349/1271 3592/251/242
f 3591/3103/2770 3592/251/242 3560/3104/2771
f 266/1349/1271 3586/3098/2766 3592/251/242
f 382/1629/1525 3593/3105/2772 1416/3106/2773
f 3594/3107/2774 3595/3108/2775 3593/3105/2772
f 33/3109/2776 3594/3107/2774 383/1628/1518
f 3600/3110/2777 1486/3111/2778 3599/3112/2779
f 3602/3113/2780 3603/3114/2781 273/567/539
f 277/3115/2782 3604/3116/2783 276/3117/2784
f 3603/3114/2781 1455/3118/2785 1454/3119/2786
f 275/3120/2787 3602/3113/2780 274/566/538
f 352/3121/2788 351/3079/2749 3604/3116/2783
f 351/3079/2749 1489/3122/2789 3606/3123/2790
f 3606/3123/2790 1620/3124/2791 3605/3125/2792
f 273/567/539 1454/3119/2786 33/3109/2776
f 1491/3126/2793 3607/3127/2794 1490/3128/2795
f 3607/3127/2794 3608/3129/2796 981/1888/1752
f 3609/3130/2797 3610/3131/2798 1491/3126/2793
f 3887/3132/2799 981/1888/1752 639/3133/1178
f 1490/3128/2795 981/1888/1752 3887/3132/2799
f 210/1948/1803 3609/3130/2797 1492/3134/2800
f 3608/3129/2796 982/1889/1753 981/1888/1752
f 1502/3135/2801 1503/3136/2802 3613/3137/2803
f 3719/3138/2804 3612/3139/2805 1020/3140/2806
f 3613/3137/2803 3614/1928/1789 1019/3141/2807
f 3715/3142/2808 3719/3138/2804 3611/3143/2809
f 3717/3144/2810 1502/3135/2801 3612/3139/2805
f 1503/3136/2802 1549/1919/1783 3614/1928/1789
f 3614/1928/1789 1546/638/601 3838/3145/2811
f 3611/3143/2809 1021/3146/2812 1022/3147/2813
f 3617/3148/2814 3618/3149/2815 3616/3150/2816
f 3617/3148/2814 953/3151/2817 3618/3149/2815
f 3839/3152/2818 1501/3153/2819 3616/3154/2816
f 1501/3153/2819 1550/3155/1670 3617/3156/2814
f 1551/1798/1669 953/3151/2817 3617/3148/2814
f 1499/3157/2820 931/1711/1592 83/3158/2821
f 3620/3159/2822 3625/3160/2823 3624/3161/2824
f 3627/3162/2825 1552/3163/2826 3631/3164/2827
f 3639/3165/2828 3642/3166/2829 3641/3167/2830
f 3640/3168/2831 3643/1663/1554 3642/3166/2829
f 3641/3167/2830 3644/3169/2832 863/1559/1457
f 3642/3166/2829 3645/3170/2833 3644/3169/2832
f 3646/3171/2834 224/3172/2835 3648/3173/2836
f 1493/3174/2837 3637/3175/2838 3636/3176/2839
f 1494/3177/2840 3638/3178/2841 3637/3175/2838
f 1495/1352/1273 1554/1656/1549 3638/3178/2841
f 3643/1663/1554 1556/1651/1545 3645/3170/2833
f 860/3179/2842 3636/3176/2839 861/3180/2843
f 3653/3181/2844 3657/3182/2845 3656/3183/2846
f 3660/3184/2847 3663/3185/2848 3657/3182/2845
f 3661/3186/2849 3664/3187/2850 3660/3184/2847
f 568/3188/2851 567/3189/2852 3651/3190/2853
f 223/1631/1526 887/3191/2854 3665/3192/2855
f 3665/3192/2855 888/3193/2856 3664/3194/2850
f 3664/3194/2850 889/3195/2857 3663/3196/2848
f 3776/3197/2858 810/3198/2859 3775/3199/2860
f 3774/3200/2861 807/3201/2862 3773/3202/2863
f 3666/3203/2864 3668/3204/2865 3672/3205/2866
f 609/3206/2867 608/3207/2868 3666/3203/2864
f 3668/3204/2865 3669/3208/2869 805/3209/2870
f 1561/742/696 3682/3210/2871 3681/3211/2872
f 3685/3212/2873 215/908/844 1564/878/815
f 3684/3213/2874 1521/3214/2875 770/3215/2876
f 1521/3214/2875 1564/878/815 769/3216/2877
f 3672/3205/2866 805/3209/2870 3686/3217/2878
f 3671/3218/2879 3685/3212/2873 1521/3214/2875
f 3687/3219/2880 3691/3220/2881 3694/3221/2882
f 3694/3221/2882 3697/3222/2883 3700/3223/2884
f 3700/3223/2884 3701/3224/2885 609/3206/2867
f 590/3225/2886 3689/3226/2887 591/3227/2888
f 220/895/832 3690/894/831 590/3225/2886
f 3702/3228/2889 606/3229/2890 607/3230/2891
f 769/3216/2877 3704/880/817 3707/3231/2892
f 3706/3232/2893 1519/3233/2894 1518/3234/2895
f 3707/3231/2892 1520/3235/2896 1519/3233/2894
f 3708/882/819 214/3236/2897 1520/3235/2896
f 215/908/844 1537/1405/1324 1564/878/815
f 3712/3237/2898 1566/868/805 3714/3238/2899
f 3710/3239/2900 3713/3240/2901 3716/3241/2902
f 3713/3240/2901 3718/3242/2903 3717/3144/2810
f 3714/3238/2899 1567/870/807 3718/3242/2903
f 3716/3241/2902 3717/3144/2810 3719/3138/2804
f 3718/3242/2903 3720/3243/2904 1502/3135/2801
f 616/3244/2905 3715/3142/2808 85/1894/1758
f 3722/3245/2906 3727/3246/2907 3721/3247/2908
f 3754/3248/2909 3758/3249/2910 3757/3250/2911
f 3763/3251/2912 3764/3252/2913 557/3253/2914
f 558/3254/2915 3765/3255/2916 559/3256/2917
f 3764/3252/2913 3767/3257/2918 558/3254/2915
f 3766/752/705 3768/3258/2919 3764/3252/2913
f 3767/3257/2918 3770/3259/2920 3765/3255/2916
f 1572/751/704 3772/3260/2921 3768/3258/2919
f 560/3261/2922 617/3262/2923 640/1258/1188
f 3773/3202/2863 3778/3263/2924 3680/3264/2925
f 1574/741/695 3774/3200/2861 3682/3210/2871
f 3779/3265/2926 3780/3266/2927 810/3198/2859
f 809/3267/2928 3779/3265/2926 3776/3197/2858
f 3781/3268/2929 1508/3269/2930 3780/3266/2927
f 3785/3270/2931 3788/3271/2932 1508/3269/2930
f 3789/3272/2933 3792/3273/2934 3788/3271/2932
f 3793/3274/2935 3796/3275/2936 3792/3273/2934
f 3797/3276/2937 3800/3277/2938 3799/3278/2939
f 3798/724/680 3801/726/682 3800/3277/2938
f 3783/3279/2940 3786/3280/2941 3782/3281/2942
f 3805/3282/2943 3810/3283/2944 3804/3284/2945
f 3807/3285/2946 3810/3283/2944 3805/3282/2943
f 219/697/654 3802/3286/2947 586/3287/2948
f 3815/3288/2949 88/3289/2950 625/3290/2951
f 3823/3291/2952 3827/3292/2953 3826/3293/2954
f 3824/3294/2955 3828/3295/2956 3827/3292/2953
f 3826/3293/2954 3831/3296/2957 3825/3297/2958
f 3634/3298/2959 3824/3294/2955 3823/3291/2952
f 3635/3299/2960 1578/3300/2961 3824/3294/2955
f 1553/3301/2962 1941/688/647 1578/3300/2961
f 586/3287/2948 587/3302/2963 3836/3303/2964
f 1019/3141/2807 3838/3145/2811 3839/3152/2818
f 1022/3147/2813 1021/3146/2812 3840/1195/1127
f 1021/3146/2812 3839/3152/2818 1500/3304/2965
f 3838/3145/2811 1579/640/602 1501/3153/2819
f 3840/1195/1127 1500/3304/2965 1499/3305/2820
f 3840/1195/1127 1499/3305/2820 83/3306/2821
f 135/1194/1126 1022/3147/2813 3840/1195/1127
f 953/3151/2817 3842/3307/2966 954/3308/2967
f 3841/3309/2968 3844/3310/2969 630/3311/2970
f 3843/3312/2971 3845/3313/2972 3841/3309/2968
f 3845/3313/2972 3847/3314/2973 3844/3310/2969
f 3846/634/597 3848/3315/2974 3845/3313/2972
f 1582/621/586 3846/634/597 3843/3312/2971
f 1584/632/595 218/1288/1213 3850/3316/2975
f 3850/3316/2975 576/3317/2976 3849/3318/2977
f 3849/3318/2977 577/3319/2978 632/1206/1138
f 956/3320/2979 630/3311/2970 127/1200/1132
f 1585/3321/2980 3859/3322/2981 3854/3323/2982
f 3858/3324/2983 3861/3325/2984 3857/3326/2985
f 3874/3327/2986 3879/3328/2987 3878/3329/2988
f 3874/3327/2986 3875/3330/2989 3879/3328/2987
f 80/3331/2990 3863/3332/2991 635/3333/2992
f 3882/3334/2993 216/571/542 567/3189/2852
f 224/3172/2835 3886/3335/2994 3885/3336/2995
f 3885/3336/2995 3886/3335/2994 3889/3337/2996
f 864/3338/2997 3883/3339/2998 638/1245/1177
f 224/3172/2835 1586/526/501 3886/3335/2994
f 1587/528/502 1492/3340/2800 3886/3335/2994
f 1492/3134/2800 1491/3126/2793 3889/3341/2996
f 1026/515/491 3893/3342/2999 3610/3131/2798
f 3892/3343/3000 559/3256/2917 3891/3344/3001
f 3894/3345/3002 557/3253/2914 3893/3342/2999
f 3607/3127/2794 3890/3346/3003 3608/3129/2796
f 1548/516/492 1026/515/491 3609/3130/2797
f 557/3253/2914 558/3254/2915 3892/3343/3000
f 559/3256/2917 560/3261/2922 3890/3346/3003
f 1594/1275/1203 3900/3347/3004 3897/3348/3005
f 3907/3349/3006 3908/3350/3007 3906/3351/3008
f 3906/3351/3008 1591/3352/3009 3905/3353/3010
f 3908/3350/3007 1591/3352/3009 3906/3351/3008
f 1596/1297/1222 1593/3354/3011 3907/3349/3006
f 1593/3354/3011 1592/3355/3012 3908/3350/3007
f 3905/3353/3010 93/1106/1040 682/1112/1046
f 3901/3356/3013 682/1112/1046 681/3357/3014
f 1592/3355/3012 3910/3358/3015 3911/3359/3016
f 3909/3360/3017 3911/3359/3016 3913/3361/3018
f 3911/3359/3016 1598/1343/1267 3914/3362/3019
f 3913/3361/3018 3914/3362/3019 3915/3363/3020
f 3919/3364/3021 1599/1340/1264 3922/3365/3022
f 1591/3352/3009 1592/3355/3012 3909/3360/3017
f 1593/3354/3011 225/3366/3023 3910/3358/3015
f 3910/3358/3015 1597/1341/1265 1598/1343/1267
f 732/1107/1041 3912/3367/3024 2198/3368/3025
f 93/1106/1040 1590/3369/3026 732/1107/1041
s 0
f 1363/3370/3027 3283/3371/3027 3925/3372/3027 3924/3373/3027 3923/3374/3027 1037/3375/3027 1193/3376/3027 3093/3377/3027 1395/3378/3027 1271/3379/3027 1272/3380/3027 1273/3381/3027 3927/3382/3027 7/3383/3027 5/3384/3027 1361/3385/3027 1362/3386/3027
s 1
f 1600/3387/3028 1602/3388/3029 707/3389/3030
f 1603/3/3 1601/7/7 485/6/6 1604/1/1
f 1604/1/1 485/6/6 484/10/10 1605/4/4
f 708/3390/3031 707/3389/3030 1602/3388/3029 1606/3391/3032
f 1606/3391/3032 1602/3388/3029 1603/3/3 1607/2/2
f 709/3392/3033 708/3390/3031 1606/3391/3032 1608/3393/3034
f 1608/3393/3034 1606/3391/3032 1607/2/2 1609/3394/3035
f 1609/3394/3035 1607/2/2 1604/1/1 1610/5/5
f 710/3395/3036 709/3392/3033 1608/3393/3034 1611/3396/3037
f 1611/3396/3037 1608/3393/3034 1609/3394/3035 1612/3397/3038
f 1612/3397/3038 1609/3394/3035 1610/5/5 1613/3398/3039
f 711/3399/3040 710/3395/3036 1611/3396/3037 1614/3400/3041
f 1614/3400/3041 1611/3396/3037 1612/3397/3038 1615/3401/3042
f 1615/3401/3042 1612/3397/3038 1613/3398/3039 1616/3402/3043
f 712/3403/3044 711/3399/3040 1614/3400/3041 1617/3404/3045
f 1617/3404/3045 1614/3400/3041 1615/3401/3042 1618/3405/3046
f 1618/3405/3046 1615/3401/3042 1616/3402/3043 1619/3406/3047
f 707/3389/3030 48/3407/3048 487/1221/1153 1600/3387/3028
f 1600/3387/3028 487/1221/1153 486/8/8 1601/7/7
f 1613/3398/3039 1610/5/5 736/11/11 737/3408/3049
f 82/1228/1160 735/9/9 484/10/10
f 735/9/9 736/11/11 1605/4/4
f 1616/3402/3043 1613/3398/3039 737/3408/3049 738/3409/3050
f 1619/3406/3047 1616/3402/3043 738/3409/3050 739/3410/3051
f 600/3411/3052 1619/3406/3047 739/3410/3051 91/3412/3053
f 599/3413/3054 1618/3405/3046 1619/3406/3047 600/3411/3052
f 598/3414/3055 1617/3404/3045 1618/3405/3046 599/3413/3054
f 47/3415/3056 712/3403/3044 1617/3404/3045 598/3414/3055
f 1624/19/19 1620/3124/2791 1489/3122/2789 1622/3416/3057
f 1620/3124/2791 1621/12/12 1269/14/14
f 1620/3124/2791 1624/19/19 1621/12/12
f 1049/17/17 1624/19/19 1622/3416/3057 1050/3417/3058
f 1621/12/12 1624/19/19 1623/15/15
f 1622/3416/3057 1489/3122/2789 1424/3078/2748 1423/3418/3059
f 1622/3416/3057 1051/3419/3060 1050/3417/3058
f 1051/3419/3060 1622/3416/3057 1423/3418/3059 141/3420/3061
f 746/36/36 745/37/37 1625/22/22 1629/30/30
f 1623/15/15 1048/18/18 1047/20/20
f 103/24/24 242/28/28 1626/25/25
f 783/21/21 1627/27/27 1625/22/22
f 1626/25/25 1628/29/29 1627/27/27
f 1627/27/27 701/80/80 1629/30/30
f 1627/27/27 700/31/31 701/80/80
f 784/23/23 1625/22/22 109/38/38
f 782/32/32 1626/25/25 783/21/21
f 242/28/28 11/33/33 1628/29/29
f 1628/29/29 1660/34/34 700/31/31
f 1629/30/30 701/80/80 98/35/35
f 233/3421/3062 232/3422/3063 1630/3423/3064 1633/41/41
f 1633/41/41 1630/3423/3064 1631/3424/3065 1634/39/39
f 1634/39/39 1631/3424/3065 1632/3425/3066 1635/3426/3067
f 234/3427/3068 233/3421/3062 1633/41/41 1636/40/40
f 1637/42/42 1634/39/39 1635/3426/3067 1638/3428/3069
f 1634/39/39 1637/42/42 1636/40/40
f 235/3429/3070 234/3427/3068 1636/40/40 1639/43/43
f 1640/44/44 1637/42/42 1638/3428/3069 1641/3430/3071
f 1637/42/42 1640/44/44 1639/43/43
f 9/1458/1371 235/3429/3070 1639/43/43 699/45/45
f 232/3422/3063 8/999/935 696/997/933 1630/3423/3064
f 1630/3423/3064 696/997/933 695/995/931 1631/3424/3065
f 1631/3424/3065 695/995/931 694/993/929 1632/3425/3066
f 1632/3425/3066 694/993/929 494/1618/1515 238/3431/3072
f 1635/3426/3067 1632/3425/3066 238/3431/3072 239/3432/3073
f 1638/3428/3069 1635/3426/3067 239/3432/3073 240/3433/3074
f 1641/3430/3071 1638/3428/3069 240/3433/3074 241/3434/3075
f 10/3435/3076 697/3436/3077 1641/3430/3071 241/3434/3075
f 698/1459/1372 1640/44/44 1641/3430/3071 697/3436/3077
f 1649/3437/3078 1648/51/51 1646/50/50 1647/3438/3079
f 1640/44/44 698/1459/1372 699/45/45
f 226/57/57 1642/46/46 1644/48/48
f 1642/46/46 1643/49/49 1645/47/47
f 1643/49/49 1647/3438/3079 1646/50/50
f 1645/47/47 1646/50/50 1648/51/51
f 1651/52/52 1650/3439/3080 1644/48/48 1645/47/47
f 1653/3440/3081 1652/53/53 1648/51/51 1649/3437/3078
f 1651/52/52 1648/51/51 1652/53/53
f 1655/54/54 1654/3441/3082 1650/3439/3080 1651/52/52
f 644/1385/1304 645/55/55 1652/53/53 1653/3440/3081
f 1655/54/54 1652/53/53 645/55/55
f 1642/46/46 226/57/57 1/712/668 643/1028/964
f 1643/49/49 1642/46/46 643/1028/964 642/1026/962
f 1647/3438/3079 1643/49/49 642/1026/962 641/1024/960
f 232/3422/3063 1647/3438/3079 641/1024/960 8/999/935
f 234/3427/3068 1649/3437/3078 1647/3438/3079 233/3421/3062
f 1647/3438/3079 232/3422/3063 233/3421/3062
f 235/3429/3070 1653/3440/3081 1649/3437/3078 234/3427/3068
f 9/1458/1371 644/1385/1304 1653/3440/3081 235/3429/3070
f 646/56/56 647/3442/3083 1654/3441/3082 1655/54/54
f 3/1476/1389 229/3443/3084 1654/3441/3082 647/3442/3083
f 1654/3441/3082 229/3443/3084 228/3444/3085 1650/3439/3080
f 1650/3439/3080 228/3444/3085 227/58/58 1644/48/48
f 702/74/74 703/3445/3086 819/3446/3087 818/72/72
f 2390/61/61 1656/60/60 815/66/66
f 816/62/62 650/67/67 1657/63/63
f 788/75/75 248/77/77 814/59/59
f 821/76/76 2445/69/69 1658/71/71
f 820/70/70 819/3446/3087 703/3445/3086
f 742/84/84 98/35/35 701/80/80 1661/79/79
f 818/72/72 111/1576/1473 17/73/73
f 1667/97/97 1664/83/83 1665/85/85 1668/95/95
f 1660/34/34 1662/81/81 1659/78/78
f 1659/78/78 1663/82/82 1661/79/79
f 1661/79/79 1665/85/85 1664/83/83
f 1663/82/82 1666/86/86 1665/85/85
f 1662/81/81 256/89/89 1666/86/86
f 1668/95/95 1665/85/85 1666/86/86 1669/93/93
f 1669/93/93 1666/86/86 256/89/89 257/90/90
f 744/99/99 743/2965/2640 1664/83/83 1667/97/97
f 700/31/31 1659/78/78 701/80/80
f 11/33/33 254/87/87 1660/34/34
f 254/87/87 255/88/88 1662/81/81
f 1669/93/93 704/92/92 2760/94/94
f 1668/95/95 2760/94/94 2759/96/96
f 1667/97/97 2759/96/96 99/98/98
f 1676/100/100 1671/3447/3088 1672/3448/3089 1677/3449/3090
f 742/84/84 1664/83/83 743/2965/2640
f 1351/405/388 1679/404/387 1675/3450/3091
f 1671/3447/3088 1676/100/100 1670/102/102
f 1677/3449/3090 1672/3448/3089 1673/3451/3092 1678/3452/105
f 1678/105/105 1673/3453/3092 1674/3454/3093 1169/103/103
f 1169/103/103 1674/3454/3093 1675/3450/3091 1679/404/387
f 246/423/108 1305/422/402 3471/3455/3094 1670/3456/102
f 1670/3456/102 3471/3455/3094 3472/3457/3095 1671/3458/3088
f 1671/3447/3088 3472/3459/3095 3473/3460/3096 1672/3448/3089
f 1672/3461/3089 3473/3462/3096 3474/3463/3097 1673/3453/3092
f 1673/3453/3092 3474/3463/3097 3475/3464/3098 1674/3454/3093
f 1674/3454/3093 3475/3464/3098 3476/3465/3099 1675/3450/3091
f 1675/3450/3091 3476/3465/3099 198/3466/3100 1351/405/388
f 1171/2271/2075 1677/3449/3090 1678/3452/105 1170/2269/104
f 1679/404/387 189/2279/2079 1169/103/103
f 1138/2192/2016 1676/100/100 1677/3449/3090 1171/2271/2075
f 129/1260/1190 2813/3467/3101 964/113/112 2750/1882/1748
f 1676/100/100 1138/2192/2016 1172/101/101
f 1670/102/102 1172/101/101 247/107/107
f 1680/111/111 1681/110/110 1033/3468/113
f 963/1646/1540 263/115/114 1680/111/111
f 264/109/109 30/1241/1173 1681/110/110
f 1681/112/110 2748/1881/1747 964/113/112
f 1685/3469/3102 1684/119/118 1682/117/116 1683/129/127
f 898/118/117 1682/117/116 899/120/119
f 1689/131/129 1688/126/124 1684/3470/118 1685/3471/3102
f 1687/123/120 1684/3470/118 1688/126/124
f 1691/3472/123 1690/3473/3103 1686/122/121 1687/121/120
f 823/133/131 824/1562/1460 1688/126/124 1689/131/129
f 825/124/122 1688/126/124 824/1562/1460
f 286/3474/3104 1685/3471/3102 1683/3475/127 285/3476/128
f 822/127/125 284/128/126 1682/117/116
f 287/132/130 1689/131/129 1685/3471/3102 286/3474/3104
f 827/1568/1465 1690/3477/3103 1691/3478/123 826/1567/132
f 1690/3477/3103 115/1230/1162 2606/1697/134 1686/3479/121
f 1690/3477/3103 827/1568/1465 115/1230/1162
f 1695/3480/3105 290/442/421 1692/141/139 1488/140/138
f 1695/3480/3105 1488/140/138 1487/3481/3106 1696/145/143
f 1696/145/143 1487/3481/3106 1486/3111/2778 1697/139/137
f 1697/139/137 1486/3111/2778 1693/3482/3107 1698/137/135
f 1698/137/135 1693/3482/3107 1694/143/141 1270/13/13
f 1696/145/143 1101/2346/2133 290/442/421 1695/3480/3105
f 1693/3482/3107 3600/3110/2777 3601/3483/3108 1694/143/141
f 1697/139/137 1103/138/136 1696/145/143
f 1270/13/13 144/16/16 1698/137/135
f 3600/3110/2777 1693/3482/3107 1486/3111/2778
f 1694/143/141 3601/3483/3108 1455/3118/2785 1269/14/14
f 1702/3484/3109 1699/3485/148 1700/3486/152 1703/3487/3110
f 1101/2346/2133 1696/145/143 1102/144/142
f 1703/3487/3110 1700/3486/152 1701/3488/151 1704/3489/3111
f 1704/3490/3111 1701/153/151 37/155/153 299/3491/3112
f 1706/1162/1096 1702/3484/3109 1703/3487/3110 1707/1167/1101
f 1702/3484/3109 1706/1162/1096 1705/1164/1098
f 1708/1165/1099 1703/3487/3110 1704/3489/3111 1709/148/146
f 1703/3487/3110 1708/1165/1099 1707/1167/1101
f 1709/148/146 1704/3489/3111 299/3492/3112 300/146/144
f 1700/154/152 1699/150/148 60/149/147 298/152/150
f 1709/148/146 301/147/145 1708/1165/1099
f 59/1067/1001 296/3493/345 1702/3484/3109 1705/1164/1098
f 1702/3484/3109 296/3493/345 297/3494/149 1699/3485/148
f 1132/163/160 1233/2368/2151 2698/3495/166 1713/161/158
f 196/156/154 1710/169/165 1711/157/155
f 1710/169/165 1303/409/392 1711/157/155
f 2696/158/156 1711/157/155 1713/160/158
f 1712/159/157 1711/157/155 1714/3496/162
f 1711/157/155 1303/409/392 1714/3496/162
f 1713/161/158 1712/164/157 1133/162/159
f 1712/164/157 1714/166/162 1134/165/161
f 1303/409/392 1302/410/393 1714/3496/162
f 1714/166/162 1302/414/393 180/167/163
f 1715/171/167 960/173/169 908/612/579 307/611/578
f 1715/171/167 1717/176/172 1716/172/168
f 1041/3497/3113 1718/185/181 1719/184/180 1042/3498/3114
f 1717/176/172 2793/177/173 34/178/174
f 649/182/178 1411/181/177 1718/185/181
f 1411/181/177 1410/183/179 1718/185/181
f 1410/183/179 1310/3499/464 1309/186/182
f 1040/187/183 1718/185/181 1041/3497/3113
f 1722/3500/3115 286/3474/3104 285/3476/128 1720/3501/195
f 1309/186/182 1043/3502/3116 1719/184/180
f 1309/186/182 143/492/469 1043/3502/3116
f 1719/184/180 1043/3502/3116 1042/3498/3114
f 649/182/178 1718/185/181 1040/187/183
f 1723/191/187 1722/3500/3115 1720/3501/195 319/3503/194
f 1725/196/192 287/132/130 286/3474/3104 1722/3500/3115
f 319/3503/194 1721/189/185 1723/191/187
f 1721/189/185 321/3504/197 1724/190/186
f 1726/193/189 1725/196/192 1722/3500/3115 1723/191/187
f 1728/195/191 1727/192/188 1723/191/187 1724/190/186
f 1720/199/195 285/130/128 284/128/126 318/200/196
f 287/132/130 1725/196/192 325/197/193
f 1724/190/186 321/3504/197 322/3505/212 323/223/216
f 320/203/198 1721/202/185 319/198/194
f 2542/220/213 322/219/212 321/201/197
f 324/225/218 1729/194/190 1724/190/186 323/223/216
f 1732/209/202 323/223/216 322/3505/212 1730/207/201
f 326/3506/211 1730/207/201 322/3505/212
f 1735/212/205 1734/224/217 323/223/216 1732/209/202
f 1732/209/202 1731/208/200 1733/211/204
f 1738/228/221 2440/229/222 780/1454/426 1737/226/219
f 1733/211/204 328/210/203 1736/216/209
f 1734/224/217 1735/212/205 332/214/207
f 1735/212/205 1733/211/204 331/213/206
f 1733/211/204 1736/216/209 330/215/208
f 1731/205/200 2475/221/214 328/3507/203
f 1736/216/209 329/222/215 40/217/210
f 1854/234/227 1853/230/223 1738/228/221 1740/232/225
f 1738/228/221 334/227/220 1739/231/224
f 1737/237/219 780/447/426 104/1541/1439 333/235/228
f 1739/231/224 41/240/231 1740/232/225
f 1074/2357/2143 1745/247/238 1746/249/240 1075/253/244
f 1739/231/224 335/238/229 336/239/230
f 1741/243/234 1744/246/237 384/245/236
f 384/245/236 1744/246/237 385/1329/1254
f 1743/242/233 1746/249/240 1745/247/238
f 1744/246/237 161/250/241 385/1329/1254
f 1413/248/239 156/252/243 1746/249/240
f 1073/2360/2146 161/250/241 1745/247/238 1074/2357/2143
f 1749/3508/3117 1748/255/246 3443/260/251 3444/3509/3118
f 1747/254/245 3443/260/251 1748/255/246
f 1750/3510/3119 1749/3508/3117 3444/3509/3118 3445/3511/3120
f 1751/3512/3121 1750/3513/3119 3445/3514/3120 3446/3515/2624
f 1267/3516/252 1751/3512/3121 3446/3515/2624 3441/3517/2623
f 1753/3518/3122 1185/2303/2097 1748/255/246 1749/3508/3117
f 1265/257/248 1747/254/245 1752/256/247
f 1752/256/247 1748/255/246 1185/2303/2097
f 1754/3519/3123 1753/3518/3122 1749/3508/3117 1750/3510/3119
f 1755/263/254 1754/3520/3123 1750/3521/3119 1751/3522/3121
f 1747/254/245 1265/257/248 1358/2924/2609 3442/259/250
f 1751/3522/3121 1267/261/252 1755/263/254
f 1188/265/256 1187/3523/3124 1754/3520/3123 1755/263/254
f 3441/3517/2623 1360/3524/2467 1267/3516/252
f 1755/263/254 1268/262/253 184/264/255
f 1187/3523/3124 1186/3525/2096 1753/3526/3122 1754/3520/3123
f 1761/3527/3125 2701/276/267 1760/3528/3126 1762/3529/3127
f 1185/2303/2097 1753/3518/3122 1186/2304/2096
f 1757/267/258 1758/266/257 1756/269/260
f 1758/266/257 1252/270/261 1251/268/259
f 1758/266/257 1265/257/248 1253/258/249
f 1358/2924/2609 1265/257/248 1757/267/258
f 1759/275/266 1760/3528/3126 2701/276/267
f 1763/3530/3128 1761/3527/3125 1762/3529/3127 1764/3531/3129
f 1765/3532/263 1763/3530/3128 1764/3531/3129 1766/3533/3130
f 1762/3529/3127 364/3534/3131 1764/3531/3129
f 1766/3533/3130 1764/3531/3129 364/3534/3131 365/3535/3132
f 1767/3536/3133 1765/272/263 1766/3537/3130 1768/3538/3134
f 1765/272/263 1767/3536/3133 959/273/264
f 1768/3538/3134 1766/3537/3130 365/3539/3132 366/3540/3135
f 911/3541/3136 1768/3538/3134 366/3540/3135 46/3542/3137
f 363/1783/1656 1759/275/266 910/277/268
f 912/1727/1607 1767/3536/3133 1768/3538/3134 911/3541/3136
f 2709/3543/265 2706/3544/3138 1763/3530/3128 1765/3532/263
f 1767/3536/3133 912/1727/1607 959/273/264
f 2706/3544/3138 2704/1814/1683 1761/3527/3125 1763/3530/3128
f 170/3545/3139 1098/293/280 1770/284/270 1344/3546/3140
f 2701/276/267 1761/3527/3125 2704/1814/1683
f 1867/281/272 1409/289/276 1769/278/269
f 1769/278/269 1345/292/279 1770/279/270
f 1867/281/272 1769/278/269 1771/280/271
f 1872/3547/273 1771/283/271 1773/3548/275
f 1772/285/274 1770/284/270 1098/293/280
f 1409/289/276 3419/291/278 1769/278/269
f 3419/291/278 197/1975/1828 1345/292/279
f 1770/279/270 1345/292/279 1344/3549/3140
f 1775/299/286 372/296/283 705/853/790 1774/317/304
f 1773/3548/275 1772/285/274 169/295/282
f 1217/3550/3141 1773/3548/275 169/295/282
f 1777/301/288 1776/297/284 372/296/283 1775/299/286
f 1783/3551/296 1782/3552/293 1779/303/290 1780/302/289
f 373/298/285 1776/297/284 1779/303/290
f 1776/297/284 1777/301/288 1780/302/289
f 1777/301/288 1778/300/287 1781/304/291
f 1784/3553/299 1783/3551/296 1780/302/289 1781/304/291
f 279/3554/305 1784/3553/299 1781/304/291 280/305/292
f 1787/311/298 1786/307/294 1782/306/293 1783/309/296
f 1789/314/301 1788/310/297 1783/309/296 1784/312/299
f 1791/320/307 1790/313/300 1784/312/299 279/318/305
f 282/3555/3142 1775/299/286 1774/317/304 283/316/303
f 705/853/790 706/315/302 1774/317/304
f 281/1698/1582 1778/300/287 1775/299/286 282/3555/3142
f 48/3407/3048 707/3389/3030 1791/320/307 278/319/306
f 1778/300/287 281/1698/1582 280/305/292
f 707/3389/3030 708/3390/3031 1789/314/301 1790/313/300
f 1790/313/300 1791/320/307 707/3389/3030
f 708/3390/3031 709/3392/3033 1788/310/297 1789/314/301
f 709/3392/3033 710/3395/3036 1787/311/298 1788/310/297
f 710/3395/3036 711/3399/3040 1786/307/294 1787/311/298
f 711/3399/3040 712/3403/3044 1785/308/295 1786/307/294
f 712/3403/3044 47/3415/3056 376/3556/3143 1785/308/295
f 1785/308/295 376/3556/3143 375/3557/3144 1782/306/293
f 1782/3552/293 375/3558/3144 374/321/308 1779/303/290
f 1793/3559/3145 1792/323/310 654/322/309 1794/3560/3146
f 1796/3561/3147 1793/3559/3145 1794/3560/3146 1797/325/312
f 1793/3559/3145 1796/3561/3147 1795/3562/3148
f 1798/3563/3149 1795/3562/3148 1796/3561/3147 1799/3564/3150
f 1799/3564/3150 1796/3561/3147 1797/325/312 1800/3565/3151
f 1801/3566/3152 1798/3563/3149 1799/3564/3150 1802/3567/3153
f 1797/325/312 374/321/308 1800/3565/3151
f 1802/3567/3153 1799/3564/3150 1800/3565/3151 1803/3568/3154
f 1803/3568/3154 1800/3565/3151 374/321/308 375/3558/3144
f 1805/326/313 1801/3569/3152 1802/3570/3153 1806/3571/3155
f 1801/3569/3152 1805/326/313 1804/328/315
f 1807/3572/3156 1802/3570/3153 1803/3573/3154 1808/3574/3157
f 1802/3570/3153 1807/3572/3156 1806/3571/3155
f 1809/3575/3158 1803/3573/3154 375/3557/3144 1810/3576/3159
f 1803/3573/3154 1809/3575/3158 1808/3574/3157
f 1759/275/266 363/1783/1656 503/324/311 1792/323/310
f 1794/3560/3146 654/322/309 705/853/790 372/296/283
f 1797/325/312 1794/3560/3146 372/296/283 373/298/285
f 655/3577/3160 1810/3576/3159 376/3556/3143 47/3415/3056
f 375/3557/3144 376/3556/3143 1810/3576/3159
f 656/3578/3161 1809/3575/3158 1810/3576/3159 655/3577/3160
f 657/3579/3162 1808/3574/3157 1809/3575/3158 656/3578/3161
f 658/3580/3163 1807/3572/3156 1808/3574/3157 657/3579/3162
f 659/3581/3164 1806/3571/3155 1807/3572/3156 658/3580/3163
f 660/327/314 1805/326/313 1806/3571/3155 659/3581/3164
f 46/3542/3137 366/3540/3135 1804/328/315 660/327/314
f 366/3540/3135 365/3539/3132 1801/3569/3152 1804/328/315
f 365/3535/3132 364/3534/3131 1798/3563/3149 1801/3566/3152
f 364/3534/3131 1762/3529/3127 1795/3562/3148 1798/3563/3149
f 1762/3529/3127 1760/3528/3126 1793/3559/3145 1795/3562/3148
f 1760/3528/3126 1759/275/266 1792/323/310 1793/3559/3145
f 386/509/485 387/3582/321 1811/3583/320 1812/3584/3165
f 1814/1101/1035 386/509/485 1812/3584/3165 1813/329/316
f 1811/3583/320 389/3585/323 1812/3584/3165
f 1813/329/316 1812/3584/3165 389/3585/323 390/337/324
f 812/1526/1426 2478/1523/1425 1815/3586/331 1816/360/347
f 386/509/485 1814/1101/1035 78/507/483
f 1814/1101/1035 1813/329/316 392/331/318
f 1813/329/316 390/337/324 391/330/317
f 813/341/328 812/1526/1426 1816/360/347 1817/339/326
f 792/342/329 1817/339/326 393/351/338 58/1085/1019
f 1856/340/327 792/342/329 793/456/435
f 75/345/332 1815/344/331 2478/3587/1425
f 1820/359/346 1818/3588/343 1819/3589/335 1821/3590/3166
f 1818/356/343 394/357/344 1819/348/335
f 393/351/338 1820/359/346 1821/3590/3166 1823/349/336
f 1819/3589/335 1822/3591/334 1821/3590/3166
f 395/3592/333 296/3493/345 1822/3591/334
f 1823/349/336 1821/3590/3166 1822/3591/334 1824/352/339
f 1824/352/339 1822/3591/334 296/3493/345 1825/354/341
f 1816/360/347 1815/3586/331 1818/3588/343 1820/359/346
f 393/351/338 398/350/337 58/1085/1019
f 1823/349/336 397/353/340 398/350/337
f 1824/352/339 396/355/342 397/353/340
f 395/346/333 60/149/147 297/151/149
f 296/3493/345 59/1067/1001 1825/354/341
f 1820/359/346 393/351/338 1817/339/326
f 1261/3593/360 689/371/358 1827/370/357 1260/377/363
f 1452/366/353 3099/365/352 183/367/354
f 1855/385/369 302/387/371 1830/2591/2343 1831/383/367
f 689/375/358 1828/374/361 158/2040/1882
f 2479/382/366 3328/2898/2588 1408/372/359
f 1408/372/359 3409/2897/2587 1827/370/357
f 3409/2897/2587 1353/376/362 1827/370/357
f 1828/374/361 1071/2039/365 158/2040/1882
f 1829/389/373 1830/2591/2343 302/387/371
f 1835/3594/3167 1834/399/382 1832/3595/378 425/3596/380
f 1830/2591/2343 1259/390/374 1831/383/367
f 423/391/375 1833/395/379 893/392/376
f 1833/398/379 1832/3595/378 1834/399/382
f 427/842/781 1835/3594/3167 425/3596/380 426/840/779
f 424/397/381 1832/394/378 423/391/375
f 67/1058/992 426/3597/779 425/396/380
f 841/400/383 869/1244/1176 893/1665/376 1833/398/379
f 189/2279/2079 1679/404/387 1837/403/386 1250/2397/2176
f 1351/405/388 1407/401/384 1837/403/386
f 1837/403/386 1838/406/389 1250/2397/2176
f 1842/411/394 1839/407/390 1840/421/401 1843/3598/396
f 198/3466/3100 1407/401/384 1351/405/388
f 1407/401/384 3406/2890/2581 1836/402/385
f 1838/406/389 1249/3599/3168 3078/3600/2174
f 1838/406/389 3078/3600/2174 1250/2397/2176
f 1843/415/396 1840/3601/401 246/108/108 247/107/107
f 1166/413/395 1841/412/391 1842/417/394 1167/416/397
f 1303/409/392 236/2875/2567 3392/419/399 1839/407/390
f 1306/427/406 1307/2594/2346 1844/3602/3169 1205/425/404
f 3390/418/398 1840/421/401 1839/407/390
f 3393/420/400 246/423/108 1840/421/401
f 247/107/107 182/106/106 1168/424/403
f 1843/415/396 1168/424/403 1167/416/397
f 1308/2593/2345 1844/3602/3169 1307/2594/2346
f 3175/2506/2265 1844/3602/3169 1308/2593/2345 3173/3603/2331
f 1101/2346/2133 1220/444/423 1852/443/422 290/442/421
f 1414/241/232 272/369/356 1845/428/407
f 272/369/356 1453/364/351 1845/428/407
f 1845/428/407 1848/431/410 1847/430/409
f 1848/431/410 1184/433/412 1183/432/411
f 1847/430/409 1182/434/413 156/252/243
f 1846/429/408 1847/430/409 1413/248/239
f 1414/241/232 1846/429/408 1413/248/239
f 1849/440/419 1850/435/414 2594/437/416
f 2594/437/416 1851/436/415 741/439/418
f 1850/435/414 1852/443/422 1851/436/415
f 1436/441/420 1849/440/419 2594/437/416
f 1417/142/140 1692/141/139 1849/440/419
f 1850/435/414 1692/141/139 290/442/421
f 1219/445/424 1218/2094/1929 1851/436/415 1852/443/422
f 1854/234/227 2477/450/429 2476/1455/1368 1853/230/223
f 1851/436/415 1218/2094/1929 171/438/417
f 2474/1521/427 780/1454/426 2476/1455/1368
f 1195/454/433 3146/3604/3170 1855/385/369 1131/452/431
f 1855/385/369 176/384/368 1131/452/431
f 3146/3604/3170 1477/2524/2281 1418/451/430 1855/385/369
f 1857/3605/3171 1420/3606/3172 1421/3607/441 1485/3095/440
f 2427/455/434 1856/340/327 793/456/435
f 1425/3608/3173 1857/3605/3171 1485/3095/440 1426/3609/3174
f 160/2405/2181 1159/2403/2180 1420/3606/3172 1857/3605/3171
f 2357/3610/3175 1426/3609/3174 3579/3094/2763 204/3611/3176
f 1857/3605/3171 1425/3608/3173 160/2405/2181
f 203/3612/2681 3578/460/439 1421/462/441
f 1863/467/446 336/239/230 335/238/229 1860/464/443
f 1858/3613/442 1859/1981/444 1860/3614/443
f 1859/465/444 1861/471/450 1862/466/445
f 1864/469/448 1863/467/446 1860/464/443 1862/466/445
f 1858/3613/442 334/236/220 333/235/228 450/1600/1497
f 1863/467/446 452/470/449 453/468/447
f 1859/1981/444 1858/3613/442 450/1600/1497 451/3615/3177
f 1870/481/460 1869/480/459 1866/3616/467 1406/3617/466
f 262/473/452 265/474/453 1864/469/448
f 336/239/230 453/468/447 41/240/231
f 334/227/220 1858/463/442 335/238/229
f 1405/477/456 3384/476/455 1868/475/454
f 1865/3618/463 1866/3616/467 1869/480/459
f 1871/478/457 1870/3619/460 1406/487/466 1405/477/456
f 1866/488/467 1865/484/463 192/483/462 3376/486/465
f 1868/475/454 1867/281/272 1872/282/273
f 1871/478/457 1868/475/454 1216/479/458
f 1869/480/459 1215/482/461 143/492/469
f 1216/490/458 1872/3547/273 1217/3550/3141
f 3038/3620/468 3037/3621/3178 1870/481/460 1871/3622/457
f 1312/290/277 1867/281/272 3384/476/455
f 1872/3547/273 1773/3548/275 1217/3550/3141
f 1869/480/459 1309/186/182 1310/3499/464 1865/3618/463
f 1870/481/460 3037/3621/3178 1215/482/461
f 1163/499/476 145/2488/2248 1422/495/472 1874/494/471
f 1873/493/470 1484/3623/3179 1874/494/471
f 1484/3623/3179 1483/496/473 1874/494/471
f 1483/496/473 1433/3624/3180 1432/497/474
f 1165/501/478 1164/498/475 1874/494/471 1432/497/474
f 1877/3625/486 1547/519/493 971/518/494 970/3002/2676
f 1483/496/473 3576/3087/2757 1433/3624/3180
f 3576/3087/2757 206/3626/3181 1433/3624/3180
f 3126/2485/2245 1873/493/470 1422/495/472
f 1027/1955/1808 1875/505/481 975/508/484
f 973/1954/1807 387/334/321 2794/503/480
f 387/3582/321 386/509/485 2795/504/479
f 1875/505/481 386/509/485 78/507/483
f 975/508/484 78/507/483 974/1896/1760
f 1547/517/493 1877/510/486 1588/512/488
f 1588/512/488 1878/511/487 1589/514/490
f 1877/3627/486 1522/3628/496 1878/3629/487
f 2792/3630/1805 1876/3631/495 1547/3632/493
f 1522/757/496 1877/3625/486 970/3002/2676 77/3012/2686
f 464/1951/1802 1880/525/500 1879/524/499 465/534/507
f 1878/511/487 1991/522/497 1523/513/489
f 1539/523/498 2587/531/504 1879/524/499
f 1586/526/501 1539/530/498 1880/527/500
f 1880/527/500 464/3633/1802 1587/528/502
f 840/393/377 2581/1647/1541 1884/541/514 423/391/375
f 224/3172/2835 1540/529/503 1586/526/501
f 1879/524/499 833/532/505 832/533/506
f 465/534/507 832/533/506 381/535/508
f 1587/528/502 464/3633/1802 210/3634/1803
f 1881/537/510 1883/540/513 1882/538/511
f 1883/540/513 424/397/381 1884/541/514
f 1881/537/510 471/543/516 1883/540/513
f 472/542/515 67/1058/992 425/396/380
f 472/542/515 425/396/380 424/397/381
f 2581/1647/1541 2727/544/517 1882/538/511 1884/541/514
f 969/552/525 1885/551/524 2790/3635/1796 132/3636/3182
f 1887/545/518 1024/1945/1800 1888/546/519
f 1888/3637/519 1024/3638/1800 1889/553/523
f 1024/3638/1800 1885/551/524 1889/553/523
f 2578/547/520 1888/546/519 892/549/522
f 138/3639/1801 1025/1941/1798 1886/1943/1799
f 1024/3638/1800 2790/3635/1796 1885/551/524
f 315/3640/527 314/556/528 1890/548/521 1889/550/523
f 1889/553/523 969/552/525 3224/554/526
f 1896/3641/3183 1895/3642/3184 1893/3643/3185 1894/3644/3186
f 892/549/522 1890/548/521 314/556/528
f 2574/3645/3187 1887/545/518 2578/547/520
f 2574/3645/3187 1886/1943/1799 1887/545/518
f 2570/560/532 1891/559/531 1892/561/533
f 2572/562/534 1892/561/533 12/858/795
f 822/127/125 706/315/302 2569/558/530
f 1898/3646/3188 1897/3647/3189 1895/3642/3184 1896/3641/3183
f 274/3648/538 1899/3649/3190 1897/3647/3189 1898/3646/3188
f 1901/3650/540 1900/3651/3191 1899/3649/3190 274/3648/538
f 1903/564/536 1902/563/535 1900/3651/3191 1901/3650/540
f 1893/3643/3185 3866/3652/3192 1498/3653/3193 478/3654/3194
f 1894/3644/3186 1893/3643/3185 478/3654/3194 479/3655/3195
f 277/3115/2782 1894/3656/3186 479/3657/3195 44/3658/3196
f 276/3117/2784 1896/3659/3183 1894/3656/3186 277/3115/2782
f 275/3120/2787 1898/3660/3188 1896/3659/3183 276/3117/2784
f 33/3109/2776 1524/3661/1517 1903/569/536 273/567/539
f 1898/3660/3188 275/3120/2787 274/566/538
f 1524/1620/1517 1525/570/541 1904/565/537 1903/564/536
f 1902/563/535 3882/3334/2993 3880/3662/3197 1900/3651/3191
f 3882/3334/2993 1904/565/537 216/571/542
f 3882/3334/2993 1902/563/535 1904/565/537
f 1900/3651/3191 3880/3662/3197 3876/3663/3198 1899/3649/3190
f 1899/3649/3190 3876/3663/3198 3873/3664/3199 1897/3647/3189
f 1897/3647/3189 3873/3664/3199 3869/3665/3200 1895/3642/3184
f 1895/3642/3184 3869/3665/3200 3866/3652/3192 1893/3643/3185
f 1585/3321/2980 887/3191/2854 1906/574/545 1907/573/544
f 3859/3322/2981 1585/3321/2980 1907/573/544 1909/577/548
f 1905/572/543 1908/3666/3201 1907/573/544
f 1909/577/548 1907/573/544 1908/3666/3201 1910/575/546
f 3860/3667/3202 3859/3322/2981 1909/577/548 1911/576/547
f 3862/3668/3203 3860/3667/3202 1911/576/547 1912/3669/3204
f 1912/3669/3204 1911/576/547 1910/575/546 1913/3670/554
f 1908/3671/3201 1905/581/543 838/580/551 837/3672/3205
f 2567/579/550 1905/572/543 1906/574/545
f 1910/3673/546 1908/3671/3201 837/3672/3205 836/3674/3206
f 1913/585/554 1910/3673/546 836/3674/3206 50/583/552
f 1527/3675/3207 1912/3669/3204 1913/3670/554 1526/3676/553
f 217/3677/3208 3862/3668/3203 1912/3669/3204 1527/3675/3207
f 1917/592/561 1916/587/556 1914/586/555 1918/590/559
f 1915/2951/2632 271/2952/558 1914/3678/555
f 886/604/571 1920/605/572 1921/596/565 1922/602/569
f 271/2952/558 270/3679/563 1918/3680/559
f 1918/590/559 269/595/564 885/593/562
f 885/593/562 1921/596/565 1920/605/572
f 1914/3678/555 835/3681/2558 834/3682/3209 1915/2951/2632
f 1921/596/565 267/600/567 1922/602/569
f 835/2861/2558 1914/586/555 117/588/557
f 2554/607/574 2551/1607/1504 1917/592/561 1919/591/560
f 269/3683/564 268/597/566 1921/599/565
f 267/598/567 45/3684/3210 845/3685/568
f 1922/602/569 845/601/568 846/603/570
f 885/593/562 1920/605/572 2558/606/573
f 2551/1607/1504 2547/1604/1501 1916/587/556 1917/592/561
f 1923/618/581 1545/1801/580 1544/626/590 916/616/583
f 117/588/557 1916/587/556 2547/1604/1501
f 1023/1839/1706 2785/608/575 957/610/577
f 2785/608/575 973/1954/1807 972/609/576
f 957/610/577 972/609/576 307/611/578
f 307/611/578 972/609/576 1715/171/167
f 1580/615/582 1923/614/581 1581/3686/3211
f 1582/621/586 1581/3686/3211 1923/614/581 1924/619/584
f 915/623/587 1925/622/585 1924/617/584 916/616/583
f 1584/632/595 1583/633/596 1926/3687/588 1927/629/592
f 1925/620/585 1926/3687/588 1583/633/596
f 951/658/619 949/3688/611 1931/3689/610 1936/656/614
f 1926/624/588 915/623/587 1927/628/592
f 3523/1804/1673 917/625/589 1544/626/590
f 1927/628/592 914/627/591 71/3065/593
f 1584/632/595 1528/631/594 218/1288/1213
f 1582/621/586 1925/620/585 3846/634/597
f 1546/638/601 2783/1927/598 1929/639/600
f 1929/637/600 1928/636/599 1930/644/606
f 1928/636/599 131/642/604 968/643/605
f 1930/644/606 968/643/605 967/645/607
f 1929/637/600 1930/644/606 2690/647/609
f 1017/661/622 1935/653/615 1934/655/617
f 949/3688/611 951/658/619 950/1787/1660
f 1936/652/614 1932/651/613 1933/3690/3212 1937/3691/620
f 1937/3691/620 1933/3690/3212 1934/655/617 1938/654/616
f 1931/648/610 1018/1916/1780 2777/1915/1779 1932/651/613
f 951/658/619 430/657/618 952/670/629
f 1936/656/614 3452/660/621 430/657/618
f 1935/666/615 432/665/626 1938/668/616
f 1018/1916/1780 1931/648/610 139/650/612
f 1932/651/613 2777/1915/1779 2778/3692/3213 1933/3690/3212
f 1933/3690/3212 2778/3692/3213 2779/662/623 1934/655/617
f 1942/678/637 3828/3295/2956 1578/3300/2961 1941/688/647
f 134/663/624 501/3693/625 1935/653/615
f 501/664/625 70/2960/2635 432/665/626
f 1937/659/620 431/667/627 3452/660/621
f 37/155/153 298/152/150 1939/671/630
f 1939/671/630 1940/674/633 2684/672/631
f 298/152/150 60/149/147 1940/674/633
f 910/277/268 1939/671/630 947/673/632
f 1943/679/638 1942/678/637 1542/687/646 1541/1782/648
f 1941/688/647 1542/687/646 1942/678/637
f 1944/680/639 3830/3694/3214 3828/3295/2956 1942/678/637
f 3833/3695/3215 3830/3694/3214 1944/680/639 1945/683/642
f 1945/683/642 1944/680/639 1943/679/638 1946/681/640
f 3837/3696/3216 3833/3697/3215 1945/3698/642 1947/3699/641
f 1943/679/638 903/684/643 1946/681/640
f 219/697/654 3837/3696/3216 1947/3699/641 1530/696/653
f 1530/696/653 1947/3699/641 1946/3700/640 1529/3701/644
f 1951/3702/3217 1950/694/651 1949/693/650 1952/3703/656
f 1541/689/648 123/3035/1654 904/690/649
f 903/692/643 39/3704/3218 1529/3705/644
f 1953/3706/3219 1951/3702/3217 1952/3703/656 409/3707/657
f 1954/3708/3220 1953/3706/3219 409/3707/657 1955/3709/3221
f 1956/3710/3222 1954/3708/3220 1955/3709/3221 1957/3711/3223
f 1958/3712/3224 1956/3710/3222 1957/3711/3223 1959/3713/3225
f 1948/695/652 1530/696/653 1529/3701/644 1949/693/650
f 219/697/654 1948/695/652 3802/3286/2947
f 1949/700/650 1529/3705/644 39/3704/3218 410/698/655
f 1957/3714/3223 1955/3715/3221 408/3716/3226 407/3717/3227
f 409/701/657 408/3716/3226 1955/3715/3221
f 1959/3718/3225 1957/3714/3223 407/3717/3227 406/3719/3228
f 1531/3720/3229 1959/3718/3225 406/3719/3228 62/3721/3230
f 1532/893/830 1958/3712/3224 1959/3713/3225 1531/3722/3229
f 220/895/832 3821/3723/3231 1958/3712/3224 1532/893/830
f 3821/3723/3231 3818/3724/3232 1956/3710/3222 1958/3712/3224
f 3818/3724/3232 3814/3725/3233 1954/3708/3220 1956/3710/3222
f 3814/3725/3233 3811/3726/3234 1953/3706/3219 1954/3708/3220
f 3811/3726/3234 3808/3727/3235 1951/3702/3217 1953/3706/3219
f 3808/3727/3235 3802/3286/2947 1950/694/651 1951/3702/3217
f 1960/3728/3236 943/3729/3237 942/707/663 901/706/662
f 1948/695/652 1950/694/651 3802/3286/2947
f 1961/710/666 1960/3728/3236 901/706/662 900/708/664
f 1962/3730/3238 944/3731/3239 943/3729/3237 1960/3728/3236
f 1963/3732/3240 1962/3730/3238 1960/3728/3236 1961/710/666
f 1964/3733/3241 945/3734/3242 944/3731/3239 1962/3730/3238
f 1965/3735/3243 1964/3733/3241 1962/3730/3238 1963/3732/3240
f 1966/702/658 946/716/672 945/3734/3242 1964/3733/3241
f 1967/703/659 1966/702/658 1964/3733/3241 1965/3735/3243
f 1970/3736/3244 1969/714/670 1968/704/660 1967/703/659
f 946/716/672 1966/702/658 1968/704/660
f 518/711/667 1970/3736/3244 1967/703/659 517/3737/3245
f 515/1006/942 1963/3732/3240 1961/710/666 514/709/665
f 900/708/664 54/1019/955 514/709/665
f 516/1010/946 1965/3735/3243 1963/3732/3240 515/1006/942
f 517/3737/3245 1967/703/659 1965/3735/3243 516/1010/946
f 1969/714/670 2675/1769/1644 2673/717/673 1968/704/660
f 1970/3736/3244 518/711/667 920/713/669
f 1969/714/670 1970/3736/3244 920/713/669
f 2675/1769/1644 1969/714/670 921/715/671
f 1973/718/674 1577/3738/3246 1576/3739/3247 1971/3740/3248
f 1974/719/675 1973/718/674 1971/3740/3248 1972/723/679
f 1976/3741/3249 3795/3742/3250 1577/3738/3246 1975/720/676
f 1577/3738/3246 1973/718/674 1975/720/676
f 1977/3743/3251 1976/3741/3249 1975/720/676 1974/719/675
f 1978/3744/3252 3798/724/680 3795/3742/3250 1976/3741/3249
f 1979/3745/3253 1978/3744/3252 1976/3741/3249 1977/3743/3251
f 1981/3746/3254 1980/725/681 1978/3744/3252 1979/3745/3253
f 3798/724/680 1978/3744/3252 1980/725/681
f 1576/3739/3247 212/3747/3255 521/3748/3256 1971/3740/3248
f 1971/3740/3248 521/3748/3256 522/721/677 1972/723/679
f 361/3070/2740 1974/3749/675 1972/3750/679 362/3751/678
f 360/3066/2736 1977/3752/3251 1974/3749/675 361/3070/2740
f 359/3068/2738 1979/3753/3253 1977/3752/3251 360/3066/2736
f 358/3754/3257 1981/3755/3254 1979/3753/3253 359/3068/2738
f 44/3658/3196 479/3657/3195 1981/3755/3254 358/3754/3257
f 479/3655/3195 478/3654/3194 1980/725/681 1981/3746/3254
f 478/3654/3194 1498/3653/3193 3801/726/682 1980/725/681
f 1575/3756/3258 222/1502/1410 1983/731/687 1985/730/686
f 2572/562/534 12/858/795 1982/727/683
f 1985/730/686 1984/729/685 1538/1501/690 1986/736/689
f 212/3747/3255 1575/3756/3258 1985/730/686 521/3748/3256
f 521/3748/3256 1985/730/686 1986/736/689 522/721/677
f 1988/1498/691 2419/1417/693 106/1416/1334 74/1496/1407
f 791/1499/1409 790/732/688 1538/734/690
f 790/732/688 362/3751/678 522/3757/677
f 2418/740/694 1989/3758/3259 1574/741/695
f 2419/739/693 1990/738/692 1987/743/697
f 1987/743/697 525/1495/1406 1989/3758/3259
f 2418/740/694 1987/743/697 1989/3758/3259
f 1992/750/698 1991/3759/497 1522/757/496 1993/748/702
f 1991/522/497 1992/744/698 1570/746/700
f 1996/755/708 1994/747/701 1995/3760/703 1997/753/706
f 1571/745/699 1994/747/701 3766/752/705
f 1992/744/698 1995/3760/703 1994/747/701
f 1994/747/701 1996/755/708 1572/751/704
f 1573/3761/3260 1572/751/704 1996/755/708 1998/754/707
f 527/3762/1331 1997/760/706 345/3763/3261 43/3026/2700
f 77/3012/2686 348/756/709 1522/757/496
f 348/756/709 347/758/710 1993/748/702
f 347/758/710 346/759/711 1995/749/703
f 346/759/711 345/3763/3261 1997/760/706
f 526/1415/1333 1998/754/707 1997/753/706 527/1413/1331
f 213/3764/3262 1573/3761/3260 1998/754/707 526/1415/1333
f 2002/765/716 2001/764/715 2000/763/714 1999/762/713
f 2003/3765/725 2002/765/716 1999/762/713 343/772/723
f 2006/767/718 2005/3766/3263 2004/766/717 2002/765/716
f 2007/768/719 2006/767/718 2002/765/716 2003/3765/725
f 475/769/720 884/780/729 2005/3766/3263 2006/767/718
f 2005/3766/3263 883/1591/1488 2532/1590/1487 2004/766/717
f 119/1586/1483 528/770/721 882/761/712
f 528/770/721 529/771/722 1999/762/713
f 529/3767/722 42/2645/2387 343/773/723
f 2003/775/725 342/774/724 341/776/726
f 2007/777/719 341/776/726 340/778/727
f 476/779/728 340/778/727 461/1932/1793
f 475/769/720 2007/768/719 476/1944/728
f 2004/766/717 2532/1590/1487 2531/3768/3264 2001/764/715
f 2001/764/715 2531/3768/3264 2528/782/731 2000/763/714
f 2009/3769/739 2008/784/733 866/1412/1330 865/1411/737
f 879/783/732 866/1412/1330 2008/784/733
f 2011/3770/3265 2010/786/735 2008/784/733 2009/3769/739
f 880/785/734 2008/784/733 881/787/736
f 528/770/721 119/1586/1483 881/787/736 2010/786/735
f 529/771/722 528/770/721 2010/786/735 2011/3770/3265
f 751/2643/2385 2011/3771/3265 2009/790/739 752/789/738
f 42/2645/2387 529/3767/722 2011/3771/3265 751/2643/2385
f 2013/793/742 2012/794/743 2468/1580/1477 2469/791/740
f 875/804/751 874/3772/3266 2015/3773/3267 2016/802/749
f 2469/791/740 112/3774/745 2014/792/741
f 2013/793/742 2014/792/741 530/801/748
f 877/3775/3268 876/3776/3269 2017/803/750 2018/807/754
f 875/804/751 2017/803/750 876/3776/3269
f 878/1571/1468 877/3775/3268 2018/807/754 2019/806/753
f 2017/803/750 355/805/752 2018/807/754
f 532/1489/757 121/1574/1471 878/1571/1468 2019/806/753
f 874/3772/3266 846/603/570 845/601/568 2015/3773/3267
f 2015/3777/3267 845/3685/568 45/3684/3210 357/2808/2518
f 2016/810/749 2015/3777/3267 357/2808/2518 356/808/755
f 306/1826/1691 2021/816/759 674/822/763 69/1824/1692
f 355/811/752 354/812/756 2019/814/753
f 354/812/756 350/2812/1403 532/813/757
f 2020/815/758 674/822/763 2021/816/759
f 2025/1118/1052 2021/818/759 306/1823/1691 2026/3778/3270
f 2022/820/760 2024/819/761 2023/823/764
f 2021/818/759 2025/1118/1052 2024/819/761
f 2028/3779/3271 3747/3780/3272 3744/3781/3273 2027/3782/3274
f 725/839/778 673/821/762 2020/815/758
f 306/1823/1691 68/1213/1145 2026/3778/3270
f 2022/820/760 2023/823/764 2038/825/766
f 2020/815/758 2022/817/760 2037/838/767
f 2029/3783/770 2028/3779/3271 2027/3782/3274 672/3784/768
f 2030/3785/3275 3750/3786/3276 3747/3780/3272 2028/3779/3271
f 670/3787/2761 2030/3785/3275 2028/3779/3271 2029/3783/770
f 2031/3788/3277 3753/3789/3278 3750/3786/3276 2030/3785/3275
f 669/3790/2759 2031/3788/3277 2030/3785/3275 670/3787/2761
f 2032/3791/3279 3756/3792/3280 3753/3789/3278 2031/3788/3277
f 668/3793/2760 2032/3791/3279 2031/3788/3277 669/3790/2759
f 2033/3794/3281 3760/3795/3282 3756/3792/3280 2032/3791/3279
f 667/3796/2758 2033/3794/3281 2032/3791/3279 668/3793/2760
f 2034/3797/3283 3762/3798/3284 3760/3795/3282 2033/3794/3281
f 666/3799/771 2034/3797/3283 2033/3794/3281 667/3796/2758
f 2027/3782/3274 3744/3781/3273 1516/3800/3285 533/3801/3286
f 672/3784/768 2027/3782/3274 533/3801/3286 534/3802/3287
f 505/3803/773 504/3804/3288 2034/3797/3283 666/3799/771
f 534/3805/3287 52/3092/2762 672/827/768
f 2029/829/770 671/828/769 670/3091/2761
f 504/3804/3288 1507/3806/3289 3762/3798/3284 2034/3797/3283
f 426/3597/779 67/1058/992 724/835/776 2036/834/775
f 2040/3807/3290 2039/841/780 426/840/779 2036/3808/775
f 725/839/778 2037/838/767 2035/833/774
f 2035/836/774 2037/826/767 2038/825/766
f 2041/837/777 2040/3807/3290 2036/3808/775 2035/836/774
f 3726/3809/3291 3724/3810/3292 2042/3811/3293 2044/3812/3294
f 2041/837/777 2038/825/766 726/824/765
f 725/839/778 2035/833/774 724/835/776
f 2044/3812/3294 2042/3811/3293 2043/845/784 2045/844/783
f 3729/3813/3295 3726/3809/3291 2044/3812/3294 2046/3814/3296
f 2046/3814/3296 2044/3812/3294 2045/844/783 722/3815/785
f 3732/3816/3297 3729/3813/3295 2046/3814/3296 2047/3817/3298
f 2047/3817/3298 2046/3814/3296 722/3815/785 721/3818/3299
f 3735/3819/3300 3732/3816/3297 2047/3817/3298 2048/3820/3301
f 2048/3820/3301 2047/3817/3298 721/3818/3299 720/3821/3302
f 3738/3822/3303 3735/3819/3300 2048/3820/3301 2049/3823/3304
f 2049/3823/3304 2048/3820/3301 720/3821/3302 2050/3824/788
f 3741/3825/3305 3738/3822/3303 2049/3823/3304 2051/3826/3306
f 2051/3826/3306 2049/3823/3304 2050/3824/788 718/3827/787
f 3724/3810/3292 217/3677/3208 1527/3675/3207 2042/3811/3293
f 2042/3811/3293 1527/3675/3207 1526/3676/553 2043/845/784
f 2043/3828/784 1526/584/553 50/583/552 723/846/782
f 533/3801/3286 2051/3826/3306 718/3827/787 534/3802/3287
f 720/3829/3302 719/849/786 2050/851/788
f 718/850/787 52/3092/2762 534/3805/3287
f 1516/3800/3285 3741/3825/3305 2051/3826/3306 533/3801/3286
f 2053/860/797 935/1488/1400 934/862/799 2055/859/796
f 1892/561/533 535/854/791 12/858/795
f 706/315/302 705/853/790 1891/559/531
f 705/853/790 654/322/309 536/852/789
f 503/324/311 2052/855/792 536/852/789
f 535/854/791 502/856/793 12/858/795
f 2052/855/792 502/856/793 535/854/791
f 2053/860/797 388/332/319 2054/861/798
f 2058/867/804 1566/868/805 1565/3830/3307 2056/865/802
f 2055/859/796 55/335/322 388/332/319
f 2068/863/800 754/459/438 2055/859/796
f 2055/859/796 753/864/801 55/335/322
f 2060/873/810 2059/869/806 2058/867/804 2057/866/803
f 1566/868/805 2058/867/804 2059/869/806
f 498/1923/1786 497/3831/813 2061/3832/808 2062/3833/811
f 1567/870/807 2059/869/806 1568/872/809
f 2059/869/806 2060/873/810 2061/871/808
f 1569/875/812 2061/871/808 497/876/813
f 2056/865/802 1565/3830/3307 214/3236/2897 541/888/825
f 2057/866/803 2056/865/802 541/888/825 542/887/824
f 460/3834/3308 2057/3835/803 542/3836/824 66/3015/2689
f 459/3837/3309 2060/3838/810 2057/3835/803 460/3834/3308
f 458/3839/3310 2062/3833/811 2060/3838/810 459/3837/3309
f 76/3840/3311 498/1923/1786 2062/3833/811 458/3839/3310
f 2064/885/822 2063/879/816 1536/1408/1327 1535/883/820
f 1564/878/815 1537/1405/1324 2063/879/816
f 1537/1405/1324 1536/1408/1327 2063/879/816
f 2066/3841/3312 2065/881/818 2063/879/816 2064/885/822
f 3704/880/817 2063/879/816 2065/881/818
f 2067/886/823 214/3236/2897 3708/882/819 2065/881/818
f 542/887/824 2067/886/823 2065/881/818 2066/3841/3312
f 749/3842/3313 2066/3843/3312 2064/3844/822 750/3845/821
f 66/3015/2689 542/3836/824 2066/3843/3312 749/3842/3313
f 3693/3846/3314 3690/894/831 2069/3847/3315 2071/3848/3316
f 214/3236/2897 2067/886/823 541/888/825
f 935/1488/1400 2463/1409/1328 934/862/799
f 2463/1409/1328 2464/889/826 2068/863/800
f 2071/3848/3316 2069/3847/3315 2070/3849/3317 2072/3850/3318
f 3696/3851/3319 3693/3846/3314 2071/3848/3316 2073/3852/3320
f 2073/3852/3320 2071/3848/3316 2072/3850/3318 2074/897/834
f 1562/3853/3321 3696/3851/3319 2073/3852/3320 2075/892/829
f 2075/892/829 2073/3852/3320 2074/897/834 2076/890/827
f 1563/3854/3322 1562/3853/3321 2077/891/828 2078/3855/3323
f 2075/892/829 2077/891/828 1562/3853/3321
f 2078/3855/3323 2077/891/828 2076/890/827 2079/899/836
f 2069/3847/3315 1532/893/830 1531/3722/3229 2070/3849/3317
f 1532/893/830 2069/3847/3315 3690/894/831
f 2070/3856/3317 1531/3720/3229 62/3721/3230 418/3857/3324
f 2072/3858/3318 2070/3856/3317 418/3857/3324 417/3859/3325
f 2074/3860/834 2072/3858/3318 417/3859/3325 416/3048/833
f 1533/1484/838 1534/3861/3326 2078/3855/3323 2079/899/836
f 416/3048/833 415/3045/835 2076/3862/827
f 415/3045/835 64/900/837 2079/902/836
f 1534/3861/3326 221/3863/3327 1563/3854/3322 2078/3855/3323
f 2083/912/848 2085/1404/1323 2460/907/843 2461/1483/1396
f 2080/676/635 2082/905/841 543/903/839
f 2081/904/840 57/343/330 2082/905/841
f 60/149/147 395/346/333 2081/904/840
f 395/346/333 394/357/344 2081/904/840
f 215/908/844 2460/907/843 2085/1404/1323
f 2084/911/847 2083/912/848 2461/1483/1396 2462/909/845
f 2092/920/856 2091/919/855 2090/918/854 2089/915/851
f 2084/3864/847 113/3865/846 797/3100/2768
f 2084/3864/847 797/3100/2768 422/3101/1325
f 2655/924/860 2086/914/850 2088/916/852
f 2086/914/850 2087/917/853 2089/915/851
f 228/3444/3085 2092/920/856 2089/915/851 227/58/58
f 229/3443/3084 2094/922/858 2092/920/856 228/3444/3085
f 2093/921/857 2092/920/856 2094/922/858
f 226/57/57 2087/917/853 920/713/669 1/712/668
f 2093/921/857 923/923/859 2664/925/861
f 921/715/671 920/713/669 2086/914/850
f 922/1474/1387 2094/922/858 229/3443/3084 3/1476/1389
f 2087/917/853 226/57/57 227/58/58
f 2093/921/857 2663/926/862 2661/3866/3328 2091/919/855
f 2094/922/858 922/1474/1387 923/923/859
f 2091/919/855 2661/3866/3328 2659/1751/1629 2090/918/854
f 2090/918/854 2659/1751/1629 2657/927/863 2088/916/852
f 2409/1402/1321 128/934/870 2095/929/865 925/933/869
f 110/68/68 924/931/867 2096/928/864
f 2456/930/866 2095/929/865 128/934/870
f 110/68/68 14/65/65 924/931/867
f 2650/950/886 2649/1741/1620 2098/944/880 2101/945/881
f 128/934/870 2409/1402/1321 126/935/871
f 933/937/873 2410/940/876 2099/938/874
f 2097/939/875 2099/938/874 2098/944/880
f 2099/938/874 230/942/878 2100/943/879
f 933/937/873 941/3867/3329 2617/1403/1322 2409/1402/1321
f 2649/1741/1620 2647/951/887 2097/939/875 2098/944/880
f 932/941/877 102/1396/1315 230/942/878
f 2100/943/879 231/946/882 6/947/883
f 2100/943/879 926/948/884 2101/945/881
f 2102/954/890 926/948/884 6/947/883 249/952/888
f 2104/955/891 939/1733/1613 2102/954/890 2105/953/889
f 939/1733/1613 2104/955/891 2103/957/893
f 2108/960/896 2104/955/891 2105/953/889 2109/959/895
f 249/952/888 2107/958/894 2105/953/889
f 2104/955/891 2108/960/896 2106/956/892
f 940/968/904 2110/961/897 2108/960/896 499/966/902
f 2107/958/894 2111/962/898 2109/959/895
f 499/966/902 2108/960/896 2109/959/895 2112/963/899
f 939/1733/1613 927/949/885 2101/945/881 2102/954/890
f 2111/962/898 2107/958/894 250/1304/1229 251/964/900
f 249/952/888 250/1304/1229 2107/958/894
f 500/3868/3330 2112/963/899 2111/962/898 22/965/901
f 2644/969/905 2643/970/906 2106/956/892 2110/961/897
f 2112/963/899 500/3868/3330 499/966/902
f 2640/971/907 2639/972/908 2103/957/893 2106/956/892
f 540/1002/938 717/1001/937 716/976/912 2114/975/911
f 939/1733/1613 2103/957/893 2637/973/909
f 2115/977/913 715/974/910 2113/986/922 2116/3869/3331
f 715/974/910 2115/977/913 2114/975/911
f 2116/3869/3331 2113/986/922 492/989/925 491/3870/3332
f 539/982/918 540/1002/938 2114/975/911 2117/978/914
f 2118/979/915 2116/3869/3331 491/3870/3332 490/990/926
f 2116/3869/3331 2118/979/915 2115/977/913
f 2123/998/934 2120/981/917 2121/983/919 2124/996/932
f 2115/977/913 2119/980/916 2117/978/914
f 2117/978/914 2121/983/919 2120/981/917
f 2119/980/916 2122/984/920 2121/983/919
f 2118/979/915 489/991/927 2122/984/920
f 2124/996/932 2121/983/919 2122/984/920 2125/994/930
f 2125/994/930 2122/984/920 489/991/927 488/992/928
f 537/1000/936 538/3871/3333 2120/981/917 2123/998/934
f 714/987/923 2113/986/922 715/974/910
f 713/985/921 492/989/925 2113/986/922
f 488/992/928 494/1618/1515 694/993/929
f 2125/994/930 694/993/929 695/995/931
f 2124/996/932 695/995/931 696/997/933
f 2123/998/934 696/997/933 8/999/935
f 2131/1013/949 2130/1005/941 2126/1004/940 2127/1021/957
f 539/982/918 2120/981/917 538/3871/3333
f 1602/3388/3029 1600/3387/3028 1601/7/7 1603/3/3
f 2128/1007/943 662/1023/959 2129/1008/944
f 662/1023/959 661/3872/3334 2129/1008/944
f 2132/1009/945 2131/1013/949 2127/1021/957 2128/1007/943
f 2135/1015/951 517/3737/3245 516/1010/946 2130/1005/941
f 2132/1009/945 2129/1008/944 2133/1012/948
f 538/3871/3333 2139/1018/954 2133/1012/948 2134/1011/947
f 2130/1005/941 2131/1013/949 2135/1015/951
f 2131/1013/949 2132/1009/945 2136/1014/950
f 517/3737/3245 2135/1015/951 2137/1017/953
f 2135/1015/951 2136/1014/950 2138/1016/952
f 2136/1014/950 2133/1012/948 2139/1018/954
f 2141/1027/963 2140/1029/965 2137/1017/953 2138/1016/952
f 2142/1025/961 2141/1027/963 2138/1016/952 2139/1018/954
f 537/1000/936 2142/1025/961 2139/1018/954 538/3871/3333
f 2128/1007/943 2127/1021/957 664/3873/3335 663/1022/958
f 54/1019/955 665/1020/956 2126/1004/940
f 665/1020/956 664/3873/3335 2127/1021/957
f 540/1002/938 2129/1008/944 661/3872/3334 51/1003/939
f 539/982/918 2134/1011/947 2129/1008/944 540/1002/938
f 2140/1029/965 518/711/667 517/3737/3245 2137/1017/953
f 2134/1011/947 539/982/918 538/3871/3333
f 2142/1025/961 537/1000/936 641/1024/960
f 2141/1027/963 2142/1025/961 642/1026/962
f 2140/1029/965 2141/1027/963 643/1028/964
f 518/711/667 2140/1029/965 1/712/668
f 2145/1037/973 186/2257/2068 1313/1032/968 2143/1031/967
f 514/709/665 2126/1004/940 515/1006/942
f 1314/1030/966 1404/2856/2553 2143/1031/967
f 1404/2856/2553 1403/1033/969 2143/1031/967
f 1403/1033/969 193/1035/971 2144/1034/970
f 1080/1038/974 2145/1037/973 2143/1031/967 2144/1034/970
f 163/2057/1897 1080/1038/974 2144/1034/970 349/1036/972
f 2147/1044/980 1012/1043/979 1011/1905/1769 2151/3874/3336
f 186/2257/2068 2145/1037/973 1158/1039/975
f 1013/1040/976 2147/1044/980 2146/1041/977
f 2151/3874/3336 1011/1905/1769 1010/1904/1768 2148/3875/3337
f 2149/3876/982 2148/3875/3337 1010/1904/1768 1009/1903/1767
f 976/3877/3338 2149/3876/982 1009/1903/1767 977/3878/3339
f 2146/1047/977 2150/1046/981 100/1051/985
f 2147/1045/980 2151/3879/3336 2150/1046/981
f 1009/1903/1767 133/1902/1766 977/3878/3339
f 442/1050/984 441/3880/3340 2151/3879/3336 2148/3881/3337
f 2149/1048/982 976/3882/3338 73/1049/983
f 2148/3881/3337 2149/1048/982 442/1050/984
f 440/3883/3341 2150/1046/981 2151/3879/3336 441/3880/3340
f 740/2944/986 137/2943/2625 1014/1042/978 2146/1041/977
f 2150/1046/981 440/3883/3341 100/1051/985
f 69/1824/1692 674/822/763 2152/1055/989 2695/1806/1675
f 2152/1055/989 978/1057/991 2695/1806/1675
f 2153/1053/987 2152/1055/989 674/822/763
f 724/835/776 471/543/516 2154/1056/990 2155/1054/988
f 2154/1056/990 978/1057/991 2152/1055/989
f 471/543/516 724/835/776 472/542/515
f 2157/3884/3342 2156/1400/1319 2449/3885/3343 2450/3886/3344
f 2155/1054/988 725/839/778 724/835/776
f 2154/1056/990 2153/1053/987 2155/1054/988
f 2158/1061/995 2452/1060/994 2159/1063/997
f 2449/3885/3343 2156/1400/1319 2448/1399/1318
f 2158/1061/995 2157/3884/3342 2450/3886/3344 2451/1059/993
f 2163/3887/3345 2162/1087/1021 513/1068/1002 2160/3888/3346
f 2159/1063/997 799/1062/996 610/3889/3347
f 2164/1066/1000 2163/3887/3345 2160/3888/3346 2161/1064/998
f 2166/1072/1006 2165/1065/999 2161/1064/998 510/1070/1004
f 2168/3890/3348 2167/1086/1020 2162/1087/1021 2163/3887/3345
f 2169/3891/3349 2168/3890/3348 2163/3887/3345 2164/1066/1000
f 2170/3892/3350 2169/3891/3349 2164/1066/1000 2165/1065/999
f 2171/1074/1008 2170/3892/3350 2165/1065/999 2166/1072/1006
f 2173/1081/1015 2172/1084/1018 2167/1086/1020 2168/3890/3348
f 2174/1078/1012 2173/1081/1015 2168/3890/3348 2169/3891/3349
f 2175/1076/1010 2174/1078/1012 2170/3892/3350 2171/1074/1008
f 2169/3891/3349 2170/3892/3350 2174/1078/1012
f 2161/1064/998 2160/3888/3346 512/3893/3351 511/1069/1003
f 513/1068/1002 512/3893/3351 2160/3888/3346
f 544/1077/1011 545/1079/1013 2174/1078/1012 2175/1076/1010
f 510/1070/1004 88/3289/2950 611/1071/1005
f 2166/1072/1006 611/1071/1005 612/1073/1007
f 2171/1074/1008 612/1073/1007 613/1075/1009
f 546/1080/1014 547/1082/1016 2173/1081/1015 2174/1078/1012
f 548/1083/1017 549/1468/1381 2172/1084/1018 2173/1081/1015
f 2162/1087/1021 396/355/342 1825/354/341 513/1068/1002
f 58/1085/1019 2172/1084/1018 549/1468/1381
f 398/350/337 2167/1086/1020 2172/1084/1018
f 397/353/340 2162/1087/1021 2167/1086/1020
f 2178/3894/3352 2177/3895/3353 764/3896/3354 763/3897/3355
f 765/1088/1022 2177/3895/3353 2176/1089/1023
f 765/1088/1022 764/3896/3354 2177/3895/3353
f 2179/3898/3356 2178/3894/3352 762/3899/3357 761/3900/3358
f 763/3897/3355 762/3899/3357 2178/3894/3352
f 602/3901/3359 601/3902/3360 2176/1089/1023 2177/3895/3353
f 603/3903/3361 602/3901/3359 2177/3895/3353 2178/3894/3352
f 604/3904/3362 603/3903/3361 2178/3894/3352 2179/3898/3356
f 614/3905/3363 2179/3898/3356 761/3900/3358 108/3906/3364
f 92/3907/3365 604/3904/3362 2179/3898/3356 614/3905/3363
f 56/338/325 2426/1091/1025 2176/1089/1023 601/3902/3360
f 2184/3908/3366 2188/1096/1030 2180/3909/3367 2181/3910/3368
f 766/1090/1024 2176/1089/1023 107/457/436
f 2185/1094/1028 2184/3908/3366 2181/3910/3368 2182/1092/1026
f 580/1100/1034 579/1098/1032 2184/3908/3366 2185/1094/1028
f 2186/1093/1027 2183/1095/1029 2187/1099/1033
f 2188/1096/1030 2184/3908/3366 579/1098/1032
f 391/330/317 56/338/325 601/3902/3360 2180/3909/3367
f 2185/1094/1028 2186/1093/1027 580/1100/1034
f 2181/3910/3368 2180/3909/3367 601/3902/3360 602/3901/3359
f 2182/1092/1026 2181/3910/3368 602/3901/3359 603/3903/3361
f 2183/1095/1029 2182/1092/1026 603/3903/3361 604/3904/3362
f 615/3911/3369 2183/1095/1029 604/3904/3362 92/3907/3365
f 616/3244/2905 2187/1099/1033 2183/1095/1029 615/3911/3369
f 85/1894/1758 581/1892/1756 2187/1099/1033 616/3244/2905
f 392/331/318 391/330/317 2180/3909/3367 2188/1096/1030
f 580/1100/1034 2187/1099/1033 581/1892/1756
f 392/331/318 578/1097/1031 1814/1101/1035
f 2191/3912/3370 726/824/765 2189/1116/1050 2192/3913/3371
f 2192/3913/3371 2189/1116/1050 2190/1114/1048 2193/3914/3372
f 2193/3914/3372 2190/1114/1048 732/1107/1041 2194/3915/3373
f 2195/1104/1038 2191/3912/3370 2192/3913/3371 2196/1102/1036
f 2196/1102/1036 2192/3913/3371 2193/3914/3372 2197/3916/3374
f 2197/3916/3374 2193/3914/3372 2194/3915/3373 2198/3368/3025
f 2199/1103/1037 2196/1102/1036 2197/3916/3374 2200/3917/3375
f 2198/3368/3025 733/3918/3376 2197/3916/3374
f 2200/3917/3375 2197/3916/3374 733/3918/3376 734/3919/3377
f 562/3920/3378 2200/3917/3375 734/3919/3377 79/3921/3379
f 2211/1115/1049 2189/1116/1050 726/824/765
f 2212/1113/1047 2190/1114/1048 2189/1116/1050
f 2213/1108/1042 732/1107/1041 2190/1114/1048
f 732/1107/1041 2198/3368/3025 2194/3915/3373
f 561/3922/3380 2199/1103/1037 2200/3917/3375 562/3920/3378
f 427/842/781 2039/841/780 2199/1103/1037 561/3922/3380
f 2039/841/780 2040/3807/3290 2195/1104/1038 2199/1103/1037
f 2040/3807/3290 2041/837/777 2191/3912/3370 2195/1104/1038
f 2205/3923/3381 2204/1110/1044 2201/1109/1043 2202/3924/3382
f 726/824/765 2191/3912/3370 2041/837/777
f 2206/3925/3383 2205/3923/3381 2202/3924/3382 680/3926/3384
f 2208/3927/3385 2207/1117/1051 2203/1111/1045 2204/1110/1044
f 2209/3928/3386 2208/3927/3385 2204/1110/1044 2205/3923/3381
f 682/1112/1046 2209/3928/3386 2205/3923/3381 2206/3925/3383
f 2211/1115/1049 2210/1105/1039 2207/1117/1051 2208/3927/3385
f 2212/1113/1047 2211/1115/1049 2208/3927/3385 2209/3928/3386
f 2213/1108/1042 2212/1113/1047 2209/3928/3386 682/1112/1046
f 2201/1109/1043 2026/3778/3270 68/1213/1145 496/1211/1143
f 2202/3924/3382 2201/1109/1043 496/1211/1143 495/1210/1142
f 680/3926/3384 2202/3924/3382 495/1210/1142 84/1207/1139
f 2203/1111/1045 2025/1118/1052 2026/3778/3270 2201/1109/1043
f 680/3926/3384 681/3357/3014 2206/3925/3383
f 2206/3925/3383 681/3357/3014 682/1112/1046
f 2023/823/764 2207/1117/1051 2210/1105/1039
f 2024/819/761 2203/1111/1045 2207/1117/1051
f 2215/3929/3387 468/1125/1059 467/3930/3388 2216/3931/3389
f 2216/3931/3389 467/3930/3388 466/1121/1055 2217/1123/1057
f 2220/3932/3390 2215/3929/3387 2216/3931/3389 2221/3933/3391
f 466/1121/1055 2218/1120/1054 2217/1123/1057
f 2214/1119/1053 2219/1124/1058 2218/1120/1054
f 2221/3933/3391 2216/3931/3389 2217/1123/1057 2222/1122/1056
f 2214/1119/1053 2317/1253/1183 640/1258/1188 617/3262/2923
f 2317/1253/1183 2214/1119/1053 466/1121/1055
f 2219/1124/1058 2214/1119/1053 617/3262/2923 618/3934/3392
f 597/3935/3393 2219/1124/1058 618/3934/3392 90/3936/3394
f 596/3937/3395 2222/1122/1056 2219/1124/1058 597/3935/3393
f 595/3938/3396 2221/3933/3391 2222/1122/1056 596/3937/3395
f 594/3939/3397 2220/3932/3390 2221/3933/3391 595/3938/3396
f 594/3939/3397 41/240/231 453/468/447 2220/3932/3390
f 2220/3932/3390 453/468/447 452/470/449 2215/3929/3387
f 2223/1126/1060 2402/1398/1317 2403/3940/3398 2224/1461/1374
f 452/470/449 468/1125/1059 2215/3929/3387
f 2402/1398/1317 2223/1126/1060 2407/1128/1062
f 2224/1461/1374 2403/3940/3398 2404/3941/3399 2225/1462/1375
f 2225/1462/1375 2404/3941/3399 2405/3942/3400 593/1467/1380
f 593/1467/1380 2405/3942/3400 2406/3943/3401 2226/1465/1378
f 2226/1465/1378 2406/3943/3401 756/3944/3402 619/3945/3403
f 2407/1128/1062 592/1127/1061 804/1129/1063
f 2227/1130/1064 2223/1126/1060 803/1463/1376 2228/1140/1074
f 748/233/226 2407/1128/1062 804/1129/1063
f 592/1127/1061 2227/1130/1064 804/1129/1063
f 2228/1140/1074 803/1463/1376 802/3946/3404 2229/1144/1078
f 2229/1144/1078 802/3946/3404 801/1466/1379 2230/1142/1076
f 2230/1142/1076 801/1466/1379 800/1134/1068 2231/1133/1067
f 2236/1155/1089 2232/1139/1073 2233/1141/1075 2237/3947/3405
f 114/1464/1377 620/1132/1066 800/1134/1068
f 620/1132/1066 89/1145/1079 2231/1133/1067
f 2237/3947/3405 2233/1141/1075 2234/1143/1077 2238/3948/3406
f 2239/3949/3407 2234/1143/1077 2235/1146/1080 2240/1147/1081
f 2234/1143/1077 2239/3949/3407 2238/3948/3406
f 2241/1154/1088 2236/1155/1089 2237/3947/3405 2242/3950/3408
f 2242/3950/3408 2237/3947/3405 2238/3948/3406 2243/1138/1072
f 2243/1138/1072 2238/3948/3406 2239/3949/3407 2244/1136/1070
f 2244/1136/1070 2239/3949/3407 2240/1147/1081 2245/1149/1083
f 563/1153/1087 2241/1154/1088 2242/3950/3408 2246/3951/3409
f 2246/3951/3409 2242/3950/3408 2243/1138/1072 2247/1137/1071
f 2247/1137/1071 2244/1136/1070 2245/1149/1083 566/1151/1085
f 2233/1141/1075 2228/1140/1074 2229/1144/1078 2234/1143/1077
f 445/1131/1065 2232/1139/1073 40/217/210
f 2227/1130/1064 2233/1141/1075 2232/1139/1073
f 2234/1143/1077 2230/1142/1076 2231/1133/1067 2235/1146/1080
f 564/3952/3410 2246/3951/3409 2247/1137/1071 565/1152/1086
f 89/1145/1079 621/1148/1082 2240/1147/1081
f 621/1148/1082 622/1150/1084 2245/1149/1083
f 622/1150/1084 80/3331/2990 566/1151/1085
f 1734/224/217 332/214/207 2241/1154/1088 563/1153/1087
f 2246/3951/3409 564/3952/3410 563/1153/1087
f 2249/3953/3411 2248/3954/3412 509/3955/3413 508/3956/3414
f 2236/1155/1089 2241/1154/1088 331/213/206
f 2232/1139/1073 2236/1155/1089 330/215/208
f 2250/1156/1090 2249/3953/3411 508/3956/3414 507/3957/3415
f 2250/1156/1090 507/3957/3415 506/3958/3416 2251/3959/3417
f 2253/3960/3418 2252/1166/1100 2248/3954/3412 2249/3953/3411
f 2254/1158/1092 2253/3960/3418 2249/3953/3411 2250/1156/1090
f 2255/1157/1091 2250/1156/1090 2251/3959/3417 2256/3961/3419
f 2258/3962/3420 2257/1163/1097 2252/1166/1100 2253/3960/3418
f 2259/1159/1093 2258/3962/3420 2253/3960/3418 2254/1158/1092
f 2260/1160/1094 2259/1159/1093 2255/1157/1091 2256/3961/3419
f 2254/1158/1092 2255/1157/1091 2259/1159/1093
f 2262/1161/1095 2261/3963/3421 2258/3962/3420 2259/1159/1093
f 2257/1163/1097 2258/3962/3420 2261/3963/3421
f 2251/3959/3417 506/3958/3416 87/3964/3422 623/3965/3423
f 2256/3961/3419 2251/3959/3417 623/3965/3423 624/3966/3424
f 2260/1160/1094 2256/3961/3419 624/3966/3424 625/3290/2951
f 88/3289/2950 510/1070/1004 2260/1160/1094 625/3290/2951
f 510/1070/1004 511/1069/1003 2262/1161/1095 2260/1160/1094
f 511/1069/1003 512/3893/3351 2261/3963/3421 2262/1161/1095
f 512/3893/3351 513/1068/1002 2257/1163/1097 2261/3963/3421
f 513/1068/1002 59/1067/1001 1705/1164/1098 2257/1163/1097
f 2257/1163/1097 1706/1162/1096 1707/1167/1101 2252/1166/1100
f 2252/1166/1100 1708/1165/1099 301/147/145 2248/3954/3412
f 2248/3954/3412 301/147/145 300/146/144 509/3955/3413
f 2267/1173/1107 368/1169/1103 2263/1168/1102 2264/1181/1115
f 2268/1174/1108 2267/1173/1107 2264/1181/1115 2265/3967/3425
f 2269/3968/3426 2268/1174/1108 2265/3967/3425 2266/3969/3427
f 2271/1175/1109 2270/1171/1105 368/1169/1103 2267/1173/1107
f 628/3970/3428 2273/1178/1112 2268/1174/1108 2269/3968/3426
f 369/1172/1106 2270/1171/1105 370/1177/1111
f 2270/1171/1105 2271/1175/1109 2272/1176/1110
f 2271/1175/1109 2268/1174/1108 2273/1178/1112
f 2275/3971/3429 2274/1183/1116 370/1182/1111 2272/3972/1110
f 2276/3973/3430 2275/3971/3429 2272/3972/1110 2273/3974/1112
f 2277/3975/3431 2276/3973/3430 2273/3974/1112 628/3976/3428
f 2265/3967/3425 2264/1181/1115 2631/1719/1599 2632/3977/3432
f 2630/1180/1114 2631/1719/1599 2264/1181/1115
f 2266/3969/3427 2265/3967/3425 2632/3977/3432 2633/1726/1606
f 626/3978/3433 2266/3969/3427 2633/1726/1606 930/3979/3434
f 627/3980/3435 2269/3968/3426 2266/3969/3427 626/3978/3433
f 506/3958/3416 2277/3975/3431 629/3981/3436 87/3964/3422
f 2269/3968/3426 627/3980/3435 628/3970/3428
f 628/3976/3428 629/3981/3436 2277/3975/3431
f 507/3957/3415 2276/3973/3430 2277/3975/3431 506/3958/3416
f 507/3957/3415 508/3956/3414 2275/3971/3429 2276/3973/3430
f 508/3956/3414 509/3955/3413 2274/1183/1116 2275/3971/3429
f 509/3955/3413 300/146/144 371/1184/1117 2274/1183/1116
f 310/1203/1135 309/1202/1134 2280/1198/1130 2282/1204/1136
f 2278/1188/1121 574/1190/1123 463/1186/1119
f 463/1186/1119 574/1190/1123 34/1191/174
f 2279/1189/1122 575/1196/1128 574/1190/1123
f 2757/1193/1125 2278/1188/1121 1007/1185/1118
f 575/1196/1128 3840/1195/1127 83/3306/2821
f 937/1197/1129 2281/1201/1133 2280/1198/1130
f 2282/1204/1136 2280/1198/1130 2281/1201/1133 2283/3982/3437
f 2284/1209/1141 312/1212/1144 311/1205/1137 2282/1204/1136
f 2284/1209/1141 2282/1204/1136 2283/3982/3437 2285/1208/1140
f 2283/3982/3437 2281/1201/1133 630/3311/2970 631/3983/3438
f 127/1200/1132 630/3311/2970 2281/1201/1133
f 2285/1208/1140 2283/3982/3437 631/3983/3438 632/1206/1138
f 2288/1218/1150 872/1217/1149 871/3984/3439 2289/3985/3440
f 2285/1208/1140 84/1207/1139 495/1210/1142
f 2284/1209/1141 2285/1208/1140 495/1210/1142
f 312/1212/1144 2284/1209/1141 496/1211/1143
f 2712/3986/171 938/3987/1593 308/1199/1131
f 2286/1216/1148 2287/1215/1147 288/1229/1161
f 873/1214/1146 2288/1218/1150 2287/1215/1147
f 2289/3985/3440 871/3984/3439 870/1225/1157 2290/1224/1156
f 289/3988/3441 288/1229/1161 2287/1215/1147 2291/1219/1151
f 2292/1220/1152 2288/1218/1150 2289/3985/3440 2293/3989/3442
f 2288/1218/1150 2292/1220/1152 2291/1219/1151
f 2293/3989/3442 2289/3985/3440 2290/1224/1156 2294/1227/1159
f 48/3407/3048 289/3988/3441 2291/1219/1151 487/1221/1153
f 485/6/6 2293/3989/3442 2294/1227/1159 484/10/10
f 122/3990/3443 633/1223/1155 870/1225/1157
f 633/1223/1155 634/1226/1158 2290/1224/1156
f 634/1226/1158 82/1228/1160 2294/1227/1159
f 486/8/8 2292/1220/1152 2293/3989/3442 485/6/6
f 2299/3991/3444 2296/3992/3445 2297/1233/1165 2300/1232/1164
f 2292/1220/1152 486/8/8 487/1221/1153
f 2296/3992/3445 2299/3991/3444 2295/1238/1170
f 2301/1237/1169 2295/1238/1170 2299/3991/3444 2302/3993/3446
f 2302/3993/3446 2299/3991/3444 2300/1232/1164 2303/1236/1168
f 2304/1234/1166 2300/1232/1164 2298/1231/1163 2305/3994/3447
f 2300/1232/1164 2304/1234/1166 2303/1236/1168
f 2306/3995/3448 2301/1237/1169 2302/3993/3446 2307/3996/3449
f 2307/3996/3449 2302/3993/3446 2303/1236/1168 2308/1235/1167
f 2309/3997/3450 2308/1235/1167 2304/1234/1166 2305/3994/3447
f 483/3998/3451 2306/3995/3448 2307/3996/3449 482/3999/3452
f 482/3999/3452 2307/3996/3449 2308/1235/1167 481/4000/3453
f 480/4001/3454 481/4000/3453 2308/1235/1167 2309/3997/3450
f 1729/194/190 324/225/218 563/1153/1087 2295/1238/1170
f 2295/1238/1170 563/1153/1087 564/3952/3410 2296/3992/3445
f 2296/3992/3445 564/3952/3410 565/1152/1086 2297/1233/1165
f 2297/1233/1165 565/1152/1086 566/1151/1085 2298/1231/1163
f 2298/1231/1163 566/1151/1085 80/3331/2990 635/3333/2992
f 636/4002/3455 2305/3994/3447 2298/1231/1163 635/3333/2992
f 637/4003/3456 2309/3997/3450 2305/3994/3447 636/4002/3455
f 81/4004/3457 480/4001/3454 2309/3997/3450 637/4003/3456
f 287/132/130 325/197/193 2306/3995/3448 483/3998/3451
f 325/197/193 1726/193/189 2301/1237/1169 2306/3995/3448
f 1727/192/188 1728/195/191 2295/1238/1170 2301/1237/1169
f 429/4005/1171 428/1243/1175 2310/4006/3458 2311/4007/1172
f 556/1247/1179 2311/4007/1172 2310/4006/3458 638/1245/1177
f 2310/4006/3458 428/1243/1175 868/1242/1174 2495/1557/1455
f 638/1245/1177 2310/4006/3458 2495/1557/1455 2496/1556/1454
f 2316/1252/1182 2312/1257/1187 1006/1256/1186 2315/1254/1184
f 2496/1556/1454 864/3338/2997 638/1245/1177
f 30/1241/1173 2311/1240/1172 555/4008/1180
f 467/3930/3388 2316/1252/1182 2315/1254/1184 466/1121/1055
f 2314/1251/1181 2312/1257/1187 2316/1252/1182
f 2313/1259/1189 2317/1253/1183 2315/1254/1184
f 2312/1257/1187 2314/1251/1181 129/1260/1190 2752/1255/1185
f 468/1125/1059 2316/1252/1182 467/3930/3388
f 2315/1254/1184 2753/1884/1750 982/1889/1753 2313/1259/1189
f 2753/1884/1750 2315/1254/1184 1006/1256/1186
f 2320/4009/1196 2319/1262/1192 2318/1880/1746 1002/1878/1744
f 982/1889/1753 640/1258/1188 2313/1259/1189
f 265/474/453 2314/1251/1181 468/1125/1059
f 1003/1261/1191 2318/1880/1746 2319/1262/1192
f 2321/4010/1200 1005/4011/3459 1004/4012/3460 2322/1263/1193
f 688/4013/3461 2320/4009/1196 1002/1878/1744 136/1877/1743
f 1004/4012/3460 1003/1261/1191 2322/1263/1193
f 2322/1269/1193 2319/1264/1192 677/1266/1195
f 2319/1264/1192 2320/1267/1196 678/1265/1194
f 1003/1261/1191 2746/1874/1740 2318/1880/1746
f 70/2960/2635 501/664/625 2321/1272/1200 675/1271/1199
f 2320/1267/1196 688/4014/3461 96/1268/1197
f 2322/1269/1193 676/1270/1198 675/1271/1199
f 501/3693/625 134/663/624 1005/4011/3459 2321/4010/1200
f 2324/1274/1202 2327/4015/1218 2329/1286/1212 2325/1289/1214
f 2328/1292/1217 2329/4016/1212 2327/1293/1218
f 679/1276/1204 2330/1279/1207 2332/1277/1205
f 2333/1281/1209 2334/1298/1223 2331/1287/1208
f 2333/1281/1209 2331/1287/1208 2330/1282/1207
f 2334/1298/1223 2323/1285/1211 2331/1287/1208
f 2327/4015/1218 2324/1274/1202 2326/1273/1201
f 2329/4016/1212 2328/1292/1217 438/1278/1206 2332/1277/1205
f 3903/1291/1216 3900/3347/3004 2324/1274/1202 2325/1289/1214
f 2325/1289/1214 2323/1285/1211 1595/1290/1215
f 2329/1286/1212 2323/1285/1211 2325/1289/1214
f 1528/631/594 2326/1273/1201 1594/1275/1203
f 1594/1275/1203 2324/1274/1202 3900/3347/3004
f 2333/1281/1209 553/1295/1220 225/3366/3023 2334/1298/1223
f 439/1294/1219 2326/4017/1201 71/3065/593
f 439/1294/1219 2327/1293/1218 2326/4017/1201
f 97/3043/2716 679/1276/1204 438/1278/1206
f 554/1345/1210 2330/1279/1207 72/1296/1221
f 1423/3418/3059 1424/3078/2748 1482/3077/2747 2337/4018/3462
f 2337/4018/3462 1482/3077/2747 2335/3075/2745 2338/4019/3463
f 2338/4019/3463 2335/3075/2745 2336/1867/1733 2339/4020/3464
f 1094/4021/3465 1423/3418/3059 2337/4018/3462 1095/2087/1922
f 1095/2087/1922 2337/4018/3462 2338/4019/3463 1096/4022/3466
f 1096/4022/3466 2338/4019/3463 2339/4020/3464 1097/4023/3467
f 1097/4023/3467 2339/4020/3464 1440/1868/1734 167/4024/3468
f 207/1870/1736 1441/1865/1731 2336/1867/1733
f 2336/1867/1733 1440/1868/1734 2339/4020/3464
f 690/1309/1234 2342/1300/1225 243/1308/1233 94/1324/1249
f 1423/3418/3059 1094/4021/3465 141/3420/3061
f 2341/1299/1224 243/1308/1233 2342/1300/1225
f 2344/1301/1226 2343/1302/1227 2340/1311/1236 2341/1299/1224
f 2348/4025/3469 251/964/900 250/1304/1229 2345/1303/1228
f 2343/1302/1227 2344/1301/1226 2345/1303/1228
f 2344/1301/1226 2342/1300/1225 2346/1305/1230
f 2342/1300/1225 690/1309/1234 2347/1306/1231
f 2349/4026/3470 2348/4025/3469 2345/1303/1228 2346/1305/1230
f 2350/4027/3471 2349/4026/3470 2346/1305/1230 2347/1306/1231
f 2341/1299/1224 2340/1311/1236 245/1325/1250 244/1307/1232
f 6/947/883 245/1325/1250 2340/1311/1236
f 692/2758/2476 2350/4027/3471 2347/1306/1231 691/1310/1235
f 95/2760/2478 258/4028/3472 2350/4027/3471 692/2758/2476
f 258/4028/3472 259/4029/3473 2349/4026/3470 2350/4027/3471
f 259/4029/3473 260/4030/3474 2348/4025/3469 2349/4026/3470
f 260/4030/3474 261/4031/3475 251/964/900 2348/4025/3469
f 244/1307/1232 245/1325/1250 2354/1314/1239 2355/1317/1242
f 251/964/900 261/4031/3475 22/965/901
f 249/952/888 2343/1302/1227 250/1304/1229
f 249/952/888 2340/1311/1236 2343/1302/1227
f 651/1872/1738 13/857/794 2665/1838/1705
f 2352/1315/1240 2397/1321/1246 2353/1316/1241
f 2354/1314/1239 2351/1313/1238 2355/1317/1242
f 2351/1313/1238 2352/1315/1240 2355/1317/1242
f 2355/1317/1242 2353/1316/1241 2356/1318/1243
f 231/946/882 2354/1314/1239 245/1325/1250
f 3275/2751/2470 2356/1318/1243 2353/1316/1241 693/1323/1248
f 760/1312/1237 759/1319/1244 2351/1313/1238
f 759/1319/1244 2394/1320/1245 2352/1315/1240
f 2397/1321/1246 785/1322/1247 2353/1316/1241
f 2354/1314/1239 230/942/878 102/1396/1315 760/1312/1237
f 2356/1318/1243 3275/2751/2470 94/1324/1249
f 230/942/878 2354/1314/1239 231/946/882
f 1425/3608/3173 2357/3610/3175 2358/1328/1253 2359/1327/1252
f 160/2405/2181 1425/3608/3173 2359/1327/1252 1214/1330/1255
f 384/245/236 385/1329/1254 2359/1327/1252
f 2361/1332/1257 1597/1341/1265 225/3366/3023 553/1295/1220
f 385/1329/1254 161/250/241 1214/1330/1255
f 1426/3609/3174 2357/3610/3175 1425/3608/3173
f 2364/4032/3476 2363/1334/1259 731/1333/1258 730/4033/3477
f 554/1283/1210 2361/1332/1257 553/1295/1220
f 2362/1331/1256 2363/4034/1259 2361/1332/1257
f 101/1346/1269 731/1333/1258 2362/1335/1256
f 2364/4035/3476 729/1337/1261 2366/1339/1263 2367/1353/1274
f 2365/1336/1260 2366/1339/1263 729/1337/1261
f 729/4036/1261 2364/4032/3476 730/4033/3477
f 2366/1339/1263 3919/3364/3021 3916/1354/1275 2367/1353/1274
f 1598/1343/1267 2360/1342/1266 2367/1353/1274
f 1597/1341/1265 2361/1332/1257 2360/1342/1266
f 2363/4034/1259 2360/1342/1266 2361/1332/1257
f 2363/4034/1259 2364/4035/3476 2360/1342/1266
f 2367/1353/1274 2360/1342/1266 2364/4035/3476
f 443/1344/1268 2362/1335/1256 554/1345/1210
f 470/1351/1270 2365/1336/1260 728/1338/1262
f 3919/3364/3021 2366/1339/1263 1599/1340/1264
f 2370/4037/1276 3366/1361/1282 1401/4038/2547 2371/4039/1279
f 1599/1340/1264 2365/1336/1260 469/1350/1272
f 3366/1361/1282 2370/4037/1276 2369/1362/1278
f 2372/1365/1285 2368/4040/3478 2369/1357/1278 2373/4041/3479
f 2375/1359/1280 2371/1358/1279 404/4042/3480 405/4043/3481
f 2369/1357/1278 2374/1356/1277 2373/4041/3479
f 1162/1360/1281 1161/2154/1983 2370/1355/1276 2371/1358/1279
f 2374/1356/1277 2370/1355/1276 1161/2154/1983
f 1031/4044/3482 1349/4045/3483 3364/4046/3484 2368/4047/3478
f 2375/1359/1280 405/4043/3481 146/2162/1990
f 2368/4047/3478 3364/4046/3484 1402/1363/1283 2369/1362/1278
f 2371/4039/1279 1401/4038/2547 1321/4048/2546 404/4049/3480
f 1032/1364/1284 1031/4050/3482 2368/4040/3478 2372/1365/1285
f 2377/1371/1291 1322/2507/2266 3133/4051/3485 2376/1372/1289
f 2382/1379/1298 895/1837/1704 2379/4052/3486 2383/4053/3487
f 2377/1371/1291 2378/1375/1294 1322/2507/2266
f 1322/2507/2266 2378/1375/1294 177/2329/2118
f 1400/4054/2424 3346/1367/1287 2376/1369/1289
f 1337/4055/1288 2596/1370/1290 2376/1372/1289
f 2377/1371/1291 1336/1373/1292 2378/1375/1294
f 2378/1375/1294 178/1374/1293 2920/4056/3488
f 2378/1375/1294 2920/4056/3488 177/2329/2118
f 1982/727/683 13/857/794 847/1493/1404
f 847/1493/1404 13/857/794 651/1872/1738
f 2383/4053/3487 2379/4052/3486 2380/4057/3489 2384/4058/3490
f 2384/4058/3490 2380/4057/3489 2381/1377/1296 2385/4059/3491
f 1155/4060/3492 2383/4053/3487 2384/4058/3490 1156/4061/3493
f 2383/4053/3487 1155/4060/3492 2382/1379/1298
f 1156/4061/3493 2384/4058/3490 2385/4059/3491 1157/4062/3494
f 2379/4052/3486 895/1837/1704 3554/4063/3495 3555/4064/3496
f 1439/1836/1703 3554/4063/3495 895/1837/1704
f 2381/1377/1296 2380/4057/3489 3556/4065/3497 3557/1378/1297
f 2385/4059/3491 2381/1377/1296 205/1376/1295 419/4066/3498
f 1157/4062/3494 2385/4059/3491 419/4066/3498 179/4067/3499
f 2389/1383/1302 2388/4068/3500 647/3442/3083 646/56/56
f 895/1837/1704 2382/1379/1298 896/1381/1300
f 646/56/56 645/55/55 2390/61/61
f 2386/1382/1301 644/1385/1304 2387/1384/1303
f 816/62/62 817/64/64 2388/4068/3500 2389/1383/1302
f 2389/1383/1302 2390/61/61 815/66/66
f 2390/61/61 2387/1384/1303 814/59/59
f 644/1385/1304 9/1458/1371 787/1386/1305
f 2387/1384/1303 787/1386/1305 788/75/75
f 110/68/68 786/1477/1390 2388/4068/3500 817/64/64
f 786/1477/1390 3/1476/1389 647/3442/3083 2388/4068/3500
f 2391/1388/1307 2392/1387/1306 820/70/70 703/3445/3086
f 747/1389/1308 1658/71/71 2392/1387/1306
f 17/73/73 103/24/24 781/26/26 702/74/74
f 702/74/74 782/32/32 703/3445/3086
f 784/23/23 2392/1387/1306 2391/1388/1307
f 782/32/32 2391/1388/1307 703/3445/3086
f 783/21/21 2391/1388/1307 782/32/32
f 248/77/77 821/76/76 747/1389/1308
f 2394/1320/1245 650/67/67 815/66/66 2397/1321/1246
f 109/38/38 757/1391/1310 784/23/23
f 2393/1390/1309 2392/1387/1306 758/1392/1311
f 650/67/67 759/1319/1244 1657/63/63
f 650/67/67 2394/1320/1245 759/1319/1244
f 1656/60/60 2396/1394/1313 815/66/66
f 2395/1393/1312 814/59/59 248/77/77 747/1389/1308
f 785/1322/1247 2397/1321/1246 2396/1394/1313
f 2393/1390/1309 758/1392/1311 3239/4069/2440 2395/1393/1312
f 814/59/59 2395/1393/1312 1656/60/60
f 2395/1393/1312 3239/4069/2440 3238/1395/1314 2396/1394/1313
f 2398/1397/1316 594/3939/3397 595/3938/3396 2399/4070/3501
f 2399/4070/3501 595/3938/3396 596/3937/3395 2400/4071/3502
f 2400/4071/3502 596/3937/3395 597/3935/3393 2401/4072/3503
f 2403/3940/3398 2399/4070/3501 2400/4071/3502 2404/3941/3399
f 2398/1397/1316 2399/4070/3501 2402/1398/1317
f 2399/4070/3501 2403/3940/3398 2402/1398/1317
f 2405/3942/3400 2400/4071/3502 2401/4072/3503 2406/3943/3401
f 2400/4071/3502 2405/3942/3400 2404/3941/3399
f 2401/4072/3503 597/3935/3393 90/3936/3394 755/4073/3504
f 2406/3943/3401 2401/4072/3503 755/4073/3504 756/3944/3402
f 2398/1397/1316 1740/232/225 41/240/231 594/3939/3397
f 748/233/226 2398/1397/1316 2407/1128/1062
f 765/1088/1022 766/1090/1024 2447/1470/1383 2448/1399/1318
f 2453/1401/1320 2447/1470/1383 766/1090/1024
f 763/3897/3355 764/3896/3354 2156/1400/1319 2157/3884/3342
f 765/1088/1022 2156/1400/1319 764/3896/3354
f 762/3899/3357 763/3897/3355 2157/3884/3342 2158/1061/995
f 761/3900/3358 762/3899/3357 2158/1061/995 2159/1063/997
f 108/3906/3364 761/3900/3358 2159/1063/997 610/3889/3347
f 102/1396/1315 932/941/877 924/931/867 14/65/65
f 2453/1401/1320 766/1090/1024 107/457/436
f 925/933/869 2408/932/868 2410/940/876
f 2096/928/864 2408/932/868 925/933/869
f 750/3845/821 1535/4074/820 2412/4075/1326 422/3101/1325
f 2408/932/868 924/931/867 932/941/877
f 2410/940/876 2408/932/868 932/941/877
f 2409/1402/1321 925/933/869 933/937/873
f 2085/1404/1323 2083/912/848 2411/913/849
f 2411/913/849 2084/911/847 2412/1407/1326
f 215/908/844 2085/1404/1323 1537/1405/1324
f 2411/913/849 2412/1407/1326 1535/883/820
f 752/789/738 865/788/737 531/4076/747 446/797/746
f 1537/1405/1324 2411/913/849 1536/1408/1327
f 1560/4077/3505 213/3764/3262 2413/1414/1332 2414/4078/3506
f 530/801/748 531/800/747 865/1411/737
f 867/1410/1329 530/801/748 866/1412/1330
f 867/1410/1329 866/1412/1330 879/783/732
f 2414/4078/3506 2413/1414/1332 527/1413/1331 2415/4079/3507
f 1561/742/696 1560/4077/3505 2414/4078/3506 2416/4080/3508
f 2416/4080/3508 2414/4078/3506 2415/4079/3507 2417/4081/1335
f 2418/740/694 2416/4080/3508 2417/4081/1335 2419/739/693
f 2416/4080/3508 2418/740/694 1561/742/696
f 2415/4082/3507 527/3762/1331 43/3026/2700 447/3025/2699
f 526/1415/1333 2413/1414/1332 213/3764/3262
f 2417/1418/1335 2415/4082/3507 447/3025/2699 106/1416/1334
f 2426/1091/1025 2425/1422/1339 2422/4083/1336 2423/1524/1338
f 2420/458/437 2421/1420/1337 753/864/801
f 753/4084/801 2423/1524/1338 2422/4083/1336
f 2427/455/434 2426/1091/1025 2423/1524/1338 2424/4085/3509
f 390/337/324 389/3585/323 2422/4083/1336 2425/1422/1339
f 2426/1091/1025 2427/455/434 107/457/436
f 754/459/438 2420/458/437 753/864/801
f 390/337/324 2425/1422/1339 56/338/325
f 1235/1436/1353 1234/4086/2006 2430/1430/1347 2431/1429/1346
f 55/4087/322 2422/4083/1336 389/3585/323
f 1430/1423/1340 2428/1426/1343 2429/1424/1341
f 1480/1434/1351 433/1427/1344 2428/1426/1343
f 2429/1424/1341 2428/1426/1343 2432/1428/1345
f 1429/1425/1342 2429/1424/1341 2430/1430/1347
f 2429/1424/1341 2432/1428/1345 2431/1429/1346
f 2431/1429/1346 2432/1428/1345 1236/1432/1349
f 1430/1423/1340 3549/3064/2735 2428/1426/1343
f 2436/1444/1357 2435/2827/2528 2433/1439/1356 2437/1438/1355
f 1429/1425/1342 2430/1430/1347 1234/4086/2006
f 181/2297/2092 1429/1425/1342 1234/4086/2006
f 1200/2316/2106 2439/4088/1361 437/2423/2192 191/2311/2103
f 2434/1437/1354 2439/4088/1361 2437/1438/1355
f 2437/1438/1355 2439/4088/1361 2438/1445/1360
f 3341/1450/1364 2433/1439/1356 2435/2827/2528
f 1399/1449/1363 2434/1437/1354 2433/1439/1356
f 2434/1437/1354 437/2423/2192 2439/4088/1361
f 1034/1997/1846 1323/1447/1362 2439/1446/1361 1200/4089/2106
f 3120/1453/1367 1326/2829/2529 2435/4090/2528 2436/1440/1357
f 1323/1447/1362 1034/1997/1846 140/1996/1845
f 1324/4091/1358 2438/1448/1360 3125/1452/1366
f 2443/1460/1373 698/1459/1372 697/3436/3077 2444/4092/3510
f 2476/1455/1368 2440/229/222 1853/230/223
f 1854/234/227 748/233/226 337/449/428
f 795/446/425 104/1541/1439 780/447/426
f 651/1872/1738 2665/1838/1705 978/1057/991
f 699/45/45 2445/69/69 2441/1456/1369
f 698/1459/1372 2443/1460/1373 2445/69/69
f 789/4093/3511 2444/4092/3510 697/3436/3077 10/3435/3076
f 2441/1456/1369 2445/69/69 2442/1457/1370
f 699/45/45 2441/1456/1369 9/1458/1371
f 111/1576/1473 818/72/72 2444/4092/3510 789/4093/3511
f 819/3446/3087 2443/1460/1373 2444/4092/3510 818/72/72
f 802/3946/3404 2225/1462/1375 593/1467/1380 801/1466/1379
f 2443/1460/1373 819/3446/3087 820/70/70
f 2442/1457/1370 821/76/76 788/75/75
f 9/1458/1371 2442/1457/1370 787/1386/1305
f 2223/1126/1060 2224/1461/1374 803/1463/1376
f 2226/1465/1378 800/1134/1068 593/1467/1380
f 619/3945/3403 114/1464/1377 2226/1465/1378
f 2448/1399/1318 2447/1470/1383 2446/1469/1382 548/1083/1017
f 2225/1462/1375 802/3946/3404 803/1463/1376
f 2449/3885/3343 2448/1399/1318 548/1083/1017 547/1082/1016
f 2450/3886/3344 2449/3885/3343 547/1082/1016 546/1080/1014
f 2451/1059/993 2450/3886/3344 546/1080/1014 545/1079/1013
f 2452/1060/994 2451/1059/993 545/1079/1013 544/1077/1011
f 2096/928/864 2457/1475/1388 786/1477/1390 110/68/68
f 544/1077/1011 613/1075/1009 798/1471/1384
f 2452/1060/994 798/1471/1384 799/1062/996
f 793/456/435 2446/1469/1382 2453/1401/1320
f 792/342/329 549/1468/1381 2446/1469/1382
f 922/1474/1387 786/1477/1390 2457/1475/1388
f 2664/925/861 2454/1473/1386 2612/1481/1394
f 923/923/859 2455/1472/1385 2454/1473/1386
f 2613/1479/1392 2611/1480/1393 2454/1473/1386 2456/930/866
f 2457/1475/1388 2096/928/864 2456/930/866
f 2458/1482/1395 1558/4094/3512 221/3863/3327 1534/3861/3326
f 2459/1486/1398 2458/1482/1395 1534/3861/3326 1533/1484/838
f 2460/907/843 1559/906/842 1558/4094/3512 2458/1482/1395
f 2462/909/845 2461/1483/1396 2458/1482/1395 2459/1486/1398
f 2469/791/740 2468/1580/1477 2467/4095/3513 2465/1491/1402
f 1533/901/838 64/900/837 449/2973/1397
f 2462/4096/845 449/2973/1397 113/3865/846
f 2082/905/841 2464/889/826 2463/1409/1328
f 112/3774/745 2469/791/740 2465/1491/1402 2466/1490/1401
f 2465/1491/1402 2467/4095/3513 121/1574/1471 532/1489/757
f 1984/729/685 525/1495/1406 1990/738/692 1538/1501/690
f 2466/4097/1401 350/2812/1403 112/796/745
f 1982/727/683 847/1493/1404 523/728/684
f 1989/3758/3259 1983/731/687 1574/741/695
f 1988/737/691 353/1500/1408 1990/738/692
f 1983/731/687 1989/3758/3259 525/1495/1406 1984/729/685
f 1213/4098/3514 2482/1533/1431 689/375/358 158/2040/1882
f 2473/1507/1415 649/182/178 142/188/184
f 3333/1513/1419 1333/1515/1420 2471/1514/1414
f 2471/1506/1414 648/180/176 649/182/178
f 1092/1508/1416 2473/1507/1415 1093/1517/1421
f 3185/1518/1422 2472/1504/1412 1091/1509/1417
f 794/1520/1424 795/446/425 2474/448/427
f 329/222/215 2476/1455/1368 2477/450/429
f 40/217/210 444/1135/1069 445/1131/1065
f 328/210/203 2475/1522/214 329/222/215
f 327/204/199 794/1520/1424 2475/221/214
f 2420/458/437 2478/3587/1425 2421/1420/1337
f 2478/1523/1425 812/1526/1426 2423/1524/1338
f 2423/1524/1338 813/341/328 2424/4085/3509
f 2424/4085/3509 813/341/328 2427/455/434
f 2427/455/434 813/341/328 1856/340/327
f 75/345/332 2478/3587/1425 2420/458/437
f 2479/382/366 2482/4099/1431 2480/1527/1427
f 2481/1532/1429 1211/1531/1430 1210/4100/3515
f 2480/1530/1427 1212/1534/1432 1211/1531/1430
f 2482/1533/1431 1213/4098/3514 1212/1534/1432
f 1335/1528/1428 1394/2439/2207 2479/382/366
f 2479/382/366 689/371/358 2482/4099/1431
f 794/1520/1424 327/204/199 2544/1537/1435 2483/1539/1437
f 2481/1532/1429 1210/4100/3515 157/1536/1434
f 1334/4101/1433 1335/1528/1428 2481/1529/1429
f 2485/4102/3516 789/4093/3511 10/3435/3076 854/4103/3517
f 523/728/684 777/4104/3518 524/1538/1436
f 854/4103/3517 855/1575/1472 2484/4105/3519
f 2486/1579/1476 2485/4102/3516 854/4103/3517 2484/4105/3519
f 2467/4095/3513 2484/4105/3519 855/1575/1472 121/1574/1471
f 2468/1580/1477 2486/1579/1476 2484/4105/3519 2467/4095/3513
f 806/1577/1474 111/1576/1473 789/4093/3511 2485/4102/3516
f 2485/4102/3516 2486/1579/1476 806/1577/1474
f 774/1546/1444 853/1545/1443 867/1410/1329 879/783/732
f 523/728/684 2487/1494/1405 777/4104/3518
f 524/1538/1436 777/4104/3518 2541/1540/1438
f 2483/1539/1437 104/1541/1439 795/446/425
f 850/1549/1447 851/1544/1442 2488/1543/1441
f 2488/1543/1441 775/1547/1445 850/1549/1447
f 853/1545/1443 120/795/744 867/1410/1329
f 775/1547/1445 2488/1543/1441 852/1542/1440 774/1546/1444
f 2493/1554/1452 2492/1553/1451 2491/1551/1449 2490/1550/1448
f 850/1549/1447 776/1548/1446 103/24/24
f 2490/1550/1448 860/3179/2842 861/3180/2843
f 862/1558/1456 2493/1554/1452 2490/1550/1448 861/3180/2843
f 1835/3594/3167 427/842/781 561/3922/3380 2489/1552/1450
f 2492/1553/1451 2494/1555/1453 841/400/383
f 2493/1554/1452 862/1558/1456 2496/1556/1454
f 841/400/383 2494/1555/1453 868/1242/1174
f 2494/1555/1453 2496/1556/1454 2495/1557/1455
f 2489/1552/1450 561/3922/3380 562/3920/3378 2490/1550/1448
f 860/3179/2842 2490/1550/1448 562/3920/3378 79/3921/3379
f 1834/399/382 1835/3594/3167 2489/1552/1450 2491/1551/1449
f 2496/1556/1454 863/1559/1457 864/3338/2997
f 2491/1551/1449 2492/1553/1451 1834/399/382
f 824/1562/1460 2497/1570/1467 2498/4106/3520 2501/1560/1458
f 2501/1560/1458 2498/4106/3520 2499/4107/3521 2502/1563/1461
f 2502/1563/1461 2499/4107/3521 2500/4108/3522 857/4109/3523
f 2505/1565/1463 2502/1563/1461 857/4109/3523 2506/4110/3524
f 824/1562/1460 2503/1561/1459 825/124/122
f 2501/1560/1458 2504/1564/1462 2503/1561/1459
f 2502/1563/1461 2505/1565/1463 2504/1564/1462
f 826/134/132 2503/1561/1459 2504/1564/1462 2507/1566/1464
f 2508/1222/1154 826/1567/132 2507/4111/1464 2509/1569/1466
f 2509/1569/1466 2507/4111/1464 2505/4112/1463 2510/4113/3525
f 2510/4114/3525 2505/1565/1463 2506/4110/3524 2511/4115/3526
f 823/133/131 287/132/130 483/3998/3451 2497/1570/1467
f 2497/1570/1467 483/3998/3451 482/3999/3452 2498/4106/3520
f 2498/4106/3520 482/3999/3452 481/4000/3453 2499/4107/3521
f 2500/4108/3522 2499/4107/3521 481/4000/3453 480/4001/3454
f 856/4116/3527 2500/4108/3522 480/4001/3454 81/4004/3457
f 2511/4115/3526 2506/4110/3524 858/4117/3528 859/4118/3529
f 2500/4108/3522 856/4116/3527 857/4109/3523
f 857/4109/3523 858/4117/3528 2506/4110/3524
f 870/1225/1157 2511/4119/3526 859/4120/3529 122/3990/3443
f 871/3984/3439 2510/4113/3525 2511/4119/3526 870/1225/1157
f 872/1217/1149 2509/1569/1466 2510/4113/3525 871/3984/3439
f 2513/4121/3530 238/3431/3072 2512/4122/3531 2514/4123/3532
f 2509/1569/1466 872/1217/1149 873/1214/1146
f 238/3431/3072 2513/4121/3530 239/3432/3073
f 240/3433/3074 239/3432/3073 2513/4121/3530 2516/4124/3533
f 2514/4123/3532 2515/4125/3534 2513/4121/3530
f 2516/4124/3533 2513/4121/3530 2515/4125/3534 2517/1573/1470
f 241/3434/3075 240/3433/3074 2516/4124/3533 2518/4126/3535
f 2518/4126/3535 2516/4124/3533 2517/1573/1470 2519/1572/1469
f 238/3431/3072 494/1618/1515 493/1617/1514 2512/4122/3531
f 2512/4122/3531 493/1617/1514 846/603/570 874/3772/3266
f 2514/4123/3532 2512/4122/3531 874/3772/3266 875/804/751
f 2515/4125/3534 2514/4123/3532 875/804/751 876/3776/3269
f 2517/1573/1470 2515/4125/3534 876/3776/3269 877/3775/3268
f 855/1575/1472 854/4103/3517 2518/4126/3535 2519/1572/1469
f 877/3775/3268 878/1571/1468 2517/1573/1470
f 2519/1572/1469 878/1571/1468 121/1574/1471
f 854/4103/3517 10/3435/3076 241/3434/3075 2518/4126/3535
f 119/1586/1483 2525/1585/1482 2523/1583/1480 881/787/736
f 17/73/73 806/1577/1474 851/1544/1442
f 806/1577/1474 2486/1579/1476 2520/1578/1475
f 2520/1578/1475 2012/794/743 120/795/744
f 851/1544/1442 2520/1578/1475 852/1542/1440
f 774/1546/1444 880/785/734 2521/1581/1478
f 775/1547/1445 2522/1582/1479 776/1548/1446
f 2521/1581/1478 2523/1583/1480 2522/1582/1479
f 2524/1584/1481 2523/1583/1480 2525/1585/1482
f 849/1587/1484 848/4127/3536 2524/1584/1481 2525/1585/1482
f 2530/4128/3537 2529/1589/1486 2526/1588/1485 2527/1596/1493
f 2524/1584/1481 848/4127/3536 11/33/33
f 776/1548/1446 2522/1582/1479 242/28/28
f 2527/1596/1493 882/761/712 2528/782/731
f 2531/3768/3264 2530/4128/3537 2527/1596/1493 2528/782/731
f 2534/1594/1491 2533/1593/1490 2529/1589/1486 2530/4128/3537
f 2530/4128/3537 2531/3768/3264 2532/1590/1487
f 2535/1592/1489 2534/1594/1491 2530/4128/3537 2532/1590/1487
f 2538/1597/1494 2537/4129/3538 2534/1594/1491 2535/1592/1489
f 2536/1595/1492 2534/1594/1491 2537/4129/3538
f 254/87/87 11/33/33 848/4127/3536 2526/1588/1485
f 2535/1592/1489 883/1591/1488 2538/1597/1494
f 2527/1596/1493 2526/1588/1485 848/4127/3536 849/1587/1484
f 884/780/729 2538/1597/1494 883/1591/1488 2005/3766/3263
f 849/1587/1484 119/1586/1483 882/761/712
f 118/781/730 844/1598/1495 2538/1597/1494 884/780/729
f 843/1599/1496 842/1861/1728 2537/4129/3538 2538/1597/1494
f 842/1861/1728 24/91/91 2536/1595/1492 2537/4129/3538
f 2536/1595/1492 257/90/90 256/89/89 2533/1593/1490
f 257/90/90 2536/1595/1492 24/91/91
f 2544/1537/1435 327/204/199 1730/206/201 2543/1603/1500
f 256/89/89 2529/1589/1486 2533/1593/1490
f 254/87/87 2526/1588/1485 255/88/88
f 2539/1601/1498 2540/1849/1716 450/1600/1497
f 450/1600/1497 2540/1849/1716 451/3615/3177
f 2541/1540/1438 2539/1601/1498 450/1600/1497
f 777/4104/3518 2487/1494/1405 2541/1540/1438
f 524/1538/1436 2541/1540/1438 2483/1539/1437
f 2543/1603/1500 477/1602/1499 2544/1537/1435
f 477/1602/1499 2572/562/534 523/728/684
f 2543/1603/1500 1730/206/201 326/218/211 2542/220/213
f 2549/4130/3539 2545/4131/3540 2546/1614/1511 2550/4132/3541
f 379/1606/1503 2548/1605/1502 2546/1614/1511
f 2550/4132/3541 2546/1614/1511 2548/1605/1502 2551/1607/1504
f 2552/1610/1507 2549/4130/3539 2550/4132/3541 2553/1609/1506
f 2553/1609/1506 2550/4132/3541 2551/1607/1504 2554/607/574
f 2559/1619/1516 2556/1611/1508 2557/1612/1509 2560/1613/1510
f 2553/1609/1506 2555/1608/1505 2552/1610/1507
f 2552/1610/1507 2557/1612/1509 2556/1611/1508
f 2555/1608/1505 2558/606/573 2557/1612/1509
f 2545/4131/3540 49/988/924 380/1615/1512 2546/1614/1511
f 2558/606/573 886/604/571 2560/1613/1510
f 49/988/924 2545/4131/3540 492/989/925
f 379/1606/1503 378/2905/2593 377/1616/1513 2547/1604/1501
f 488/992/928 489/991/927 2556/1611/1508 2559/1619/1516
f 2554/607/574 885/593/562 2555/1608/1505
f 886/604/571 846/603/570 493/1617/1514
f 2560/1613/1510 493/1617/1514 494/1618/1515
f 490/990/926 491/3870/3332 2549/4130/3539 2552/1610/1507
f 490/990/926 2556/1611/1508 489/991/927
f 491/3870/3332 492/989/925 2545/4131/3540 2549/4130/3539
f 2561/1623/1520 3652/4133/3542 216/571/542 1525/570/541
f 2562/1622/1519 2561/1623/1520 1525/570/541 1524/1620/1517
f 2563/1624/1521 3655/4134/3543 3652/4133/3542 2561/1623/1520
f 2564/1627/1524 3659/4135/3544 3655/4134/3543 2563/1624/1521
f 2565/1625/1522 2564/1627/1524 2563/1624/1521 2562/1622/1519
f 3661/3186/2849 3659/4135/3544 2564/1627/1524 2566/1626/1523
f 2562/1622/1519 383/1621/1518 2565/1625/1522
f 3665/4136/2855 3661/3186/2849 2566/1626/1523 223/4137/1526
f 2567/4138/550 2566/1626/1523 2565/1625/1522 2568/4139/549
f 2566/4140/1523 2567/579/550 223/1631/1526
f 2569/558/530 318/200/196 284/128/126 822/127/125
f 1524/3661/1517 33/3109/2776 383/1628/1518
f 382/1629/1525 838/580/551 2568/582/549
f 477/1602/1499 2542/220/213 320/203/198 2571/1632/1527
f 318/200/196 2569/558/530 2571/1632/1527
f 2571/1632/1527 2570/560/532 2572/562/534
f 2577/1637/1532 2576/1639/1533 1001/4141/1529 1000/4142/3545
f 321/201/197 320/203/198 2542/220/213
f 319/198/194 318/200/196 320/203/198
f 998/1863/1531 997/1858/1725 2574/4143/3187
f 997/1858/1725 138/1946/1801 2574/4143/3187
f 1000/4144/3545 999/1864/1730 998/1863/1531
f 2575/1638/1530 1001/4141/1529 2576/1639/1533
f 2573/1633/1528 977/3878/3339 133/1902/1766 2738/1642/1536
f 1000/4142/3545 998/1636/1531 2577/1637/1532
f 998/1636/1531 2574/3645/3187 2578/547/520
f 2577/1637/1532 2578/547/520 831/1641/1535
f 828/1640/1534 73/1049/983 976/3882/3338 2575/1638/1530
f 138/1946/1801 1886/4145/1799 2574/4143/3187
f 831/1641/1535 892/549/522 116/557/529
f 2576/1639/1533 2577/1637/1532 829/1644/1538
f 828/1640/1534 2576/1639/1533 829/1644/1538
f 2575/1635/1530 976/3877/3338 977/3878/3339 2573/1633/1528
f 2583/4146/1551 1555/1662/1553 1554/1656/1549 2582/1655/1548
f 2727/544/517 2581/1647/1541 263/115/114
f 2581/1647/1541 840/393/377 839/1648/1542
f 263/115/114 839/1648/1542 264/109/109
f 2586/1653/1547 1557/1652/1546 1556/1651/1545 2585/1650/1544
f 1555/1662/1553 2583/4146/1551 2584/1649/1543
f 2583/1658/1551 2585/1660/1544 2584/4147/1543
f 2582/1659/1548 470/1347/1270 266/1349/1271 317/1657/1550
f 1540/529/503 2586/1653/1547 1539/530/498
f 1495/1352/1273 469/1350/1272 1554/1656/1549
f 428/4148/1175 429/1239/1171 2588/1664/1555 2589/4149/3546
f 2587/531/504 316/1661/1552 833/532/505
f 3643/1663/1554 2584/1649/1543 1556/1651/1545
f 840/393/377 893/392/376 2588/1664/1555
f 2588/1664/1555 893/392/376 2589/4149/3546
f 2589/4149/3546 893/392/376 428/4148/1175
f 173/500/477 1432/497/474 2593/1667/1557 1179/2146/1977
f 30/1241/1173 2588/1664/1555 429/1239/1171
f 2592/1669/1559 2594/437/416 2593/1667/1557
f 2594/437/416 2595/1670/1560 2593/1667/1557
f 1433/3624/3180 206/3626/3181 3544/3060/2731 2590/1668/1558
f 2593/1667/1557 1180/1671/1561 1179/2146/1977
f 2590/1668/1558 3544/3060/2731 3547/4150/3547 2591/1666/1556
f 2591/1666/1556 3547/4150/3547 3545/1673/1563 2592/1669/1559
f 1432/497/474 1433/3624/3180 2590/1668/1558 2593/1667/1557
f 3546/1672/1562 2594/437/416 2592/1669/1559
f 2594/437/416 741/439/418 2595/1670/1560
f 741/439/418 171/438/417 2595/1670/1560
f 898/118/117 282/3555/3142 283/316/303 897/116/115
f 2596/1370/1290 2599/1675/1565 2377/1371/1291
f 2599/1675/1565 2600/1677/1567 1336/1373/1292
f 3322/1680/1570 2596/1682/1290 1337/1368/1288
f 3323/1681/1571 2597/1684/1564 2596/1682/1290
f 3324/1683/1572 2598/1686/1566 2597/1684/1564
f 1340/1685/1573 778/2465/1574 2598/1686/1566
f 1336/1373/1292 1154/1688/1575 1153/2227/2045
f 1336/1373/1292 1153/2227/2045 178/1374/1293
f 2601/1689/1576 281/1698/1582 282/3555/3142 898/118/117
f 2606/136/134 2605/1691/1578 2602/1690/1577 2603/135/133
f 281/1698/1582 2601/1689/1576 2602/1690/1577
f 288/1229/1161 289/3988/3441 2607/1694/1580 2608/1696/1581
f 2604/1693/1579 2605/1695/1578 2607/1694/1580
f 2605/1695/1578 2606/1697/134 2608/1696/1581
f 706/315/302 822/127/125 897/116/115
f 2601/1689/1576 899/120/119 2603/135/133
f 289/3988/3441 48/3407/3048 278/319/306 2607/1694/1580
f 2604/1692/1579 279/3554/305 280/305/292 2602/1690/1577
f 279/318/305 2604/1693/1579 278/319/306
f 796/1747/1584 2609/4151/1583 2610/4152/3548 2614/1746/1625
f 2665/1838/1705 948/675/634 936/1487/1399
f 2611/1480/1393 2613/1479/1392 2610/4152/3548
f 2614/1746/1625 2610/4152/3548 2613/1479/1392 2615/1478/1391
f 2610/4152/3548 550/4153/1636 2612/1481/1394 2611/1480/1393
f 550/1758/1636 2609/1699/1583 63/1701/1585
f 550/4153/1636 2610/4152/3548 2609/4151/1583
f 767/4154/3549 551/1702/1586 2617/1403/1322 941/3867/3329
f 126/935/871 2617/1403/1322 551/1702/1586
f 768/4155/1622 2616/1703/1587 551/1702/1586 767/4154/3549
f 105/1745/1624 448/2688/2423 2616/4156/1587 768/1743/1622
f 2621/1707/1590 575/1706/1128 83/3158/2821 931/1711/1592
f 2651/1704/1588 2616/1703/1587 448/4157/2423
f 909/179/175 2618/4158/1591 2620/1705/1589
f 2618/1708/1591 2621/1707/1590 2620/1712/1589
f 574/4159/1123 2618/4158/1591 909/179/175
f 308/1199/1131 938/3987/1593 2619/4160/170 2620/1712/1589
f 2621/1707/1590 127/1200/1132 937/1197/1129
f 2620/1712/1589 937/1197/1129 308/1199/1131
f 2625/1716/1596 911/3541/3136 46/3542/3137 582/1714/1594
f 1717/176/172 909/179/175 2619/174/170
f 2627/4161/3550 2626/1717/1597 2622/1715/1595 2623/4162/3551
f 2625/1716/1596 2622/1715/1595 2626/1717/1597
f 2628/1724/1604 2627/4161/3550 2623/4162/3551 2624/1722/1602
f 2629/1718/1598 912/1727/1607 911/3541/3136 2625/1716/1596
f 2632/3977/3432 2631/1719/1599 2626/1717/1597 2627/4161/3550
f 2629/1718/1598 2626/1717/1597 2630/1180/1114
f 2633/1726/1606 2632/3977/3432 2627/4161/3550 2628/1724/1604
f 2623/4162/3551 2622/1715/1595 583/1992/1841 584/1991/1840
f 912/1727/1607 2629/1718/1598 2634/1179/1113
f 582/1714/1594 583/1992/1841 2622/1715/1595
f 2624/1722/1602 2623/4162/3551 584/1991/1840 585/1720/1600
f 2638/1731/1611 454/4163/3552 2637/973/909 2639/972/908
f 2624/1722/1602 86/1721/1601 928/1723/1603
f 2628/1724/1604 928/1723/1603 929/1725/1605
f 2633/1726/1606 929/1725/1605 930/3979/3434
f 2635/1729/1609 2637/973/909 454/4163/3552
f 454/4163/3552 65/4164/3553 552/1732/1612 2635/1729/1609
f 2639/972/908 2640/971/907 2638/1731/1611
f 2638/1739/1611 2642/4165/1610 2641/1737/1617
f 2640/971/907 2643/970/906 2642/1730/1610
f 2642/1730/1610 2644/969/905 2641/4166/1617
f 2644/969/905 2645/4167/3554 2641/4166/1617
f 2644/969/905 940/968/904 2645/4167/3554
f 919/4168/3555 2645/4167/3554 940/968/904 125/967/903
f 927/949/885 939/1733/1613 2636/1728/1608
f 918/4169/1614 2641/4166/1617 2645/4167/3554 919/4168/3555
f 2646/1742/1621 767/4154/3549 941/3867/3329 2647/951/887
f 2641/1737/1617 918/1734/1614 457/1736/1616
f 2638/1739/1611 2641/1737/1617 456/1738/1618
f 454/4170/3552 2638/1739/1611 455/1740/1619
f 767/4154/3549 2646/1742/1621 768/4155/1622
f 420/4171/1623 768/4155/1622 2646/1742/1621 2648/4172/3556
f 65/4164/3553 420/4171/1623 2648/4172/3556 552/1732/1612
f 2646/1742/1621 2649/1741/1620 2648/4172/3556
f 552/1732/1612 2648/4172/3556 2649/1741/1620 2650/950/886
f 2661/3866/3328 2660/1753/1631 2658/1752/1630 2659/1751/1629
f 941/3867/3329 933/937/873 2647/951/887
f 2650/950/886 927/949/885 2636/1728/1608
f 2650/950/886 2636/1728/1608 552/1732/1612
f 2614/1746/1625 2652/1748/1626 2651/1704/1588
f 2615/1478/1391 2653/936/872 2652/1748/1626
f 796/1700/1584 2651/4173/1588 448/2688/2423
f 411/1756/1634 2654/1749/1627 2656/1750/1628
f 2654/1749/1627 2655/924/860 2657/927/863
f 2656/1750/1628 2657/927/863 2658/1752/1630
f 2663/926/862 2662/4174/1637 2660/1753/1631 2661/3866/3328
f 413/1754/1632 2660/1753/1631 2662/4174/1637
f 550/4153/1636 2662/4174/1637 2663/926/862 2612/1481/1394
f 2655/924/860 2654/1749/1627 520/1755/1633 519/1770/1645
f 2663/926/862 2664/925/861 2612/1481/1394
f 61/4175/3557 520/4176/1633 411/1761/1634
f 2670/4177/3558 400/4178/2399 399/1766/1641 2669/4179/3559
f 519/1770/1645 921/715/671 2655/924/860
f 414/1757/1635 2662/1760/1637 550/1758/1636
f 412/1763/1638 2658/4180/1630 413/1759/1632
f 412/1763/1638 2656/1762/1628 2658/4180/1630
f 948/675/634 2665/1838/1705 13/857/794
f 2666/1764/1639 2667/4181/3560 2668/1765/1640
f 399/1766/1641 2668/1765/1640 2669/4179/3559
f 2671/1767/1642 401/4182/1646 400/4178/2399 2670/4177/3558
f 2675/1769/1644 2674/4183/3561 2672/1768/1643 2673/717/673
f 401/4182/1646 2671/1767/1642 2672/1768/1643
f 2667/4181/3560 2666/1764/1639 292/2737/2448 291/2736/2460
f 38/2653/2393 292/2720/2448 2666/4184/1639
f 942/707/663 2667/4181/3560 291/2736/2460 902/705/661
f 943/3729/3237 2668/1765/1640 2667/4181/3560 942/707/663
f 944/3731/3239 2669/4179/3559 2668/1765/1640 943/3729/3237
f 945/3734/3242 2670/4177/3558 2669/4179/3559 944/3731/3239
f 946/716/672 2671/1767/1642 2670/4177/3558 945/3734/3242
f 520/4176/1633 61/4175/3557 403/2656/2396 2674/4185/3561
f 2671/1767/1642 946/716/672 2673/717/673
f 2674/4183/3561 2675/1769/1644 520/1755/1633
f 2674/4185/3561 403/2656/2396 402/1773/1647 2672/1772/1643
f 2678/1774/1648 3626/4186/3562 3621/4187/3563 2676/4188/3564
f 38/2653/2393 2666/4184/1639 399/4189/1641
f 2679/1775/1649 2678/1774/1648 2676/4188/3564 2677/4190/1655
f 2680/1776/1650 3627/3162/2825 3626/4186/3562 2678/1774/1648
f 2681/1777/1651 1552/3163/2826 3627/3162/2825 2680/1776/1650
f 2682/1779/1653 2681/1777/1651 2680/1776/1650 2679/1775/1649
f 1543/686/645 1553/3301/2962 1552/3163/2826 2681/1777/1651
f 2676/4188/3564 3621/4187/3563 1507/3806/3289 504/3804/3288
f 2681/1777/1651 2682/1779/1653 2683/1778/1652
f 2677/4190/1655 2676/4188/3564 504/3804/3288 505/3803/773
f 295/4191/3565 2679/4192/1649 2677/1781/1655 53/831/772
f 294/3034/2708 2682/4193/1653 2679/4192/1649 295/4191/3565
f 2686/1784/1657 2685/1786/1659 996/4194/1662 2687/1790/1661
f 2682/4193/1653 294/3034/2708 123/3035/1654
f 2683/1778/1652 123/1780/1654 1541/1782/648
f 1543/686/645 2683/1778/1652 1542/687/646
f 2684/672/631 948/675/634 502/856/793
f 363/1783/1656 947/673/632 503/324/311
f 913/2796/2511 2689/4195/1663 952/670/629 124/669/628
f 995/4196/1664 950/1787/1660 996/1789/1662
f 2686/1784/1657 2689/1791/1663 2688/1785/1658
f 2687/1788/1661 952/670/629 2689/4195/1663
f 2724/1844/1711 2685/1786/1659 130/1845/1712
f 139/650/612 949/649/611 994/1793/1665
f 950/1787/1660 951/658/619 2687/1788/1661
f 35/2798/1666 2688/4197/1658 2689/4195/1663 913/2796/2511
f 3191/1796/1667 130/1845/1712 2685/1786/1659 2688/1785/1658
f 2692/1800/1671 2691/1802/1668 1929/637/600 2690/647/609
f 1550/3155/1670 1929/639/600 2691/4198/1668
f 907/1819/1688 906/4199/3566 2693/1805/1674 908/612/579
f 2691/1797/1668 1545/613/580 1551/1798/1669
f 2692/1800/1671 1544/626/590 1545/1801/580
f 1579/640/602 1929/639/600 1550/3155/1670
f 36/646/608 435/1803/1672 2690/647/609
f 435/1803/1672 3523/1804/1673 2692/1800/1671
f 1551/1798/1669 1580/615/582 953/3151/2817
f 978/1057/991 1023/1839/1706 2694/1807/1676
f 978/1057/991 2694/1807/1676 2693/1805/1674
f 2693/1805/1674 2694/1807/1676 908/612/579
f 2694/1807/1676 1023/1839/1706 957/610/577
f 906/4199/3566 905/1825/1693 2695/1806/1675 2693/1805/1674
f 1341/4200/3567 1342/1809/1678 2697/1808/1677 2698/170/166
f 69/1824/1692 2695/1806/1675 905/1825/1693
f 1233/2368/2151 154/2365/2149 1341/4201/3567 2698/3495/166
f 2697/1808/1677 2696/158/156 2698/170/166
f 2702/4202/3568 2699/677/636 2700/1813/1682 2703/4203/1686
f 195/1811/1680 1342/1809/1678 1343/2606/2357
f 3317/1810/1679 2696/158/156 1342/1809/1678
f 910/277/268 2701/276/267 2700/1813/1682
f 2707/4204/3569 2702/4205/3568 2703/4206/1686 2708/4207/1685
f 2700/1813/1682 2704/1814/1683 2703/4203/1686
f 2704/1814/1683 2705/4208/1684 2703/4203/1686
f 2704/1814/1683 2706/3544/3138 2705/4208/1684
f 2710/4209/3570 2705/1815/1684 2709/274/265 2711/1818/1687
f 2706/4210/3138 2709/274/265 2705/1815/1684
f 2705/1815/1684 369/1172/1106 2708/1816/1685
f 2705/1815/1684 2710/4209/3570 369/1172/1106
f 371/1184/1117 2707/4204/3569 2708/4207/1685 370/1182/1111
f 367/1170/1104 368/1169/1103 2710/4209/3570 2711/1818/1687
f 2709/274/265 959/273/264 2711/1818/1687
f 300/146/144 299/3492/3112 2702/4205/3568 2707/4204/3569
f 2710/4209/3570 368/1169/1103 369/1172/1106
f 2707/4204/3569 371/1184/1117 300/146/144
f 299/3491/3112 37/155/153 2699/677/636 2702/4202/3568
f 2714/4211/3571 2713/4212/1690 905/1825/1693 906/4199/3566
f 907/1819/1688 960/173/169 2712/175/171
f 2715/1820/1689 2714/4211/3571 906/4199/3566 907/1819/1688
f 310/1203/1135 2714/4213/3571 2715/4214/1689 309/1202/1134
f 907/1819/1688 908/612/579 960/173/169
f 2715/4214/1689 308/1199/1131 309/1202/1134
f 312/1212/1144 2713/1822/1690 2714/4213/3571 311/1205/1137
f 2714/4213/3571 310/1203/1135 311/1205/1137
f 1067/2419/2189 2719/1828/1695 2720/1832/1699 1068/2420/2190
f 2713/1822/1690 312/1212/1144 68/1213/1145
f 306/1826/1691 905/1825/1693 2713/4212/1690
f 2717/1830/1697 2720/1832/1699 2719/1828/1695
f 2718/1831/1698 896/1381/1300 2720/1832/1699
f 1068/2420/2190 2720/1832/1699 896/1381/1300 151/1380/1299
f 1245/2034/1877 3132/2498/2257 2719/1828/1695 1067/2419/2189
f 894/1833/1700 3538/1834/1701 2716/1827/1694
f 3538/1834/1701 3539/1835/1702 2717/1830/1697
f 3539/1835/1702 1439/1836/1703 2718/1831/1698
f 2721/1848/1715 918/1734/1614 2722/4215/3572 2723/4216/1709
f 1437/1829/1696 2719/1828/1695 3132/2498/2257
f 2665/1838/1705 936/1487/1399 1023/1839/1706
f 2724/1844/1711 2721/1848/1715 2723/4216/1709 2725/4217/1710
f 2722/4218/3572 992/1840/1707 2723/1842/1709
f 2722/4218/3572 919/4168/3555 125/967/903 990/1909/1773
f 2723/1842/1709 2726/1841/1708 2725/1843/1710
f 2726/1841/1708 994/1793/1665 2725/1843/1710
f 918/1734/1614 2721/1848/1715 1338/1735/1615
f 919/4168/3555 2722/4218/3572 918/4169/1614
f 992/1840/1707 2722/4218/3572 990/1909/1773 991/1908/1772
f 994/1793/1665 2726/1841/1708 993/4219/3573 139/650/612
f 992/1840/1707 993/4219/3573 2726/1841/1708
f 2685/1786/1659 2724/1844/1711 2725/4217/1710 996/4194/1662
f 2725/4217/1710 995/4220/1664 996/4194/1662
f 963/1646/1540 451/3615/3177 2540/1849/1716 2579/1645/1539
f 2721/1848/1715 2724/1844/1711 965/1847/1714
f 2731/4221/3574 2730/1851/1718 2729/1850/1717 843/1599/1496
f 2539/1601/1498 2727/544/517 2540/1849/1716
f 2487/1494/1405 2580/539/512 2539/1601/1498
f 2728/1859/1726 2729/1850/1717 2733/1852/1719
f 2732/1853/1720 2731/4221/3574 843/1599/1496 844/1598/1495
f 2735/4222/3575 2734/1856/1723 2733/1852/1719 2730/1851/1718
f 2736/1855/1722 2735/4222/3575 2730/1851/1718 2731/4221/3574
f 997/1858/1725 2739/1862/1729 2736/1855/1722 2737/1854/1721
f 2731/4221/3574 2732/1853/1720 2736/1855/1722
f 2732/1853/1720 988/1931/1792 2737/1854/1721
f 2735/4222/3575 2736/1855/1722 2739/1862/1729
f 2729/1850/1717 2728/1859/1726 24/91/91 842/1861/1728
f 988/1931/1792 2732/1853/1720 844/1598/1495 987/1929/1790
f 844/1598/1495 118/781/730 987/1929/1790
f 999/1864/1730 1000/4144/3545 2735/4222/3575 2739/1862/1729
f 997/1858/1725 989/1857/1724 138/1946/1801
f 1000/4144/3545 1001/1634/1529 2734/1856/1723 2735/4222/3575
f 2738/1642/1536 133/1902/1766 473/4223/3576 2733/1852/1719
f 2738/1642/1536 2734/1856/1723 1001/1634/1529
f 2733/1852/1719 473/4223/3576 474/1860/1727 2728/1859/1726
f 168/4224/3577 1204/4225/3578 1440/1868/1734 1442/1871/1737
f 1440/1868/1734 1204/4225/3578 167/4024/3468
f 2741/1873/1739 2740/4226/3579 260/4030/3474 259/4029/3473
f 651/1872/1738 978/1057/991 1881/537/510
f 261/4031/3475 260/4030/3474 2740/4226/3579
f 2742/4227/3580 2741/1873/1739 259/4029/3473 258/4028/3472
f 983/4228/3581 2742/4227/3580 258/4028/3472 95/2760/2478
f 2745/1875/1741 2744/4229/3582 2740/4226/3579 2741/1873/1739
f 2740/4226/3579 2744/4229/3582 2743/4230/3583
f 2747/1879/1745 2746/1874/1740 2741/1873/1739 2742/4227/3580
f 984/1876/1742 2747/1879/1745 2742/4227/3580 983/4228/3581
f 1003/1261/1191 1004/4012/3460 2744/4229/3582 2745/1875/1741
f 2747/1879/1745 984/1876/1742 1002/1878/1744
f 2746/1874/1740 2747/1879/1745 2318/1880/1746
f 1005/4011/3459 2743/4230/3583 2744/4229/3582 1004/4012/3460
f 134/663/624 980/1917/1781 2743/4230/3583 1005/4011/3459
f 980/1917/1781 979/4231/3584 2740/4226/3579 2743/4230/3583
f 979/4231/3584 22/965/901 261/4031/3475 2740/4226/3579
f 2758/1893/1757 2755/1890/1754 579/1098/1032 580/1100/1034
f 2748/1881/1747 555/1250/1180 2749/1883/1749
f 2749/1883/1749 556/1249/1179 2753/1884/1750
f 2750/1882/1748 2749/1883/1749 2752/1255/1185
f 555/1250/1180 556/1249/1179 2749/1883/1749
f 639/3133/1178 981/1888/1752 556/1249/1179
f 2752/1255/1185 2751/1885/1751 1006/1256/1186
f 579/1098/1032 2755/1890/1754 578/1097/1031
f 578/1097/1031 2754/1891/1755 974/1896/1760
f 975/508/484 974/1896/1760 2754/1891/1755 1008/1187/1120
f 2758/1893/1757 581/1892/1756 2756/1895/1759
f 2755/1890/1754 1007/1185/1118 2754/1891/1755
f 2755/1890/1754 2758/1893/1757 2757/1193/1125
f 135/1194/1126 2279/1189/1122 2758/1893/1757 2756/1895/1759
f 2756/1895/1759 85/1894/1758 135/1194/1126
f 985/4232/3585 99/98/98 2759/96/96 2762/4233/3586
f 2757/1193/1125 2758/1893/1757 2279/1189/1122
f 975/508/484 463/1186/1119 1027/1955/1808
f 2762/4233/3586 2759/96/96 2760/94/94 2763/1898/1762
f 2766/4234/3587 985/4232/3585 2762/4233/3586 2767/4235/3588
f 2761/1897/1761 2764/1899/1763 2763/1898/1762
f 2761/1897/1761 2765/1901/1765 2764/1899/1763
f 2767/4235/3588 2762/4233/3586 2763/1898/1762 2768/4236/3589
f 1009/1903/1767 1010/1904/1768 2764/1899/1763 2765/1901/1765
f 2763/1898/1762 2769/1900/1764 2768/4236/3589
f 2764/1899/1763 1010/1904/1768 2769/1900/1764
f 474/1860/1727 2761/1897/1761 704/92/92 24/91/91
f 704/92/92 2761/1897/1761 2760/94/94
f 473/4223/3576 2765/1901/1765 2761/1897/1761 474/1860/1727
f 1012/1043/979 2768/4236/3589 2769/1900/1764 1011/1905/1769
f 2765/1901/1765 473/4223/3576 133/1902/1766
f 1013/1040/976 2767/4235/3588 2768/4236/3589 1012/1043/979
f 1014/1042/978 2766/4234/3587 2767/4235/3588 1013/1040/976
f 137/2943/2625 986/4237/3590 2766/4234/3587 1014/1042/978
f 2773/1911/1775 2771/1910/1774 2772/4238/3591 2774/1914/1778
f 985/4232/3585 2766/4234/3587 986/4237/3590
f 1443/1866/1732 208/1906/1770 1442/1871/1737
f 2770/1907/1771 2773/1911/1775 991/1908/1772
f 2774/1914/1778 2772/4238/3591 979/4231/3584 2775/1913/1777
f 993/4219/3573 992/1840/1707 991/1908/1772 2776/1912/1776
f 2777/1915/1779 2773/1911/1775 2774/1914/1778 2778/3692/3213
f 2773/1911/1775 2777/1915/1779 2776/1912/1776
f 139/650/612 993/4219/3573 2776/1912/1776 1018/1916/1780
f 2774/1914/1778 2779/662/623 2778/3692/3213
f 2770/1907/1771 125/967/903 499/966/902 2771/1910/1774
f 2775/1913/1777 1017/661/622 2779/662/623
f 125/967/903 2770/1907/1771 990/1909/1773
f 2771/1910/1774 499/966/902 500/3868/3330 2772/4238/3591
f 2772/4238/3591 500/3868/3330 22/965/901 979/4231/3584
f 973/1954/1807 2785/608/575 2053/860/797 2054/861/798
f 979/4231/3584 980/1917/1781 2775/1913/1777
f 980/1917/1781 134/663/624 1017/661/622
f 2780/1918/1782 498/1922/1786 2781/1920/1784
f 1549/1919/1783 2780/1918/1782 2782/1921/1785
f 2782/1921/1785 2781/1920/1784 2783/1927/598
f 211/877/814 497/876/813 2780/1918/1782
f 498/1923/1786 76/3840/3311 305/1924/1787
f 2781/1925/1784 305/1924/1787 304/1926/1788
f 2783/635/598 304/1926/1788 131/642/604
f 2783/635/598 2784/641/603 1928/636/599
f 1549/1919/1783 2782/1921/1785 1546/638/601
f 2786/1930/1791 987/1929/1790 118/781/730 475/769/720
f 936/1487/1399 935/1488/1400 1023/1839/1706
f 2054/861/798 387/334/321 973/1954/1807
f 2786/1930/1791 476/1944/728 2787/1934/1794
f 2787/1933/1794 461/1932/1793 2790/3635/1796
f 2788/4239/1795 2787/1936/1794 2789/1938/1797
f 2788/1935/1795 2737/1854/1721 988/1931/1792 2786/1930/1791
f 2790/3635/1796 461/1932/1793 132/3636/3182
f 2789/4240/1797 2790/3635/1796 1024/3638/1800
f 1886/1943/1799 2789/1942/1797 1887/545/518
f 2737/1854/1721 2788/1935/1795 989/1857/1724
f 2802/1959/1812 2801/1957/1810 2799/1964/1817 2798/1963/1816
f 2791/536/509 2792/1950/1805 464/1951/1802
f 464/1947/1802 1547/517/493 1548/516/492
f 465/534/507 2791/536/509 464/1951/1802
f 381/535/508 462/1949/1804 2791/536/509
f 2792/1950/1805 971/518/494 1876/520/495
f 2793/177/173 2794/503/480 2795/502/479
f 2793/177/173 2795/502/479 2796/1953/482
f 973/1954/1807 2794/503/480 2793/177/173
f 2796/506/482 1875/505/481 1027/1955/1808
f 1447/1956/1809 2799/1964/1817 2801/1957/1810
f 2803/1960/1813 2802/1959/1812 2798/1963/1816 1015/1966/1819
f 1124/4241/3592 1123/4242/3593 2800/1958/1811 2801/1957/1810
f 1125/1961/1814 1124/4241/3592 2801/1957/1810 2802/1959/1812
f 1123/4242/3593 1152/4243/3594 3181/1968/1821 2800/1958/1811
f 1447/1956/1809 3530/3050/2721 2799/1964/1817
f 3530/3050/2721 3531/1962/1815 2799/1964/1817
f 3531/1962/1815 3532/1965/1818 2798/1963/1816
f 3532/1965/1818 1449/2587/2339 1015/1966/1819
f 2808/1971/1824 1344/3546/3140 1345/4244/279 2807/4245/1829
f 2811/2140/1972 2810/1973/1826 2805/1972/1825 2806/4246/3595
f 2807/4245/1829 2804/1969/1822 2808/1971/1824
f 2804/1969/1822 2805/1972/1825 2809/1970/1823
f 170/3545/3139 1344/3546/3140 2808/1971/1824 1175/4247/3596
f 1176/4248/3597 2808/1971/1824 2809/1970/1823 1177/4249/3598
f 2808/1971/1824 1176/4248/3597 1175/4247/3596
f 2806/4250/3595 2805/1980/1825 3313/4251/2506 3314/4252/3599
f 2809/1970/1823 1178/1974/1827 1177/4249/3598
f 197/1975/1828 1398/1977/1830 2807/1976/1829
f 1398/1977/1830 1397/1979/1831 2804/1978/1822
f 1397/1979/1831 3313/4251/2506 2805/1980/1825
f 1031/4044/3482 2806/4250/3595 3314/4252/3599 1349/4045/3483
f 1032/1364/1284 2811/2140/1972 2806/4246/3595 1031/4050/3482
f 262/473/452 2812/472/451 964/113/112 2813/3467/3101
f 1032/1364/1284 172/1366/1286 2811/2140/1972
f 1861/1982/450 1680/111/111 1033/3468/113
f 1861/471/450 1033/114/113 2812/472/451
f 2817/4253/3600 656/3578/3161 655/3577/3160 2814/4254/3601
f 262/473/452 2813/3467/3101 265/474/453
f 451/3615/3177 963/1646/1540 1859/1981/444
f 2813/3467/3101 129/1260/1190 265/474/453
f 2818/4255/3602 2817/4253/3600 2814/4254/3601 2815/4256/3603
f 2819/4257/3604 2818/4255/3602 2815/4256/3603 2816/4258/3605
f 2820/4259/3606 657/3579/3162 656/3578/3161 2817/4253/3600
f 2821/4260/3607 2820/4259/3606 2817/4253/3600 2818/4255/3602
f 2822/4261/3608 2821/4260/3607 2818/4255/3602 2819/4257/3604
f 2823/4262/3609 658/3580/3163 657/3579/3162 2820/4259/3606
f 2824/4263/3610 2823/4262/3609 2820/4259/3606 2821/4260/3607
f 2825/1983/1832 2824/4263/3610 2821/4260/3607 2822/4261/3608
f 2826/4264/3611 659/3581/3164 658/3580/3163 2823/4262/3609
f 2827/1986/1835 2826/4264/3611 2823/4262/3609 2824/4263/3610
f 2828/1985/1834 2827/1986/1835 2824/4263/3610 2825/1983/1832
f 2830/4265/3612 660/327/314 659/3581/3164 2826/4264/3611
f 2831/1987/1836 2830/4265/3612 2826/4264/3611 2827/1986/1835
f 2833/1990/1839 2832/4266/3613 2830/4265/3612 2831/1987/1836
f 660/327/314 2830/4265/3612 2832/4266/3613
f 584/1991/1840 2833/1990/1839 2831/1987/1836 2828/1985/1834
f 585/1720/1600 584/1991/1840 2828/1985/1834 2829/1984/1833
f 2814/4254/3601 655/3577/3160 47/3415/3056 598/3414/3055
f 2815/4256/3603 2814/4254/3601 598/3414/3055 599/3413/3054
f 2816/4258/3605 2815/4256/3603 599/3413/3054 600/3411/3052
f 683/4267/3614 2816/4258/3605 600/3411/3052 91/3412/3053
f 684/4268/3615 2819/4257/3604 2816/4258/3605 683/4267/3614
f 685/4269/3616 2822/4261/3608 2819/4257/3604 684/4268/3615
f 686/1988/1837 2825/1983/1832 2822/4261/3608 685/4269/3616
f 583/1992/1841 582/1714/1594 2832/4266/3613 2833/1990/1839
f 2829/1984/1833 686/1988/1837 687/1989/1838
f 585/1720/1600 687/1989/1838 86/1721/1601
f 582/1714/1594 46/3542/3137 660/327/314 2832/4266/3613
f 2842/4270/3617 2840/4271/3618 2841/2008/1856 2843/2007/1855
f 190/2481/1853 1036/1998/1847 2834/1993/1842
f 2834/1993/1842 1036/1998/1847 2836/1994/1843
f 2835/1995/1844 2836/1994/1843 3923/2000/1849
f 190/2481/1853 140/1996/1845 1036/1998/1847
f 1036/1998/1847 1034/1997/1846 1035/2310/2102
f 1174/2004/1852 2835/4272/1844 3924/4273/1850
f 1174/2004/1852 2834/2003/1842 2835/4272/1844
f 2840/4271/3618 2842/4270/3617 2839/4274/3619
f 2844/4275/3620 2837/4276/3621 2838/4277/3622 2845/4278/3623
f 2845/4278/3623 2838/4277/3622 2839/4274/3619 2846/4279/1859
f 2846/4279/1859 2839/4274/3619 2842/4270/3617 2847/4280/3624
f 2847/4280/3624 2842/4270/3617 2843/2007/1855 2848/2010/1858
f 1048/18/18 2847/4281/3624 2848/4282/1858 1047/20/20
f 2847/4281/3624 1048/18/18 2846/2011/1859
f 1039/2086/1921 142/188/184 1040/187/183 2837/4276/3621
f 2837/4276/3621 1040/187/183 1041/3497/3113 2838/4277/3622
f 2839/4274/3619 1041/3497/3113 1042/3498/3114 2840/4271/3618
f 1041/3497/3113 2839/4274/3619 2838/4277/3622
f 2840/4271/3618 1042/3498/3114 1043/3502/3116 2841/2008/1856
f 2841/2008/1856 1043/3502/3116 143/492/469 1044/2006/1854
f 1047/20/20 2848/4282/1858 1046/4283/2132 1103/138/136
f 1044/2006/1854 1045/2009/1857 2843/2007/1855
f 1045/2009/1857 1046/2345/2132 2848/2010/1858
f 1050/3417/3058 2845/4284/3623 2846/2011/1859 1049/17/17
f 1103/138/136 144/16/16 1047/20/20
f 1051/3419/3060 2844/4285/3620 2845/4284/3623 1050/3417/3058
f 141/3420/3061 1038/4286/3625 2844/4285/3620 1051/3419/3060
f 1038/4287/3625 1039/2086/1921 2837/4276/3621 2844/4275/3620
f 2851/2015/1863 2849/4288/3626 2850/4289/1860 2852/4290/1862
f 1240/2017/1865 1239/4291/3627 2849/4288/3626 2851/2015/1863
f 1239/4291/3627 147/2451/2218 3108/2450/2217 2849/4288/3626
f 2851/2015/1863 2852/4290/1862 2853/2018/1866
f 2852/2014/1862 1055/2013/1861 1056/2112/1947
f 2853/2018/1866 2852/4290/1862 1056/4292/1947
f 1241/2016/1864 1242/4293/1867 3068/2377/2160
f 2853/4294/1866 1056/4295/1947 2854/2025/1868
f 1055/2013/1861 2850/2012/1860 1054/2453/2220 148/2113/1948
f 2855/2028/1871 1064/2608/2358 154/4296/2149 1065/2032/1875
f 1242/4297/1867 2854/2025/1868 1231/2027/1870
f 1242/4297/1867 1231/2027/1870 1232/2566/2318
f 1242/4297/1867 1232/2566/2318 150/4298/3628
f 1066/2362/2147 2857/2363/2148 2856/4299/1876
f 1064/2608/2358 2855/2028/1871 153/2030/1873
f 161/250/241 3056/2359/2145 2859/2404/2178 1214/1330/1255
f 2856/2033/1876 155/2370/2153 1245/2034/1877
f 1066/4300/2147 2856/4301/1876 3090/4302/1878
f 1226/2037/1880 2858/2399/2177 3052/2355/2142
f 2858/2399/2177 2859/2400/2178 3056/4303/2145
f 1071/381/365 159/379/364 1072/2041/1883
f 1225/2036/1879 1072/4304/1883 1226/2037/1880
f 2859/2404/2178 160/2405/2181 1214/1330/1255
f 2863/2048/1889 2862/2047/1888 2860/2046/1887 1082/2058/1898
f 3052/2355/2142 2858/2399/2177 3056/4303/2145
f 1080/1038/974 1081/2043/1884 1079/2045/1886
f 1081/2043/1884 2860/2046/1887 2861/2044/1885
f 2865/4305/1894 2864/2061/1891 1079/2045/1886 2861/2044/1885
f 2866/2049/1890 2865/4305/1894 2861/2044/1885 2862/2047/1888
f 1085/4306/3629 2869/2056/1896 2863/4307/1889 1084/4308/3630
f 2864/2050/1891 2865/2053/1894 2867/2051/1892
f 2865/2053/1894 2866/2055/1890 2868/2054/1895
f 2866/2055/1890 2863/4307/1889 2869/2056/1896
f 2863/2048/1889 1083/2059/1899 1084/4309/3630
f 165/4310/3631 1086/4311/3632 2869/2056/1896 1085/4306/3629
f 1086/4311/3632 1087/4312/3633 2868/2054/1895 2869/2056/1896
f 1087/4312/3633 1088/4313/3634 2867/2051/1892 2868/2054/1895
f 1088/4313/3634 162/2559/2311 1076/2052/1893 2867/2051/1892
f 2872/4314/3635 1209/4315/3636 1208/4316/1906 2871/4317/1905
f 1077/4318/1901 2864/2050/1891 1076/2052/1893
f 1206/2063/1902 1090/1519/1423 2870/2064/1903
f 1207/2065/1904 2870/2064/1903 2871/2066/1905
f 1204/4225/3578 1209/4315/3636 2872/4314/3635 167/4024/3468
f 1204/4225/3578 168/4224/3577 3036/4319/3637 1209/4315/3636
f 2883/2084/1919 2876/2076/1911 2877/2083/1910 2884/2082/1918
f 2873/2069/1908 1093/1517/1421 2876/2072/1911
f 2875/2070/1909 2873/2069/1908 2878/2074/1913
f 2879/2080/1914 2878/2078/1913 2880/2077/1915
f 2874/2073/1912 2881/4320/1917 2877/2071/1910
f 2876/2076/1911 2883/2084/1919 2880/2077/1915
f 2881/4320/1917 2874/2073/1912 1039/2086/1921 1038/4287/3625
f 2880/2077/1915 2885/2085/1920 2882/2079/1916
f 1091/1509/1417 1092/1508/1416 2873/2069/1908
f 1093/1517/1421 142/188/184 2874/2073/1912
f 1094/4021/3465 2881/2081/1917 1038/4286/3625 141/3420/3061
f 1095/2087/1922 2884/2082/1918 2881/2081/1917 1094/4021/3465
f 1096/4022/3466 2885/2085/1920 2883/2084/1919 1095/2087/1922
f 1097/4023/3467 2882/2079/1916 2885/2085/1920 1096/4022/3466
f 167/4024/3468 2872/4314/3635 2882/2079/1916 1097/4023/3467
f 2872/4314/3635 2871/4317/1905 2879/2080/1914 2882/2079/1916
f 2879/2075/1914 2871/2066/1905 2870/2064/1903 2875/2070/1909
f 2875/2070/1909 2870/2064/1903 1090/1519/1423 1091/1509/1417
f 2890/4321/3638 1222/4322/3639 1221/2096/1931 2886/2095/1930
f 2891/4323/3640 2890/4321/3638 2886/2095/1930 2889/2089/1924
f 1100/2098/1933 2891/4323/3640 2889/2089/1924 2888/2088/1923
f 2892/4324/1925 1223/4325/3641 1222/4322/3639 2890/4321/3638
f 2893/2092/1927 2892/2090/1925 2890/4326/3638 2891/4327/3640
f 1218/2094/1929 1219/445/424 2892/2090/1925 2893/2092/1927
f 2893/2092/1927 2891/4327/3640 2894/2093/1928
f 2891/4327/3640 1100/2152/1933 2894/2093/1928
f 1223/4328/3641 2892/2090/1925 1224/2091/1926
f 2889/2089/1924 2886/2095/1930 169/295/282 2887/294/281
f 1099/2097/1932 2888/2088/1923 1098/293/280 170/3545/3139
f 2900/2101/1936 2899/2111/1946 2895/2114/1949 2896/2099/1934
f 1100/2152/1933 171/438/417 2894/2093/1928
f 2903/4329/1937 2902/4330/3642 2899/2111/1946 2900/2101/1936
f 2898/2106/1941 1109/2107/1942 2901/2109/1944
f 2904/4331/1938 2903/4329/1937 2900/2101/1936 2897/2100/1935
f 2905/4332/3643 2904/4331/1938 2897/2100/1935 2898/2106/1941
f 2906/4333/3644 2905/4332/3643 2898/2106/1941 2901/2109/1944
f 1115/2104/1939 1116/2110/1945 2902/4334/3642 2903/2102/1937
f 2896/2099/1934 2895/2114/1949 1106/2546/2301 1107/2547/2302
f 148/2113/1948 1106/2546/2301 2895/2114/1949
f 2897/2100/1935 2896/2099/1934 1107/2547/2302 1108/2105/1940
f 1111/4335/3645 2906/4333/3644 2901/2109/1944 1110/2108/1943
f 1109/2107/1942 174/2131/1964 1110/2108/1943
f 1016/1967/1820 1112/2586/2338 2906/4336/3644 1111/4337/3645
f 1112/2586/2338 1113/2585/2337 2905/4338/3643 2906/4336/3644
f 1113/2585/2337 1114/4339/3646 2904/2103/1938 2905/4338/3643
f 1116/2110/1945 2854/2025/1868 1056/4295/1947 2902/4334/3642
f 1115/2104/1939 2904/2103/1938 1114/4339/3646
f 2916/2124/1959 2915/4340/1960 2908/2115/1950 2912/2119/1954
f 1056/2112/1947 2899/2111/1946 2902/4330/3642
f 1055/2013/1861 2895/2114/1949 2899/2111/1946
f 1117/2117/1952 2910/2116/1951 2907/2121/1956
f 1119/2132/1965 2911/2118/1953 2909/2120/1955
f 2909/2120/1955 2912/2119/1954 2908/2115/1950
f 2911/2118/1953 2913/2123/1958 2912/2119/1954
f 2910/2116/1951 2908/2115/1950 2915/4340/1960
f 2908/2115/1950 1117/2117/1952 1118/2133/1966 2909/2120/1955
f 2914/4341/1957 2910/2125/1951 2917/2127/1961
f 2916/2128/1959 2913/4342/1958 2918/2129/1962
f 2915/2126/1960 2916/2128/1959 2919/2130/1963
f 174/2131/1964 2907/2121/1956 1110/2108/1943
f 2911/2118/1953 1119/2132/1965 175/426/405 1120/2334/2122
f 2913/2123/1958 2911/2118/1953 1120/2334/2122 1121/2336/2124
f 1122/2337/2125 2918/2129/1962 2913/4342/1958 1121/2338/2124
f 1152/4243/3594 1123/4242/3593 2918/2129/1962 1122/2337/2125
f 1123/4242/3593 1124/4241/3592 2919/2130/1963 2918/2129/1962
f 1124/4241/3592 1125/1961/1814 2915/2126/1960 2919/2130/1963
f 1125/1961/1814 2803/1960/1813 2914/4341/1957 2917/2127/1961
f 2917/2127/1961 2915/2126/1960 1125/1961/1814
f 2803/1960/1813 1016/1967/1820 1111/4337/3645 2914/4341/1957
f 2914/2122/1957 1111/4335/3645 1110/2108/1943 2907/2121/1956
f 2921/4343/3647 2920/4056/3488 178/1374/1293 1128/4344/3648
f 2920/4056/3488 1202/2136/1969 1201/2326/2115
f 2920/4056/3488 2921/4343/3647 1202/2136/1969
f 2922/2134/1967 1202/2136/1969 2921/4343/3647 2923/4345/3649
f 2923/4345/3649 2921/4343/3647 1128/4344/3648 1129/4346/3650
f 2924/2137/1970 2922/4347/1967 2923/4348/3649 2925/4349/3651
f 2922/4347/1967 2924/2137/1970 1203/2138/1968
f 2925/4349/3651 2923/4348/3649 1129/4350/3650 1130/4351/3652
f 1194/4352/3653 2925/4349/3651 1130/4351/3652 179/4067/3499
f 177/2329/2118 2920/4056/3488 1201/2326/2115
f 1195/454/433 2924/2137/1970 2925/4349/3651 1194/4352/3653
f 2933/2153/1982 2926/4353/3654 2927/4354/3655 2934/4355/1981
f 2924/2137/1970 1195/454/433 1196/453/432
f 2934/4355/1981 2927/4354/3655 2928/4356/3656 2935/4357/1980
f 2935/4357/1980 2928/4356/3656 2929/4358/3657 2936/4359/1979
f 2936/4359/1979 2929/4358/3657 2930/4360/3658 2937/4361/1978
f 2937/4361/1978 2930/4360/3658 2931/4362/3659 2938/4363/1976
f 2938/4363/1976 2931/4362/3659 2932/2139/1971 2939/2142/1974
f 2926/4353/3654 170/3545/3139 1175/4247/3596 2927/4354/3655
f 170/3545/3139 2926/4353/3654 1099/2097/1932
f 2927/4354/3655 1175/4247/3596 1176/4248/3597 2928/4356/3656
f 2928/4356/3656 1176/4248/3597 1177/4249/3598 2929/4358/3657
f 2929/4358/3657 1177/4249/3598 1178/1974/1827 2930/4360/3658
f 2930/4360/3658 1178/1974/1827 2810/1973/1826 2931/4362/3659
f 2931/4362/3659 2810/1973/1826 2811/2140/1972 2932/2139/1971
f 1179/2146/1977 2938/2145/1976 2939/2144/1974 173/500/477
f 172/1366/1286 1104/2141/1973 2932/2139/1971
f 1104/2165/1973 1105/2143/1975 2939/2144/1974
f 1180/1671/1561 2936/2148/1979 2937/2147/1978 1179/2146/1977
f 2595/1670/1560 2934/2150/1981 2935/2149/1980 1180/1671/1561
f 2948/4364/3660 2947/4365/1993 2940/2167/1994 2941/4366/3661
f 2933/2151/1982 2595/1670/1560 171/438/417
f 2926/4353/3654 2933/2153/1982 1099/2097/1932
f 2942/2157/1986 1161/2154/1983 2946/2156/1985
f 2949/2158/1987 2948/4364/3660 2941/4366/3661 2942/2157/1986
f 2951/4367/3662 2950/4368/1988 2943/2155/1984 2944/4369/3663
f 2946/2156/1985 2943/2155/1984 2950/4368/1988
f 2952/4370/3664 2951/4367/3662 2944/4369/3663 2945/2164/1992
f 2941/4366/3661 2940/2167/1994 2372/1365/1285 2373/4041/3479
f 2949/4371/1987 2946/2159/1985 2953/2161/1989
f 172/1366/1286 2372/1365/1285 2940/2167/1994
f 2942/2157/1986 2941/4366/3661 2373/4041/3479 2374/1356/1277
f 2944/4369/3663 2943/2155/1984 1162/1360/1281 2375/1359/1280
f 1161/2154/1983 1162/1360/1281 2943/2155/1984
f 2945/2164/1992 2944/4369/3663 2375/1359/1280 146/2162/1990
f 1052/2384/2165 2952/4370/3664 2945/2164/1992 1053/2163/1991
f 145/2488/2248 1163/499/476 2951/4372/3662 2952/4373/3664
f 2952/4373/3664 1052/4374/2165 145/2488/2248
f 1163/499/476 1164/498/475 2953/2161/1989 2950/2160/1988
f 2950/2160/1988 2951/4372/3662 1163/499/476
f 1164/498/475 1165/501/478 2948/4375/3660 2949/4371/1987
f 2949/4371/1987 2953/2161/1989 1164/498/475
f 1165/501/478 173/500/477 1105/2143/1975 2947/2166/1993
f 2947/2166/1993 2948/4375/3660 1165/501/478
f 2958/2171/1998 2957/2173/2000 1237/2182/2007 2954/4376/3665
f 1104/2141/1973 2940/2167/1994 2947/4365/1993
f 2959/2170/1997 2958/2171/1998 2954/4376/3665 2955/2168/1995
f 2961/2178/2004 2960/2169/1996 2955/2168/1995 2956/2177/2003
f 1234/2180/2006 1235/2175/1353 2959/2170/1997 2960/2169/1996
f 2957/2173/2000 2958/2171/1998 2962/2172/1999
f 2962/4377/1999 2959/4378/1997 1235/4379/1353
f 2954/4376/3665 1237/2182/2007 1132/163/160 1133/162/159
f 2960/4380/1996 2961/4381/2004 1234/4382/2006
f 1233/2368/2151 1132/163/160 1237/2182/2007
f 2955/2168/1995 2954/4376/3665 1133/162/159 1134/165/161
f 2956/2177/2003 2955/2168/1995 1134/165/161 180/167/163
f 1146/368/355 183/367/354 3014/2191/2015 2965/2190/2014
f 2961/2178/2004 1135/2176/2002 1136/2179/2005
f 1234/4086/2006 1136/2296/2005 181/2297/2092
f 182/106/106 1139/2184/2009 1173/2186/2011
f 1139/2184/2009 3002/2276/2076 2963/2185/2010
f 1173/4383/2011 2963/4384/2010 2964/4385/2012
f 1190/2195/2019 1189/2206/2027 2966/2446/2213 2968/2193/2017
f 3009/2188/2013 2964/2187/2012 3014/4386/2015
f 2972/2204/2023 2969/4387/3666 2967/2208/2029 2970/2198/2022
f 2966/2446/2213 2969/4387/3666 2968/2193/2017
f 1191/2194/2018 2968/2193/2017 2969/4387/3666 2972/2204/2023
f 2967/2208/2029 2971/2196/2020 2970/2198/2022
f 2973/2202/2025 2972/2204/2023 2970/2198/2022 2975/2197/2021
f 2967/2208/2029 1145/2207/2028 157/1536/1434 1070/2210/2031
f 1191/4388/2018 2974/4389/2024 1192/4390/2033
f 2973/2202/2025 2975/2197/2021 2974/2203/2024
f 2971/2212/2020 1182/434/413 2975/2213/2021
f 1143/2205/2026 2966/2446/2213 1189/2206/2027
f 1144/2209/2030 2969/4387/3666 2966/2446/2213
f 1144/2209/2030 2967/2208/2029 2969/4387/3666
f 1184/433/412 2974/2214/2024 2975/2213/2021 1183/432/411
f 1070/2210/2031 1069/4391/2032 2971/2196/2020
f 1069/2211/2032 156/252/243 1182/434/413
f 1089/4392/3667 3022/2219/2037 1198/2497/2256 1147/2496/2255
f 3022/2219/2037 1089/4392/3667 2976/2220/2038
f 3028/2216/2034 2977/4393/2127 2978/2217/2035
f 168/4224/3577 1199/2576/2328 2978/2217/2035 3036/4319/3637
f 2982/2222/2040 2981/4394/3668 1127/2332/2120 1126/2225/2043
f 185/2218/2036 2978/2217/2035 1199/2576/2328
f 3025/4395/2039 2977/4393/2127 3028/2216/2034
f 3025/2221/2039 2976/2220/2038 2977/2340/2127
f 2980/2327/2116 1127/2331/2120 2981/4396/3668
f 2981/4394/3668 2982/2222/2040 3033/2224/2042
f 2979/2328/2117 3031/2333/2121 1205/425/404 1150/2330/2119
f 2980/2327/2116 3032/2335/2123 3031/2333/2121 2979/2328/2117
f 3032/2335/2123 2981/4396/3668 3033/4397/2042
f 3032/2335/2123 2980/2327/2116 2981/4396/3668
f 2986/2232/2050 2983/2228/2046 2985/2231/2049 2987/2230/2048
f 2983/2228/2046 2986/2232/2050 2984/2226/2044
f 2989/4398/2054 2986/2232/2050 2987/2230/2048 2990/2235/2053
f 1062/2229/2047 1061/2234/2052 2987/2230/2048
f 2986/2232/2050 2989/4398/2054 2988/2233/2051
f 2992/4399/3669 2989/2236/2054 2990/2241/2053 2993/2240/2057
f 1061/2421/2052 1060/2239/2056 2990/2241/2053
f 2989/2236/2054 2992/4399/3669 2991/2237/2055
f 2983/2228/2046 1154/1688/1575 152/1679/1569 2985/2231/2049
f 1155/4060/3492 2993/2240/2057 1060/2239/2056 2382/1379/1298
f 152/1679/1569 1063/2242/2058 2985/2231/2049
f 1060/2239/2056 151/1380/1299 2382/1379/1298
f 1156/4061/3493 2992/4399/3669 2993/2240/2057 1155/4060/3492
f 1157/4062/3494 2991/2237/2055 2992/4399/3669 1156/4061/3493
f 179/4067/3499 1130/4351/3652 2991/2237/2055 1157/4062/3494
f 1130/4351/3652 1129/4350/3650 2988/2238/2051 2991/2237/2055
f 1129/4346/3650 1128/4344/3648 2984/2226/2044 2988/2233/2051
f 1128/4344/3648 178/1374/1293 1153/2227/2045 2984/2226/2044
f 162/2559/2311 1246/2262/2069 2999/2261/2067 1076/2052/1893
f 1158/1039/975 1080/1038/974 2994/2243/2059
f 2994/4400/2059 1079/4401/1886 1078/4402/1900
f 3083/2245/2061 2994/2243/2059 2995/2247/2063
f 2994/2243/2059 1078/2060/1900 2996/2246/2062
f 2996/2246/2062 1078/2060/1900 1077/2062/1901
f 2995/2248/2063 2997/2250/2064 2998/2251/2065
f 1257/2401/2066 2998/2264/2065 1248/2265/2071
f 3010/4403/3670 3008/2298/2086 3004/2292/2089 3006/2283/2082
f 2998/2264/2065 2999/2261/2067 1247/2263/2070
f 1257/2401/2066 1248/2265/2071 187/2402/2179
f 189/4404/2079 1255/2267/2073 3000/2266/2072
f 1170/2269/104 1255/4405/2073 3001/2270/2074
f 1171/2271/2075 3001/2270/2074 3003/2280/2080
f 3003/2280/2080 3001/2270/2074 1139/2184/2009
f 188/2275/2077 1160/2301/2095 3002/2273/2076
f 1138/2192/2016 3003/2280/2080 1139/2184/2009
f 1169/103/103 3000/2281/2072 1170/104/104
f 1167/416/397 1168/424/403 3007/2282/2081
f 3011/2285/2084 3010/4403/3670 3006/2283/2082 3007/2282/2081
f 3007/2282/2081 3005/2284/2083 3009/2188/2013
f 3004/2292/2089 1135/2176/2002 180/167/163 1166/413/395
f 3008/2298/2086 3010/4403/3670 3012/4406/2087
f 3012/4406/2087 3010/4403/3670 3013/4407/2085
f 3010/4408/3670 3011/4409/2084 3013/4410/2085
f 3011/4411/2084 3009/4412/2013 3014/4413/2015
f 183/367/354 1140/2294/2090 3013/2293/2085 3014/2191/2015
f 3005/2284/2083 182/106/106 1173/2186/2011
f 3005/2284/2083 1173/2186/2011 3009/2188/2013
f 1181/2307/2100 3016/4414/2094 1187/3523/3124 1188/265/256
f 3012/2290/2087 3013/2293/2085 1141/2295/2091
f 1142/2291/2088 3012/2290/2087 1141/2295/2091
f 1136/2296/2005 3008/2289/2086 1142/2291/2088
f 1135/2176/2002 3004/2292/2089 3008/2298/2086
f 3015/4415/2098 1186/2302/2096 1254/2299/2093
f 1186/3525/2096 1187/3523/3124 3016/4414/2094
f 1254/2299/2093 3075/2391/2171 3074/2390/2170 3015/4415/2098
f 3016/2300/2094 1181/4416/2100 3002/2273/2076
f 1188/265/256 184/264/255 1181/2307/2100
f 3017/2306/2099 1181/2307/2100 184/264/255 1189/2206/2027
f 1253/258/249 1752/256/247 3015/2305/2098
f 1752/256/247 1185/2303/2097 3015/2305/2098
f 2964/2187/2012 2963/2185/2010 1190/2195/2019 1191/2194/2018
f 3017/2306/2099 1190/2195/2019 2963/2185/2010
f 3019/2315/2105 1035/2310/2102 3018/2309/2101 3020/2314/2104
f 1189/2206/2027 1190/2195/2019 3017/2306/2099
f 1191/2308/2018 1192/2215/2033 2965/2190/2014
f 2965/2190/2014 1184/433/412 1146/368/355
f 3026/4417/3671 1084/4309/3630 1083/2059/1899 3023/2319/2109
f 1200/4089/2106 3018/2309/2101 1034/1997/1846
f 191/4418/2103 1193/2317/2107 3020/2314/2104
f 1035/2310/2102 3019/2315/2105 1036/1998/1847
f 3021/2318/2108 3024/2320/2110 3023/2319/2109
f 3027/2321/2111 3026/4417/3671 3023/2319/2109 3024/2320/2110
f 3029/4419/3672 1085/4306/3629 1084/4308/3630 3026/4420/3671
f 3027/2322/2111 3025/4395/2039 3028/2216/2034
f 3030/2323/2112 3029/4419/3672 3026/4420/3671 3027/2322/2111
f 3024/2320/2110 3021/2318/2108 164/2324/2113 1197/2562/2314
f 3030/2323/2112 3028/2216/2034 185/2218/2036
f 3022/2219/2037 3024/2320/2110 1197/2562/2314 1198/2497/2256
f 1148/2325/2114 1149/4421/3673 3029/4419/3672 3030/2323/2112
f 1149/4421/3673 165/4310/3631 1085/4306/3629 3029/4419/3672
f 1151/4422/3674 1152/4243/3594 1122/2337/2125 3034/2223/2041
f 1082/2058/1898 3021/2318/2108 1083/2059/1899
f 1150/2330/2119 1201/2326/2115 2979/2328/2117
f 1201/2326/2115 1202/2136/1969 2980/2327/2116
f 1202/2136/1969 1203/2135/1968 1127/2331/2120
f 1203/2138/1968 1196/453/432 1126/2225/2043
f 1126/2225/2043 1131/452/431 176/384/368
f 3031/2333/2121 3032/2335/2123 1120/2334/2122
f 3032/2335/2123 3033/4397/2042 1121/2336/2124
f 1122/2337/2125 3033/2224/2042 3034/2223/2041
f 1205/425/404 3031/2333/2121 175/426/405
f 3034/2223/2041 176/384/368 1151/4422/3674
f 3036/4319/3637 2978/2217/2035 2977/4393/2127 3035/4423/2126
f 1209/4315/3636 3036/4319/3637 3035/4423/2126 1208/4316/1906
f 1089/4392/3667 1147/2496/2255 166/2068/1907 1206/2063/1902
f 2976/2220/2038 1089/4392/3667 1206/2063/1902 1207/2065/1904
f 3040/2342/2129 3041/2341/2128 3037/3621/3178 3038/3620/468
f 1103/138/136 1046/4283/2132 3044/4424/3675 1102/144/142
f 3037/3621/3178 3041/2341/2128 1044/2006/1854
f 3040/2342/2129 3038/3620/468 3042/2344/2131
f 3038/3620/468 3039/4425/3676 3042/2344/2131
f 3041/2341/2128 1046/2345/2132 1045/2009/1857
f 3043/2343/2130 3042/2344/2131 3044/4426/3675
f 3043/2343/2130 3044/4426/3675 1046/2345/2132
f 1224/2091/1926 1102/144/142 3044/4424/3675 1223/4328/3641
f 1044/2006/1854 143/492/469 1215/482/461 3037/3621/3178
f 3039/4427/3676 3038/491/468 1216/490/458 1217/3550/3141
f 1221/2096/1931 3039/4427/3676 1217/3550/3141 169/295/282
f 1222/4322/3639 3042/4428/2131 3039/4427/3676 1221/2096/1931
f 1223/4429/3641 3044/4426/3675 3042/2344/2131 1222/4430/3639
f 1075/253/244 3049/4431/2138 3054/2358/2144 1074/2357/2143
f 1102/144/142 1224/2091/1926 1101/2346/2133
f 3046/2349/2136 3049/2351/2138 3045/2353/2140
f 3046/2349/2136 3050/2348/2135 3049/2351/2138
f 3047/2347/2134 3051/2350/2137 3050/2348/2135
f 3050/2348/2135 3054/4432/2144 3049/2351/2138
f 3050/2348/2135 3055/2354/2141 3054/4432/2144
f 3052/2355/2142 3056/4303/2145 3055/2354/2141
f 3049/2351/2138 1075/4433/244 3053/2352/2139
f 1070/2210/2031 157/1536/1434 1210/4100/3515 3045/2353/2140
f 3055/4434/2141 1073/4435/2146 1074/4436/2143
f 3045/2353/2140 1210/4100/3515 1211/1531/1430 3046/2349/2136
f 3046/2349/2136 1211/1531/1430 1212/1534/1432 3047/2347/2134
f 3047/2347/2134 1212/1534/1432 1213/4098/3514 3048/2038/1881
f 3048/2038/1881 1213/4098/3514 158/2040/1882 1225/2036/1879
f 1069/4391/2032 1070/2210/2031 3045/2353/2140 3053/2352/2139
f 3048/2038/1881 1226/2037/1880 3051/2350/2137
f 3056/2359/2145 161/250/241 1073/2360/2146
f 3058/4437/2008 1258/2031/1874 1065/2032/1875 3057/4438/2150
f 1236/1432/1349 1137/2369/2152 2856/2033/1876 1238/2181/2001
f 3057/2366/2150 1237/2182/2007 3058/2183/2008
f 1258/2031/1874 3058/4437/2008 1066/4439/2147
f 154/2365/2149 1233/2368/2151 3057/2366/2150
f 1066/2362/2147 2957/2173/2000 1238/2174/2001
f 3063/2371/2154 3060/4440/3677 3061/4441/3678 3064/2374/2157
f 3060/4440/3677 3063/2371/2154 3059/2373/2156
f 3064/2374/2157 3061/4441/3678 3062/4442/3679 3065/2376/2159
f 1053/2163/1991 146/2162/1990 1227/2533/2290 3059/2373/2156
f 3063/4443/2154 3069/4444/2162 3066/4445/2155
f 3063/2371/2154 3067/2375/2158 3069/4446/2162
f 3064/2374/2157 3068/2377/2160 3067/2375/2158
f 3067/2378/2158 1057/2382/2163 1058/2379/2161
f 3068/2381/2160 150/4298/3628 1057/2382/2163
f 3059/2373/2156 1227/2533/2290 1228/2537/2293 3060/4440/3677
f 3060/4440/3677 1228/2537/2293 1229/2536/2292 3061/4441/3678
f 3061/4441/3678 1229/2536/2292 1230/4447/3680 3062/4442/3679
f 3062/4442/3679 1230/4447/3680 147/2451/2218 1239/4291/3627
f 3065/2376/2159 3062/4442/3679 1239/4291/3627 1240/2017/1865
f 3068/2377/2160 3065/2376/2159 1240/2017/1865 1241/2016/1864
f 1059/2383/2164 145/2488/2248 1052/4374/2165 3069/2380/2162
f 3068/2381/2160 1242/4297/1867 150/4298/3628
f 188/2275/2077 3082/2396/2175 3075/2391/2171 1160/2301/2095
f 1052/2384/2165 3066/2372/2155 3069/4446/2162
f 3059/2373/2156 3066/2372/2155 1053/2163/1991
f 3070/4448/2167 3072/2387/2166 3071/2389/2169
f 3072/2387/2166 3074/2390/2170 3073/2388/2168
f 1251/268/259 1252/270/261 3072/2385/2166
f 1252/270/261 1253/258/249 3074/2392/2170
f 3075/2391/2171 1254/2299/2093 1160/2301/2095
f 3082/2396/2175 3081/4449/3681 3073/2388/2168 3075/2391/2171
f 3081/4449/3681 3079/2393/2172 3071/2389/2169 3073/2388/2168
f 3077/2394/2173 3076/4450/3682 3070/4448/2167 3071/2389/2169
f 3077/2394/2173 3078/2395/2174 1249/4451/3168 3076/4450/3682
f 3081/4449/3681 3080/4452/2078 3078/2395/2174 3079/2393/2172
f 1256/2244/2060 1072/2041/1883 159/379/364 186/2257/2068
f 3080/4452/2078 3081/4449/3681 3082/2396/2175
f 3080/4452/2078 3082/2396/2175 1255/2272/2073
f 1250/2397/2176 3078/3600/2174 3080/2277/2078
f 1072/2041/1883 1256/2244/2060 3083/2245/2061
f 2434/1437/1354 194/1451/1365 1396/2425/2194 3091/2424/2193
f 2859/2404/2178 1257/2401/2066 1159/2403/2180
f 1226/2037/1880 3083/4453/2061 2858/2399/2177
f 153/2030/1873 3084/2029/1872 1063/2242/2058
f 1063/2242/2058 3086/2407/2182 3085/2409/2184
f 3084/2029/1872 1258/2031/1874 3086/2407/2182
f 3086/2407/2182 3088/2410/2185 3087/2408/2183
f 3088/4454/2185 3090/4455/1878 3089/4456/2186
f 1244/2415/2188 153/2030/1873 1063/2242/2058
f 1258/2031/1874 1066/4439/2147 3088/2410/2185
f 3090/2035/1878 1245/2034/1877 1067/2419/2189
f 3089/2412/2186 1067/2419/2189 1068/2420/2190
f 3087/2413/2183 1068/2420/2190 151/1380/1299
f 3085/2409/2184 3087/2408/2183 1061/2234/2052
f 1063/2242/2058 3085/2409/2184 1062/2229/2047
f 3092/2422/2191 3093/2427/2196 437/2423/2192
f 3093/2427/2196 1193/2428/2107 437/2423/2192
f 1274/2501/2260 3096/2430/2198 3094/2432/2200 209/2503/2262
f 1396/2425/2194 1395/2426/2195 3092/2422/2191
f 433/1427/1344 3095/2429/2197 3096/2430/2198
f 3095/2429/2197 3094/2432/2200 3096/2430/2198
f 1276/2002/1851 1174/2004/1852 3925/4457/3683 3097/2435/2203
f 434/1431/1348 3096/2430/2198 1137/2369/2152
f 3096/2430/2198 1274/2501/2260 1137/2369/2152
f 1431/1433/1350 3524/2431/2199 3095/2429/2197
f 1274/2501/2260 155/2370/2153 1137/2369/2152
f 3097/2435/2203 1275/2434/2202 1276/2002/1851
f 1141/2295/2091 1140/2294/2090 3099/365/352 3100/2438/2206
f 3283/2436/2204 3097/2435/2203 3925/4457/3683
f 3925/4457/3683 1174/2004/1852 3924/4273/1850
f 1479/362/349 1430/1423/1340 3098/2437/2205
f 1826/363/350 1479/362/349 3099/365/352
f 3099/365/352 3098/2437/2205 3100/2438/2206
f 3102/4458/2211 3101/4459/2209 3272/4460/3684 3273/4461/3685
f 3098/2437/2205 1430/1423/1340 1429/1425/1342
f 3100/2438/2206 1429/1425/1342 181/2297/2092
f 1141/2295/2091 3100/2438/2206 1142/2291/2088
f 3271/4462/2466 3272/4460/3684 3101/4459/2209
f 3103/2440/2208 3102/4458/2211 3273/4461/3685 3274/2745/2464
f 1145/2207/2028 1144/2209/2030 3103/2445/2208 1334/1535/1433
f 3274/2745/2464 1394/2439/2207 3103/2440/2208
f 3103/2440/2208 1335/1528/1428 1334/4101/1433
f 3101/2441/2209 3102/2443/2211 3104/2442/2210
f 3102/2443/2211 3103/2445/2208 3105/2444/2212
f 3101/4459/2209 1267/3516/252 1360/3524/2467 3271/4462/2466
f 3104/2442/2210 3105/2444/2212 2966/2446/2213
f 1268/262/253 3104/2442/2210 1143/2205/2026
f 1267/261/252 3101/2441/2209 1268/262/253
f 1370/4463/2219 1371/2530/2287 3106/2455/2222 3108/4464/2217
f 1415/3040/2713 272/369/356 1414/241/232
f 1452/366/353 1146/368/355 1184/433/412
f 1453/364/351 1452/366/353 1848/431/410
f 3108/4464/2217 3106/2455/2222 1393/2454/2221 3109/4465/3686
f 3109/4465/3686 1393/2454/2221 1392/4466/3687 3110/4467/2224
f 3110/4467/2224 1392/4466/3687 1391/2740/2216 3111/4468/2215
f 3106/2455/2222 1371/2530/2287 1279/2671/2406 3265/2456/2223
f 3111/2448/2215 1054/2453/2220 3110/2457/2224
f 200/2526/2283 1279/2671/2406 1371/2530/2287
f 3107/4469/2214 3263/2739/2456 1369/2550/2304 1277/2549/2296
f 3263/2739/2456 3107/4469/2214 1391/2740/2216
f 3111/2448/2215 3107/2447/2214 1277/2540/2296 1278/2544/2299
f 1106/2546/2301 148/2113/1948 3111/2448/2215 1278/2544/2299
f 2849/4288/3626 3109/4470/3686 3110/4471/2224 2850/4289/1860
f 1243/2414/2187 3114/2459/2226 3115/2461/2228 1244/2415/2188
f 3109/4470/3686 2849/4288/3626 3108/2450/2217
f 3112/2458/2225 3115/2461/2228 3114/2459/2226
f 3186/2462/2229 1284/2463/2230 3115/2461/2228
f 152/1679/1569 779/1678/1568 3114/2459/2226 1243/2414/2187
f 3252/2464/2231 3112/2467/2225 778/2465/1574
f 3253/2466/2232 3113/2469/2227 3112/2467/2225
f 1284/2463/2230 153/2030/1873 1244/2415/2188
f 3121/4472/2235 3119/2474/2237 3117/2480/2241 3118/4473/2234
f 778/1687/1574 3114/2459/2226 779/1678/1568
f 3116/2473/2236 3117/2480/2241 3119/2474/2237
f 3116/2473/2236 1275/2434/2202 199/2433/2201 3247/2479/2240
f 3118/2471/2234 1326/2829/2529 3120/1453/1367
f 3119/2474/2237 3121/4472/2235 3123/4474/3688
f 3122/2475/2238 3119/2474/2237 3124/2477/2239
f 3119/4475/2237 3123/4476/3688 3125/1452/1366
f 3118/4473/2234 3117/2480/2241 3248/2702/2436 3249/4477/2438
f 1324/4091/1358 3123/4476/3688 3121/4478/2235 1325/4479/1359
f 3122/2475/2238 1276/2002/1851 1275/2434/2202 3116/2473/2236
f 3123/4476/3688 1324/4091/1358 3125/1452/1366
f 1276/2002/1851 3122/2475/2238 190/2005/1853
f 3129/2495/2254 1198/2497/2256 3158/2491/2251 3128/2490/2250
f 1459/2482/2242 3126/2485/2245 3127/2483/2243
f 1422/495/472 1059/2383/2164 3127/2483/2243
f 3127/2483/2243 1058/2379/2161 1057/2382/2163
f 1457/2486/2246 1057/2382/2163 150/4298/3628
f 201/2489/2249 1287/4480/2253 3128/2490/2250
f 155/2370/2153 3131/2500/2259 3132/2498/2257 1245/2034/1877
f 3128/2490/2250 1288/2601/2352 3129/2495/2254
f 3237/2492/2252 1372/2610/2360 1287/2493/2253
f 1287/4480/2253 3189/4481/2359 3128/2490/2250
f 3130/2499/2258 3131/2500/2259 1274/2501/2260
f 3130/2499/2258 3132/2498/2257 3131/2500/2259
f 3175/2506/2265 3174/4482/2330 3133/4051/3485 3134/2504/2263
f 3134/2504/2263 177/2329/2118 3176/2505/2264
f 3133/4051/3485 1322/2507/2266 3134/2504/2263
f 3137/2510/2269 1461/4483/3689 3135/4484/3690 3136/2508/2267
f 1149/4421/3673 1148/2325/2114 1461/4483/3689 3137/2510/2269
f 165/4310/3631 1149/4421/3673 3137/2510/2269 1291/2509/2268
f 3136/2508/2267 3135/4484/3690 1478/2989/2663 3513/3024/2698
f 1313/1032/968 3143/2519/2277 3142/2517/2276 1314/1030/966
f 1388/4485/2420 1387/4486/2418 1294/2514/2273
f 1387/4486/2418 1293/2560/2312 1294/2514/2273
f 1389/2512/2271 1388/4485/2420 3138/4487/3691
f 1388/4485/2420 1294/2514/2273 3138/4487/3691
f 349/1036/972 1389/2512/2271 3139/2513/2272
f 1389/2512/2271 3138/4487/3691 3139/2513/2272
f 3139/2513/2272 3138/4487/3691 3140/2515/2274
f 3138/4487/3691 1294/2514/2273 3140/2515/2274
f 3139/2513/2272 3140/2515/2274 1081/2043/1884
f 193/1035/971 1390/2511/2270 349/1036/972
f 3141/2516/2275 1314/1030/966 3142/2517/2276
f 3143/2519/2277 1261/378/360 1260/2518/363 3142/2517/2276
f 3143/2519/2277 1313/1032/968 186/2257/2068
f 3226/2520/2278 3141/4488/2275 1260/377/363
f 1386/2523/2280 1314/1030/966 3141/2516/2275
f 1261/378/360 3143/2519/2277 159/379/364
f 419/4066/3498 205/1376/1295 3144/4489/3692 3145/4490/3693
f 3145/4490/3693 3144/4489/3692 1477/2524/2281 3146/3604/3170
f 179/4067/3499 419/4066/3498 3145/4490/3693 1194/4352/3653
f 1194/4352/3653 3145/4490/3693 3146/3604/3170 1195/454/433
f 404/4049/3480 1321/4048/2546 1385/2535/2291 3147/2527/2284
f 3148/4491/2286 3150/2532/2289 3149/2534/2288
f 3150/2532/2289 1229/2536/2292 1227/2533/2290
f 3150/2532/2289 1230/4447/3680 1229/2536/2292
f 3150/4492/2289 3148/2529/2286 1371/2530/2287 1370/4463/2219
f 1230/4447/3680 3150/2532/2289 1370/2452/2219 147/2451/2218
f 146/2162/1990 405/4043/3481 3149/2534/2288 1227/2533/2290
f 405/4043/3481 404/4042/3480 3147/4493/2284 3149/2534/2288
f 3154/2556/2308 1462/2558/2310 1463/3010/2684 1476/3009/2683
f 1383/2543/2294 3152/2542/2298 3151/4494/2295
f 1278/2544/2299 3151/2539/2295 3153/2545/2300
f 3151/2539/2295 3152/2555/2298 3153/2545/2300
f 3152/2555/2298 1108/2105/1940 3153/2545/2300
f 3152/2555/2298 1295/2554/2307 1108/2105/1940
f 1108/2105/1940 1295/2554/2307 1109/2107/1942
f 3155/2557/2309 3154/2556/2308 1476/3009/2683 1475/4495/3694
f 3156/4496/3695 3155/2557/2309 1475/4495/3694 1474/3008/2682
f 1420/3606/3172 3156/4496/3695 1474/3008/2682 1421/3607/441
f 1462/2558/2310 3154/2556/2308 1246/2262/2069
f 3155/2557/2309 3156/4496/3695 187/2402/2179
f 203/3612/2681 1421/462/441 1474/4497/2682
f 1159/2403/2180 187/2402/2179 3156/4496/3695 1420/3606/3172
f 1198/2497/2256 1197/2562/2314 3157/2561/2313 3158/2491/2251
f 3155/2557/2309 187/2402/2179 1248/2265/2071
f 1381/4498/2392 201/2489/2249 1293/2560/2312
f 1293/2560/2312 3158/2491/2251 3157/2561/2313
f 3162/2564/2316 1464/2563/2315 1473/3001/2675 3159/2570/2322
f 1294/2514/2273 3157/2561/2313 164/2324/2113
f 3163/4499/3696 3162/2564/2316 3159/2570/2322 1472/2569/2321
f 3164/2567/2319 3163/4499/3696 1472/2569/2321 1471/2999/2673
f 3164/2567/2319 3160/4500/3697 3161/2571/2323 3165/2565/2317
f 1471/2999/2673 3160/4500/3697 3164/2567/2319
f 3161/2571/2323 3160/4500/3697 3500/2998/2672 3501/2572/2324
f 3162/2564/2316 3163/4499/3696 1231/2027/1870
f 3163/4499/3696 3164/2567/2319 1231/2027/1870
f 3164/2567/2319 1232/2566/2318 1231/2027/1870
f 1473/3001/2675 3497/2568/2320 3159/2570/2322
f 1471/2999/2673 3500/2998/2672 3160/4500/3697
f 3165/2565/2317 3161/2571/2323 1459/2482/2242 1458/2484/2244
f 1232/2566/2318 3165/2565/2317 1458/2484/2244 1457/2486/2246
f 3168/4501/3698 3167/4502/3699 3166/2574/2326 1470/2573/2325
f 1457/2486/2246 150/4298/3628 1232/2566/2318
f 149/2026/1869 3162/2564/2316 1231/2027/1870
f 1465/2590/2342 1473/3001/2675 1464/2563/2315
f 3169/4503/3700 3168/4501/3698 1470/2573/2325 1469/4504/3701
f 3170/4505/3702 3169/4503/3700 1469/4504/3701 1468/4506/3703
f 1087/4312/3633 1086/4311/3632 3167/4502/3699 3168/4501/3698
f 1088/4313/3634 1087/4312/3633 3168/4501/3698 3169/4503/3700
f 162/2559/2311 1088/4313/3634 3169/4503/3700 3170/4505/3702
f 1462/2558/2310 3170/4505/3702 1468/4506/3703 1463/3010/2684
f 1086/4311/3632 165/4310/3631 1291/2509/2268 3167/4502/3699
f 3170/4505/3702 1462/2558/2310 162/2559/2311
f 3167/4502/3699 1291/2509/2268 3136/2508/2267 3166/2574/2326
f 1148/2325/2114 1199/2576/2328 3172/4507/3704 1461/4483/3689
f 1461/4483/3689 3172/4507/3704 3171/2990/2664 3135/4484/3690
f 3171/2990/2664 1478/2989/2663 3135/4484/3690
f 1199/2576/2328 168/4224/3577 1442/1871/1737 3172/4507/3704
f 3172/4507/3704 1442/1871/1737 208/1906/1770 3171/2990/2664
f 3176/2505/2264 1205/425/404 1844/3602/3169 3175/2506/2265
f 3173/3603/2331 3174/4482/2330 3175/2506/2265
f 1205/425/404 3176/2505/2264 1150/2330/2119
f 1114/4339/3646 1113/2585/2337 3178/2582/2334 3179/2581/2333
f 1467/2588/2340 1466/2580/2332 3178/2582/2334
f 3177/2583/2335 1465/2590/2342 1464/2563/2315
f 3177/2583/2335 1464/2563/2315 3180/2584/2336
f 3178/2582/2334 1016/1967/1820 1015/1966/1819 1467/2588/2340
f 3180/2584/2336 1464/2563/2315 149/2026/1869
f 3180/2584/2336 149/2026/1869 1116/2110/1945
f 3179/2581/2333 3180/2584/2336 1115/2104/1939
f 1114/4339/3646 3179/2581/2333 1115/2104/1939
f 1016/1967/1820 3178/2582/2334 1112/2586/2338
f 1152/4243/3594 1151/4422/3674 1259/390/374 3181/1968/1821
f 1830/2591/2343 1447/1956/1809 3181/1968/1821
f 202/2552/2306 1380/2633/2378 1379/2598/2349 3182/4508/2347
f 1259/390/374 1151/4422/3674 176/384/368
f 1295/2554/2307 202/2553/2306 3182/2595/2347 3183/2596/2348
f 1379/2598/2349 1308/2597/2345 3182/4508/2347
f 1288/2601/2352 3189/4481/2359 1378/1505/1413 3184/2600/2351
f 3182/2595/2347 1118/2133/1966 3183/2596/2348
f 1307/2594/2346 1119/2132/1965 1118/2133/1966
f 1307/2594/2346 1306/427/406 1119/2132/1965
f 1306/427/406 175/426/405 1119/2132/1965
f 3183/2596/2348 1117/2117/1952 174/2131/1964
f 1300/4509/2369 3332/1510/1418 1378/1512/1413
f 166/2068/1907 3185/1518/1422 1090/1519/1423
f 3188/2603/2354 3187/2602/2353 1342/4510/1678 1341/4511/3567
f 1377/4512/2356 3187/2602/2353 3186/2462/2229
f 1377/2605/2356 1343/2606/2357 3187/2607/2353
f 3188/2603/2354 1064/2608/2358 1284/2463/2230
f 1064/2608/2358 3188/2603/2354 1341/4511/3567 154/4296/2149
f 3235/2613/2363 446/797/746 112/796/745 1301/2611/2361
f 1288/2601/2352 166/2068/1907 3129/2495/2254
f 3128/2490/2250 3189/4481/2359 1288/2601/2352
f 3235/2613/2363 3190/2612/2362 3236/2691/2426
f 3194/4513/2366 3193/4514/2355 3192/4515/3705 3191/1796/1667
f 1372/2610/2360 3189/2609/2359 1287/2493/2253
f 3190/2612/2362 1372/2614/2360 1289/2616/2364
f 3236/2691/2426 3190/2612/2362 1289/2616/2364
f 130/1845/1712 3191/1796/1667 3192/4515/3705
f 3193/4514/2355 3254/2714/2233 3251/2713/2443 3192/4515/3705
f 35/1795/1666 811/4516/2365 3191/1796/1667
f 811/2617/2365 195/1811/1680 3194/2618/2366
f 3193/2604/2355 3194/2618/2366 1377/2605/2356
f 1301/2611/2361 112/796/745 350/2812/1403 3195/2620/2367
f 3199/2632/2377 414/1757/1635 63/1701/1585 253/2630/2376
f 1372/2610/2360 1300/4509/2369 1378/1512/1413
f 1301/2611/2361 3196/2621/2368 3190/2612/2362
f 412/1763/1638 3198/2624/2371 1375/2626/2373
f 414/1757/1635 3199/2632/2377 3197/2623/2370
f 3197/2623/2370 3199/2632/2377 3198/2624/2371
f 3199/2632/2377 252/2631/2375 3198/2624/2371
f 3198/2627/2371 3200/2628/2374 1376/2634/2372
f 411/1761/1634 1375/2626/2373 61/4175/3557
f 413/1759/1632 3197/2623/2370 412/1763/1638
f 1381/2651/2392 3207/2650/2390 3237/2492/2252 201/2494/2249
f 3200/2628/2374 1379/2598/2349 1380/2633/2378
f 1376/2634/2372 1380/2633/2378 202/2552/2306
f 796/1700/1584 448/2688/2423 3202/2635/2379
f 3203/2637/2381 1290/2636/2380 3205/2638/2382
f 3204/2577/2329 3205/4517/2382 3174/2578/2330
f 3386/2642/2384 3203/2637/2381 3204/2639/2329
f 3385/2640/2383 3202/2635/2379 3203/2637/2381
f 752/789/738 3206/2647/2389 751/2643/2385
f 3206/2647/2389 3207/2648/2390 1373/2646/2388
f 3211/2657/2397 3210/2658/2303 3208/2654/2394 3209/2660/2398
f 1374/2652/2391 1381/2651/2392 1293/2681/2312
f 402/1773/1647 3211/2657/2397 3209/2660/2398
f 1368/2655/2395 3208/2654/2394 3210/2658/2303
f 3208/2654/2394 399/4189/1641 400/2661/2399 3209/2660/2398
f 3211/4518/2397 3212/2551/2305 3210/2548/2303
f 38/2653/2393 399/4189/1641 3208/2654/2394
f 3212/4519/2305 3211/2657/2397 1375/2626/2373 1376/2625/2372
f 61/4175/3557 1375/2626/2373 403/2656/2396
f 1382/2541/2297 3212/2551/2305 1376/2634/2372 202/2552/2306
f 3216/4520/3706 1318/4521/3707 3213/4522/3708 3214/4523/3709
f 3217/4524/3710 3216/4520/3706 3214/4523/3709 3215/2670/2409
f 3218/4525/2400 1319/4526/2410 1318/4521/3707 3216/4520/3706
f 3215/2670/2409 1283/2669/2408 3217/4524/3710
f 3219/2665/2403 3218/2662/2400 3216/4527/3706 3217/4528/3710
f 3223/2668/2407 1385/4529/2291 3220/2664/3711 3221/2663/3712
f 1319/2672/2410 3218/2662/2400 3220/2664/2402
f 3218/2662/2400 3219/2665/2403 3221/2663/2401
f 3213/4522/3708 1317/2851/2548 54/1019/955 900/708/664
f 3221/2663/3712 3222/2666/2405 3223/2668/2407
f 1385/4529/2291 3223/2668/2407 1384/4530/2285
f 3223/2668/2407 1279/2667/2406 1384/4530/2285
f 3214/4523/3709 3213/4522/3708 900/708/664 901/706/662
f 3215/2670/2409 3214/4523/3709 901/706/662 902/705/661
f 1281/2724/2451 3217/4528/3710 1283/4531/2408 1282/2719/2447
f 1280/2726/2453 3219/2665/2403 3217/4528/3710 1281/2724/2451
f 1385/4529/2291 1321/2849/2546 1320/2673/3713 3220/2664/3711
f 3219/2665/2403 1280/2726/2453 3222/2666/2404
f 3226/2522/2278 3224/554/526 3225/2675/2413 3227/2521/2279
f 1317/2851/2548 3213/4522/3708 1318/4521/3707
f 969/552/525 3225/2675/2413 3224/554/526
f 3225/2675/2413 969/552/525 132/3636/3182 344/2674/2412
f 3225/2675/2413 1386/2523/2280 3227/2521/2279
f 3226/2520/2278 1353/376/362 1352/2894/2584 3224/4532/526
f 3232/4533/2419 3231/4534/2421 3228/2676/2414 3229/2677/2415
f 341/776/726 3229/2677/2415 3228/2676/2414
f 342/774/724 3230/2644/2386 3229/2677/2415
f 3228/2676/2414 3231/4534/2421 1316/2687/2422
f 3232/4533/2419 3229/2677/2415 3230/2644/2386 3233/2679/2417
f 1389/2686/2271 1390/4535/2270 1316/4536/2422 3231/2685/2421
f 343/773/723 3230/2644/2386 342/774/724
f 1373/2646/2388 1374/2649/2391 3233/2679/2417
f 3232/2683/2419 3233/2680/2417 1387/2682/2418
f 3231/2685/2421 3232/2683/2419 1388/2684/2420
f 3344/2832/2532 1290/2636/2380 3202/2635/2379 105/1745/1624
f 340/778/727 3228/2676/2414 1315/2678/2416
f 1290/2636/2380 3234/2690/2425 3205/2638/2382
f 3174/2578/2330 3205/4517/2382 3234/4537/2425 3133/4538/3485
f 3234/4537/2425 2376/1369/1289 3133/4538/3485
f 3206/2647/2389 752/789/738 3235/2613/2363 3236/2691/2426
f 446/797/746 3235/2613/2363 752/789/738
f 1289/2616/2364 3237/2615/2252 3207/2648/2390
f 3241/4539/3714 3238/4540/1314 3239/2708/2440 3242/2707/2439
f 1364/2693/2428 3240/2692/2427 1365/2695/2430
f 3238/1395/1314 3241/4541/3714 3240/2692/2427
f 3281/2698/2433 1366/2694/2429 3240/2692/2427 3243/2696/2431
f 3243/2696/2431 3240/2692/2427 3241/4541/3714 3246/4542/2435
f 3246/2705/2435 3241/4539/3714 3242/2707/2439 3244/2703/2437
f 1326/2829/2529 3118/2471/2234 3244/2703/2437 436/2830/2530
f 3242/2707/2439 436/2830/2530 3244/2703/2437
f 3281/2698/2433 3245/2697/2432 1367/4543/2434
f 3243/2696/2431 3246/4542/2435 3245/2697/2432
f 3245/2699/2432 3248/2702/2436 3247/2479/2240
f 3246/2701/2435 3249/4477/2438 3248/2702/2436
f 3250/2710/2442 1339/2715/2444 1338/1735/1615 965/1847/1714
f 3249/4477/2438 3244/4544/2437 3118/4473/2234
f 3247/2479/2240 3248/2702/2436 3117/2480/2241
f 1367/2700/2434 3247/2479/2240 3284/2709/2441
f 3251/2713/2443 3250/2710/2442 965/1847/1714 966/1846/1713
f 3192/4515/3705 3251/2713/2443 966/1846/1713 130/1845/1712
f 1339/2715/2444 3250/2710/2442 3252/2712/2231
f 3250/2710/2442 3251/2713/2443 3253/2711/2232
f 3258/2727/2450 1281/2724/2451 1282/2719/2447 3256/2718/2446
f 3255/2717/2445 292/4545/2448 3256/2718/2446
f 292/2720/2448 38/2653/2393 3257/2721/2449
f 3260/2729/2455 3259/2725/2452 1281/2724/2451 3258/2727/2450
f 3262/2731/2457 3261/4546/2454 3258/2723/2450 3257/2721/2449
f 3265/4547/2223 1279/2667/2406 3264/2732/2458 3259/2725/2452
f 3266/4548/3715 3265/4547/2223 3259/2725/2452 3260/2729/2455
f 3267/2735/2459 3266/4549/3715 3260/4550/2455 3261/2733/2454
f 3255/2738/2445 1283/2669/2408 902/705/661 291/2736/2460
f 1369/2659/2304 3263/2730/2456 3257/2721/2449 1368/2655/2395
f 1392/4466/3687 3267/2735/2459 3262/2734/2457 1391/2740/2216
f 1393/2454/2221 3266/4549/3715 3267/2735/2459 1392/4466/3687
f 3268/4551/3716 1359/2746/2465 100/1051/985 440/3883/3341
f 3266/4549/3715 1393/2454/2221 3265/2456/2223
f 3222/2666/2405 3264/2732/2458 1279/2667/2406
f 1283/2669/2408 3255/2738/2445 1282/4552/2447
f 3269/4553/3717 3268/4551/3716 440/3883/3341 441/3880/3340
f 3270/2742/2462 3269/4553/3717 441/3880/3340 442/1050/984
f 3272/4554/3684 3271/2747/2466 1359/2746/2465 3268/4551/3716
f 3273/4461/3685 3272/4460/3684 3268/4555/3716 3269/4556/3717
f 3274/2745/2464 3273/4461/3685 3269/4556/3717 3270/2743/2462
f 3280/2755/2474 3279/2753/2472 3278/2752/2471 3281/2698/2433
f 442/1050/984 73/1049/983 653/2741/2461
f 3270/2742/2462 653/2741/2461 652/2803/2463
f 3274/2745/2464 652/2744/2463 1394/2439/2207
f 3276/2749/2468 3278/2752/2471 3277/2750/2469
f 3276/2749/2468 1365/2695/2430 3278/2752/2471
f 1365/2695/2430 1366/2694/2429 3278/2752/2471
f 3276/2749/2468 693/1323/1248 785/1322/1247 1364/2693/2428
f 3281/2698/2433 1367/4543/2434 3282/2754/2473
f 3282/2756/2473 3284/2709/2441 3283/2436/2204
f 3284/2709/2441 199/2433/2201 3283/2436/2204
f 693/1323/1248 3276/2749/2468 3275/2751/2470
f 1363/4557/3718 1362/4558/3719 3279/2753/2472 3280/2755/2474
f 1363/4559/3718 3282/2756/2473 3283/2436/2204
f 3280/2755/2474 3282/2754/2473 1363/4557/3718
f 1362/4558/3719 1361/2757/2475 3275/2751/2470 3277/2750/2469
f 3277/2750/2469 3279/2753/2472 1362/4558/3719
f 3288/2765/2483 1327/2766/2484 109/38/38 745/37/37
f 692/2758/2476 3285/2761/2479 1350/2759/2477
f 691/1310/1235 3286/2762/2480 3285/2761/2479
f 690/1309/1234 3287/2763/2481 3286/2762/2480
f 94/1324/1249 1361/2757/2475 3287/2763/2481
f 3291/4560/3720 1329/2768/2486 3288/2765/2483 3290/2775/2492
f 745/37/37 746/36/36 3289/2764/2482
f 3288/2765/2483 3289/2764/2482 3290/2775/2492
f 1328/2767/2485 3288/2765/2483 1329/2768/2486
f 1273/2774/2491 3289/2764/2482 746/36/36 3927/2963/2638
f 1329/2768/2486 3291/4560/3720 3292/2769/2487
f 1330/2826/2488 3292/2771/2487 1331/2773/2490
f 1331/2773/2490 3293/2772/2489 1396/2425/2194
f 746/36/36 98/35/35 3927/2963/2638
f 1272/4561/3721 3291/4560/3720 3290/2775/2492 1273/2774/2491
f 1271/4562/3722 3292/2769/2487 3291/4560/3720 1272/4561/3721
f 3298/2778/2495 713/985/921 714/987/923 3299/2782/2499
f 3293/2772/2489 3292/2771/2487 1271/4563/3722
f 3293/2772/2489 1271/4563/3722 1395/2426/2195
f 713/985/921 3298/2778/2495 3297/2780/2497
f 3301/2783/2500 3294/2776/2493 3295/4564/3723 3302/4565/3724
f 714/987/923 3300/2777/2494 3299/2782/2499
f 3294/2776/2493 3301/2783/2500 3300/2777/2494
f 3302/4565/3724 3295/4564/3723 3296/4566/3725 3303/4567/3726
f 3304/2779/2496 3298/2778/2495 3299/2782/2499 3305/2781/2498
f 3306/4568/3727 3304/2779/2496 3305/2781/2498 3307/4569/3728
f 3307/4569/3728 3305/2781/2498 3301/2783/2500 3308/4570/3729
f 3308/4570/3729 3301/2783/2500 3302/4565/3724 3309/4571/3730
f 3309/4571/3730 3302/4565/3724 3303/4567/3726 3310/4572/3731
f 3312/2788/2505 3308/2787/2504 3309/4573/3732 3313/2789/2506
f 3306/2786/2503 3311/2785/2502 197/2791/1828
f 3307/2784/2501 3312/2788/2505 3311/2785/2502
f 3313/2789/2506 3309/4573/3732 3310/4574/3733 3314/4575/3599
f 1398/4576/1830 3311/2785/2502 3312/2788/2507 1397/2790/1831
f 3311/2785/2502 1398/4576/1830 197/2791/1828
f 3294/2776/2493 715/974/910 716/976/912 3295/4564/3723
f 715/974/910 3294/2776/2493 714/987/923
f 3295/4564/3723 716/976/912 717/1001/937 3296/4566/3725
f 3296/4566/3725 717/1001/937 51/1003/939 1346/4577/3734
f 3303/4567/3726 3296/4566/3725 1346/4577/3734 1347/4578/3735
f 3310/4572/3731 3303/4567/3726 1347/4578/3735 1348/4579/3736
f 3314/4575/3599 3310/4574/3733 1348/4580/3737 1349/4581/3483
f 1028/2792/3738 1029/4582/2599 3304/4583/2496 3306/2786/3727
f 1029/2913/2599 1030/2912/2598 3297/2780/2497 3304/2779/2496
f 1030/2912/2598 49/988/924 713/985/921 3297/2780/2497
f 195/1811/1680 811/2617/2365 3315/2793/2509 3317/1810/1679
f 913/4584/2511 3316/2795/2510 3315/2793/2509
f 3321/2799/2512 3320/4585/3739 456/1738/1618 457/1736/1616
f 3316/2795/2510 3318/1812/1681 3317/1810/1679
f 3318/1812/1681 196/156/154 2696/158/156
f 3319/2801/2513 456/1738/1618 3320/4585/3739
f 3323/4586/1571 3322/4587/1570 3319/2801/2513 3320/4585/3739
f 457/1736/1616 1338/1735/1615 3321/2799/2512
f 3323/4586/1571 3320/4585/3739 3321/2799/2512 3324/2800/1572
f 3319/2801/2513 3345/4588/3740 65/4589/3553 454/4170/3552
f 3322/4587/1570 3346/4590/1287 3345/4588/3740 3319/2801/2513
f 454/4170/3552 455/1740/1619 3319/2801/2513
f 3321/4591/2512 1339/4592/2444 1340/4593/1573
f 3326/2900/2589 3325/2802/2514 829/1644/1538 830/1643/1537
f 653/2741/2461 829/1644/1538 3325/2802/2514
f 3328/2898/2588 3327/2805/2515 3326/4594/2589 3407/2896/2586
f 830/1643/1537 116/557/529 3326/2900/2589
f 3325/2804/2514 3326/4594/2589 3327/2805/2515
f 652/2744/2463 3325/2804/2514 1394/2439/2207
f 3327/2805/2515 3328/2898/2588 1394/2439/2207
f 73/1049/983 828/1640/1534 653/2741/2461
f 116/557/529 314/556/528 3326/2900/2589
f 1328/2767/2485 3337/2818/2524 3335/2825/2527 1327/2766/2484
f 3328/2898/2588 2479/382/366 1394/2439/2207
f 3329/2806/2516 356/808/755 3331/2809/2519
f 3331/2809/2519 357/2808/2518 1332/2950/2631
f 3331/2809/2519 1332/2950/2631 1333/4595/1420
f 3196/4596/2368 3331/4597/2519 3332/4598/1418
f 3331/2809/2519 1333/4595/1420 3333/2810/1419
f 354/812/756 355/811/752 3329/2806/2516
f 357/2808/2518 45/3684/3210 1332/2950/2631
f 3195/2620/2367 354/812/756 3330/2807/2517
f 3335/2825/2527 109/38/38 1327/2766/2484
f 3334/2813/2520 3335/2825/2527 3337/2818/2524
f 3335/2825/2527 3334/2813/2520 758/1392/1311 757/1391/1310
f 3336/2815/2521 3334/4599/2520 3338/2816/2522
f 3337/2818/2524 1328/2767/2485 1329/2768/2486
f 3338/4600/2522 3337/4601/2524 3342/4602/2526
f 3337/2818/2524 1329/2768/2486 3339/2820/2525
f 3338/4603/2522 3342/2824/2526 3341/1450/1364
f 3339/2823/2525 1330/2826/2488 194/1451/1365
f 3341/1450/1364 3342/2824/2526 1399/1449/1363
f 3342/2824/2526 194/1451/1365 1399/1449/1363
f 3340/2817/2523 436/2830/2530 3242/2707/2439 3336/2815/2521
f 3340/2817/2523 2435/4090/2528 1326/2829/2529
f 3346/4590/1287 1400/2689/2424 3344/2832/2532 3345/4588/3740
f 3344/2832/2532 3343/2831/2531 3345/4588/3740
f 3345/4588/3740 3343/2831/2531 420/1744/1623 65/4589/3553
f 105/1745/1624 420/1744/1623 3343/2831/2531
f 3352/4604/3741 3351/2836/2536 663/1022/958 664/3873/3335
f 3234/4537/2425 1400/4054/2424 2376/1369/1289
f 1290/2636/2380 3344/2832/2532 1400/2689/2424
f 3348/2835/2535 663/1022/958 3351/2836/2536
f 3353/2834/2534 3352/4604/3741 664/3873/3335 665/1020/956
f 3355/2837/2537 3354/4605/3742 3347/4606/3743 3348/2835/2535
f 3357/4607/3744 3356/2838/2538 3349/2833/2533 3350/2852/2549
f 3353/2834/2534 3349/2833/2533 3356/2838/2538
f 3359/2839/2539 3358/2840/2540 3351/2836/2536 3352/4604/3741
f 3355/2837/2537 3351/2836/2536 3358/2840/2540
f 3361/2841/2541 3360/4608/3745 3354/4605/3742 3355/2837/2537
f 3352/4604/3741 3353/2834/2534 3359/2839/2539
f 1320/2673/2411 3363/2843/2542 3356/4609/2538 3357/4610/3744
f 3358/2840/2540 3359/2839/2539 3362/4611/2543
f 3359/2839/2539 3356/2838/2538 3363/4612/2542
f 3365/2845/2544 3364/4613/3484 3360/4614/3746 3361/4615/3747
f 3366/2846/1282 3365/2845/2544 3358/4616/2540 3362/2844/2543
f 3361/4615/3747 3358/4616/2540 3365/2845/2544
f 3367/2848/2545 3366/2846/1282 3362/2844/2543 3363/2843/3748
f 1321/2849/2546 3367/2848/2545 3363/2843/3748 1320/2673/3713
f 3347/4606/3743 1346/4577/3734 51/1003/939 661/3872/3334
f 3364/4613/3484 3365/2845/2544 1402/2847/1283
f 3366/2846/1282 3367/2848/2545 1401/2850/2547
f 3348/2835/2535 3347/4606/3743 661/3872/3334 662/1023/959
f 3350/2852/2549 3349/2833/2533 665/1020/956 54/1019/955
f 1318/4521/3707 3357/4607/3744 3350/2852/2549 1317/2851/2548
f 3364/4613/3484 1349/4581/3483 1348/4580/3737 3360/4614/3746
f 3357/4607/3744 1318/4521/3707 1319/4526/2410
f 3357/4610/3744 1319/2672/2410 1320/2673/2411
f 3360/4608/3745 1348/4579/3736 1347/4578/3735 3354/4605/3742
f 3354/4605/3742 1347/4578/3735 1346/4577/3734 3347/4606/3743
f 344/2674/2412 132/3636/3182 461/1932/1793 3368/2853/2550
f 3368/2853/2550 3370/2855/2552 3369/2854/2551
f 3372/2863/2560 834/3682/3209 3371/4617/2557 3373/2859/2556
f 461/1932/1793 1315/2678/2416 3368/2853/2550
f 1315/2678/2416 1316/2687/2422 3370/2855/2552
f 3370/2855/2552 1316/2687/2422 193/1035/971
f 3369/2854/2551 3370/2855/2552 1403/1033/969
f 1386/2523/2280 3369/2854/2551 1404/2856/2553
f 3376/4618/465 3372/2863/2560 3373/2859/2556 3377/4619/3749
f 3371/4617/2557 1311/2857/2554 3373/2859/2556
f 1311/2857/2554 3375/4620/3750 3374/2858/2555
f 3372/2863/2560 3376/4618/465 192/2864/462
f 3377/4619/3749 3373/2859/2556 3374/2858/2555 3378/4621/3751
f 3379/4622/3752 3374/2858/2555 3375/4620/3750 3380/4623/3753
f 3374/2858/2555 3379/4622/3752 3378/4621/3751
f 3382/4624/3754 3377/4625/3749 3378/4626/3751 3383/2862/2559
f 3380/4627/3753 3381/2915/2600 3379/4628/3752
f 3377/4625/3749 3382/4624/3754 3376/486/465
f 3383/2862/2559 3378/4626/3751 3379/4629/3752 3384/476/455
f 3384/4630/455 3379/4628/3752 3381/2915/2600 1312/2914/277
f 1405/477/456 1406/487/466 3382/4624/3754 3383/2862/2559
f 835/3681/2558 3371/4617/2557 834/3682/3209
f 313/2865/2561 1915/2951/2632 834/3682/3209 3372/2863/2560
f 3376/486/465 3382/4624/3754 1406/487/466
f 237/2958/2568 70/2960/2635 675/1271/1199 3389/2866/2562
f 253/2630/2376 3385/2640/2383 3386/2642/2384
f 253/2630/2376 3386/2642/2384 252/2631/2375
f 63/1701/1585 796/1700/1584 3385/2640/2383
f 676/1270/1198 3390/2868/398 3389/2866/2562
f 3387/2867/2563 3391/2870/2565 3390/2868/398
f 3388/2869/2564 1305/2872/402 3391/2870/2565
f 3389/2871/2562 3392/419/399 236/2875/2567
f 3391/4631/2565 3393/420/400 3390/418/398
f 677/1266/1195 3387/2867/2563 676/1270/1198
f 678/1265/1194 3388/2869/2564 3387/2867/2563
f 96/1268/1197 1304/2874/2566 3388/2869/2564
f 236/2875/2567 1303/409/392 1710/169/165
f 3399/2883/2575 3397/2878/2570 3395/2877/2569 3400/2881/2573
f 3396/4632/3755 3398/2880/2572 3395/2877/2569
f 3402/2882/2574 3400/2881/2573 3398/2880/2572 3403/2886/2578
f 3399/2883/2575 3401/2885/2577 3469/2891/2582
f 3399/2883/2575 3402/2882/2574 3401/2885/2577
f 3470/4633/2580 3469/2891/2582 3401/2885/2577 3404/2884/2576
f 3405/2888/2579 3404/2887/2576 3403/4634/2578 3406/2890/2581
f 3460/4635/3756 136/1877/1743 984/1876/1742 3394/2879/2571
f 3405/2888/2579 1407/401/384 198/3466/3100
f 3394/2879/2571 984/1876/1742 983/4228/3581 3395/2877/2569
f 3395/2877/2569 983/4228/3581 95/2760/2478 3396/4632/3755
f 3462/2892/2583 3460/4635/3756 3394/2879/2571 3397/2878/2570
f 95/2760/2478 1350/2759/2477 3396/4632/3755
f 3470/2889/2580 3405/2888/2579 198/3466/3100
f 3397/2878/2570 3399/2883/2575 3462/2892/2583
f 3408/2895/2585 3407/2896/2586 314/4636/528 315/2893/527
f 1353/376/362 3409/2897/2587 3408/2895/2585 1352/2894/2584
f 3407/2896/2586 3408/2895/2585 3409/2897/2587
f 3414/4637/3757 3412/2903/2592 3413/2906/2594 3415/4638/3758
f 315/2893/527 3224/4532/526 1352/2894/2584
f 3328/2898/2588 3409/2897/2587 1408/372/359
f 380/1615/1512 3411/2901/2590 378/2905/2593
f 378/2905/2593 3413/2906/2594 3412/2903/2592
f 3415/4638/3758 3413/2906/2594 3411/2901/2590 1029/2913/2599
f 3416/2909/3759 3414/4639/3757 3415/4640/3758 3417/2907/3760
f 3417/2907/3760 3415/4640/3758 1029/4582/2599 1028/2792/3738
f 3371/2860/2557 117/588/557 377/1616/1513 3410/2902/2591
f 3416/2909/2597 3418/2908/2596 1312/2914/277
f 3417/2907/2595 3419/2910/278 3418/2908/2596
f 3381/2915/2600 3380/4627/3753 3414/4639/3757 3416/2909/3759
f 49/988/924 1030/2912/2598 3411/2901/2590
f 1028/2792/2508 197/2791/1828 3419/2910/278
f 3380/4627/3753 3375/4641/3750 3412/4642/2592 3414/4639/3757
f 3425/2919/2604 3424/4643/3761 3420/2917/2602 3423/2926/2611
f 1311/2904/2554 3412/2903/2592 3375/4644/3750
f 3420/2917/2602 3421/4645/3762 3423/2926/2611
f 3422/2918/2603 3420/2917/2602 3424/4643/3761
f 3427/2921/2606 3426/4646/3763 3422/2918/2603 3424/4643/3761
f 1357/2940/2613 3429/4647/3764 3428/2920/2605 1356/2922/2607
f 3424/4643/3761 3425/2919/2604 3427/2921/2606
f 3426/4646/3763 3427/2921/2606 3429/4647/3764
f 3427/2921/2606 3428/2920/2605 3429/4647/3764
f 3431/2923/2608 3430/271/262 3426/4648/3763 3429/4649/3764
f 3420/2917/2602 3926/2916/2601 99/98/98 985/4232/3585
f 3429/4649/3764 1357/2928/2613 3431/2923/2608
f 3431/2923/2608 1757/267/258 3430/271/262
f 3421/4645/3762 3420/2917/2602 985/4232/3585 986/4237/3590
f 1354/2929/2614 3421/4645/3762 986/4237/3590 137/2943/2625
f 1355/2927/2612 3423/2926/2611 3421/4645/3762 1354/2929/2614
f 3434/4650/2617 3433/2930/2615 1354/2929/2614 740/2944/986
f 3425/2919/2604 1355/2927/2612 1356/2922/2607
f 3437/2939/2620 1356/2922/2607 1355/2927/2612 3433/2930/2615
f 3435/2931/2616 3432/2933/2618 3436/2937/2621
f 3439/4651/3765 3438/2935/2619 3433/2934/2615 3434/2932/2617
f 3440/2938/2622 3439/4651/3765 3434/2932/2617 3435/2931/2616
f 3443/260/251 3442/259/250 1357/2928/2613 3437/4652/2620
f 3440/2938/2622 3436/2937/2621 3441/2941/2623
f 3444/3509/3118 3443/260/251 3437/4652/2620 3438/4653/2619
f 3445/4654/3120 3444/4655/3118 3438/2935/2619 3439/4651/3765
f 3446/2942/2624 3445/4654/3120 3439/4651/3765 3440/2938/2622
f 3449/2946/2627 3447/2945/2626 3448/2948/2629 3450/2947/2628
f 740/1052/986 100/1051/985 3432/2933/2618
f 3432/2933/2618 100/1051/985 1359/2746/2465
f 3436/2937/2621 1359/2746/2465 1360/2748/2467
f 1332/2950/2631 268/597/566 3449/2946/2627
f 1915/2951/2632 313/2865/2561 3448/2948/2629
f 3448/2948/2629 3447/2945/2626 270/3679/563 271/2952/558
f 45/3684/3210 267/598/567 1332/2950/2631
f 268/597/566 269/3683/564 3447/2945/2626
f 269/3683/564 270/3679/563 3447/2945/2626
f 3451/2949/2630 1333/4595/1420 1332/2950/2631 3449/2946/2627
f 313/2865/2561 192/2864/462 3450/2947/2628
f 3451/2956/2630 3450/2953/2628 1411/2955/177
f 1333/1515/1420 3451/2956/2630 648/1516/176
f 3453/2957/2633 3452/660/621 431/667/627 3454/2959/2634
f 1412/168/164 3453/4656/2633 3454/4657/2634 3455/2961/2636
f 237/2958/2568 3455/4658/2636 3454/2959/2634
f 3318/1812/1681 3316/2795/2510 3453/4656/2633 1412/168/164
f 430/657/618 3452/660/621 124/669/628
f 432/665/626 237/2958/2568 431/667/627
f 237/2876/2568 236/2875/2567 3455/2961/2636
f 236/2875/2567 1710/169/165 1412/168/164
f 3316/4659/2510 913/2796/2511 124/669/628 3453/2957/2633
f 3463/4660/3766 1304/2874/2566 3459/2969/2644 3464/4661/3767
f 98/35/35 742/84/84 3456/2962/2637
f 742/84/84 743/2965/2640 3457/2964/2639
f 743/2965/2640 744/99/99 3458/2966/2641
f 744/99/99 99/98/98 1266/2925/2610
f 3460/4635/3756 3461/4662/2642 3459/4663/2644
f 3460/4635/3756 3462/2892/2583 3461/4662/2642
f 3466/4664/3768 3465/2968/2643 3461/2967/2642 3467/4665/3769
f 3459/2969/2644 3465/2968/2643 3464/4661/3767
f 3465/2968/2643 3466/4664/3768 3464/4661/3767
f 3468/4666/3770 3461/4662/2642 3462/2892/2583 3469/2891/2582
f 3461/2967/2642 3468/4667/3770 3467/4665/3769
f 3471/4668/3094 3463/4660/3766 3464/4661/3767 3472/3459/3095
f 3469/2891/2582 3470/4633/2580 3468/4666/3770
f 3472/3459/3095 3464/4661/3767 3466/4664/3768 3473/3460/3096
f 3473/3460/3096 3466/4664/3768 3467/4665/3769 3474/4669/3097
f 3474/3463/3097 3467/4670/3769 3468/4671/3770 3475/3464/3098
f 3475/3464/3098 3468/4671/3770 3470/2889/2580 3476/3465/3099
f 1304/2874/2566 96/1268/1197 688/4014/3461 3459/2969/2644
f 3470/2889/2580 198/3466/3100 3476/3465/3099
f 3459/4663/2644 688/4013/3461 136/1877/1743 3460/4635/3756
f 1450/2972/2647 113/3865/846 449/2973/1397 3477/2970/2645
f 3463/4660/3766 3471/4668/3094 1305/2872/402
f 1304/2874/2566 3463/4660/3766 1305/2872/402
f 3480/2978/2652 3479/2980/2654 407/3717/3227 408/3716/3226
f 3589/386/370 1451/2592/2344 1829/389/373
f 1450/2972/2647 3478/2971/2646 3587/2975/2649
f 406/3719/3228 407/3717/3227 3479/2980/2654
f 3483/2979/2653 3482/2981/2655 3479/2980/2654 3480/2978/2652
f 3480/2978/2652 410/698/655 3481/2977/2651
f 3177/2583/2335 1466/2580/2332 3482/2981/2655 3483/2979/2653
f 3481/2977/2651 1299/2976/2650 1298/2589/2341
f 408/3716/3226 409/701/657 3480/2978/2652
f 410/698/655 39/3704/3218 1299/2976/2650
f 1466/2580/2332 1467/2588/2340 1449/2587/2339 3482/2981/2655
f 3479/2980/2654 1448/4672/3771 62/3721/3230 406/3719/3228
f 1448/4672/3771 3479/2980/2654 1449/2587/2339
f 1292/2987/2661 1445/2982/2656 1444/2986/2660 106/1416/1334
f 961/2985/2659 3484/2983/2657 1446/2988/2662
f 3489/4673/3772 3488/2575/2327 3485/2992/2666 3486/2991/2665
f 1446/2988/2662 3171/2990/2664 208/1906/1770
f 345/3763/3261 346/759/711 3485/2992/2666
f 346/759/711 347/758/710 3486/2991/2665
f 347/758/710 348/756/709 3487/2993/2667
f 3490/4674/3773 3489/4673/3772 3486/2991/2665 3487/2993/2667
f 1296/3011/2685 3490/4674/3773 3487/2993/2667 1297/2994/2668
f 1469/4504/3701 3490/4674/3773 1296/3011/2685 1468/4506/3703
f 348/756/709 77/3012/2686 1297/2994/2668
f 1296/3011/2685 1463/3010/2684 1468/4506/3703
f 1470/2573/2325 3489/4673/3772 3490/4674/3773 1469/4504/3701
f 3166/2574/2326 3136/2508/2267 3513/3024/2698 3488/2575/2327
f 3489/4673/3772 1470/2573/2325 3488/2575/2327
f 3488/2575/2327 3513/3024/2698 1460/3022/2696 3485/2992/2666
f 3485/2992/2666 1460/3022/2696 43/3026/2700 345/3763/3261
f 3492/4675/3774 1299/2976/2650 39/3704/3218 3493/4676/3775
f 3497/2568/2320 3496/3000/2674 1299/2976/2650 3492/4675/3774
f 3493/4676/3775 3491/4677/3776 3494/4678/3777
f 904/690/649 3495/2996/2670 3491/4677/3776
f 3498/4679/3778 3497/2568/2320 3492/4675/3774 3493/4676/3775
f 3499/2997/2671 3498/4679/3778 3493/4676/3775 3494/4678/3777
f 3500/2998/2672 3499/2997/2671 3494/4678/3777 3491/4677/3776
f 3500/2998/2672 3491/4677/3776 3495/2996/2670 3501/2572/2324
f 3491/4677/3776 3493/4676/3775 903/692/643 904/690/649
f 3495/2996/2670 1285/2487/2247 3501/2572/2324
f 39/3704/3218 903/692/643 3493/4676/3775
f 1471/2999/2673 1472/2569/2321 3498/4679/3778 3499/2997/2671
f 123/3035/1654 1286/2995/2669 904/690/649
f 1285/2487/2247 1459/2482/2242 3501/2572/2324
f 1473/3001/2675 1465/2590/2342 1298/2589/2341 3496/3000/2674
f 3497/2568/2320 3498/4679/3778 1472/2569/2321
f 1475/4495/3694 3503/3003/2677 303/3005/2679 1474/3008/2682
f 77/3012/2686 970/3002/2676 3502/3004/2678
f 970/3002/2676 971/518/494 3503/3003/2677
f 3504/3006/2680 1296/3011/2685 1297/2994/2668 3502/3004/2678
f 3503/3003/2677 1475/4495/3694 1476/3009/2683
f 3504/3006/2680 1476/3009/2683 1463/3010/2684
f 3507/3016/2690 3505/3013/2687 3506/4680/3779 3508/3018/2692
f 3505/3013/2687 3507/3016/2690 1427/3014/2688
f 3505/3013/2687 749/3842/3313 750/3845/821 3506/4680/3779
f 3507/3016/2690 3509/2525/2282 1428/3017/2691
f 749/3842/3313 3505/3013/2687 66/3015/2689
f 3144/4489/3692 1428/3017/2691 3509/2525/2282 1477/2524/2281
f 293/3019/2693 3581/388/372 3509/2525/2282
f 3511/3021/2695 3510/3020/2694 106/1416/1334 447/3025/2699
f 1428/3017/2691 3144/4489/3692 205/1376/1295
f 3511/3021/2695 43/3026/2700 1460/3022/2696
f 1292/2987/2661 3510/3020/2694 3512/3023/2697
f 3510/3020/2694 3511/3021/2695 3512/3023/2697
f 3512/3023/2697 1460/3022/2696 3513/3024/2698
f 3484/2983/2657 3512/3023/2697 1478/2989/2663
f 1286/2995/2669 294/3034/2708 295/4191/3565 3516/3030/2704
f 968/643/605 3514/3027/2701 967/645/607
f 968/643/605 3515/2502/2261 3514/3027/2701
f 967/645/607 3514/3027/2701 1456/3028/2702
f 968/643/605 894/1833/1700 3515/2502/2261
f 1456/3028/2702 3130/2499/2258 209/2503/2262
f 3516/3030/2704 295/4191/3565 53/831/772 339/3032/2706
f 1873/493/470 3126/2485/2245 3518/3033/2707 338/4681/3780
f 3516/3030/2704 3518/3033/2707 3517/3031/2705
f 1415/3040/2713 101/1346/1269 3519/3036/2709 3520/3038/2711
f 1285/2487/2247 3518/3033/2707 3126/2485/2245
f 1286/2995/2669 3517/3031/2705 3495/2996/2670
f 3524/2431/2199 1431/1433/1350 3523/1804/1673 435/1803/1672
f 3520/3038/2711 1262/361/348 1415/3040/2713
f 443/1344/1268 1264/3037/2710 3519/3036/2709
f 1264/3037/2710 1263/3039/2712 3520/3038/2711
f 438/1278/1206 3521/3042/2715 97/3043/2716
f 97/3043/2716 3521/3042/2715 3522/3041/2714
f 2328/1292/1217 3521/3042/2715 438/1278/1206
f 71/3065/593 421/3044/2717 439/1294/1219
f 1263/3039/2712 3522/3041/2714 1262/361/348
f 435/1803/1672 36/646/608 3525/3029/2703
f 3094/2432/2200 3525/3029/2703 1456/3028/2702 209/2503/2262
f 3529/4682/3781 3528/3049/2720 417/3859/3325 418/3857/3324
f 3524/2431/2199 3525/3029/2703 3094/2432/2200
f 3550/1435/1352 3523/1804/1673 1431/1433/1350
f 64/900/837 415/3045/835 3526/3047/2719
f 415/3045/835 416/3048/833 3527/3046/2718
f 416/3048/833 417/3859/3325 3528/3049/2720
f 3531/1962/1815 3530/3050/2721 3527/3046/2718 3528/3049/2720
f 3526/3047/2719 3527/3046/2718 3530/3050/2721
f 1448/4672/3771 3529/4682/3781 418/3857/3324 62/3721/3230
f 3528/3049/2720 3529/4682/3781 3532/1965/1818
f 1449/2587/2339 3532/1965/1818 3529/4682/3781 1448/4672/3771
f 3533/4683/3782 3536/3051/2722 791/1499/1409 353/1497/1408
f 1451/2592/2344 3530/3050/2721 1447/1956/1809
f 3478/2971/2646 3526/3047/2719 3530/3050/2721
f 3536/3051/2722 3533/4683/3782 962/2984/2658
f 1444/2986/2660 3533/4683/3782 353/1497/1408 74/1496/1407
f 3561/3054/2725 362/3751/678 790/732/688 3535/3053/2724
f 3533/4683/3782 1444/2986/2660 1445/2982/2656
f 3533/4683/3782 1445/2982/2656 962/2984/2658
f 3534/1869/1735 1446/2988/2662 208/1906/1770
f 3535/3053/2724 3536/3051/2722 958/3052/2723
f 3536/3051/2722 3535/3053/2724 790/732/688 791/1499/1409
f 3537/3055/2726 305/1924/1787 76/3840/3311 1438/3056/2727
f 958/3052/2723 962/2984/2658 961/2985/2659
f 207/1870/1736 961/2985/2659 3534/1869/1735
f 305/1924/1787 3537/3055/2726 304/1926/1788
f 131/642/604 3538/1834/1701 894/1833/1700
f 304/1926/1788 3539/1835/1702 3538/1834/1701
f 3537/3055/2726 1439/1836/1703 3539/1835/1702
f 3540/4684/3783 3542/3061/2732 720/3829/3302 721/4685/3299
f 727/3062/2733 719/849/786 3542/3061/2732
f 3542/3061/2732 3540/4684/3783 3543/3059/2730
f 3540/4684/3783 3541/3057/2728 3543/3059/2730
f 3543/3059/2730 3547/4150/3547 3544/3060/2731
f 3543/3059/2730 3545/1673/1563 3547/4150/3547
f 3543/3059/2730 3546/1672/1562 3545/1673/1563
f 52/3092/2762 718/850/787 727/3062/2733
f 719/849/786 720/3829/3302 3542/3061/2732
f 3541/3057/2728 3540/4684/3783 722/847/785 723/846/782
f 721/4685/3299 722/847/785 3540/4684/3783
f 206/3626/3181 727/3062/2733 3542/3061/2732 3544/3060/2731
f 3541/3057/2728 50/583/552 1434/3058/2729
f 1434/3058/2729 1435/4686/3784 3546/1672/1562
f 1435/4686/3784 1436/441/420 3546/1672/1562
f 2428/1426/1343 3549/3064/2735 3550/1435/1352 1480/1434/1351
f 915/623/587 3548/3063/2734 914/627/591
f 3548/3063/2734 917/625/589 3550/1435/1352
f 914/627/591 3549/3064/2735 421/3044/2717
f 916/616/583 3548/3063/2734 915/623/587
f 1438/3056/2727 76/3840/3311 458/3839/3310 3551/4687/3785
f 3551/4687/3785 458/3839/3310 459/3837/3309 3552/4688/3786
f 3552/4688/3786 459/3837/3309 460/3834/3308 3553/4689/3787
f 3554/4063/3495 1438/3056/2727 3551/4687/3785 3555/4064/3496
f 3555/4064/3496 3551/4687/3785 3552/4688/3786 3556/4065/3497
f 3556/4065/3497 3552/4688/3786 3553/4689/3787 3557/1378/1297
f 3553/4689/3787 460/3834/3308 66/3015/2689 1427/3014/2688
f 3557/1378/1297 3553/4689/3787 1427/3014/2688 1428/3017/2691
f 2380/4057/3489 2379/4052/3486 3555/4064/3496 3556/4065/3497
f 1428/3017/2691 205/1376/1295 3557/1378/1297
f 204/3611/3176 381/535/508 832/533/506 3559/4690/3788
f 1438/3056/2727 3554/4063/3495 1439/1836/1703
f 833/532/505 3558/4691/3789 832/533/506
f 3559/4690/3788 832/533/506 3558/4691/3789 3560/3104/2771
f 2358/1328/1253 3559/4690/3788 3560/3104/2771 1481/1326/1251
f 3560/3104/2771 1742/244/235 1481/1326/1251
f 2357/3610/3175 204/3611/3176 3559/4690/3788 2358/1328/1253
f 3562/3072/2742 358/3754/3257 359/3068/2738 3563/3067/2737
f 3563/3067/2737 360/3066/2736 361/3070/2740 3564/3069/2739
f 3567/3076/2746 3563/3067/2737 3564/3069/2739 3568/3074/2744
f 3561/3054/2725 3565/3073/2743 3564/3069/2739
f 3563/3067/2737 3567/3076/2746 3566/3071/2741
f 351/3079/2749 352/3121/2788 3562/3072/2742 3566/3071/2741
f 3565/3073/2743 207/1870/1736 3568/3074/2744
f 362/3751/678 3561/3054/2725 361/3070/2740
f 3561/3054/2725 958/3052/2723 3565/3073/2743
f 958/3052/2723 207/1870/1736 3565/3073/2743
f 3568/3074/2744 2336/1867/1733 2335/3075/2745
f 3567/3076/2746 2335/3075/2745 1482/3077/2747
f 3566/3071/2741 1482/3077/2747 1424/3078/2748
f 352/3121/2788 44/3658/3196 358/3754/3257 3562/3072/2742
f 3569/3084/2754 667/3088/2758 668/3090/2760 3570/3082/2752
f 3569/3084/2754 3573/3083/2753 339/3032/2706
f 3573/3083/2753 3571/3081/2751 3576/3087/2757
f 339/3032/2706 3573/3083/2753 3574/3086/2756
f 666/830/771 3569/3084/2754 53/831/772
f 3570/3082/2752 669/3089/2759 670/3091/2761 3571/3081/2751
f 206/3626/3181 3576/3087/2757 3571/3081/2751 727/3062/2733
f 672/827/768 3572/3080/2750 671/828/769
f 52/3092/2762 727/3062/2733 3572/3080/2750
f 1483/496/473 1484/3623/3179 3574/3086/2756 3575/3085/2755
f 1484/3623/3179 1873/493/470 338/4681/3780 3574/3086/2756
f 3579/3094/2763 3578/3093/439 3577/1952/1806 462/1949/1804
f 3518/4692/2707 3574/4693/2756 338/4694/3780
f 3508/3018/2692 3506/4680/3779 3580/3097/2765 293/3019/2693
f 971/518/494 2792/1950/1805 3577/1952/1806
f 3579/3094/2763 381/535/508 204/3611/3176
f 1485/3095/440 3579/3094/2763 1426/3609/3174
f 303/3005/2679 3577/1952/1806 3578/3093/439
f 3506/4680/3779 750/3845/821 422/3101/1325 3580/3097/2765
f 3582/4695/3790 1434/3058/2729 50/583/552 836/3674/3206
f 3583/4696/3791 3582/4695/3790 836/3674/3206 837/3672/3205
f 1416/3106/2773 3583/4696/3791 838/580/551 382/1629/1525
f 837/3672/3205 838/580/551 3583/4696/3791
f 1434/3058/2729 3582/4695/3790 1435/4686/3784
f 3582/4695/3790 3583/4696/3791 1435/4686/3784
f 1435/4686/3784 1417/142/140 1436/441/420
f 1417/142/140 1435/4686/3784 3583/4696/3791 1416/3106/2773
f 3585/3099/2767 3584/4697/3792 729/4036/1261 730/4033/3477
f 101/1346/1269 1415/3040/2713 3585/3099/2767
f 3584/4697/3792 3585/3099/2767 3586/3098/2766
f 3586/3098/2766 1414/241/232 3592/251/242
f 266/1349/1271 728/1348/1262 3584/4697/3792
f 728/1348/1262 729/4036/1261 3584/4697/3792
f 3592/251/242 3591/3103/2770 316/1661/1552 2585/1660/1544
f 730/4033/3477 731/1333/1258 3585/3099/2767
f 266/1349/1271 3584/4697/3792 3586/3098/2766
f 797/3100/2768 3587/2975/2649 1419/3096/2764
f 113/3865/846 1450/2972/2647 797/3100/2768
f 3588/2974/2648 3589/386/370 3581/388/372
f 1419/3096/2764 3588/2974/2648 293/3019/2693
f 443/1344/1268 3590/3102/2769 1264/3037/2710
f 3590/3102/2769 97/3043/2716 1264/3037/2710
f 1264/3037/2710 97/3043/2716 1263/3039/2712
f 72/1296/1221 679/1276/1204 3590/3102/2769
f 1262/361/348 1826/363/350 272/369/356
f 1741/243/234 1742/244/235 3560/3104/2771 3592/251/242
f 2585/1660/1544 317/1657/1550 3592/251/242
f 3558/4691/3789 833/532/505 316/1661/1552 3591/3103/2770
f 3558/4691/3789 3591/3103/2770 3560/3104/2771
f 3596/4698/3793 3594/3107/2774 33/3109/2776 1454/3119/2786
f 3597/4699/3794 1417/142/140 1416/3106/2773 3593/3105/2772
f 3597/4699/3794 3593/3105/2772 3595/3108/2775 3598/4700/3795
f 3598/4700/3795 3595/3108/2775 3594/3107/2774 3599/3112/2779
f 3599/3112/2779 3594/3107/2774 3596/4698/3793 3600/3110/2777
f 3600/3110/2777 3596/4698/3793 1454/3119/2786 3601/3483/3108
f 3593/3105/2772 382/1629/1525 383/1628/1518 3594/3107/2774
f 1487/3481/3106 3598/4700/3795 3599/3112/2779 1486/3111/2778
f 1454/3119/2786 1455/3118/2785 3601/3483/3108
f 1488/140/138 3597/4699/3794 3598/4700/3795 1487/3481/3106
f 3602/3113/2780 275/3120/2787 276/3117/2784 3604/3116/2783
f 3597/4699/3794 1488/140/138 1417/142/140
f 273/567/539 3603/3114/2781 1454/3119/2786
f 3605/3125/2792 3602/3113/2780 3604/3116/2783 3606/3123/2790
f 3602/3113/2780 3605/3125/2792 3603/3114/2781
f 3604/3116/2783 277/3115/2782 44/3658/3196 352/3121/2788
f 3604/3116/2783 351/3079/2749 3606/3123/2790
f 3603/3114/2781 3605/3125/2792 1455/3118/2785
f 274/566/538 3602/3113/2780 273/567/539
f 3891/3344/3001 3607/3127/2794 1491/3126/2793 3610/3131/2798
f 351/3079/2749 1424/3078/2748 1489/3122/2789
f 3606/3123/2790 1489/3122/2789 1620/3124/2791
f 3605/3125/2792 1620/3124/2791 1269/14/14
f 3605/3125/2792 1269/14/14 1455/3118/2785
f 1490/3128/2795 3607/3127/2794 981/1888/1752
f 1492/3134/2800 3609/3130/2797 1491/3126/2793
f 1019/3141/2807 1020/3140/2806 3612/3139/2805 3613/3137/2803
f 3609/3130/2797 1026/515/491 3610/3131/2798
f 210/1948/1803 1548/516/492 3609/3130/2797
f 3612/3139/2805 1502/3135/2801 3613/3137/2803
f 3613/3137/2803 1503/3136/2802 3614/1928/1789
f 3611/3143/2809 3719/3138/2804 1020/3140/2806
f 3611/3143/2809 1020/3140/2806 1021/3146/2812
f 1022/3147/2813 135/1194/1126 85/1894/1758 3611/3143/2809
f 85/1894/1758 3715/3142/2808 3611/3143/2809
f 3719/3138/2804 3717/3144/2810 3612/3139/2805
f 1503/3136/2802 211/877/814 1549/1919/1783
f 3619/4701/3796 3615/4702/3797 3616/3150/2816 3618/3149/2815
f 3616/3154/2816 1501/3153/2819 3617/3156/2814
f 931/1711/1592 1499/3157/2820 3615/4702/3797 3619/4701/3796
f 955/4703/3798 3619/4701/3796 3618/3149/2815 954/3308/2967
f 3616/3154/2816 3615/4704/3797 1500/3304/2965 3839/3152/2818
f 3618/3149/2815 953/3151/2817 954/3308/2967
f 1499/3305/2820 1500/3304/2965 3615/4704/3797
f 956/3320/2979 931/1711/1592 3619/4701/3796 955/4703/3798
f 1501/3153/2819 1579/640/602 1550/3155/1670
f 1550/1799/1670 1551/1798/1669 3617/3148/2814
f 3623/4705/3799 3622/4706/3800 1504/4707/3801 1505/4708/3802
f 931/1711/1592 956/3320/2979 127/1200/1132
f 3624/3161/2824 3623/4705/3799 1505/4708/3802 3620/3159/2822
f 3626/4186/3562 3625/3160/2823 3620/3159/2822 3621/4187/3563
f 3629/4709/3803 3628/4710/3804 3622/4706/3800 3623/4705/3799
f 3625/3160/2823 3626/4186/3562 3627/3162/2825
f 3630/4711/3805 3629/4709/3803 3623/4705/3799 3624/3161/2824
f 3631/3164/2827 3630/4711/3805 3625/3160/2823 3627/3162/2825
f 3624/3161/2824 3625/3160/2823 3630/4711/3805
f 3633/4712/3806 3632/4713/3807 3628/4710/3804 3629/4709/3803
f 3634/3298/2959 3633/4712/3806 3629/4709/3803 3630/4711/3805
f 3635/3299/2960 3634/3298/2959 3630/4711/3805 3631/3164/2827
f 1553/3301/2962 3635/3299/2960 3631/3164/2827 1552/3163/2826
f 3621/4187/3563 3620/3159/2822 1506/4714/3808 1507/3806/3289
f 1505/4708/3802 1506/4714/3808 3620/3159/2822
f 3632/4713/3807 930/3979/3434 929/1725/1605 3628/4710/3804
f 1553/3301/2962 1543/686/645 1941/688/647
f 3628/4710/3804 929/1725/1605 928/1723/1603 3622/4706/3800
f 3622/4706/3800 928/1723/1603 86/1721/1601 1504/4707/3801
f 3640/3168/2831 3639/3165/2828 3637/3175/2838 3638/3178/2841
f 3636/3176/2839 3637/3175/2838 3639/3165/2828
f 3647/4715/3809 864/3338/2997 863/1559/1457 3644/3169/2832
f 3636/3176/2839 3639/3165/2828 3641/3167/2830
f 3639/3165/2828 3640/3168/2831 3642/3166/2829
f 3641/3167/2830 3642/3166/2829 3644/3169/2832
f 3642/3166/2829 3643/1663/1554 3645/3170/2833
f 3644/3169/2832 3645/3170/2833 3646/3171/2834
f 3648/3173/2836 3647/4715/3809 3644/3169/2832 3646/3171/2834
f 3636/3176/2839 860/3179/2842 79/3921/3379 1493/3174/2837
f 1555/1662/1553 3640/3168/2831 3638/3178/2841 1554/1656/1549
f 1493/3174/2837 1494/3177/2840 3637/3175/2838
f 1494/3177/2840 1495/1352/1273 3638/3178/2841
f 1557/1652/1546 3646/3171/2834 3645/3170/2833 1556/1651/1545
f 3640/3168/2831 1555/1662/1553 3643/1663/1554
f 1540/529/503 224/3172/2835 3646/3171/2834 1557/1652/1546
f 3641/3167/2830 862/1558/1456 861/3180/2843 3636/3176/2839
f 862/1558/1456 3641/3167/2830 863/1559/1457
f 3654/4716/3810 3653/3181/2844 3650/4717/3811 3651/3190/2853
f 3651/3190/2853 567/3189/2852 3652/4133/3542
f 567/3189/2852 216/571/542 3652/4133/3542
f 3649/4718/3812 3650/4717/3811 3653/3181/2844
f 3655/4134/3543 3654/4716/3810 3651/3190/2853 3652/4133/3542
f 3658/4719/3813 3657/3182/2845 3653/3181/2844 3654/4716/3810
f 3659/4135/3544 3658/4719/3813 3654/4716/3810 3655/4134/3543
f 3660/3184/2847 3658/4719/3813 3659/4135/3544 3661/3186/2849
f 3658/4719/3813 3660/3184/2847 3657/3182/2845
f 3662/4720/3814 3656/3183/2846 3657/3182/2845 3663/3185/2848
f 3649/4718/3812 856/4116/3527 81/4004/3457 570/4721/3815
f 3660/4722/2847 3664/3194/2850 3663/3196/2848
f 3661/4723/2849 3665/3192/2855 3664/3194/2850
f 3650/4717/3811 3649/4718/3812 570/4721/3815 569/4724/3816
f 3651/3190/2853 3650/4717/3811 569/4724/3816 568/3188/2851
f 891/4725/3817 3662/4726/3814 3663/3196/2848 890/4727/3818
f 3665/3192/2855 887/3191/2854 888/3193/2856
f 3664/3194/2850 888/3193/2856 889/3195/2857
f 3663/3196/2848 889/3195/2857 890/4727/3818
f 122/3990/3443 859/4120/3529 3662/4726/3814 891/4725/3817
f 859/4118/3529 858/4117/3528 3656/3183/2846 3662/4720/3814
f 858/4117/3528 857/4109/3523 3653/3181/2844 3656/3183/2846
f 3653/3181/2844 857/4109/3523 856/4116/3527 3649/4718/3812
f 807/3201/2862 3774/3200/2861 1574/741/695 222/1502/1410
f 808/4728/3819 3778/3263/2924 3773/3202/2863 807/3201/2862
f 809/3267/2928 3777/4729/3820 3778/3263/2924 808/4728/3819
f 114/1464/1377 619/3945/3403 3775/3199/2860 810/3198/2859
f 3777/4729/3820 809/3267/2928 3776/3197/2858
f 1558/4094/3512 3667/4730/3821 605/4731/3822 221/3863/3327
f 606/3229/2890 605/4731/3822 3667/4730/3821
f 3669/3208/2869 3668/3204/2865 608/3207/2868 607/3230/2891
f 3666/3203/2864 608/3207/2868 3668/3204/2865
f 3670/4732/3823 3669/3208/2869 607/3230/2891 606/3229/2890
f 3671/3218/2879 3670/4732/3823 606/3229/2890 3667/4730/3821
f 1559/906/842 3671/3218/2879 3667/4730/3821 1558/4094/3512
f 3666/3203/2864 798/1471/1384 613/1075/1009 609/3206/2867
f 3672/3205/2866 799/1062/996 798/1471/1384 3666/3203/2864
f 3672/3205/2866 3668/3204/2865 805/3209/2870
f 3673/4733/3824 1510/4734/3825 1511/4735/3826 3674/4736/3827
f 3674/4736/3827 1511/4735/3826 1512/4737/3828 3675/4738/3829
f 3675/4738/3829 1512/4737/3828 1513/4739/3830 3676/4740/3831
f 3676/4740/3831 1513/4739/3830 213/3764/3262 1560/4077/3505
f 3677/4741/3832 3673/4733/3824 3674/4736/3827 3678/4742/3833
f 3678/4742/3833 3674/4736/3827 3675/4738/3829 3679/4743/3834
f 3680/3264/2925 3675/4738/3829 3676/4740/3831 3681/3211/2872
f 3675/4738/3829 3680/3264/2925 3679/4743/3834
f 3681/3211/2872 3676/4740/3831 1560/4077/3505 1561/742/696
f 756/3944/3402 755/4073/3504 3673/4733/3824 3677/4741/3832
f 3681/3211/2872 3682/3210/2871 3680/3264/2925
f 1561/742/696 1574/741/695 3682/3210/2871
f 755/4073/3504 90/3936/3394 1510/4734/3825 3673/4733/3824
f 772/4744/3835 773/4745/3836 3686/3217/2878 805/3209/2870
f 1521/3214/2875 3685/3212/2873 1564/878/815
f 771/4746/3837 772/4744/3835 805/3209/2870 3683/4747/3838
f 770/3215/2876 771/4746/3837 3683/4747/3838 3684/3213/2874
f 773/4745/3836 108/3906/3364 610/3889/3347 3686/3217/2878
f 770/3215/2876 1521/3214/2875 769/3216/2877
f 3684/3213/2874 3683/4747/3838 3669/3208/2869 3670/4732/3823
f 805/3209/2870 3669/3208/2869 3683/4747/3838
f 1521/3214/2875 3684/3213/2874 3670/4732/3823 3671/3218/2879
f 215/908/844 3685/3212/2873 3671/3218/2879 1559/906/842
f 3686/3217/2878 610/3889/3347 799/1062/996 3672/3205/2866
f 3691/3220/2881 3688/4748/3839 3689/3226/2887 3692/4749/3840
f 3688/4748/3839 3691/3220/2881 3687/3219/2880
f 3692/4749/3840 3689/3226/2887 3690/894/831 3693/3846/3314
f 3695/4750/3841 3692/4749/3840 3693/3846/3314 3696/3851/3319
f 3692/4749/3840 3695/4750/3841 3691/3220/2881
f 3697/3222/2883 3691/3220/2881 3695/4750/3841 3698/4751/3842
f 3694/3221/2882 3691/3220/2881 3697/3222/2883
f 3698/4751/3842 3695/4750/3841 3696/3851/3319 3699/4752/3843
f 3702/3228/2889 3701/3224/2885 3697/3222/2883 3698/4751/3842
f 3696/3851/3319 1562/3853/3321 3699/4752/3843
f 3700/3223/2884 3697/3222/2883 3701/3224/2885
f 3702/3228/2889 3698/4751/3842 3699/4752/3843 3703/4753/3844
f 3703/4753/3844 3699/4752/3843 1562/3853/3321 1563/3854/3322
f 3687/3219/2880 88/3289/2950 591/3227/2888 3688/4748/3839
f 88/3289/2950 3687/3219/2880 611/1071/1005
f 221/3863/3327 605/4731/3822 3703/4753/3844 1563/3854/3322
f 591/3227/2888 3689/3226/2887 3688/4748/3839
f 590/3225/2886 3690/894/831 3689/3226/2887
f 605/4731/3822 606/3229/2890 3702/3228/2889 3703/4753/3844
f 607/3230/2891 608/3207/2868 3701/3224/2885 3702/3228/2889
f 3700/3223/2884 613/1075/1009 612/1073/1007 3694/3221/2882
f 609/3206/2867 3701/3224/2885 608/3207/2868
f 613/1075/1009 3700/3223/2884 609/3206/2867
f 3694/3221/2882 612/1073/1007 611/1071/1005 3687/3219/2880
f 3706/3232/2893 3705/4754/3845 773/4745/3836 772/4744/3835
f 769/3216/2877 1564/878/815 3704/880/817
f 3707/3231/2892 3706/3232/2893 771/4746/3837 770/3215/2876
f 772/4744/3835 771/4746/3837 3706/3232/2893
f 1518/3234/2895 1517/4755/3846 3705/4754/3845 3706/3232/2893
f 770/3215/2876 769/3216/2877 3707/3231/2892
f 3707/3231/2892 3704/880/817 3708/882/819
f 1517/4755/3846 92/3907/3365 614/3905/3363 3705/4754/3845
f 3706/3232/2893 3707/3231/2892 1519/3233/2894
f 3707/3231/2892 3708/882/819 1520/3235/2896
f 3705/4754/3845 614/3905/3363 108/3906/3364 773/4745/3836
f 3714/3238/2899 3713/3240/2901 3711/4756/3847 3712/3237/2898
f 3712/3237/2898 1565/3830/3307 1566/868/805
f 3710/3239/2900 3711/4756/3847 3713/3240/2901
f 3716/3241/2902 3715/3142/2808 3709/4757/3848 3710/3239/2900
f 3709/4757/3848 615/3911/3369 92/3907/3365 1517/4755/3846
f 3714/3238/2899 1566/868/805 1567/870/807
f 3716/3241/2902 3713/3240/2901 3717/3144/2810
f 3713/3240/2901 3714/3238/2899 3718/3242/2903
f 3715/3142/2808 3716/3241/2902 3719/3138/2804
f 3718/3242/2903 1567/870/807 3720/3243/2904
f 3717/3144/2810 3718/3242/2903 1502/3135/2801
f 3710/3239/2900 3709/4757/3848 1517/4755/3846 1518/3234/2895
f 3711/4756/3847 3710/3239/2900 1518/3234/2895 1519/3233/2894
f 3712/3237/2898 3711/4756/3847 1519/3233/2894 1520/3235/2896
f 1565/3830/3307 3712/3237/2898 1520/3235/2896 214/3236/2897
f 1569/875/812 3720/3243/2904 1567/870/807 1568/872/809
f 211/877/814 1503/3136/2802 3720/3243/2904 1569/875/812
f 3715/3142/2808 616/3244/2905 615/3911/3369 3709/4757/3848
f 1502/3135/2801 3720/3243/2904 1503/3136/2802
f 3725/4758/3849 3723/4759/3850 3724/3810/3292 3726/3809/3291
f 3723/4759/3850 3725/4758/3849 3722/3245/2906
f 3727/3246/2907 3722/3245/2906 3725/4758/3849 3728/4760/3851
f 3728/4760/3851 3725/4758/3849 3726/3809/3291 3729/3813/3295
f 3730/4761/3852 3727/3246/2907 3728/4760/3851 3731/4762/3853
f 3731/4762/3853 3728/4760/3851 3729/3813/3295 3732/3816/3297
f 3733/4763/3854 3730/4761/3852 3731/4762/3853 3734/4764/3855
f 3734/4764/3855 3731/4762/3853 3732/3816/3297 3735/3819/3300
f 3736/4765/3856 3733/4763/3854 3734/4764/3855 3737/4766/3857
f 3737/4766/3857 3734/4764/3855 3735/3819/3300 3738/3822/3303
f 3739/4767/3858 3736/4765/3856 3737/4766/3857 3740/4768/3859
f 3740/4768/3859 3737/4766/3857 3738/3822/3303 3741/3825/3305
f 735/9/9 82/1228/1160 573/4769/3860 3721/3247/2908
f 3721/3247/2908 573/4769/3860 572/4770/3861 3722/3245/2906
f 3722/3245/2906 572/4770/3861 571/4771/3862 3723/4759/3850
f 3723/4759/3850 571/4771/3862 217/3677/3208 3724/3810/3292
f 1515/4772/3863 3740/4768/3859 3741/3825/3305 1516/3800/3285
f 1514/4773/3864 3739/4767/3858 3740/4768/3859 1515/4772/3863
f 91/3412/3053 739/3410/3051 3739/4767/3858 1514/4773/3864
f 739/3410/3051 738/3409/3050 3736/4765/3856 3739/4767/3858
f 738/3409/3050 737/3408/3049 3733/4763/3854 3736/4765/3856
f 737/3408/3049 736/11/11 3730/4761/3852 3733/4763/3854
f 736/11/11 735/9/9 3721/3247/2908 3727/3246/2907
f 3727/3246/2907 3730/4761/3852 736/11/11
f 3746/4774/3865 3745/4775/3866 3742/4776/3867 3743/4777/3868
f 3747/3780/3272 3746/4774/3865 3743/4777/3868 3744/3781/3273
f 3749/4778/3869 3748/4779/3870 3745/4775/3866 3746/4774/3865
f 3750/3786/3276 3749/4778/3869 3746/4774/3865 3747/3780/3272
f 3752/4780/3871 3751/4781/3872 3748/4779/3870 3749/4778/3869
f 3753/3789/3278 3752/4780/3871 3749/4778/3869 3750/3786/3276
f 3755/4782/3873 3754/3248/2909 3751/4781/3872 3752/4780/3871
f 3756/3792/3280 3755/4782/3873 3752/4780/3871 3753/3789/3278
f 3759/4783/3874 3758/3249/2910 3754/3248/2909 3755/4782/3873
f 3760/3795/3282 3759/4783/3874 3755/4782/3873 3756/3792/3280
f 3762/3798/3284 3761/4784/3875 3759/4783/3874 3760/3795/3282
f 3758/3249/2910 3759/4783/3874 3761/4784/3875
f 3742/4776/3867 683/4267/3614 91/3412/3053 1514/4773/3864
f 3743/4777/3868 3742/4776/3867 1514/4773/3864 1515/4772/3863
f 3744/3781/3273 3743/4777/3868 1515/4772/3863 1516/3800/3285
f 1507/3806/3289 1506/4714/3808 3761/4784/3875 3762/3798/3284
f 1506/4714/3808 1505/4708/3802 3758/3249/2910 3761/4784/3875
f 1505/4708/3802 1504/4707/3801 3757/3250/2911 3758/3249/2910
f 1504/4707/3801 86/1721/1601 687/1989/1838 3757/3250/2911
f 3757/3250/2911 687/1989/1838 686/1988/1837 3754/3248/2909
f 3751/4781/3872 686/1988/1837 685/4269/3616 3748/4779/3870
f 686/1988/1837 3751/4781/3872 3754/3248/2909
f 3748/4779/3870 685/4269/3616 684/4268/3615 3745/4775/3866
f 3745/4775/3866 684/4268/3615 683/4267/3614 3742/4776/3867
f 3769/4785/3876 560/3261/2922 3765/3255/2916 3770/3259/2920
f 557/3253/2914 3764/3252/2913 558/3254/2915
f 559/3256/2917 3765/3255/2916 560/3261/2922
f 3763/3251/2912 3766/752/705 3764/3252/2913
f 558/3254/2915 3767/3257/2918 3765/3255/2916
f 3764/3252/2913 3768/3258/2919 3767/3257/2918
f 3771/4786/3877 3767/3257/2918 3768/3258/2919 3772/3260/2921
f 3766/752/705 1572/751/704 3768/3258/2919
f 3767/3257/2918 3771/4786/3877 3770/3259/2920
f 3763/3251/2912 3894/3345/3002 1523/513/489 1570/746/700
f 1572/751/704 1573/3761/3260 3772/3260/2921
f 3894/3345/3002 3763/3251/2912 557/3253/2914
f 3766/752/705 3763/3251/2912 1570/746/700 1571/745/699
f 1513/4739/3830 3772/3260/2921 1573/3761/3260 213/3764/3262
f 1512/4737/3828 3771/4786/3877 3772/3260/2921 1513/4739/3830
f 1511/4735/3826 3770/3259/2920 3771/4786/3877 1512/4737/3828
f 1510/4734/3825 3769/4785/3876 3770/3259/2920 1511/4735/3826
f 90/3936/3394 618/3934/3392 3769/4785/3876 1510/4734/3825
f 618/3934/3392 617/3262/2923 560/3261/2922 3769/4785/3876
f 3775/3199/2860 3677/4741/3832 3678/4742/3833 3776/3197/2858
f 3776/3197/2858 3678/4742/3833 3679/4743/3834 3777/4729/3820
f 3777/4729/3820 3679/4743/3834 3680/3264/2925 3778/3263/2924
f 619/3945/3403 756/3944/3402 3677/4741/3832 3775/3199/2860
f 3682/3210/2871 3773/3202/2863 3680/3264/2925
f 3682/3210/2871 3774/3200/2861 3773/3202/2863
f 3781/3268/2929 3779/3265/2926 809/3267/2928 3782/3281/2942
f 3779/3265/2926 3781/3268/2929 3780/3266/2927
f 3782/3281/2942 809/3267/2928 808/4728/3819 3783/3279/2940
f 3783/3279/2940 808/4728/3819 807/3201/2862 3784/4787/3878
f 3784/4787/3878 807/3201/2862 222/1502/1410 1575/3756/3258
f 1509/4788/3879 3784/4787/3878 1575/3756/3258 212/3747/3255
f 3784/4787/3878 1509/4788/3879 3783/3279/2940
f 89/1145/1079 620/1132/1066 3780/3266/2927 1508/3269/2930
f 3776/3197/2858 3779/3265/2926 810/3198/2859
f 620/1132/1066 114/1464/1377 810/3198/2859 3780/3266/2927
f 3789/3272/2933 3785/3270/2931 3786/3280/2941 3790/4789/3880
f 3785/3270/2931 3789/3272/2933 3788/3271/2932
f 3791/4790/3881 3790/4789/3880 3786/3280/2941 3787/4791/3882
f 1577/3738/3246 3791/4790/3881 3787/4791/3882 1576/3739/3247
f 3794/4792/3883 3793/3274/2935 3789/3272/2933 3790/4789/3880
f 3789/3272/2933 3793/3274/2935 3792/3273/2934
f 3795/3742/3250 3794/4792/3883 3790/4789/3880 3791/4790/3881
f 3798/724/680 3797/3276/2937 3794/4792/3883 3795/3742/3250
f 3791/4790/3881 1577/3738/3246 3795/3742/3250
f 3793/3274/2935 3794/4792/3883 3797/3276/2937
f 3785/3270/2931 3781/3268/2929 3782/3281/2942 3786/3280/2941
f 3796/3275/2936 3793/3274/2935 3799/3278/2939
f 3793/3274/2935 3797/3276/2937 3799/3278/2939
f 3797/3276/2937 3798/724/680 3800/3277/2938
f 3781/3268/2929 3785/3270/2931 1508/3269/2930
f 3786/3280/2941 3783/3279/2940 1509/4788/3879 3787/4791/3882
f 3787/4791/3882 1509/4788/3879 212/3747/3255 1576/3739/3247
f 1498/3653/3193 1497/4793/3884 3800/3277/2938 3801/726/682
f 1497/4793/3884 1496/4794/3885 3799/3278/2939 3800/3277/2938
f 1496/4794/3885 80/3331/2990 3796/3275/2936 3799/3278/2939
f 622/1150/1084 621/1148/1082 3792/3273/2934 3796/3275/2936
f 622/1150/1084 3796/3275/2936 80/3331/2990
f 621/1148/1082 89/1145/1079 3788/3271/2932 3792/3273/2934
f 3803/4795/3886 589/4796/3887 588/4797/3888 3804/3284/2945
f 1508/3269/2930 3788/3271/2932 89/1145/1079
f 3804/3284/2945 588/4797/3888 587/3302/2963 3805/3282/2943
f 3807/3285/2946 3806/4798/3889 3802/3286/2947 3808/3727/3235
f 587/3302/2963 3806/4798/3889 3805/3282/2943
f 3806/4798/3889 3807/3285/2946 3805/3282/2943
f 3809/4799/3890 3803/4795/3886 3804/3284/2945 3810/3283/2944
f 3812/4800/3891 3810/3283/2944 3807/3285/2946 3813/4801/3892
f 3808/3727/3235 3811/3726/3234 3807/3285/2946
f 3810/3283/2944 3812/4800/3891 3809/4799/3890
f 3813/4801/3892 3807/3285/2946 3811/3726/3234 3814/3725/3233
f 3815/3288/2949 3809/4799/3890 3812/4800/3891 3816/4802/3893
f 3816/4802/3893 3812/4800/3891 3813/4801/3892 3817/4803/3894
f 3817/4803/3894 3813/4801/3892 3814/3725/3233 3818/3724/3232
f 3819/4804/3895 3816/4802/3893 3817/4803/3894 3820/4805/3896
f 3816/4802/3893 3819/4804/3895 3815/3288/2949
f 3820/4805/3896 3817/4803/3894 3818/3724/3232 3821/3723/3231
f 590/3225/2886 3820/4805/3896 3821/3723/3231 220/895/832
f 586/3287/2948 3806/4798/3889 587/3302/2963
f 586/3287/2948 3802/3286/2947 3806/4798/3889
f 591/3227/2888 3819/4804/3895 3820/4805/3896 590/3225/2886
f 88/3289/2950 3815/3288/2949 3819/4804/3895 591/3227/2888
f 625/3290/2951 624/3966/3424 3809/4799/3890 3815/3288/2949
f 624/3966/3424 623/3965/3423 3803/4795/3886 3809/4799/3890
f 623/3965/3423 87/3964/3422 589/4796/3887 3803/4795/3886
f 3826/3293/2954 3825/3297/2958 3822/4806/3897 3823/3291/2952
f 3830/3694/3214 3829/4807/3898 3827/3292/2953 3828/3295/2956
f 3823/3291/2952 3824/3294/2955 3827/3292/2953
f 3824/3294/2955 1578/3300/2961 3828/3295/2956
f 3826/3293/2954 3827/3292/2953 3829/4807/3898
f 3831/3296/2957 3826/3293/2954 3829/4807/3898 3832/4808/3899
f 3832/4808/3899 3829/4807/3898 3830/3694/3214 3833/3695/3215
f 3835/4809/3900 3831/4810/2957 3832/4811/3899 3836/3303/2964
f 3831/4810/2957 3835/4809/3900 3834/4812/3901
f 3836/3303/2964 3832/4811/3899 3833/3697/3215 3837/3696/3216
f 3822/4806/3897 626/3978/3433 930/3979/3434 3632/4713/3807
f 3837/3696/3216 586/3287/2948 3836/3303/2964
f 3837/3696/3216 219/697/654 586/3287/2948
f 3823/3291/2952 3822/4806/3897 3632/4713/3807 3633/4712/3806
f 588/4797/3888 3835/4809/3900 3836/3303/2964 587/3302/2963
f 3633/4712/3806 3634/3298/2959 3823/3291/2952
f 3634/3298/2959 3635/3299/2960 3824/3294/2955
f 3635/3299/2960 1553/3301/2962 1578/3300/2961
f 589/4796/3887 3834/4812/3901 3835/4809/3900 588/4797/3888
f 87/3964/3422 629/3981/3436 3834/4812/3901 589/4796/3887
f 629/3981/3436 628/3976/3428 3831/4810/2957 3834/4812/3901
f 3831/3296/2957 628/3970/3428 627/3980/3435 3825/3297/2958
f 3825/3297/2958 627/3980/3435 626/3978/3433 3822/4806/3897
f 3839/3152/2818 1021/3146/2812 1020/3140/2806 1019/3141/2807
f 1019/3141/2807 3614/1928/1789 3838/3145/2811
f 630/3311/2970 956/3320/2979 955/4703/3798 3841/3309/2968
f 3839/3152/2818 3838/3145/2811 1501/3153/2819
f 3840/1195/1127 1021/3146/2812 1500/3304/2965
f 3838/3145/2811 1546/638/601 1579/640/602
f 3841/3309/2968 955/4703/3798 954/3308/2967 3842/3307/2966
f 632/1206/1138 631/3983/3438 3847/3314/2973 3849/3318/2977
f 3842/3307/2966 3843/3312/2971 3841/3309/2968
f 3841/3309/2968 3845/3313/2972 3844/3310/2969
f 3843/3312/2971 3846/634/597 3845/3313/2972
f 3844/3310/2969 3847/3314/2973 631/3983/3438
f 3845/3313/2972 3848/3315/2974 3847/3314/2973
f 3849/3318/2977 3847/3314/2973 3848/3315/2974 3850/3316/2975
f 3842/3307/2966 953/3151/2817 1580/615/582 1581/3686/3211
f 3843/3312/2971 3842/3307/2966 1581/3686/3211 1582/621/586
f 3850/3316/2975 3848/3315/2974 1583/633/596 1584/632/595
f 3846/634/597 1583/633/596 3848/3315/2974
f 3851/4813/3902 891/4725/3817 890/4727/3818 3852/4814/3903
f 3850/3316/2975 218/1288/1213 576/3317/2976
f 3849/3318/2977 576/3317/2976 577/3319/2978
f 632/1206/1138 577/3319/2978 84/1207/1139
f 630/3311/2970 3844/3310/2969 631/3983/3438
f 3852/4814/3903 890/4727/3818 889/3195/2857 3853/4815/3904
f 3853/4815/3904 889/3195/2857 888/3193/2856 3854/3323/2982
f 3854/3323/2982 888/3193/2856 887/3191/2854 1585/3321/2980
f 3855/4816/3905 3851/4813/3902 3852/4814/3903 3856/4817/3906
f 3856/4817/3906 3852/4814/3903 3853/4815/3904 3857/3326/2985
f 3858/3324/2983 3853/4815/3904 3854/3323/2982 3859/3322/2981
f 3853/4815/3904 3858/3324/2983 3857/3326/2985
f 573/4769/3860 3855/4816/3905 3856/4817/3906 572/4770/3861
f 3859/3322/2981 3860/3667/3202 3858/3324/2983
f 572/4770/3861 3856/4817/3906 3857/3326/2985 3861/3325/2984
f 3861/3325/2984 3858/3324/2983 3860/3667/3202 3862/3668/3203
f 571/4771/3862 3861/3325/2984 3862/3668/3203 217/3677/3208
f 223/1631/1526 1906/574/545 887/3191/2854
f 82/1228/1160 634/1226/1158 3855/4816/3905 573/4769/3860
f 3861/3325/2984 571/4771/3862 572/4770/3861
f 634/1226/1158 633/1223/1155 3851/4813/3902 3855/4816/3905
f 633/1223/1155 122/3990/3443 891/4725/3817 3851/4813/3902
f 3868/4818/3907 3867/4819/3908 3864/4820/3909 3865/4821/3910
f 3863/3332/2991 3864/4820/3909 3867/4819/3908
f 3869/3665/3200 3868/4818/3907 3865/4821/3910 3866/3652/3192
f 3871/4822/3911 3870/4823/3912 3863/3332/2991 3867/4819/3908
f 3872/4824/3913 3871/4822/3911 3867/4819/3908 3868/4818/3907
f 3873/3664/3199 3872/4824/3913 3868/4818/3907 3869/3665/3200
f 3875/3330/2989 3874/3327/2986 3871/4822/3911 3872/4824/3913
f 3870/4823/3912 3871/4822/3911 3874/3327/2986
f 3876/3663/3198 3875/3330/2989 3872/4824/3913 3873/3664/3199
f 3878/3329/2988 3877/4825/3914 3870/4823/3912 3874/3327/2986
f 3882/3334/2993 3881/4826/3915 3875/3330/2989 3880/3662/3197
f 3875/3330/2989 3876/3663/3198 3880/3662/3197
f 3879/3328/2987 3875/3330/2989 3881/4826/3915
f 569/4724/3816 570/4721/3815 3877/4825/3914 3878/3329/2988
f 568/3188/2851 569/4724/3816 3878/3329/2988 3879/3328/2987
f 3864/4820/3909 3863/3332/2991 80/3331/2990 1496/4794/3885
f 3879/3328/2987 3881/4826/3915 568/3188/2851
f 3865/4821/3910 3864/4820/3909 1496/4794/3885 1497/4793/3884
f 3866/3652/3192 3865/4821/3910 1497/4793/3884 1498/3653/3193
f 570/4721/3815 81/4004/3457 637/4003/3456 3877/4825/3914
f 3881/4826/3915 3882/3334/2993 567/3189/2852
f 568/3188/2851 3881/4826/3915 567/3189/2852
f 3877/4825/3914 637/4003/3456 636/4002/3455 3870/4823/3912
f 3870/4823/3912 636/4002/3455 635/3333/2992 3863/3332/2991
f 3885/3336/2995 3884/4827/3916 3647/4715/3809 3648/3173/2836
f 3888/4828/3917 3887/4829/2799 3883/3339/2998 3884/4827/3916
f 3648/3173/2836 224/3172/2835 3885/3336/2995
f 3889/3337/2996 3888/4828/3917 3884/4827/3916 3885/3336/2995
f 3884/4827/3916 3883/3339/2998 864/3338/2997 3647/4715/3809
f 3886/3335/2994 1492/3340/2800 3889/3337/2996
f 1490/3128/2795 3888/4830/3917 3889/3341/2996 1491/3126/2793
f 3886/3335/2994 1586/526/501 1587/528/502
f 1587/528/502 210/3634/1803 1492/3340/2800
f 3887/4829/2799 639/1246/1178 638/1245/1177 3883/3339/2998
f 3888/4830/3917 1490/3128/2795 3887/3132/2799
f 3892/3343/3000 3891/3344/3001 3610/3131/2798 3893/3342/2999
f 3607/3127/2794 3891/3344/3001 3890/3346/3003
f 640/1258/1188 982/1889/1753 3608/3129/2796 3890/3346/3003
f 3891/3344/3001 559/3256/2917 3890/3346/3003
f 1026/515/491 3894/3345/3002 3893/3342/2999
f 3893/3342/2999 557/3253/2914 3892/3343/3000
f 3894/3345/3002 1026/515/491 1588/512/488 1589/514/490
f 3898/4831/3918 3895/4832/3919 3896/4833/3920 3899/4834/3921
f 1589/514/490 1523/513/489 3894/3345/3002
f 3892/3343/3000 558/3254/2915 559/3256/2917
f 3890/3346/3003 560/3261/2922 640/1258/1188
f 3899/4834/3921 3896/4833/3920 3897/3348/3005 3900/3347/3004
f 3901/3356/3013 3898/4831/3918 3899/4834/3921 3902/4835/3922
f 3902/4835/3922 3899/4834/3921 3900/3347/3004 3903/1291/1216
f 3905/3353/3010 3901/3356/3013 3902/4835/3922 3906/3351/3008
f 3903/1291/1216 3904/4836/3923 3902/4835/3922
f 3903/1291/1216 1595/1290/1215 3904/4836/3923
f 3906/3351/3008 3902/4835/3922 3904/4836/3923 3907/3349/3006
f 3907/3349/3006 3904/4836/3923 1595/1290/1215 1596/1297/1222
f 680/3926/3384 84/1207/1139 577/3319/2978 3895/4832/3919
f 3905/3353/3010 1591/3352/3009 1590/3369/3026
f 3907/3349/3006 1593/3354/3011 3908/3350/3007
f 3895/4832/3919 577/3319/2978 576/3317/2976 3896/4833/3920
f 3896/4833/3920 576/3317/2976 218/1288/1213 3897/3348/3005
f 681/3357/3014 680/3926/3384 3895/4832/3919 3898/4831/3918
f 218/1288/1213 1594/1275/1203 3897/3348/3005
f 1596/1297/1222 2334/1298/1223 1593/3354/3011
f 2334/1298/1223 225/3366/3023 1593/3354/3011
f 3908/3350/3007 1592/3355/3012 1591/3352/3009
f 3905/3353/3010 1590/3369/3026 93/1106/1040
f 3901/3356/3013 3905/3353/3010 682/1112/1046
f 3898/4831/3918 3901/3356/3013 681/3357/3014
f 3913/3361/3018 3912/3367/3024 1590/3369/3026 3909/3360/3017
f 3909/3360/3017 1592/3355/3012 3911/3359/3016
f 3918/4837/3924 3917/4838/3925 3915/3363/3020 3914/3362/3019
f 3911/3359/3016 3910/3358/3015 1598/1343/1267
f 3913/3361/3018 3911/3359/3016 3914/3362/3019
f 3912/3367/3024 3913/3361/3018 3915/3363/3020
f 3914/3362/3019 1598/1343/1267 3916/1354/1275
f 3919/3364/3021 3918/4837/3924 3914/3362/3019 3916/1354/1275
f 3921/4839/3926 3920/4840/3927 3917/4838/3925 3918/4837/3924
f 3922/3365/3022 3921/4839/3926 3918/4837/3924 3919/3364/3021
f 1495/1352/1273 1494/3177/2840 3921/4839/3926 3922/3365/3022
f 1590/3369/3026 1591/3352/3009 3909/3360/3017
f 1592/3355/3012 1593/3354/3011 3910/3358/3015
f 3910/3358/3015 225/3366/3023 1597/1341/1265
f 3922/3365/3022 1599/1340/1264 1495/1352/1273
f 1494/3177/2840 1493/3174/2837 3920/4840/3927 3921/4839/3926
f 1493/3174/2837 79/3921/3379 734/3919/3377 3920/4840/3927
f 3920/4840/3927 734/3919/3377 733/3918/3376 3917/4838/3925
f 3917/4838/3925 733/3918/3376 2198/3368/3025 3915/3363/3020
s 0
f 5/3384/3928 7/3383/3928 4/4841/3928 2/4842/3928
s 1
f 2198/3368/3025 3912/3367/3024 3915/3363/3020
f 732/1107/1041 1590/3369/3026 3912/3367/3024
s 0
f 3422/4843/3929 3426/4844/3929 3430/4845/3929 1756/4846/3929 16/4847/3929 3926/4848/3929
f 19/4849/3930 18/4850/3930 20/4851/3930 21/4852/3930
f 15/4853/3931 1836/4854/3931 3406/4855/3931 3403/4856/3931 3398/4857/3931 3396/4858/3931
f 1249/4859/3932 1838/4860/3932 1836/4854/3932 15/4853/3932 18/4861/3932 19/4862/3932 16/4847/3932 1756/4846/3932 1251/4863/3932 3070/4864/3932 3076/4865/3932
f 21/4852/3933 20/4851/3933 23/4866/3933 25/4867/3933
f 25/4867/3934 23/4866/3934 26/4868/3934 27/4869/3934
f 27/4869/3935 26/4868/3935 28/4870/3935 29/4871/3935
f 16/4872/3936 19/4873/3936 21/4874/3936 25/4875/3936 27/4876/3936 29/4877/3936 32/4878/3936 4/4879/3936 7/4880/3936 3927/4881/3936 3456/4882/3936 3457/4883/3936 3458/4884/3936 1266/4885/3936 3926/4886/3936
f 29/4887/3937 28/4888/3937 31/4889/3937 32/4890/3937
f 32/4890/3938 31/4889/3938 2/4842/3938 4/4841/3938
f 1361/4891/3939 5/4892/3939 2/4893/3939 31/4894/3939 28/4895/3939 26/4896/3939 23/4897/3939 20/4898/3939 18/4899/3939 15/4900/3939 3396/4901/3939 1350/4902/3939 3285/4903/3939 3286/4904/3939 3287/4905/3939
s 1
f 3929/4906/3940 3941/4907/3941 3945/4908/3942 3933/4909/3943
f 3933/4910/3943 3945/4911/3942 3944/4912/3944 3932/4913/3945
f 3932/4913/3945 3944/4912/3944 3943/4914/3946 3931/4915/3947
f 3931/4915/3947 3943/4914/3946 3942/4916/3948 3930/4917/3949
f 3930/4917/3949 3942/4916/3948 3940/4918/3950 3928/4919/3951
f 3947/4920/3952 3935/4921/3953 3939/4922/3954 3951/4923/3955
f 3951/4924/3955 3939/4925/3954 3938/4926/3956 3950/4927/3957
f 3950/4927/3957 3938/4926/3956 3937/4928/3958 3949/4929/3959
f 3949/4929/3959 3937/4928/3958 3936/4930/3960 3948/4931/3961
f 3948/4931/3961 3936/4930/3960 3934/4932/3962 3946/4933/3963
f 3941/4907/3941 3953/4934/3964 3957/4935/3965 3945/4908/3942
f 3945/4911/3942 3957/4936/3965 3956/4937/3966 3944/4912/3944
f 3944/4912/3944 3956/4937/3966 3955/4938/3967 3943/4914/3946
f 3943/4914/3946 3955/4938/3967 3954/4939/3968 3942/4916/3948
f 3942/4916/3948 3954/4939/3968 3952/4940/3969 3940/4918/3950
f 3959/4941/3970 3947/4920/3952 3951/4923/3955 3963/4942/3971
f 3963/4943/3971 3951/4924/3955 3950/4927/3957 3962/4944/3972
f 3962/4944/3972 3950/4927/3957 3949/4929/3959 3961/4945/3973
f 3961/4945/3973 3949/4929/3959 3948/4931/3961 3960/4946/3974
f 3960/4946/3974 3948/4931/3961 3946/4933/3963 3958/4947/3975
f 3953/4948/3964 3965/4949/3976 3969/4950/3977 3957/4951/3965
f 3957/4936/3965 3969/4952/3977 3968/4953/3978 3956/4937/3966
f 3956/4937/3966 3968/4953/3978 3967/4954/3979 3955/4938/3967
f 3955/4938/3967 3967/4954/3979 3966/4955/3980 3954/4939/3968
f 3954/4939/3968 3966/4955/3980 3964/4956/3981 3952/4940/3969
f 3971/4957/3982 3959/4958/3970 3963/4959/3971 3975/4960/3983
f 3975/4961/3983 3963/4943/3971 3962/4944/3972 3974/4962/3984
f 3974/4962/3984 3962/4944/3972 3961/4945/3973 3973/4963/3985
f 3973/4963/3985 3961/4945/3973 3960/4946/3974 3972/4964/3986
f 3972/4964/3986 3960/4946/3974 3958/4947/3975 3970/4965/3987
f 3965/4949/3976 3977/4966/3988 3981/4967/3989 3969/4950/3977
f 3969/4952/3977 3981/4968/3989 3980/4969/3990 3968/4953/3978
f 3968/4953/3978 3980/4969/3990 3979/4970/3991 3967/4954/3979
f 3967/4954/3979 3979/4970/3991 3978/4971/3992 3966/4955/3980
f 3966/4955/3980 3978/4971/3992 3976/4972/3993 3964/4956/3981
f 3983/4973/3994 3971/4957/3982 3975/4960/3983 3987/4974/3995
f 3987/4975/3995 3975/4961/3983 3974/4962/3984 3986/4976/3996
f 3986/4976/3996 3974/4962/3984 3973/4963/3985 3985/4977/3997
f 3985/4977/3997 3973/4963/3985 3972/4964/3986 3984/4978/3998
f 3984/4978/3998 3972/4964/3986 3970/4965/3987 3982/4979/3999
f 3977/4966/3988 3989/4980/4000 3993/4981/4001 3981/4967/3989
f 3981/4968/3989 3993/4982/4001 3992/4983/4002 3980/4969/3990
f 3980/4969/3990 3992/4983/4002 3991/4984/4003 3979/4970/3991
f 3979/4970/3991 3991/4984/4003 3990/4985/4004 3978/4971/3992
f 3978/4971/3992 3990/4985/4004 3988/4986/4005 3976/4972/3993
f 3995/4987/4006 3983/4973/3994 3987/4974/3995 3999/4988/4007
f 3999/4989/4007 3987/4975/3995 3986/4976/3996 3998/4990/4008
f 3998/4990/4008 3986/4976/3996 3985/4977/3997 3997/4991/4009
f 3997/4991/4009 3985/4977/3997 3984/4978/3998 3996/4992/4010
f 3996/4992/4010 3984/4978/3998 3982/4979/3999 3994/4993/4011
f 3989/4980/4000 4001/4994/4012 4005/4995/4013 3993/4981/4001
f 3993/4982/4001 4005/4996/4013 4004/4997/4014 3992/4983/4002
f 3992/4983/4002 4004/4997/4014 4003/4998/4015 3991/4984/4003
f 3991/4984/4003 4003/4998/4015 4002/4999/4016 3990/4985/4004
f 3990/4985/4004 4002/4999/4016 4000/5000/4017 3988/4986/4005
f 4007/5001/4018 3995/4987/4006 3999/4988/4007 4011/5002/4019
f 4011/5003/4019 3999/4989/4007 3998/4990/4008 4010/5004/4020
f 4010/5004/4020 3998/4990/4008 3997/4991/4009 4009/5005/4021
f 4009/5005/4021 3997/4991/4009 3996/4992/4010 4008/5006/4022
f 4008/5006/4022 3996/4992/4010 3994/4993/4011 4006/5007/4023
f 4001/5008/4012 4013/5009/4024 4017/5010/4025 4005/5011/4013
f 4005/4996/4013 4017/5012/4025 4016/5013/4026 4004/4997/4014
f 4004/4997/4014 4016/5013/4026 4015/5014/4027 4003/4998/4015
f 4003/4998/4015 4015/5014/4027 4014/5015/4028 4002/4999/4016
f 4002/4999/4016 4014/5015/4028 4012/5016/4029 4000/5000/4017
f 4019/5017/4030 4007/5018/4018 4011/5019/4019 4023/5020/4031
f 4023/5021/4031 4011/5003/4019 4010/5004/4020 4022/5022/4032
f 4022/5022/4032 4010/5004/4020 4009/5005/4021 4021/5023/4033
f 4021/5023/4033 4009/5005/4021 4008/5006/4022 4020/5024/4034
f 4020/5024/4034 4008/5006/4022 4006/5007/4023 4018/5025/4035
f 4013/5009/4024 4025/5026/4036 4029/5027/4037 4017/5010/4025
f 4017/5012/4025 4029/5028/4037 4028/5029/4038 4016/5013/4026
f 4016/5013/4026 4028/5029/4038 4027/5030/4039 4015/5014/4027
f 4015/5014/4027 4027/5030/4039 4026/5031/4040 4014/5015/4028
f 4014/5015/4028 4026/5031/4040 4024/5032/4041 4012/5016/4029
f 4031/5033/4042 4019/5017/4030 4023/5020/4031 4035/5034/4043
f 4035/5035/4043 4023/5021/4031 4022/5022/4032 4034/5036/4044
f 4034/5036/4044 4022/5022/4032 4021/5023/4033 4033/5037/4045
f 4033/5037/4045 4021/5023/4033 4020/5024/4034 4032/5038/4046
f 4032/5038/4046 4020/5024/4034 4018/5025/4035 4030/5039/4047
f 4025/5026/4036 4037/5040/4048 4041/5041/4049 4029/5027/4037
f 4029/5028/4037 4041/5042/4049 4040/5043/4050 4028/5029/4038
f 4028/5029/4038 4040/5043/4050 4039/5044/4051 4027/5030/4039
f 4027/5030/4039 4039/5044/4051 4038/5045/4052 4026/5031/4040
f 4026/5031/4040 4038/5045/4052 4036/5046/4053 4024/5032/4041
f 4043/5047/4054 4031/5033/4042 4035/5034/4043 4047/5048/4055
f 4047/5049/4055 4035/5035/4043 4034/5036/4044 4046/5050/4056
f 4046/5050/4056 4034/5036/4044 4033/5037/4045 4045/5051/4057
f 4045/5051/4057 4033/5037/4045 4032/5038/4046 4044/5052/4058
f 4044/5052/4058 4032/5038/4046 4030/5039/4047 4042/5053/4059
f 4037/5040/4048 4049/5054/4060 4053/5055/4061 4041/5041/4049
f 4041/5042/4049 4053/5056/4061 4052/5057/4062 4040/5043/4050
f 4040/5043/4050 4052/5057/4062 4051/5058/4063 4039/5044/4051
f 4039/5044/4051 4051/5058/4063 4050/5059/4064 4038/5045/4052
f 4038/5045/4052 4050/5059/4064 4048/5060/4065 4036/5046/4053
f 4055/5061/4066 4043/5047/4054 4047/5048/4055 4059/5062/4067
f 4059/5063/4067 4047/5049/4055 4046/5050/4056 4058/5064/4068
f 4058/5064/4068 4046/5050/4056 4045/5051/4057 4057/5065/4069
f 4057/5065/4069 4045/5051/4057 4044/5052/4058 4056/5066/4070
f 4056/5066/4070 4044/5052/4058 4042/5053/4059 4054/5067/4071
f 4049/5068/4060 4061/5069/4072 4065/5070/4073 4053/5071/4061
f 4053/5056/4061 4065/5072/4073 4064/5073/4074 4052/5057/4062
f 4052/5057/4062 4064/5073/4074 4063/5074/4075 4051/5058/4063
f 4051/5058/4063 4063/5074/4075 4062/5075/4076 4050/5059/4064
f 4050/5059/4064 4062/5075/4076 4060/5076/4077 4048/5060/4065
f 4067/5077/4078 4055/5078/4066 4059/5079/4067 4071/5080/4079
f 4071/5081/4079 4059/5063/4067 4058/5064/4068 4070/5082/4080
f 4070/5082/4080 4058/5064/4068 4057/5065/4069 4069/5083/4081
f 4069/5083/4081 4057/5065/4069 4056/5066/4070 4068/5084/4082
f 4068/5084/4082 4056/5066/4070 4054/5067/4071 4066/5085/4083
f 4061/5069/4072 4073/5086/4084 4077/5087/4085 4065/5070/4073
f 4065/5072/4073 4077/5088/4085 4076/5089/4086 4064/5073/4074
f 4064/5073/4074 4076/5089/4086 4075/5090/4087 4063/5074/4075
f 4063/5074/4075 4075/5090/4087 4074/5091/4088 4062/5075/4076
f 4062/5075/4076 4074/5091/4088 4072/5092/4089 4060/5076/4077
f 4079/5093/4090 4067/5077/4078 4071/5080/4079 4083/5094/4091
f 4083/5095/4091 4071/5081/4079 4070/5082/4080 4082/5096/4092
f 4082/5096/4092 4070/5082/4080 4069/5083/4081 4081/5097/4093
f 4081/5097/4093 4069/5083/4081 4068/5084/4082 4080/5098/4094
f 4080/5098/4094 4068/5084/4082 4066/5085/4083 4078/5099/4095
f 4073/5086/4084 4085/5100/4096 4089/5101/4097 4077/5087/4085
f 4077/5088/4085 4089/5102/4097 4088/5103/4098 4076/5089/4086
f 4076/5089/4086 4088/5103/4098 4087/5104/4099 4075/5090/4087
f 4075/5090/4087 4087/5104/4099 4086/5105/4100 4074/5091/4088
f 4074/5091/4088 4086/5105/4100 4084/5106/4101 4072/5092/4089
f 4091/5107/4102 4079/5093/4090 4083/5094/4091 4095/5108/4103
f 4095/5109/4103 4083/5095/4091 4082/5096/4092 4094/5110/4104
f 4094/5110/4104 4082/5096/4092 4081/5097/4093 4093/5111/4105
f 4093/5111/4105 4081/5097/4093 4080/5098/4094 4092/5112/4106
f 4092/5112/4106 4080/5098/4094 4078/5099/4095 4090/5113/4107
f 4085/5100/4096 4097/5114/4108 4101/5115/4109 4089/5101/4097
f 4089/5102/4097 4101/5116/4109 4100/5117/4110 4088/5103/4098
f 4088/5103/4098 4100/5117/4110 4099/5118/4111 4087/5104/4099
f 4087/5104/4099 4099/5118/4111 4098/5119/4112 4086/5105/4100
f 4086/5105/4100 4098/5119/4112 4096/5120/4113 4084/5106/4101
f 4103/5121/4114 4091/5107/4102 4095/5108/4103 4107/5122/4115
f 4107/5123/4115 4095/5109/4103 4094/5110/4104 4106/5124/4116
f 4106/5124/4116 4094/5110/4104 4093/5111/4105 4105/5125/4117
f 4105/5125/4117 4093/5111/4105 4092/5112/4106 4104/5126/4118
f 4104/5126/4118 4092/5112/4106 4090/5113/4107 4102/5127/4119
f 4097/5128/4108 4109/5129/4120 4113/5130/4121 4101/5131/4109
f 4101/5116/4109 4113/5132/4121 4112/5133/4122 4100/5117/4110
f 4100/5117/4110 4112/5133/4122 4111/5134/4123 4099/5118/4111
f 4099/5118/4111 4111/5134/4123 4110/5135/4124 4098/5119/4112
f 4098/5119/4112 4110/5135/4124 4108/5136/4125 4096/5120/4113
f 4115/5137/4126 4103/5138/4114 4107/5139/4115 4119/5140/4127
f 4119/5141/4127 4107/5123/4115 4106/5124/4116 4118/5142/4128
f 4118/5142/4128 4106/5124/4116 4105/5125/4117 4117/5143/4129
f 4117/5143/4129 4105/5125/4117 4104/5126/4118 4116/5144/4130
f 4116/5144/4130 4104/5126/4118 4102/5127/4119 4114/5145/4131
f 4109/5129/4120 3929/4906/3940 3933/4909/3943 4113/5130/4121
f 4113/5130/4121 3933/4909/3943 3932/5146/3945 4112/5147/4122
f 4112/5133/4122 3932/4913/3945 3931/4915/3947 4111/5134/4123
f 4111/5134/4123 3931/4915/3947 3930/4917/3949 4110/5135/4124
f 4110/5135/4124 3930/4917/3949 3928/4919/3951 4108/5136/4125
f 3935/4921/3953 4115/5137/4126 4119/5140/4127 3939/4922/3954
f 3939/4925/3954 4119/5141/4127 4118/5142/4128 3938/4926/3956
f 3938/4926/3956 4118/5142/4128 4117/5143/4129 3937/4928/3958
f 3937/4928/3958 4117/5143/4129 4116/5144/4130 3936/4930/3960
f 3936/4930/3960 4116/5144/4130 4114/5145/4131 3934/4932/3962
f 3928/4919/3951 3940/4918/3950 3952/4940/3969 3964/4956/3981 3976/4972/3993 3988/4986/4005 4000/5000/4017 4012/5016/4029 4024/5032/4041 4036/5046/4053 4048/5060/4065 4060/5076/4077 4072/5092/4089 4084/5106/4101 4096/5120/4113 4108/5136/4125
f 3929/4906/3940 3935/4921/3953 3947/4920/3952 3941/4907/3941
f 4109/5129/4120 4115/5137/4126 3935/4921/3953 3929/4906/3940
f 3946/4933/3963 3934/4932/3962 4114/5145/4131 4102/5127/4119 4090/5113/4107 4078/5099/4095 4066/5085/4083 4054/5067/4071 4042/5053/4059 4030/5039/4047 4018/5025/4035 4006/5007/4023 3994/4993/4011 3982/4979/3999 3970/4965/3987 3958/4947/3975
f 3941/4907/3941 3947/4920/3952 3959/4941/3970 3953/4934/3964
f 3953/4948/3964 3959/4958/3970 3971/4957/3982 3965/4949/3976
f 3965/4949/3976 3971/4957/3982 3983/4973/3994 3977/4966/3988
f 3977/4966/3988 3983/4973/3994 3995/4987/4006 3989/4980/4000
f 3989/4980/4000 3995/4987/4006 4007/5001/4018 4001/4994/4012
f 4001/5008/4012 4007/5018/4018 4019/5017/4030 4013/5009/4024
f 4013/5009/4024 4019/5017/4030 4031/5033/4042 4025/5026/4036
f 4025/5026/4036 4031/5033/4042 4043/5047/4054 4037/5040/4048
f 4037/5040/4048 4043/5047/4054 4055/5061/4066 4049/5054/4060
f 4049/5068/4060 4055/5078/4066 4067/5077/4078 4061/5069/4072
f 4061/5069/4072 4067/5077/4078 4079/5093/4090 4073/5086/4084
f 4073/5086/4084 4079/5093/4090 4091/5107/4102 4085/5100/4096
f 4085/5100/4096 4091/5107/4102 4103/5121/4114 4097/5114/4108
f 4097/5128/4108 4103/5138/4114 4115/5137/4126 4109/5129/4120
