# Blender 4.5.3 LTS
# www.blender.org
mtllib keyboard.mtl
o keyboard
v 0.082856 0.000000 0.197105
v 0.070427 0.000000 0.231888
v 0.082247 0.000000 0.207853
v 0.080482 0.000000 0.217550
v 0.077733 0.000000 0.225245
v 0.074268 0.000000 0.230186
v 0.070427 0.000000 -0.231888
v 0.082856 0.000000 -0.197105
v 0.074268 0.000000 -0.230186
v 0.077733 0.000000 -0.225245
v 0.080482 0.000000 -0.217550
v 0.082247 0.000000 -0.207853
v -0.070427 0.000000 0.231888
v -0.082856 0.000000 0.197105
v -0.074268 0.000000 0.230186
v -0.077733 0.000000 0.225245
v -0.080482 0.000000 0.217550
v -0.082247 0.000000 0.207853
v -0.082856 0.000000 -0.197105
v -0.070427 0.000000 -0.231888
v -0.082247 0.000000 -0.207853
v -0.080482 0.000000 -0.217550
v -0.077733 0.000000 -0.225245
v -0.074268 0.000000 -0.230186
v -0.082856 0.012740 0.197105
v -0.070427 0.012740 0.231888
v -0.082247 0.012740 0.207853
v -0.080482 0.012740 0.217550
v -0.077733 0.012740 0.225245
v -0.074268 0.012740 0.230186
v 0.070427 0.012740 0.231888
v 0.082856 0.012740 0.197105
v 0.074268 0.012740 0.230186
v 0.077733 0.012740 0.225245
v 0.080482 0.012740 0.217550
v 0.082247 0.012740 0.207853
v 0.082856 0.012740 -0.197105
v 0.070427 0.012740 -0.231888
v 0.082247 0.012740 -0.207853
v 0.080482 0.012740 -0.217550
v 0.077733 0.012740 -0.225245
v 0.074268 0.012740 -0.230186
v -0.070427 0.012740 -0.231888
v -0.082856 0.012740 -0.197105
v -0.074268 0.012740 -0.230186
v -0.077733 0.012740 -0.225245
v -0.080482 0.012740 -0.217550
v -0.082247 0.012740 -0.207853
v -0.031741 0.015919 0.205768
v -0.031741 0.001219 0.205768
v -0.016522 0.015919 0.205768
v -0.016522 0.001219 0.205768
v -0.031741 0.015919 0.220987
v -0.031741 0.001219 0.220987
v -0.016522 0.015919 0.220987
v -0.016522 0.001219 0.220987
v -0.031741 0.015919 0.185983
v -0.031741 0.001219 0.185983
v -0.016522 0.015919 0.185983
v -0.016522 0.001219 0.185983
v -0.031741 0.015919 0.201202
v -0.031741 0.001219 0.201202
v -0.016522 0.015919 0.201202
v -0.016522 0.001219 0.201202
v -0.031741 0.015919 0.166198
v -0.031741 0.001219 0.166198
v -0.016522 0.015919 0.166198
v -0.016522 0.001219 0.166198
v -0.031741 0.015919 0.181417
v -0.031741 0.001219 0.181417
v -0.016522 0.015919 0.181417
v -0.016522 0.001219 0.181417
v -0.031741 0.015919 0.146413
v -0.031741 0.001219 0.146413
v -0.016522 0.015919 0.146413
v -0.016522 0.001219 0.146413
v -0.031741 0.015919 0.161632
v -0.031741 0.001219 0.161632
v -0.016522 0.015919 0.161632
v -0.016522 0.001219 0.161632
v -0.031741 0.015919 0.126628
v -0.031741 0.001219 0.126628
v -0.016522 0.015919 0.126628
v -0.016522 0.001219 0.126628
v -0.031741 0.015919 0.141847
v -0.031741 0.001219 0.141847
v -0.016522 0.015919 0.141847
v -0.016522 0.001219 0.141847
v -0.031741 0.015919 0.106843
v -0.031741 0.001219 0.106843
v -0.016522 0.015919 0.106843
v -0.016522 0.001219 0.106843
v -0.031741 0.015919 0.122063
v -0.031741 0.001219 0.122063
v -0.016522 0.015919 0.122063
v -0.016522 0.001219 0.122063
v -0.031741 0.015919 0.087058
v -0.031741 0.001219 0.087058
v -0.016522 0.015919 0.087058
v -0.016522 0.001219 0.087058
v -0.031741 0.015919 0.102278
v -0.031741 0.001219 0.102278
v -0.016522 0.015919 0.102278
v -0.016522 0.001219 0.102278
v -0.031741 0.015919 0.067273
v -0.031741 0.001219 0.067273
v -0.016522 0.015919 0.067273
v -0.016522 0.001219 0.067273
v -0.031741 0.015919 0.082493
v -0.031741 0.001219 0.082493
v -0.016522 0.015919 0.082493
v -0.016522 0.001219 0.082493
v -0.031741 0.015919 0.047489
v -0.031741 0.001219 0.047489
v -0.016522 0.015919 0.047489
v -0.016522 0.001219 0.047489
v -0.031741 0.015919 0.062708
v -0.031741 0.001219 0.062708
v -0.016522 0.015919 0.062708
v -0.016522 0.001219 0.062708
v -0.031741 0.015919 0.027704
v -0.031741 0.001219 0.027704
v -0.016522 0.015919 0.027704
v -0.016522 0.001219 0.027704
v -0.031741 0.015919 0.042923
v -0.031741 0.001219 0.042923
v -0.016522 0.015919 0.042923
v -0.016522 0.001219 0.042923
v -0.031741 0.015919 0.007919
v -0.031741 0.001219 0.007919
v -0.016522 0.015919 0.007919
v -0.016522 0.001219 0.007919
v -0.031741 0.015919 0.023138
v -0.031741 0.001219 0.023138
v -0.016522 0.015919 0.023138
v -0.016522 0.001219 0.023138
v -0.031741 0.015919 -0.011866
v -0.031741 0.001219 -0.011866
v -0.016522 0.015919 -0.011866
v -0.016522 0.001219 -0.011866
v -0.031741 0.015919 0.003353
v -0.031741 0.001219 0.003353
v -0.016522 0.015919 0.003353
v -0.016522 0.001219 0.003353
v -0.031741 0.015919 -0.031651
v -0.031741 0.001219 -0.031651
v -0.016522 0.015919 -0.031651
v -0.016522 0.001219 -0.031651
v -0.031741 0.015919 -0.016432
v -0.031741 0.001219 -0.016432
v -0.016522 0.015919 -0.016432
v -0.016522 0.001219 -0.016432
v -0.011651 0.015919 0.180120
v -0.011651 0.001219 0.180120
v 0.003568 0.015919 0.180120
v 0.003568 0.001219 0.180120
v -0.011651 0.015919 0.195339
v -0.011651 0.001219 0.195339
v 0.003568 0.015919 0.195339
v 0.003568 0.001219 0.195339
v -0.011651 0.015919 0.160335
v -0.011651 0.001219 0.160335
v 0.003568 0.015919 0.160335
v 0.003568 0.001219 0.160335
v -0.011651 0.015919 0.175554
v -0.011651 0.001219 0.175554
v 0.003568 0.015919 0.175554
v 0.003568 0.001219 0.175554
v -0.011651 0.015919 0.140550
v -0.011651 0.001219 0.140550
v 0.003568 0.015919 0.140550
v 0.003568 0.001219 0.140550
v -0.011651 0.015919 0.155769
v -0.011651 0.001219 0.155769
v 0.003568 0.015919 0.155769
v 0.003568 0.001219 0.155769
v -0.011651 0.015919 0.120765
v -0.011651 0.001219 0.120765
v 0.003568 0.015919 0.120765
v 0.003568 0.001219 0.120765
v -0.011651 0.015919 0.135984
v -0.011651 0.001219 0.135984
v 0.003568 0.015919 0.135984
v 0.003568 0.001219 0.135984
v -0.011651 0.015919 0.100980
v -0.011651 0.001219 0.100980
v 0.003568 0.015919 0.100980
v 0.003568 0.001219 0.100980
v -0.011651 0.015919 0.116199
v -0.011651 0.001219 0.116199
v 0.003568 0.015919 0.116199
v 0.003568 0.001219 0.116199
v -0.011651 0.015919 0.081195
v -0.011651 0.001219 0.081195
v 0.003568 0.015919 0.081195
v 0.003568 0.001219 0.081195
v -0.011651 0.015919 0.096414
v -0.011651 0.001219 0.096414
v 0.003568 0.015919 0.096414
v 0.003568 0.001219 0.096414
v -0.011651 0.015919 0.061410
v -0.011651 0.001219 0.061410
v 0.003568 0.015919 0.061410
v 0.003568 0.001219 0.061410
v -0.011651 0.015919 0.076629
v -0.011651 0.001219 0.076629
v 0.003568 0.015919 0.076629
v 0.003568 0.001219 0.076629
v -0.011651 0.015919 0.041625
v -0.011651 0.001219 0.041625
v 0.003568 0.015919 0.041625
v 0.003568 0.001219 0.041625
v -0.011651 0.015919 0.056844
v -0.011651 0.001219 0.056844
v 0.003568 0.015919 0.056844
v 0.003568 0.001219 0.056844
v -0.011651 0.015919 0.021840
v -0.011651 0.001219 0.021840
v 0.003568 0.015919 0.021840
v 0.003568 0.001219 0.021840
v -0.011651 0.015919 0.037059
v -0.011651 0.001219 0.037059
v 0.003568 0.015919 0.037059
v 0.003568 0.001219 0.037059
v -0.011651 0.015919 0.002055
v -0.011651 0.001219 0.002055
v 0.003568 0.015919 0.002055
v 0.003568 0.001219 0.002055
v -0.011651 0.015919 0.017274
v -0.011651 0.001219 0.017274
v 0.003568 0.015919 0.017274
v 0.003568 0.001219 0.017274
v -0.011651 0.015919 -0.017730
v -0.011651 0.001219 -0.017730
v 0.003568 0.015919 -0.017730
v 0.003568 0.001219 -0.017730
v -0.011651 0.015919 -0.002511
v -0.011651 0.001219 -0.002511
v 0.003568 0.015919 -0.002511
v 0.003568 0.001219 -0.002511
v -0.011651 0.015919 -0.037515
v -0.011651 0.001219 -0.037515
v 0.003568 0.015919 -0.037515
v 0.003568 0.001219 -0.037515
v -0.011651 0.015919 -0.022296
v -0.011651 0.001219 -0.022296
v 0.003568 0.015919 -0.022296
v 0.003568 0.001219 -0.022296
v 0.008439 0.015919 0.169774
v 0.008439 0.001219 0.169774
v 0.023658 0.015919 0.169774
v 0.023658 0.001219 0.169774
v 0.008439 0.015919 0.184993
v 0.008439 0.001219 0.184993
v 0.023658 0.015919 0.184993
v 0.023658 0.001219 0.184993
v 0.008439 0.015919 0.149989
v 0.008439 0.001219 0.149989
v 0.023658 0.015919 0.149989
v 0.023658 0.001219 0.149989
v 0.008439 0.015919 0.165208
v 0.008439 0.001219 0.165208
v 0.023658 0.015919 0.165208
v 0.023658 0.001219 0.165208
v 0.008439 0.015919 0.130204
v 0.008439 0.001219 0.130204
v 0.023658 0.015919 0.130204
v 0.023658 0.001219 0.130204
v 0.008439 0.015919 0.145423
v 0.008439 0.001219 0.145423
v 0.023658 0.015919 0.145423
v 0.023658 0.001219 0.145423
v 0.008439 0.015919 0.110419
v 0.008439 0.001219 0.110419
v 0.023658 0.015919 0.110419
v 0.023658 0.001219 0.110419
v 0.008439 0.015919 0.125638
v 0.008439 0.001219 0.125638
v 0.023658 0.015919 0.125638
v 0.023658 0.001219 0.125638
v 0.008439 0.015919 0.090634
v 0.008439 0.001219 0.090634
v 0.023658 0.015919 0.090634
v 0.023658 0.001219 0.090634
v 0.008439 0.015919 0.105853
v 0.008439 0.001219 0.105853
v 0.023658 0.015919 0.105853
v 0.023658 0.001219 0.105853
v 0.008439 0.015919 0.070849
v 0.008439 0.001219 0.070849
v 0.023658 0.015919 0.070849
v 0.023658 0.001219 0.070849
v 0.008439 0.015919 0.086069
v 0.008439 0.001219 0.086069
v 0.023658 0.015919 0.086069
v 0.023658 0.001219 0.086069
v 0.008439 0.015919 0.051064
v 0.008439 0.001219 0.051064
v 0.023658 0.015919 0.051064
v 0.023658 0.001219 0.051064
v 0.008439 0.015919 0.066284
v 0.008439 0.001219 0.066284
v 0.023658 0.015919 0.066284
v 0.023658 0.001219 0.066284
v 0.008439 0.015919 0.031279
v 0.008439 0.001219 0.031279
v 0.023658 0.015919 0.031279
v 0.023658 0.001219 0.031279
v 0.008439 0.015919 0.046499
v 0.008439 0.001219 0.046499
v 0.023658 0.015919 0.046499
v 0.023658 0.001219 0.046499
v 0.008439 0.015919 0.011495
v 0.008439 0.001219 0.011495
v 0.023658 0.015919 0.011495
v 0.023658 0.001219 0.011495
v 0.008439 0.015919 0.026714
v 0.008439 0.001219 0.026714
v 0.023658 0.015919 0.026714
v 0.023658 0.001219 0.026714
v 0.008439 0.015919 -0.008290
v 0.008439 0.001219 -0.008290
v 0.023658 0.015919 -0.008290
v 0.023658 0.001219 -0.008290
v 0.008439 0.015919 0.006929
v 0.008439 0.001219 0.006929
v 0.023658 0.015919 0.006929
v 0.023658 0.001219 0.006929
v 0.008439 0.015919 -0.028075
v 0.008439 0.001219 -0.028075
v 0.023658 0.015919 -0.028075
v 0.023658 0.001219 -0.028075
v 0.008439 0.015919 -0.012856
v 0.008439 0.001219 -0.012856
v 0.023658 0.015919 -0.012856
v 0.023658 0.001219 -0.012856
v 0.028529 0.015919 0.160973
v 0.028529 0.001219 0.160973
v 0.043748 0.015919 0.160973
v 0.043748 0.001219 0.160973
v 0.028529 0.015919 0.176192
v 0.028529 0.001219 0.176192
v 0.043748 0.015919 0.176192
v 0.043748 0.001219 0.176192
v 0.028529 0.015919 0.141188
v 0.028529 0.001219 0.141188
v 0.043748 0.015919 0.141188
v 0.043748 0.001219 0.141188
v 0.028529 0.015919 0.156407
v 0.028529 0.001219 0.156407
v 0.043748 0.015919 0.156407
v 0.043748 0.001219 0.156407
v 0.028529 0.015919 0.121403
v 0.028529 0.001219 0.121403
v 0.043748 0.015919 0.121403
v 0.043748 0.001219 0.121403
v 0.028529 0.015919 0.136622
v 0.028529 0.001219 0.136622
v 0.043748 0.015919 0.136622
v 0.043748 0.001219 0.136622
v 0.028529 0.015919 0.101618
v 0.028529 0.001219 0.101618
v 0.043748 0.015919 0.101618
v 0.043748 0.001219 0.101618
v 0.028529 0.015919 0.116837
v 0.028529 0.001219 0.116837
v 0.043748 0.015919 0.116837
v 0.043748 0.001219 0.116837
v 0.028529 0.015919 0.081833
v 0.028529 0.001219 0.081833
v 0.043748 0.015919 0.081833
v 0.043748 0.001219 0.081833
v 0.028529 0.015919 0.097053
v 0.028529 0.001219 0.097053
v 0.043748 0.015919 0.097053
v 0.043748 0.001219 0.097053
v 0.028529 0.015919 0.062048
v 0.028529 0.001219 0.062048
v 0.043748 0.015919 0.062048
v 0.043748 0.001219 0.062048
v 0.028529 0.015919 0.077268
v 0.028529 0.001219 0.077268
v 0.043748 0.015919 0.077268
v 0.043748 0.001219 0.077268
v 0.028529 0.015919 0.042263
v 0.028529 0.001219 0.042263
v 0.043748 0.015919 0.042263
v 0.043748 0.001219 0.042263
v 0.028529 0.015919 0.057483
v 0.028529 0.001219 0.057483
v 0.043748 0.015919 0.057483
v 0.043748 0.001219 0.057483
v 0.028529 0.015919 0.022479
v 0.028529 0.001219 0.022479
v 0.043748 0.015919 0.022479
v 0.043748 0.001219 0.022479
v 0.028529 0.015919 0.037698
v 0.028529 0.001219 0.037698
v 0.043748 0.015919 0.037698
v 0.043748 0.001219 0.037698
v 0.028529 0.015919 0.002694
v 0.028529 0.001219 0.002694
v 0.043748 0.015919 0.002694
v 0.043748 0.001219 0.002694
v 0.028529 0.015919 0.017913
v 0.028529 0.001219 0.017913
v 0.043748 0.015919 0.017913
v 0.043748 0.001219 0.017913
v 0.028529 0.015919 -0.017091
v 0.028529 0.001219 -0.017091
v 0.043748 0.015919 -0.017091
v 0.043748 0.001219 -0.017091
v 0.028529 0.015919 -0.001872
v 0.028529 0.001219 -0.001872
v 0.043748 0.015919 -0.001872
v 0.043748 0.001219 -0.001872
v -0.066041 0.015919 0.199841
v -0.066041 0.001219 0.199841
v -0.050822 0.015919 0.199841
v -0.050822 0.001219 0.199841
v -0.066041 0.015919 0.215060
v -0.066041 0.001219 0.215060
v -0.050822 0.015919 0.215060
v -0.050822 0.001219 0.215060
v -0.066041 0.015919 0.170385
v -0.066041 0.001219 0.170385
v -0.050822 0.015919 0.170385
v -0.050822 0.001219 0.170385
v -0.066041 0.015919 0.185604
v -0.066041 0.001219 0.185604
v -0.050822 0.015919 0.185604
v -0.050822 0.001219 0.185604
v -0.066041 0.015919 0.150600
v -0.066041 0.001219 0.150600
v -0.050822 0.015919 0.150600
v -0.050822 0.001219 0.150600
v -0.066041 0.015919 0.165819
v -0.066041 0.001219 0.165819
v -0.050822 0.015919 0.165819
v -0.050822 0.001219 0.165819
v -0.066041 0.015919 0.130815
v -0.066041 0.001219 0.130815
v -0.050822 0.015919 0.130815
v -0.050822 0.001219 0.130815
v -0.066041 0.015919 0.146034
v -0.066041 0.001219 0.146034
v -0.050822 0.015919 0.146034
v -0.050822 0.001219 0.146034
v -0.066041 0.015919 0.111030
v -0.066041 0.001219 0.111030
v -0.050822 0.015919 0.111030
v -0.050822 0.001219 0.111030
v -0.066041 0.015919 0.126249
v -0.066041 0.001219 0.126249
v -0.050822 0.015919 0.126249
v -0.050822 0.001219 0.126249
v -0.066041 0.015919 0.082735
v -0.066041 0.001219 0.082735
v -0.050822 0.015919 0.082735
v -0.050822 0.001219 0.082735
v -0.066041 0.015919 0.097954
v -0.066041 0.001219 0.097954
v -0.050822 0.015919 0.097954
v -0.050822 0.001219 0.097954
v -0.066041 0.015919 0.062950
v -0.066041 0.001219 0.062950
v -0.050822 0.015919 0.062950
v -0.050822 0.001219 0.062950
v -0.066041 0.015919 0.078169
v -0.066041 0.001219 0.078169
v -0.050822 0.015919 0.078169
v -0.050822 0.001219 0.078169
v -0.066041 0.015919 0.043165
v -0.066041 0.001219 0.043165
v -0.050822 0.015919 0.043165
v -0.050822 0.001219 0.043165
v -0.066041 0.015919 0.058384
v -0.066041 0.001219 0.058384
v -0.050822 0.015919 0.058384
v -0.050822 0.001219 0.058384
v -0.066041 0.015919 0.023380
v -0.066041 0.001219 0.023380
v -0.050822 0.015919 0.023380
v -0.050822 0.001219 0.023380
v -0.066041 0.015919 0.038599
v -0.066041 0.001219 0.038599
v -0.050822 0.015919 0.038599
v -0.050822 0.001219 0.038599
v -0.066041 0.015919 -0.005498
v -0.066041 0.001219 -0.005498
v -0.050822 0.015919 -0.005498
v -0.050822 0.001219 -0.005498
v -0.066041 0.015919 0.009721
v -0.066041 0.001219 0.009721
v -0.050822 0.015919 0.009721
v -0.050822 0.001219 0.009721
v -0.066041 0.015919 -0.025283
v -0.066041 0.001219 -0.025283
v -0.050822 0.015919 -0.025283
v -0.050822 0.001219 -0.025283
v -0.066041 0.015919 -0.010064
v -0.066041 0.001219 -0.010064
v -0.050822 0.015919 -0.010064
v -0.050822 0.001219 -0.010064
v -0.066041 0.015919 -0.045068
v -0.066041 0.001219 -0.045068
v -0.050822 0.015919 -0.045068
v -0.050822 0.001219 -0.045068
v -0.066041 0.015919 -0.029849
v -0.066041 0.001219 -0.029849
v -0.050822 0.015919 -0.029849
v -0.050822 0.001219 -0.029849
v -0.066041 0.015919 -0.064853
v -0.066041 0.001219 -0.064853
v -0.050822 0.015919 -0.064853
v -0.050822 0.001219 -0.064853
v -0.066041 0.015919 -0.049634
v -0.066041 0.001219 -0.049634
v -0.050822 0.015919 -0.049634
v -0.050822 0.001219 -0.049634
v -0.066041 0.015919 -0.093867
v -0.066041 0.001219 -0.093867
v -0.050822 0.015919 -0.093867
v -0.050822 0.001219 -0.093867
v -0.066041 0.015919 -0.078648
v -0.066041 0.001219 -0.078648
v -0.050822 0.015919 -0.078648
v -0.050822 0.001219 -0.078648
v -0.066041 0.015919 -0.113652
v -0.066041 0.001219 -0.113652
v -0.050822 0.015919 -0.113652
v -0.050822 0.001219 -0.113652
v -0.066041 0.015919 -0.098432
v -0.066041 0.001219 -0.098432
v -0.050822 0.015919 -0.098432
v -0.050822 0.001219 -0.098432
v -0.066041 0.015919 -0.133437
v -0.066041 0.001219 -0.133437
v -0.050822 0.015919 -0.133437
v -0.050822 0.001219 -0.133437
v -0.066041 0.015919 -0.118217
v -0.066041 0.001219 -0.118217
v -0.050822 0.015919 -0.118217
v -0.050822 0.001219 -0.118217
v -0.031741 0.015919 -0.093867
v -0.031741 0.001219 -0.093867
v -0.016522 0.015919 -0.093867
v -0.016522 0.001219 -0.093867
v -0.031741 0.015919 -0.078648
v -0.031741 0.001219 -0.078648
v -0.016522 0.015919 -0.078648
v -0.016522 0.001219 -0.078648
v -0.031741 0.015919 -0.113652
v -0.031741 0.001219 -0.113652
v -0.016522 0.015919 -0.113652
v -0.016522 0.001219 -0.113652
v -0.031741 0.015919 -0.098432
v -0.031741 0.001219 -0.098432
v -0.016522 0.015919 -0.098432
v -0.016522 0.001219 -0.098432
v -0.031741 0.015919 -0.133437
v -0.031741 0.001219 -0.133437
v -0.016522 0.015919 -0.133437
v -0.016522 0.001219 -0.133437
v -0.031741 0.015919 -0.118217
v -0.031741 0.001219 -0.118217
v -0.016522 0.015919 -0.118217
v -0.016522 0.001219 -0.118217
v -0.011651 0.015919 -0.093867
v -0.011651 0.001219 -0.093867
v 0.003568 0.015919 -0.093867
v 0.003568 0.001219 -0.093867
v -0.011651 0.015919 -0.078648
v -0.011651 0.001219 -0.078648
v 0.003568 0.015919 -0.078648
v 0.003568 0.001219 -0.078648
v -0.011651 0.015919 -0.113652
v -0.011651 0.001219 -0.113652
v 0.003568 0.015919 -0.113652
v 0.003568 0.001219 -0.113652
v -0.011651 0.015919 -0.098432
v -0.011651 0.001219 -0.098432
v 0.003568 0.015919 -0.098432
v 0.003568 0.001219 -0.098432
v -0.011651 0.015919 -0.133437
v -0.011651 0.001219 -0.133437
v 0.003568 0.015919 -0.133437
v 0.003568 0.001219 -0.133437
v -0.011651 0.015919 -0.118217
v -0.011651 0.001219 -0.118217
v 0.003568 0.015919 -0.118217
v 0.003568 0.001219 -0.118217
v -0.031741 0.015919 -0.161939
v -0.031741 0.001219 -0.161939
v -0.016522 0.015919 -0.161939
v -0.016522 0.001219 -0.161939
v -0.031741 0.015919 -0.146720
v -0.031741 0.001219 -0.146720
v -0.016522 0.015919 -0.146720
v -0.016522 0.001219 -0.146720
v -0.031741 0.015919 -0.181724
v -0.031741 0.001219 -0.181724
v -0.016522 0.015919 -0.181724
v -0.016522 0.001219 -0.181724
v -0.031741 0.015919 -0.166505
v -0.031741 0.001219 -0.166505
v -0.016522 0.015919 -0.166505
v -0.016522 0.001219 -0.166505
v -0.031741 0.015919 -0.201509
v -0.031741 0.001219 -0.201509
v -0.016522 0.015919 -0.201509
v -0.016522 0.001219 -0.201509
v -0.031741 0.015919 -0.186290
v -0.031741 0.001219 -0.186290
v -0.016522 0.015919 -0.186290
v -0.016522 0.001219 -0.186290
v -0.031741 0.015919 -0.221294
v -0.031741 0.001219 -0.221294
v -0.016522 0.015919 -0.221294
v -0.016522 0.001219 -0.221294
v -0.031741 0.015919 -0.206075
v -0.031741 0.001219 -0.206075
v -0.016522 0.015919 -0.206075
v -0.016522 0.001219 -0.206075
v -0.011651 0.015919 -0.161939
v -0.011651 0.001219 -0.161939
v 0.003568 0.015919 -0.161939
v 0.003568 0.001219 -0.161939
v -0.011651 0.015919 -0.146720
v -0.011651 0.001219 -0.146720
v 0.003568 0.015919 -0.146720
v 0.003568 0.001219 -0.146720
v -0.011651 0.015919 -0.181724
v -0.011651 0.001219 -0.181724
v 0.003568 0.015919 -0.181724
v 0.003568 0.001219 -0.181724
v -0.011651 0.015919 -0.166505
v -0.011651 0.001219 -0.166505
v 0.003568 0.015919 -0.166505
v 0.003568 0.001219 -0.166505
v -0.011651 0.015919 -0.201509
v -0.011651 0.001219 -0.201509
v 0.003568 0.015919 -0.201509
v 0.003568 0.001219 -0.201509
v -0.011651 0.015919 -0.186290
v -0.011651 0.001219 -0.186290
v 0.003568 0.015919 -0.186290
v 0.003568 0.001219 -0.186290
v 0.008439 0.015919 -0.161939
v 0.008439 0.001219 -0.161939
v 0.023658 0.015919 -0.161939
v 0.023658 0.001219 -0.161939
v 0.008439 0.015919 -0.146720
v 0.008439 0.001219 -0.146720
v 0.023658 0.015919 -0.146720
v 0.023658 0.001219 -0.146720
v 0.008439 0.015919 -0.181724
v 0.008439 0.001219 -0.181724
v 0.023658 0.015919 -0.181724
v 0.023658 0.001219 -0.181724
v 0.008439 0.015919 -0.166505
v 0.008439 0.001219 -0.166505
v 0.023658 0.015919 -0.166505
v 0.023658 0.001219 -0.166505
v 0.008439 0.015919 -0.201509
v 0.008439 0.001219 -0.201509
v 0.023658 0.015919 -0.201509
v 0.023658 0.001219 -0.201509
v 0.008439 0.015919 -0.186290
v 0.008439 0.001219 -0.186290
v 0.023658 0.015919 -0.186290
v 0.023658 0.001219 -0.186290
v 0.028529 0.015919 -0.161939
v 0.028529 0.001219 -0.161939
v 0.043748 0.015919 -0.161939
v 0.043748 0.001219 -0.161939
v 0.028529 0.015919 -0.146720
v 0.028529 0.001219 -0.146720
v 0.043748 0.015919 -0.146720
v 0.043748 0.001219 -0.146720
v 0.028529 0.015919 -0.181724
v 0.028529 0.001219 -0.181724
v 0.043748 0.015919 -0.181724
v 0.043748 0.001219 -0.181724
v 0.028529 0.015919 -0.166505
v 0.028529 0.001219 -0.166505
v 0.043748 0.015919 -0.166505
v 0.043748 0.001219 -0.166505
v 0.028529 0.015919 -0.201509
v 0.028529 0.001219 -0.201509
v 0.043748 0.015919 -0.201509
v 0.043748 0.001219 -0.201509
v 0.028529 0.015919 -0.186290
v 0.028529 0.001219 -0.186290
v 0.043748 0.015919 -0.186290
v 0.043748 0.001219 -0.186290
v 0.049005 0.015919 -0.201633
v 0.049005 0.001219 -0.201633
v 0.064224 0.015919 -0.201633
v 0.064224 0.001219 -0.201633
v 0.049005 0.015919 -0.186414
v 0.049005 0.001219 -0.186414
v 0.064224 0.015919 -0.186414
v 0.064224 0.001219 -0.186414
v -0.011444 0.015919 -0.221361
v -0.011444 0.001219 -0.221361
v 0.023514 0.015919 -0.221361
v 0.023514 0.001219 -0.221361
v -0.011444 0.015919 -0.206142
v -0.011444 0.001219 -0.206142
v 0.023514 0.015919 -0.206142
v 0.023514 0.001219 -0.206142
v 0.028968 0.015919 -0.221361
v 0.028968 0.001219 -0.221361
v 0.063927 0.015919 -0.221361
v 0.063927 0.001219 -0.221361
v 0.028968 0.015919 -0.206142
v 0.028968 0.001219 -0.206142
v 0.063927 0.015919 -0.206142
v 0.063927 0.001219 -0.206142
v 0.049005 0.015919 -0.146700
v 0.049005 0.001219 -0.146700
v 0.049005 0.015919 -0.181658
v 0.049005 0.001219 -0.181658
v 0.064224 0.015919 -0.146700
v 0.064224 0.001219 -0.146700
v 0.064224 0.015919 -0.181658
v 0.064224 0.001219 -0.181658
v -0.011651 0.015919 0.201564
v -0.011651 0.001219 0.201564
v 0.003568 0.015919 0.201564
v 0.003568 0.001219 0.201564
v -0.011651 0.015919 0.220521
v -0.011651 0.001219 0.220521
v 0.003568 0.015919 0.220521
v 0.003568 0.001219 0.220521
v 0.008439 0.015919 0.190338
v 0.008439 0.001219 0.190338
v 0.023658 0.015919 0.190338
v 0.023658 0.001219 0.190338
v 0.008439 0.015919 0.220521
v 0.008439 0.001219 0.220521
v 0.023658 0.015919 0.220521
v 0.023658 0.001219 0.220521
v 0.028529 0.015919 0.181657
v 0.028529 0.001219 0.181657
v 0.043748 0.015919 0.181657
v 0.043748 0.001219 0.181657
v 0.028529 0.015919 0.220521
v 0.028529 0.001219 0.220521
v 0.043748 0.015919 0.220521
v 0.043748 0.001219 0.220521
v 0.049005 0.015919 0.201564
v 0.049005 0.001219 0.201564
v 0.064224 0.015919 0.201564
v 0.064224 0.001219 0.201564
v 0.049005 0.015919 0.220521
v 0.049005 0.001219 0.220521
v 0.064224 0.015919 0.220521
v 0.064224 0.001219 0.220521
v 0.049005 0.015919 0.180240
v 0.049005 0.001219 0.180240
v 0.064224 0.015919 0.180240
v 0.064224 0.001219 0.180240
v 0.049005 0.015919 0.195506
v 0.049005 0.001219 0.195506
v 0.064224 0.015919 0.195506
v 0.064224 0.001219 0.195506
v 0.049005 0.015919 0.158866
v 0.049005 0.001219 0.158866
v 0.064224 0.015919 0.158866
v 0.064224 0.001219 0.158866
v 0.049005 0.015919 0.174132
v 0.049005 0.001219 0.174132
v 0.064224 0.015919 0.174132
v 0.064224 0.001219 0.174132
v 0.049005 0.015919 0.024525
v 0.049005 0.001219 0.024525
v 0.064224 0.015919 0.024525
v 0.064224 0.001219 0.024525
v 0.049005 0.015919 0.152571
v 0.049005 0.001219 0.152571
v 0.064224 0.015919 0.152571
v 0.064224 0.001219 0.152571
v 0.028529 0.015919 -0.063258
v 0.028529 0.001219 -0.063258
v 0.043748 0.015919 -0.063258
v 0.043748 0.001219 -0.063258
v 0.028529 0.015919 -0.021451
v 0.028529 0.001219 -0.021451
v 0.043748 0.015919 -0.021451
v 0.043748 0.001219 -0.021451
v 0.008439 0.015919 -0.063172
v 0.008439 0.001219 -0.063172
v 0.023658 0.015919 -0.063172
v 0.023658 0.001219 -0.063172
v 0.008439 0.015919 -0.031983
v 0.008439 0.001219 -0.031983
v 0.023658 0.015919 -0.031983
v 0.023658 0.001219 -0.031983
v -0.011651 0.015919 -0.064045
v -0.011651 0.001219 -0.064045
v 0.003568 0.015919 -0.064045
v 0.003568 0.001219 -0.064045
v -0.011651 0.015919 -0.041064
v -0.011651 0.001219 -0.041064
v 0.003568 0.015919 -0.041064
v 0.003568 0.001219 -0.041064
v -0.031741 0.015919 -0.064045
v -0.031741 0.001219 -0.064045
v -0.016522 0.015919 -0.064045
v -0.016522 0.001219 -0.064045
v -0.031741 0.015919 -0.034777
v -0.031741 0.001219 -0.034777
v -0.016522 0.015919 -0.034777
v -0.016522 0.001219 -0.034777
v 0.049005 0.015919 0.003467
v 0.049005 0.001219 0.003467
v 0.064224 0.015919 0.003467
v 0.064224 0.001219 0.003467
v 0.049005 0.015919 0.018733
v 0.049005 0.001219 0.018733
v 0.064224 0.015919 0.018733
v 0.064224 0.001219 0.018733
v 0.049005 0.015919 -0.018086
v 0.049005 0.001219 -0.018086
v 0.064224 0.015919 -0.018086
v 0.064224 0.001219 -0.018086
v 0.049005 0.015919 -0.002821
v 0.049005 0.001219 -0.002821
v 0.064224 0.015919 -0.002821
v 0.064224 0.001219 -0.002821
v 0.049005 0.015919 -0.039208
v 0.049005 0.001219 -0.039208
v 0.064224 0.015919 -0.039208
v 0.064224 0.001219 -0.039208
v 0.049005 0.015919 -0.023943
v 0.049005 0.001219 -0.023943
v 0.064224 0.015919 -0.023943
v 0.064224 0.001219 -0.023943
v 0.049005 0.015919 -0.063362
v 0.049005 0.001219 -0.063362
v 0.064224 0.015919 -0.063362
v 0.064224 0.001219 -0.063362
v 0.049005 0.015919 -0.044405
v 0.049005 0.001219 -0.044405
v 0.064224 0.015919 -0.044405
v 0.064224 0.001219 -0.044405
v 0.049005 0.015919 -0.093867
v 0.049005 0.001219 -0.093867
v 0.064224 0.015919 -0.093867
v 0.064224 0.001219 -0.093867
v 0.049005 0.015919 -0.078648
v 0.049005 0.001219 -0.078648
v 0.064224 0.015919 -0.078648
v 0.064224 0.001219 -0.078648
v 0.049005 0.015919 -0.113652
v 0.049005 0.001219 -0.113652
v 0.064224 0.015919 -0.113652
v 0.064224 0.001219 -0.113652
v 0.049005 0.015919 -0.098432
v 0.049005 0.001219 -0.098432
v 0.064224 0.015919 -0.098432
v 0.064224 0.001219 -0.098432
v 0.049005 0.015919 -0.133437
v 0.049005 0.001219 -0.133437
v 0.064224 0.015919 -0.133437
v 0.064224 0.001219 -0.133437
v 0.049005 0.015919 -0.118217
v 0.049005 0.001219 -0.118217
v 0.064224 0.015919 -0.118217
v 0.064224 0.001219 -0.118217
v 0.028529 0.015919 -0.113652
v 0.028529 0.001219 -0.113652
v 0.043748 0.015919 -0.113652
v 0.043748 0.001219 -0.113652
v 0.028529 0.015919 -0.098432
v 0.028529 0.001219 -0.098432
v 0.043748 0.015919 -0.098432
v 0.043748 0.001219 -0.098432
vn 0.2071 -0.0000 -0.9783
vn 0.6352 -0.0000 -0.7724
vn 0.8882 -0.0000 -0.4594
vn 0.9660 -0.0000 -0.2587
vn 0.9930 -0.0000 -0.1180
vn 0.9996 -0.0000 -0.0283
vn 0.2071 -0.0000 0.9783
vn 0.6352 -0.0000 0.7724
vn 0.8882 -0.0000 0.4594
vn 0.9660 -0.0000 0.2587
vn 0.9930 -0.0000 0.1180
vn 0.9996 -0.0000 0.0283
vn -0.9996 -0.0000 -0.0283
vn -0.9930 -0.0000 -0.1180
vn -0.9660 -0.0000 -0.2587
vn -0.8882 -0.0000 -0.4594
vn -0.6352 -0.0000 -0.7724
vn -0.2071 -0.0000 -0.9783
vn -0.9996 -0.0000 0.0283
vn -0.9930 -0.0000 0.1180
vn -0.9660 -0.0000 0.2587
vn -0.8882 -0.0000 0.4594
vn -0.6352 -0.0000 0.7724
vn -0.2071 -0.0000 0.9783
vn -0.0000 -1.0000 -0.0000
vn -0.0000 1.0000 -0.0000
vn 1.0000 -0.0000 -0.0000
vn -0.0000 -0.0000 1.0000
vn -0.0000 -0.0000 -1.0000
vn -1.0000 -0.0000 -0.0000
vt 0.533789 0.033226
vt 0.501482 0.033226
vt 0.501482 0.021573
vt 0.533789 0.021573
vt 0.501482 0.010634
vt 0.533789 0.010634
vt 0.501482 0.001482
vt 0.533789 0.001482
vt 0.533789 0.948994
vt 0.501482 0.948994
vt 0.501482 0.939291
vt 0.533789 0.939291
vt 0.501482 0.928062
vt 0.533789 0.928062
vt 0.536753 0.440203
vt 0.569060 0.440203
vt 0.569060 0.450386
vt 0.536753 0.450386
vt 0.569060 0.458314
vt 0.536753 0.458314
vt 0.501482 0.476720
vt 0.533789 0.476720
vt 0.533789 0.485872
vt 0.501482 0.485872
vt 0.533789 0.496811
vt 0.501482 0.496811
vt 0.533789 0.508464
vt 0.501482 0.508464
vt 0.569060 0.494886
vt 0.536753 0.494886
vt 0.536753 0.483444
vt 0.569060 0.483444
vt 0.536753 0.471863
vt 0.569060 0.471863
vt 0.536753 0.461278
vt 0.569060 0.461278
vt 0.533789 0.473756
vt 0.501482 0.473756
vt 0.501482 0.464053
vt 0.533789 0.464053
vt 0.501482 0.452825
vt 0.533789 0.452825
vt 0.536753 0.891445
vt 0.569060 0.891445
vt 0.569060 0.901628
vt 0.536753 0.901628
vt 0.536753 0.001482
vt 0.569060 0.001482
vt 0.569060 0.010036
vt 0.536753 0.010036
vt 0.569060 0.020621
vt 0.536753 0.020621
vt 0.569060 0.032202
vt 0.536753 0.032202
vt 0.569060 0.043644
vt 0.536753 0.043644
vt 0.001482 0.038760
vt 0.003306 0.027240
vt 0.008601 0.016848
vt 0.016848 0.008601
vt 0.027240 0.003306
vt 0.038760 0.001482
vt 0.461240 0.001482
vt 0.472760 0.003306
vt 0.483152 0.008601
vt 0.491399 0.016848
vt 0.496694 0.027240
vt 0.498518 0.038760
vt 0.498518 0.461240
vt 0.496694 0.472760
vt 0.491399 0.483152
vt 0.483152 0.491399
vt 0.472760 0.496694
vt 0.461240 0.498518
vt 0.038760 0.498518
vt 0.027240 0.496694
vt 0.016848 0.491399
vt 0.008601 0.483152
vt 0.003306 0.472760
vt 0.001482 0.461240
vt 0.038760 0.998518
vt 0.027240 0.996694
vt 0.016848 0.991399
vt 0.008601 0.983152
vt 0.003306 0.972760
vt 0.001482 0.961240
vt 0.001482 0.538760
vt 0.003306 0.527240
vt 0.008601 0.516848
vt 0.016848 0.508601
vt 0.027240 0.503306
vt 0.038760 0.501482
vt 0.461240 0.501482
vt 0.472760 0.503306
vt 0.483152 0.508601
vt 0.491399 0.516848
vt 0.496694 0.527240
vt 0.498518 0.538760
vt 0.498518 0.961240
vt 0.496694 0.972760
vt 0.491399 0.983152
vt 0.483152 0.991399
vt 0.472760 0.996694
vt 0.461240 0.998518
vt 0.711947 0.291619
vt 0.703451 0.291619
vt 0.703451 0.267843
vt 0.711947 0.267843
vt 0.861951 0.029883
vt 0.861951 0.010467
vt 0.870446 0.010467
vt 0.870446 0.029883
vt 0.284574 0.202200
vt 0.265158 0.202200
vt 0.265158 0.178424
vt 0.284574 0.178424
vt 0.712458 0.246909
vt 0.703963 0.246909
vt 0.703963 0.223133
vt 0.712458 0.223133
vt 0.290489 0.126652
vt 0.271073 0.126652
vt 0.271073 0.102876
vt 0.290489 0.102876
vt 0.861951 0.070233
vt 0.861951 0.050817
vt 0.870446 0.050817
vt 0.870446 0.070233
vt 0.841017 0.034243
vt 0.832522 0.034243
vt 0.832522 0.010467
vt 0.841017 0.010467
vt 0.950238 0.070233
vt 0.950238 0.050817
vt 0.958733 0.050817
vt 0.958733 0.070233
vt 0.029883 0.291619
vt 0.010467 0.291619
vt 0.010467 0.267843
vt 0.029883 0.267843
vt 0.841017 0.078952
vt 0.832522 0.078952
vt 0.832522 0.055176
vt 0.841017 0.055176
vt 0.070233 0.291619
vt 0.050817 0.291619
vt 0.050817 0.267843
vt 0.070233 0.267843
vt 0.950653 0.908834
vt 0.950653 0.889418
vt 0.959148 0.889418
vt 0.959148 0.908834
vt 0.714421 0.202200
vt 0.705925 0.202200
vt 0.705925 0.178424
vt 0.714421 0.178424
vt 0.870444 0.644936
vt 0.870444 0.625520
vt 0.878939 0.625520
vt 0.878939 0.644936
vt 0.110582 0.291619
vt 0.091166 0.291619
vt 0.091166 0.267843
vt 0.110582 0.267843
vt 0.716827 0.126652
vt 0.708332 0.126652
vt 0.708332 0.102876
vt 0.716827 0.102876
vt 0.161051 0.291619
vt 0.141635 0.291619
vt 0.141635 0.267843
vt 0.161051 0.267843
vt 0.871005 0.555517
vt 0.871005 0.536101
vt 0.879500 0.536101
vt 0.879500 0.555517
vt 0.723301 0.034243
vt 0.714806 0.034243
vt 0.714806 0.010467
vt 0.723301 0.010467
vt 0.871005 0.600226
vt 0.871005 0.580810
vt 0.879500 0.580810
vt 0.879500 0.600226
vt 0.201400 0.291619
vt 0.181984 0.291619
vt 0.181984 0.267843
vt 0.201400 0.267843
vt 0.723301 0.078952
vt 0.714806 0.078952
vt 0.714806 0.055176
vt 0.723301 0.055176
vt 0.241750 0.291619
vt 0.222334 0.291619
vt 0.222334 0.267843
vt 0.241750 0.267843
vt 0.871186 0.689646
vt 0.871186 0.670229
vt 0.879682 0.670229
vt 0.879682 0.689646
vt 0.731794 0.649296
vt 0.723299 0.649296
vt 0.723299 0.625520
vt 0.731794 0.625520
vt 0.871186 0.729995
vt 0.871186 0.710579
vt 0.879682 0.710579
vt 0.879682 0.729995
vt 0.282100 0.291619
vt 0.262684 0.291619
vt 0.262684 0.267843
vt 0.282100 0.267843
vt 0.732355 0.559877
vt 0.723860 0.559877
vt 0.723860 0.536101
vt 0.732355 0.536101
vt 0.299209 0.034243
vt 0.279793 0.034243
vt 0.279793 0.010467
vt 0.299209 0.010467
vt 0.871186 0.770345
vt 0.871186 0.750929
vt 0.879682 0.750929
vt 0.879682 0.770345
vt 0.849510 0.649296
vt 0.841015 0.649296
vt 0.841015 0.625520
vt 0.849510 0.625520
vt 0.950653 0.949183
vt 0.950653 0.929767
vt 0.959148 0.929767
vt 0.959148 0.949183
vt 0.299209 0.078952
vt 0.279793 0.078952
vt 0.279793 0.055176
vt 0.299209 0.055176
vt 0.850071 0.559877
vt 0.841576 0.559877
vt 0.841576 0.536101
vt 0.850071 0.536101
vt 0.322450 0.246909
vt 0.303033 0.246909
vt 0.303033 0.223133
vt 0.322450 0.223133
vt 0.958731 0.644936
vt 0.958731 0.625520
vt 0.967226 0.625520
vt 0.967226 0.644936
vt 0.732355 0.604586
vt 0.723860 0.604586
vt 0.723860 0.580810
vt 0.732355 0.580810
vt 0.871186 0.810695
vt 0.871186 0.791279
vt 0.879682 0.791279
vt 0.879682 0.810695
vt 0.322450 0.291619
vt 0.303034 0.291619
vt 0.303034 0.267843
vt 0.322450 0.267843
vt 0.732536 0.694005
vt 0.724041 0.694005
vt 0.724041 0.670229
vt 0.732536 0.670229
vt 0.324924 0.202200
vt 0.305508 0.202200
vt 0.305508 0.178424
vt 0.324924 0.178424
vt 0.871264 0.868484
vt 0.871264 0.849068
vt 0.879759 0.849068
vt 0.879759 0.868484
vt 0.734336 0.381038
vt 0.725841 0.381038
vt 0.725841 0.357262
vt 0.734336 0.357262
vt 0.872986 0.376678
vt 0.872986 0.357262
vt 0.881481 0.357262
vt 0.881481 0.376678
vt 0.330839 0.126652
vt 0.311423 0.126652
vt 0.311423 0.102876
vt 0.330839 0.102876
vt 0.734336 0.425748
vt 0.725841 0.425748
vt 0.725841 0.401972
vt 0.734336 0.401972
vt 0.029883 0.336329
vt 0.010467 0.336329
vt 0.010467 0.312553
vt 0.029883 0.312553
vt 0.872986 0.417028
vt 0.872986 0.397612
vt 0.881481 0.397612
vt 0.881481 0.417028
vt 0.734336 0.470457
vt 0.725841 0.470457
vt 0.725841 0.446681
vt 0.734336 0.446681
vt 0.873012 0.331969
vt 0.873012 0.312553
vt 0.881507 0.312553
vt 0.881507 0.331969
vt 0.070233 0.336329
vt 0.050817 0.336329
vt 0.050817 0.312553
vt 0.070233 0.312553
vt 0.734336 0.515167
vt 0.725841 0.515167
vt 0.725841 0.491391
vt 0.734336 0.491391
vt 0.110582 0.336329
vt 0.091166 0.336329
vt 0.091166 0.312553
vt 0.110582 0.312553
vt 0.880025 0.287259
vt 0.880025 0.267843
vt 0.888521 0.267843
vt 0.888521 0.287259
vt 0.099662 0.734355
vt 0.091166 0.734355
vt 0.091166 0.710579
vt 0.099662 0.710579
vt 0.872986 0.457378
vt 0.872986 0.437962
vt 0.881481 0.437962
vt 0.881481 0.457378
vt 0.150932 0.336329
vt 0.131516 0.336329
vt 0.131516 0.312553
vt 0.150932 0.312553
vt 0.138005 0.734355
vt 0.129509 0.734355
vt 0.129509 0.710579
vt 0.138005 0.710579
vt 0.191282 0.336329
vt 0.171866 0.336329
vt 0.171866 0.312553
vt 0.191282 0.312553
vt 0.872986 0.497727
vt 0.872986 0.478311
vt 0.881481 0.478311
vt 0.881481 0.497727
vt 0.167434 0.734355
vt 0.158938 0.734355
vt 0.158938 0.710579
vt 0.167434 0.710579
vt 0.880537 0.242549
vt 0.880537 0.223133
vt 0.889032 0.223133
vt 0.889032 0.242549
vt 0.231631 0.336328
vt 0.212215 0.336328
vt 0.212215 0.312553
vt 0.231631 0.312553
vt 0.196863 0.734355
vt 0.188367 0.734355
vt 0.188367 0.710579
vt 0.196863 0.710579
vt 0.271981 0.336329
vt 0.252565 0.336329
vt 0.252565 0.312553
vt 0.271981 0.312553
vt 0.882499 0.197840
vt 0.882499 0.178424
vt 0.890995 0.178424
vt 0.890995 0.197840
vt 0.287680 0.734355
vt 0.279184 0.734355
vt 0.279184 0.710579
vt 0.287680 0.710579
vt 0.884906 0.122292
vt 0.884906 0.102876
vt 0.893401 0.102876
vt 0.893401 0.122292
vt 0.312331 0.336328
vt 0.292915 0.336328
vt 0.292915 0.312553
vt 0.312331 0.312553
vt 0.317109 0.734355
vt 0.308613 0.734355
vt 0.308613 0.710579
vt 0.317109 0.710579
vt 0.339559 0.034243
vt 0.320143 0.034243
vt 0.320143 0.010467
vt 0.339559 0.010467
vt 0.891380 0.029883
vt 0.891380 0.010467
vt 0.899875 0.010467
vt 0.899875 0.029883
vt 0.704907 0.381038
vt 0.696412 0.381038
vt 0.696412 0.357262
vt 0.704907 0.357262
vt 0.812406 0.868484
vt 0.812406 0.849068
vt 0.820901 0.849068
vt 0.820901 0.868484
vt 0.339559 0.078952
vt 0.320143 0.078952
vt 0.320143 0.055176
vt 0.339559 0.055176
vt 0.704907 0.425748
vt 0.696412 0.425748
vt 0.696412 0.401972
vt 0.704907 0.401972
vt 0.352680 0.336329
vt 0.333264 0.336329
vt 0.333264 0.312553
vt 0.352680 0.312553
vt 0.841835 0.868484
vt 0.841835 0.849068
vt 0.850330 0.849068
vt 0.850330 0.868484
vt 0.850071 0.604586
vt 0.841576 0.604586
vt 0.841576 0.580810
vt 0.850071 0.580810
vt 0.120595 0.989533
vt 0.120595 0.970117
vt 0.129091 0.970117
vt 0.129091 0.989533
vt 0.362799 0.246909
vt 0.343383 0.246909
vt 0.343383 0.223133
vt 0.362799 0.223133
vt 0.850253 0.694005
vt 0.841757 0.694005
vt 0.841757 0.670229
vt 0.850253 0.670229
vt 0.362799 0.291619
vt 0.343383 0.291619
vt 0.343383 0.267843
vt 0.362799 0.267843
vt 0.150024 0.989533
vt 0.150024 0.970117
vt 0.158520 0.970117
vt 0.158520 0.989533
vt 0.488284 0.734355
vt 0.479789 0.734355
vt 0.479789 0.710579
vt 0.488284 0.710579
vt 0.891380 0.070233
vt 0.891380 0.050817
vt 0.899875 0.050817
vt 0.899875 0.070233
vt 0.365273 0.202200
vt 0.345857 0.202200
vt 0.345857 0.178424
vt 0.365273 0.178424
vt 0.522046 0.734355
vt 0.513550 0.734355
vt 0.513550 0.710579
vt 0.522046 0.710579
vt 0.371189 0.126652
vt 0.351773 0.126652
vt 0.351773 0.102876
vt 0.371189 0.102876
vt 0.039896 0.904572
vt 0.039896 0.885156
vt 0.048391 0.885156
vt 0.048391 0.904572
vt 0.734362 0.336329
vt 0.725866 0.336329
vt 0.725866 0.312553
vt 0.734362 0.312553
vt 0.899873 0.644936
vt 0.899873 0.625520
vt 0.908368 0.625520
vt 0.908368 0.644936
vt 0.379909 0.034243
vt 0.360493 0.034243
vt 0.360493 0.010467
vt 0.379909 0.010467
vt 0.018962 0.734453
vt 0.010467 0.734453
vt 0.010467 0.710677
vt 0.018962 0.710677
vt 0.379909 0.078952
vt 0.360493 0.078952
vt 0.360493 0.055176
vt 0.379909 0.055176
vt 0.091166 0.908834
vt 0.091166 0.889418
vt 0.099662 0.889418
vt 0.099662 0.908834
vt 0.850253 0.738715
vt 0.841757 0.738715
vt 0.841757 0.714939
vt 0.850253 0.714939
vt 0.179453 0.989533
vt 0.179453 0.970117
vt 0.187949 0.970117
vt 0.187949 0.989533
vt 0.029883 0.381038
vt 0.010467 0.381038
vt 0.010467 0.357262
vt 0.029883 0.357262
vt 0.850253 0.783425
vt 0.841757 0.783425
vt 0.841757 0.759649
vt 0.850253 0.759649
vt 0.070233 0.381038
vt 0.050817 0.381038
vt 0.050817 0.357262
vt 0.070233 0.357262
vt 0.208882 0.989533
vt 0.208882 0.970117
vt 0.217378 0.970117
vt 0.217378 0.989533
vt 0.048391 0.823872
vt 0.039896 0.823872
vt 0.039896 0.800096
vt 0.048391 0.800096
vt 0.959292 0.555517
vt 0.959292 0.536101
vt 0.967787 0.536101
vt 0.967787 0.555517
vt 0.110582 0.381038
vt 0.091166 0.381038
vt 0.091166 0.357262
vt 0.110582 0.357262
vt 0.253918 0.828134
vt 0.245423 0.828134
vt 0.245423 0.804358
vt 0.253918 0.804358
vt 0.150932 0.381038
vt 0.131516 0.381038
vt 0.131516 0.357262
vt 0.150932 0.357262
vt 0.959292 0.595866
vt 0.959292 0.576450
vt 0.967787 0.576450
vt 0.967787 0.595866
vt 0.332792 0.828134
vt 0.324297 0.828134
vt 0.324297 0.804358
vt 0.332792 0.804358
vt 0.959473 0.689646
vt 0.959473 0.670229
vt 0.967969 0.670229
vt 0.967969 0.689646
vt 0.191282 0.381038
vt 0.171866 0.381038
vt 0.171866 0.357262
vt 0.191282 0.357262
vt 0.362221 0.828134
vt 0.353726 0.828134
vt 0.353726 0.804358
vt 0.362221 0.804358
vt 0.231631 0.381038
vt 0.212215 0.381038
vt 0.212215 0.357262
vt 0.231631 0.357262
vt 0.959473 0.729995
vt 0.959473 0.710579
vt 0.967969 0.710579
vt 0.967969 0.729995
vt 0.850253 0.828134
vt 0.841757 0.828134
vt 0.841757 0.804358
vt 0.850253 0.804358
vt 0.238311 0.989533
vt 0.238311 0.970117
vt 0.246807 0.970117
vt 0.246807 0.989533
vt 0.271981 0.381038
vt 0.252565 0.381038
vt 0.252565 0.357262
vt 0.271981 0.357262
vt 0.852052 0.381038
vt 0.843557 0.381038
vt 0.843557 0.357262
vt 0.852052 0.357262
vt 0.312331 0.381038
vt 0.292915 0.381038
vt 0.292915 0.357262
vt 0.312331 0.357262
vt 0.267740 0.989533
vt 0.267740 0.970117
vt 0.276236 0.970117
vt 0.276236 0.989533
vt 0.048391 0.734453
vt 0.039896 0.734453
vt 0.039896 0.710677
vt 0.048391 0.710677
vt 0.120595 0.908834
vt 0.120595 0.889418
vt 0.129091 0.889418
vt 0.129091 0.908834
vt 0.352680 0.381038
vt 0.333264 0.381038
vt 0.333264 0.357262
vt 0.352680 0.357262
vt 0.253918 0.738715
vt 0.245423 0.738715
vt 0.245423 0.714939
vt 0.253918 0.714939
vt 0.393030 0.336329
vt 0.373614 0.336329
vt 0.373614 0.312553
vt 0.393030 0.312553
vt 0.150024 0.908834
vt 0.150024 0.889418
vt 0.158520 0.889418
vt 0.158520 0.908834
vt 0.362221 0.738715
vt 0.353726 0.738715
vt 0.353726 0.714939
vt 0.362221 0.714939
vt 0.479789 0.949183
vt 0.479789 0.929767
vt 0.488284 0.929767
vt 0.488284 0.949183
vt 0.393030 0.381038
vt 0.373614 0.381038
vt 0.373614 0.357262
vt 0.393030 0.357262
vt 0.393737 0.738715
vt 0.385241 0.738715
vt 0.385241 0.714939
vt 0.393737 0.714939
vt 0.403149 0.246909
vt 0.383733 0.246909
vt 0.383733 0.223133
vt 0.403149 0.223133
vt 0.509218 0.949183
vt 0.509218 0.929767
vt 0.517713 0.929767
vt 0.517713 0.949183
vt 0.425253 0.738715
vt 0.416757 0.738715
vt 0.416757 0.714939
vt 0.425253 0.714939
vt 0.538647 0.949183
vt 0.538647 0.929767
vt 0.547142 0.929767
vt 0.547142 0.949183
vt 0.403149 0.291619
vt 0.383733 0.291619
vt 0.383733 0.267843
vt 0.403149 0.267843
vt 0.454682 0.738715
vt 0.446186 0.738715
vt 0.446186 0.714939
vt 0.454682 0.714939
vt 0.405623 0.202200
vt 0.386207 0.202200
vt 0.386207 0.178424
vt 0.405623 0.178424
vt 0.568076 0.949183
vt 0.568076 0.929767
vt 0.576571 0.929767
vt 0.576571 0.949183
vt 0.555807 0.738715
vt 0.547312 0.738715
vt 0.547312 0.714939
vt 0.555807 0.714939
vt 0.597505 0.949183
vt 0.597505 0.929767
vt 0.606000 0.929767
vt 0.606000 0.949183
vt 0.411538 0.126652
vt 0.392122 0.126652
vt 0.392122 0.102876
vt 0.411538 0.102876
vt 0.585262 0.738715
vt 0.576767 0.738715
vt 0.576767 0.714939
vt 0.585262 0.714939
vt 0.420258 0.034243
vt 0.400842 0.034243
vt 0.400842 0.010467
vt 0.420258 0.010467
vt 0.626934 0.949183
vt 0.626934 0.929767
vt 0.635429 0.929767
vt 0.635429 0.949183
vt 0.614717 0.738715
vt 0.606222 0.738715
vt 0.606222 0.714939
vt 0.614717 0.714939
vt 0.656363 0.949183
vt 0.656363 0.929767
vt 0.664858 0.929767
vt 0.664858 0.949183
vt 0.420258 0.078952
vt 0.400842 0.078952
vt 0.400842 0.055176
vt 0.420258 0.055176
vt 0.644172 0.738715
vt 0.635677 0.738715
vt 0.635677 0.714939
vt 0.644172 0.714939
vt 0.029883 0.425748
vt 0.010467 0.425748
vt 0.010467 0.401972
vt 0.029883 0.401972
vt 0.685792 0.949183
vt 0.685792 0.929767
vt 0.694287 0.929767
vt 0.694287 0.949183
vt 0.673627 0.738715
vt 0.665131 0.738715
vt 0.665131 0.714939
vt 0.673627 0.714939
vt 0.179453 0.908834
vt 0.179453 0.889418
vt 0.187949 0.889418
vt 0.187949 0.908834
vt 0.070233 0.425748
vt 0.050817 0.425748
vt 0.050817 0.401972
vt 0.070233 0.401972
vt 0.703056 0.738715
vt 0.694560 0.738715
vt 0.694560 0.714939
vt 0.703056 0.714939
vt 0.110582 0.425748
vt 0.091166 0.425748
vt 0.091166 0.401972
vt 0.110582 0.401972
vt 0.208882 0.908834
vt 0.208882 0.889418
vt 0.217378 0.889418
vt 0.217378 0.908834
vt 0.517713 0.868484
vt 0.509218 0.868484
vt 0.509218 0.844708
vt 0.517713 0.844708
vt 0.891795 0.989533
vt 0.891795 0.970117
vt 0.900290 0.970117
vt 0.900290 0.989533
vt 0.150932 0.425748
vt 0.131516 0.425748
vt 0.131516 0.401972
vt 0.150932 0.401972
vt 0.018962 0.868582
vt 0.010467 0.868582
vt 0.010467 0.844806
vt 0.018962 0.844806
vt 0.191282 0.425748
vt 0.171866 0.425748
vt 0.171866 0.401972
vt 0.191282 0.401972
vt 0.921224 0.989533
vt 0.921224 0.970117
vt 0.929719 0.970117
vt 0.929719 0.989533
vt 0.732536 0.738715
vt 0.724041 0.738715
vt 0.724041 0.714939
vt 0.732536 0.714939
vt 0.238311 0.908834
vt 0.238311 0.889418
vt 0.246807 0.889418
vt 0.246807 0.908834
vt 0.231631 0.425748
vt 0.212215 0.425748
vt 0.212215 0.401972
vt 0.231631 0.401972
vt 0.741376 0.291619
vt 0.732880 0.291619
vt 0.732880 0.267843
vt 0.741376 0.267843
vt 0.271981 0.425748
vt 0.252565 0.425748
vt 0.252565 0.401972
vt 0.271981 0.401972
vt 0.267740 0.908834
vt 0.267740 0.889418
vt 0.276236 0.889418
vt 0.276236 0.908834
vt 0.852052 0.425748
vt 0.843557 0.425748
vt 0.843557 0.401972
vt 0.852052 0.401972
vt 0.297169 0.989533
vt 0.297169 0.970117
vt 0.305665 0.970117
vt 0.305665 0.989533
vt 0.312331 0.425748
vt 0.292915 0.425748
vt 0.292915 0.401972
vt 0.312331 0.401972
vt 0.852052 0.470457
vt 0.843557 0.470457
vt 0.843557 0.446681
vt 0.852052 0.446681
vt 0.352680 0.425748
vt 0.333264 0.425748
vt 0.333264 0.401972
vt 0.352680 0.401972
vt 0.326598 0.989533
vt 0.326598 0.970117
vt 0.335094 0.970117
vt 0.335094 0.989533
vt 0.391650 0.828134
vt 0.383155 0.828134
vt 0.383155 0.804358
vt 0.391650 0.804358
vt 0.959473 0.770345
vt 0.959473 0.750929
vt 0.967969 0.750929
vt 0.967969 0.770345
vt 0.393030 0.425748
vt 0.373614 0.425748
vt 0.373614 0.401972
vt 0.393030 0.401972
vt 0.423166 0.828134
vt 0.414670 0.828134
vt 0.414670 0.804358
vt 0.423166 0.804358
vt 0.433380 0.336329
vt 0.413964 0.336329
vt 0.413964 0.312553
vt 0.433380 0.312553
vt 0.959473 0.810695
vt 0.959473 0.791279
vt 0.967969 0.791279
vt 0.967969 0.810695
vt 0.555807 0.828134
vt 0.547312 0.828134
vt 0.547312 0.804358
vt 0.555807 0.804358
vt 0.959551 0.868484
vt 0.959551 0.849068
vt 0.968046 0.849068
vt 0.968046 0.868484
vt 0.433380 0.381038
vt 0.413964 0.381038
vt 0.413964 0.357262
vt 0.433380 0.357262
vt 0.585236 0.828134
vt 0.576741 0.828134
vt 0.576741 0.804358
vt 0.585236 0.804358
vt 0.433380 0.425748
vt 0.413964 0.425748
vt 0.413964 0.401972
vt 0.433380 0.401972
vt 0.961273 0.376678
vt 0.961273 0.357262
vt 0.969768 0.357262
vt 0.969768 0.376678
vt 0.614691 0.828134
vt 0.606196 0.828134
vt 0.606196 0.804358
vt 0.614691 0.804358
vt 0.961273 0.417028
vt 0.961273 0.397612
vt 0.969768 0.397612
vt 0.969768 0.417028
vt 0.443499 0.246909
vt 0.424083 0.246909
vt 0.424083 0.223133
vt 0.443499 0.223133
vt 0.644146 0.828134
vt 0.635651 0.828134
vt 0.635651 0.804358
vt 0.644146 0.804358
vt 0.443499 0.291619
vt 0.424083 0.291619
vt 0.424083 0.267843
vt 0.443499 0.267843
vt 0.961273 0.457378
vt 0.961273 0.437962
vt 0.969768 0.437962
vt 0.969768 0.457378
vt 0.741887 0.246909
vt 0.733392 0.246909
vt 0.733392 0.223133
vt 0.741887 0.223133
vt 0.297169 0.908834
vt 0.297169 0.889418
vt 0.305665 0.889418
vt 0.305665 0.908834
vt 0.445973 0.202200
vt 0.426557 0.202200
vt 0.426557 0.178424
vt 0.445973 0.178424
vt 0.743850 0.202200
vt 0.735354 0.202200
vt 0.735354 0.178424
vt 0.743850 0.178424
vt 0.451888 0.126652
vt 0.432472 0.126652
vt 0.432472 0.102876
vt 0.451888 0.102876
vt 0.326598 0.908834
vt 0.326598 0.889418
vt 0.335094 0.889418
vt 0.335094 0.908834
vt 0.746256 0.126652
vt 0.737761 0.126652
vt 0.737761 0.102876
vt 0.746256 0.102876
vt 0.715221 0.949183
vt 0.715221 0.929767
vt 0.723716 0.929767
vt 0.723716 0.949183
vt 0.460608 0.034243
vt 0.441192 0.034243
vt 0.441192 0.010467
vt 0.460608 0.010467
vt 0.752730 0.034243
vt 0.744235 0.034243
vt 0.744235 0.010467
vt 0.752730 0.010467
vt 0.460608 0.078952
vt 0.441192 0.078952
vt 0.441192 0.055176
vt 0.460608 0.055176
vt 0.744650 0.949183
vt 0.744650 0.929767
vt 0.753145 0.929767
vt 0.753145 0.949183
vt 0.752730 0.078952
vt 0.744235 0.078952
vt 0.744235 0.055176
vt 0.752730 0.055176
vt 0.774079 0.949183
vt 0.774079 0.929767
vt 0.782574 0.929767
vt 0.782574 0.949183
vt 0.029883 0.470457
vt 0.010467 0.470457
vt 0.010467 0.446681
vt 0.029883 0.446681
vt 0.761223 0.649296
vt 0.752728 0.649296
vt 0.752728 0.625520
vt 0.761223 0.625520
vt 0.070233 0.470457
vt 0.050817 0.470457
vt 0.050817 0.446681
vt 0.070233 0.446681
vt 0.803508 0.949183
vt 0.803508 0.929767
vt 0.812003 0.929767
vt 0.812003 0.949183
vt 0.761784 0.559877
vt 0.753289 0.559877
vt 0.753289 0.536101
vt 0.761784 0.536101
vt 0.356027 0.908834
vt 0.356027 0.889418
vt 0.364523 0.889418
vt 0.364523 0.908834
vt 0.110582 0.470457
vt 0.091166 0.470457
vt 0.091166 0.446681
vt 0.110582 0.446681
vt 0.761784 0.604586
vt 0.753289 0.604586
vt 0.753289 0.580810
vt 0.761784 0.580810
vt 0.150932 0.470457
vt 0.131516 0.470457
vt 0.131516 0.446681
vt 0.150932 0.446681
vt 0.387328 0.908834
vt 0.387328 0.889418
vt 0.395824 0.889418
vt 0.395824 0.908834
vt 0.761966 0.694005
vt 0.753470 0.694005
vt 0.753470 0.670229
vt 0.761966 0.670229
vt 0.418844 0.908834
vt 0.418844 0.889418
vt 0.427339 0.889418
vt 0.427339 0.908834
vt 0.191282 0.470457
vt 0.171866 0.470457
vt 0.171866 0.446681
vt 0.191282 0.446681
vt 0.761965 0.738715
vt 0.753470 0.738715
vt 0.753470 0.714939
vt 0.761965 0.714939
vt 0.231631 0.470457
vt 0.212215 0.470457
vt 0.212215 0.446681
vt 0.231631 0.446681
vt 0.450360 0.908834
vt 0.450360 0.889418
vt 0.458855 0.889418
vt 0.458855 0.908834
vt 0.852052 0.515167
vt 0.843557 0.515167
vt 0.843557 0.491391
vt 0.852052 0.491391
vt 0.356028 0.989533
vt 0.356028 0.970117
vt 0.364523 0.970117
vt 0.364523 0.989533
vt 0.271981 0.470457
vt 0.252565 0.470457
vt 0.252565 0.446681
vt 0.271981 0.446681
vt 0.852078 0.336329
vt 0.843583 0.336329
vt 0.843583 0.312553
vt 0.852078 0.312553
vt 0.312331 0.470457
vt 0.292915 0.470457
vt 0.292915 0.446681
vt 0.312331 0.446681
vt 0.385457 0.989533
vt 0.385457 0.970117
vt 0.393952 0.970117
vt 0.393952 0.989533
vt 0.763765 0.381038
vt 0.755270 0.381038
vt 0.755270 0.357262
vt 0.763765 0.357262
vt 0.479789 0.908834
vt 0.479789 0.889418
vt 0.488284 0.889418
vt 0.488284 0.908834
vt 0.352680 0.470457
vt 0.333264 0.470457
vt 0.333264 0.446681
vt 0.352680 0.446681
vt 0.763765 0.425748
vt 0.755270 0.425748
vt 0.755270 0.401972
vt 0.763765 0.401972
vt 0.393030 0.470457
vt 0.373614 0.470457
vt 0.373614 0.446681
vt 0.393030 0.446681
vt 0.509218 0.908834
vt 0.509218 0.889418
vt 0.517713 0.889418
vt 0.517713 0.908834
vt 0.458855 0.868484
vt 0.450360 0.868484
vt 0.450360 0.844708
vt 0.458855 0.844708
vt 0.832937 0.989533
vt 0.832937 0.970117
vt 0.841432 0.970117
vt 0.841432 0.989533
vt 0.433380 0.470457
vt 0.413964 0.470457
vt 0.413964 0.446681
vt 0.433380 0.446681
vt 0.488284 0.868484
vt 0.479789 0.868484
vt 0.479789 0.844708
vt 0.488284 0.844708
vt 0.473729 0.336329
vt 0.454313 0.336329
vt 0.454313 0.312553
vt 0.473729 0.312553
vt 0.862366 0.989533
vt 0.862366 0.970117
vt 0.870861 0.970117
vt 0.870861 0.989533
vt 0.673627 0.828134
vt 0.665131 0.828134
vt 0.665131 0.804358
vt 0.673627 0.804358
vt 0.961273 0.497727
vt 0.961273 0.478311
vt 0.969768 0.478311
vt 0.969768 0.497727
vt 0.473729 0.381038
vt 0.454313 0.381038
vt 0.454313 0.357262
vt 0.473729 0.357262
vt 0.703056 0.828134
vt 0.694560 0.828134
vt 0.694560 0.804358
vt 0.703056 0.804358
vt 0.473729 0.425748
vt 0.454313 0.425748
vt 0.454313 0.401972
vt 0.473729 0.401972
vt 0.961299 0.331969
vt 0.961299 0.312553
vt 0.969794 0.312553
vt 0.969794 0.331969
vt 0.763765 0.470457
vt 0.755270 0.470457
vt 0.755270 0.446681
vt 0.763765 0.446681
vt 0.538647 0.908834
vt 0.538647 0.889418
vt 0.547142 0.889418
vt 0.547142 0.908834
vt 0.473729 0.470457
vt 0.454313 0.470457
vt 0.454313 0.446681
vt 0.473729 0.446681
vt 0.763765 0.515167
vt 0.755270 0.515167
vt 0.755270 0.491391
vt 0.763765 0.491391
vt 0.483848 0.246909
vt 0.464432 0.246909
vt 0.464432 0.223133
vt 0.483848 0.223133
vt 0.568076 0.908834
vt 0.568076 0.889418
vt 0.576571 0.889418
vt 0.576571 0.908834
vt 0.763791 0.336329
vt 0.755296 0.336329
vt 0.755296 0.312553
vt 0.763791 0.312553
vt 0.597505 0.908834
vt 0.597505 0.889418
vt 0.606000 0.889418
vt 0.606000 0.908834
vt 0.483848 0.291619
vt 0.464432 0.291619
vt 0.464432 0.267843
vt 0.483848 0.267843
vt 0.770805 0.291619
vt 0.762309 0.291619
vt 0.762309 0.267843
vt 0.770805 0.267843
vt 0.486322 0.202200
vt 0.466906 0.202200
vt 0.466906 0.178424
vt 0.486322 0.178424
vt 0.626934 0.908834
vt 0.626934 0.889418
vt 0.635429 0.889418
vt 0.635429 0.908834
vt 0.771316 0.246909
vt 0.762821 0.246909
vt 0.762821 0.223133
vt 0.771316 0.223133
vt 0.832937 0.949183
vt 0.832937 0.929767
vt 0.841432 0.929767
vt 0.841432 0.949183
vt 0.492238 0.126652
vt 0.472822 0.126652
vt 0.472822 0.102876
vt 0.492238 0.102876
vt 0.773279 0.202200
vt 0.764783 0.202200
vt 0.764783 0.178424
vt 0.773279 0.178424
vt 0.500958 0.034243
vt 0.481542 0.034243
vt 0.481542 0.010467
vt 0.500958 0.010467
vt 0.862366 0.949183
vt 0.862366 0.929767
vt 0.870861 0.929767
vt 0.870861 0.949183
vt 0.775685 0.126652
vt 0.767190 0.126652
vt 0.767190 0.102876
vt 0.775685 0.102876
vt 0.656363 0.908834
vt 0.656363 0.889418
vt 0.664858 0.889418
vt 0.664858 0.908834
vt 0.500958 0.078952
vt 0.481542 0.078952
vt 0.481542 0.055176
vt 0.500958 0.055176
vt 0.099662 0.779065
vt 0.091166 0.779065
vt 0.091166 0.755289
vt 0.099662 0.755289
vt 0.514079 0.336329
vt 0.494663 0.336329
vt 0.494663 0.312553
vt 0.514079 0.312553
vt 0.685792 0.908834
vt 0.685792 0.889418
vt 0.694287 0.889418
vt 0.694287 0.908834
vt 0.129091 0.779065
vt 0.120595 0.779065
vt 0.120595 0.755289
vt 0.129091 0.755289
vt 0.891795 0.949183
vt 0.891795 0.929767
vt 0.900290 0.929767
vt 0.900290 0.949183
vt 0.514079 0.381038
vt 0.494663 0.381038
vt 0.494663 0.357262
vt 0.514079 0.357262
vt 0.158520 0.779065
vt 0.150024 0.779065
vt 0.150024 0.755289
vt 0.158520 0.755289
vt 0.514079 0.425748
vt 0.494663 0.425748
vt 0.494663 0.401972
vt 0.514079 0.401972
vt 0.921224 0.949183
vt 0.921224 0.929767
vt 0.929719 0.929767
vt 0.929719 0.949183
vt 0.187949 0.779065
vt 0.179453 0.779065
vt 0.179453 0.755289
vt 0.187949 0.755289
vt 0.715221 0.908834
vt 0.715221 0.889418
vt 0.723716 0.889418
vt 0.723716 0.908834
vt 0.514079 0.470457
vt 0.494663 0.470457
vt 0.494663 0.446681
vt 0.514079 0.446681
vt 0.217378 0.779065
vt 0.208882 0.779065
vt 0.208882 0.755289
vt 0.217378 0.755289
vt 0.029883 0.515167
vt 0.010467 0.515167
vt 0.010467 0.491391
vt 0.029883 0.491391
vt 0.744650 0.908834
vt 0.744650 0.889418
vt 0.753145 0.889418
vt 0.753145 0.908834
vt 0.859092 0.291619
vt 0.850596 0.291619
vt 0.850596 0.267843
vt 0.859092 0.267843
vt 0.418844 0.989533
vt 0.418844 0.970117
vt 0.427339 0.970117
vt 0.427339 0.989533
vt 0.070233 0.515167
vt 0.050817 0.515167
vt 0.050817 0.491391
vt 0.070233 0.491391
vt 0.859603 0.246909
vt 0.851108 0.246909
vt 0.851108 0.223133
vt 0.859603 0.223133
vt 0.110582 0.515167
vt 0.091166 0.515167
vt 0.091166 0.491391
vt 0.110582 0.491391
vt 0.448273 0.989533
vt 0.448273 0.970117
vt 0.456768 0.970117
vt 0.456768 0.989533
vt 0.861566 0.202200
vt 0.853070 0.202200
vt 0.853070 0.178424
vt 0.861566 0.178424
vt 0.479789 0.989533
vt 0.479789 0.970117
vt 0.488284 0.970117
vt 0.488284 0.989533
vt 0.150932 0.515167
vt 0.131516 0.515167
vt 0.131516 0.491391
vt 0.150932 0.491391
vt 0.863972 0.126652
vt 0.855477 0.126652
vt 0.855477 0.102876
vt 0.863972 0.102876
vt 0.191282 0.515167
vt 0.171866 0.515167
vt 0.171866 0.491391
vt 0.191282 0.491391
vt 0.509218 0.989533
vt 0.509218 0.970117
vt 0.517713 0.970117
vt 0.517713 0.989533
vt 0.287680 0.779065
vt 0.279184 0.779065
vt 0.279184 0.755289
vt 0.287680 0.755289
vt 0.774079 0.908834
vt 0.774079 0.889418
vt 0.782574 0.889418
vt 0.782574 0.908834
vt 0.231631 0.515167
vt 0.212215 0.515167
vt 0.212215 0.491391
vt 0.231631 0.491391
vt 0.488284 0.779065
vt 0.479789 0.779065
vt 0.479789 0.755289
vt 0.488284 0.755289
vt 0.271981 0.515167
vt 0.252565 0.515167
vt 0.252565 0.491391
vt 0.271981 0.491391
vt 0.803508 0.908834
vt 0.803508 0.889418
vt 0.812003 0.889418
vt 0.812003 0.908834
vt 0.099662 0.868484
vt 0.091166 0.868484
vt 0.091166 0.844708
vt 0.099662 0.844708
vt 0.538647 0.989533
vt 0.538647 0.970117
vt 0.547142 0.970117
vt 0.547142 0.989533
vt 0.312331 0.515167
vt 0.292915 0.515167
vt 0.292915 0.491391
vt 0.312331 0.491391
vt 0.129091 0.868484
vt 0.120595 0.868484
vt 0.120595 0.844708
vt 0.129091 0.844708
vt 0.352680 0.515167
vt 0.333264 0.515167
vt 0.333264 0.491391
vt 0.352680 0.491391
vt 0.568076 0.989533
vt 0.568076 0.970117
vt 0.576571 0.970117
vt 0.576571 0.989533
vt 0.517713 0.779065
vt 0.509218 0.779065
vt 0.509218 0.755289
vt 0.517713 0.755289
vt 0.832937 0.908834
vt 0.832937 0.889418
vt 0.841432 0.889418
vt 0.841432 0.908834
vt 0.393030 0.515167
vt 0.373614 0.515167
vt 0.373614 0.491391
vt 0.393030 0.491391
vt 0.018962 0.779163
vt 0.010467 0.779163
vt 0.010467 0.755387
vt 0.018962 0.755387
vt 0.433380 0.515167
vt 0.413964 0.515167
vt 0.413964 0.491391
vt 0.433380 0.491391
vt 0.862366 0.908834
vt 0.862366 0.889418
vt 0.870861 0.889418
vt 0.870861 0.908834
vt 0.048391 0.779163
vt 0.039896 0.779163
vt 0.039896 0.755387
vt 0.048391 0.755387
vt 0.891795 0.908834
vt 0.891795 0.889418
vt 0.900290 0.889418
vt 0.900290 0.908834
vt 0.473729 0.515167
vt 0.454313 0.515167
vt 0.454313 0.491391
vt 0.473729 0.491391
vt 0.782159 0.034243
vt 0.773664 0.034243
vt 0.773664 0.010467
vt 0.782159 0.010467
vt 0.514079 0.515167
vt 0.494663 0.515167
vt 0.494663 0.491391
vt 0.514079 0.491391
vt 0.010467 0.908932
vt 0.010467 0.889516
vt 0.018962 0.889516
vt 0.018962 0.908932
vt 0.782159 0.078952
vt 0.773664 0.078952
vt 0.773664 0.055176
vt 0.782159 0.055176
vt 0.010467 0.949281
vt 0.010467 0.929865
vt 0.018962 0.929865
vt 0.018962 0.949281
vt 0.524198 0.246909
vt 0.504782 0.246909
vt 0.504782 0.223133
vt 0.524198 0.223133
vt 0.253918 0.783425
vt 0.245423 0.783425
vt 0.245423 0.759649
vt 0.253918 0.759649
vt 0.524198 0.291619
vt 0.504782 0.291619
vt 0.504782 0.267843
vt 0.524198 0.267843
vt 0.941357 0.197840
vt 0.941357 0.178424
vt 0.949853 0.178424
vt 0.949853 0.197840
vt 0.362221 0.783425
vt 0.353726 0.783425
vt 0.353726 0.759649
vt 0.362221 0.759649
vt 0.943764 0.122292
vt 0.943764 0.102876
vt 0.952259 0.102876
vt 0.952259 0.122292
vt 0.526672 0.202200
vt 0.507256 0.202200
vt 0.507256 0.178424
vt 0.526672 0.178424
vt 0.332792 0.783425
vt 0.324297 0.783425
vt 0.324297 0.759649
vt 0.332792 0.759649
vt 0.532587 0.126652
vt 0.513171 0.126652
vt 0.513171 0.102876
vt 0.532587 0.102876
vt 0.950238 0.029883
vt 0.950238 0.010467
vt 0.958733 0.010467
vt 0.958733 0.029883
vt 0.393737 0.783425
vt 0.385241 0.783425
vt 0.385241 0.759649
vt 0.393737 0.759649
vt 0.900434 0.555517
vt 0.900434 0.536101
vt 0.908929 0.536101
vt 0.908929 0.555517
vt 0.541307 0.034243
vt 0.521891 0.034243
vt 0.521891 0.010467
vt 0.541307 0.010467
vt 0.425253 0.783425
vt 0.416757 0.783425
vt 0.416757 0.759649
vt 0.425253 0.759649
vt 0.541307 0.078952
vt 0.521891 0.078952
vt 0.521891 0.055176
vt 0.541307 0.055176
vt 0.900434 0.595866
vt 0.900434 0.576450
vt 0.908929 0.576450
vt 0.908929 0.595866
vt 0.555807 0.783425
vt 0.547312 0.783425
vt 0.547312 0.759649
vt 0.555807 0.759649
vt 0.900615 0.689646
vt 0.900615 0.670229
vt 0.909111 0.670229
vt 0.909111 0.689646
vt 0.554429 0.336329
vt 0.535013 0.336329
vt 0.535013 0.312553
vt 0.554429 0.312553
vt 0.585262 0.783425
vt 0.576767 0.783425
vt 0.576767 0.759649
vt 0.585262 0.759649
vt 0.554429 0.381038
vt 0.535013 0.381038
vt 0.535013 0.357262
vt 0.554429 0.357262
vt 0.900615 0.729995
vt 0.900615 0.710579
vt 0.909111 0.710579
vt 0.909111 0.729995
vt 0.614717 0.783425
vt 0.606222 0.783425
vt 0.606222 0.759649
vt 0.614717 0.759649
vt 0.900615 0.770345
vt 0.900615 0.750929
vt 0.909111 0.750929
vt 0.909111 0.770345
vt 0.554429 0.425748
vt 0.535013 0.425748
vt 0.535013 0.401972
vt 0.554429 0.401972
vt 0.644172 0.783425
vt 0.635676 0.783425
vt 0.635676 0.759649
vt 0.644172 0.759649
vt 0.554429 0.470457
vt 0.535013 0.470457
vt 0.535013 0.446681
vt 0.554429 0.446681
vt 0.900615 0.810695
vt 0.900615 0.791279
vt 0.909111 0.791279
vt 0.909111 0.810695
vt 0.673627 0.783425
vt 0.665131 0.783425
vt 0.665131 0.759649
vt 0.673627 0.759649
vt 0.900693 0.868484
vt 0.900693 0.849068
vt 0.909188 0.849068
vt 0.909188 0.868484
vt 0.554429 0.515167
vt 0.535013 0.515167
vt 0.535013 0.491391
vt 0.554429 0.491391
vt 0.703056 0.783425
vt 0.694560 0.783425
vt 0.694560 0.759649
vt 0.703056 0.759649
vt 0.029883 0.559877
vt 0.010467 0.559877
vt 0.010467 0.536101
vt 0.029883 0.536101
vt 0.902415 0.376678
vt 0.902415 0.357262
vt 0.910910 0.357262
vt 0.910910 0.376678
vt 0.732536 0.783425
vt 0.724041 0.783425
vt 0.724041 0.759649
vt 0.732536 0.759649
vt 0.902415 0.417028
vt 0.902415 0.397612
vt 0.910910 0.397612
vt 0.910910 0.417028
vt 0.070233 0.559877
vt 0.050817 0.559877
vt 0.050817 0.536101
vt 0.070233 0.536101
vt 0.761965 0.783425
vt 0.753470 0.783425
vt 0.753470 0.759649
vt 0.761965 0.759649
vt 0.110582 0.559877
vt 0.091166 0.559877
vt 0.091166 0.536101
vt 0.110582 0.536101
vt 0.902415 0.457378
vt 0.902415 0.437962
vt 0.910910 0.437962
vt 0.910910 0.457378
vt 0.732485 0.828134
vt 0.723989 0.828134
vt 0.723989 0.804358
vt 0.732485 0.804358
vt 0.968313 0.287259
vt 0.968313 0.267843
vt 0.976808 0.267843
vt 0.976808 0.287259
vt 0.150932 0.559877
vt 0.131516 0.559877
vt 0.131516 0.536101
vt 0.150932 0.536101
vt 0.761965 0.828134
vt 0.753470 0.828134
vt 0.753470 0.804358
vt 0.761965 0.804358
vt 0.191282 0.559877
vt 0.171866 0.559877
vt 0.171866 0.536101
vt 0.191282 0.536101
vt 0.968824 0.242549
vt 0.968824 0.223133
vt 0.977319 0.223133
vt 0.977319 0.242549
vt 0.790652 0.649296
vt 0.782157 0.649296
vt 0.782157 0.625520
vt 0.790652 0.625520
vt 0.902415 0.497727
vt 0.902415 0.478311
vt 0.910910 0.478311
vt 0.910910 0.497727
vt 0.231631 0.559877
vt 0.212215 0.559877
vt 0.212215 0.536101
vt 0.231631 0.536101
vt 0.791213 0.559877
vt 0.782718 0.559877
vt 0.782718 0.536101
vt 0.791213 0.536101
vt 0.271981 0.559877
vt 0.252565 0.559877
vt 0.252565 0.536101
vt 0.271981 0.536101
vt 0.902441 0.331969
vt 0.902441 0.312553
vt 0.910936 0.312553
vt 0.910936 0.331969
vt 0.791213 0.604586
vt 0.782718 0.604586
vt 0.782718 0.580810
vt 0.791213 0.580810
vt 0.909454 0.287259
vt 0.909454 0.267843
vt 0.917950 0.267843
vt 0.917950 0.287259
vt 0.312331 0.559877
vt 0.292915 0.559877
vt 0.292915 0.536101
vt 0.312331 0.536101
vt 0.791394 0.694005
vt 0.782899 0.694005
vt 0.782899 0.670229
vt 0.791394 0.670229
vt 0.118423 0.246909
vt 0.099007 0.246909
vt 0.099007 0.223133
vt 0.118423 0.223133
vt 0.909966 0.242549
vt 0.909966 0.223133
vt 0.918461 0.223133
vt 0.918461 0.242549
vt 0.791395 0.828134
vt 0.782899 0.828134
vt 0.782899 0.804358
vt 0.791395 0.804358
vt 0.970787 0.197840
vt 0.970787 0.178424
vt 0.979282 0.178424
vt 0.979282 0.197840
vt 0.352680 0.559877
vt 0.333264 0.559877
vt 0.333264 0.536101
vt 0.352680 0.536101
vt 0.820823 0.828134
vt 0.812328 0.828134
vt 0.812328 0.804358
vt 0.820823 0.804358
vt 0.161051 0.246909
vt 0.141635 0.246909
vt 0.141635 0.223133
vt 0.161051 0.223133
vt 0.973193 0.122292
vt 0.973193 0.102876
vt 0.981688 0.102876
vt 0.981688 0.122292
vt 0.791394 0.738715
vt 0.782899 0.738715
vt 0.782899 0.714939
vt 0.791394 0.714939
vt 0.911928 0.197840
vt 0.911928 0.178424
vt 0.920424 0.178424
vt 0.920424 0.197840
vt 0.393030 0.559877
vt 0.373614 0.559877
vt 0.373614 0.536101
vt 0.393030 0.536101
vt 0.791394 0.783425
vt 0.782899 0.783425
vt 0.782899 0.759649
vt 0.791394 0.759649
vt 0.201400 0.246909
vt 0.181984 0.246909
vt 0.181984 0.223133
vt 0.201400 0.223133
vt 0.914335 0.122292
vt 0.914335 0.102876
vt 0.922830 0.102876
vt 0.922830 0.122292
vt 0.793194 0.381038
vt 0.784699 0.381038
vt 0.784699 0.357262
vt 0.793194 0.357262
vt 0.920809 0.029883
vt 0.920809 0.010467
vt 0.929304 0.010467
vt 0.929304 0.029883
vt 0.433380 0.559877
vt 0.413964 0.559877
vt 0.413964 0.536101
vt 0.433380 0.536101
vt 0.793194 0.425748
vt 0.784699 0.425748
vt 0.784699 0.401972
vt 0.793194 0.401972
vt 0.473729 0.559877
vt 0.454313 0.559877
vt 0.454313 0.536101
vt 0.473729 0.536101
vt 0.920809 0.070233
vt 0.920809 0.050817
vt 0.929304 0.050817
vt 0.929304 0.070233
vt 0.829663 0.291619
vt 0.821167 0.291619
vt 0.821167 0.267843
vt 0.829663 0.267843
vt 0.039896 0.985271
vt 0.039896 0.965855
vt 0.048391 0.965855
vt 0.048391 0.985271
vt 0.514079 0.559877
vt 0.494663 0.559877
vt 0.494663 0.536101
vt 0.514079 0.536101
vt 0.830174 0.246909
vt 0.821679 0.246909
vt 0.821679 0.223133
vt 0.830174 0.223133
vt 0.554429 0.559877
vt 0.535013 0.559877
vt 0.535013 0.536101
vt 0.554429 0.536101
vt 0.979667 0.029883
vt 0.979667 0.010467
vt 0.988162 0.010467
vt 0.988162 0.029883
vt 0.793194 0.470457
vt 0.784699 0.470457
vt 0.784699 0.446681
vt 0.793194 0.446681
vt 0.921224 0.908834
vt 0.921224 0.889418
vt 0.929719 0.889418
vt 0.929719 0.908834
vt 0.564548 0.246909
vt 0.545132 0.246909
vt 0.545132 0.223133
vt 0.564548 0.223133
vt 0.793194 0.515167
vt 0.784699 0.515167
vt 0.784699 0.491391
vt 0.793194 0.491391
vt 0.564548 0.291619
vt 0.545132 0.291619
vt 0.545132 0.267843
vt 0.564548 0.267843
vt 0.929302 0.644936
vt 0.929302 0.625520
vt 0.937797 0.625520
vt 0.937797 0.644936
vt 0.793220 0.336329
vt 0.784725 0.336329
vt 0.784725 0.312553
vt 0.793220 0.312553
vt 0.929863 0.555517
vt 0.929863 0.536101
vt 0.938358 0.536101
vt 0.938358 0.555517
vt 0.567022 0.202200
vt 0.547606 0.202200
vt 0.547606 0.178424
vt 0.567022 0.178424
vt 0.800234 0.291619
vt 0.791738 0.291619
vt 0.791738 0.267843
vt 0.800234 0.267843
vt 0.241750 0.246909
vt 0.222334 0.246909
vt 0.222334 0.223133
vt 0.241750 0.223133
vt 0.929863 0.595866
vt 0.929863 0.576450
vt 0.938358 0.576450
vt 0.938358 0.595866
vt 0.800745 0.246909
vt 0.792250 0.246909
vt 0.792250 0.223133
vt 0.800745 0.223133
vt 0.930044 0.689646
vt 0.930044 0.670229
vt 0.938540 0.670229
vt 0.938540 0.689646
vt 0.572937 0.126652
vt 0.553521 0.126652
vt 0.553521 0.102876
vt 0.572937 0.102876
vt 0.802708 0.202200
vt 0.794212 0.202200
vt 0.794212 0.178424
vt 0.802708 0.178424
vt 0.250140 0.126652
vt 0.230724 0.126652
vt 0.230724 0.102876
vt 0.250140 0.102876
vt 0.930044 0.729995
vt 0.930044 0.710579
vt 0.938540 0.710579
vt 0.938540 0.729995
vt 0.805114 0.126652
vt 0.796619 0.126652
vt 0.796619 0.102876
vt 0.805114 0.102876
vt 0.930044 0.770345
vt 0.930044 0.750929
vt 0.938540 0.750929
vt 0.938540 0.770345
vt 0.581657 0.034243
vt 0.562241 0.034243
vt 0.562241 0.010467
vt 0.581657 0.010467
vt 0.811588 0.034243
vt 0.803093 0.034243
vt 0.803093 0.010467
vt 0.811588 0.010467
vt 0.258860 0.034243
vt 0.239443 0.034243
vt 0.239443 0.010467
vt 0.258860 0.010467
vt 0.930044 0.810695
vt 0.930044 0.791279
vt 0.938540 0.791279
vt 0.938540 0.810695
vt 0.158520 0.868484
vt 0.150024 0.868484
vt 0.150024 0.844708
vt 0.158520 0.844708
vt 0.597505 0.989533
vt 0.597505 0.970117
vt 0.606000 0.970117
vt 0.606000 0.989533
vt 0.581657 0.078952
vt 0.562241 0.078952
vt 0.562241 0.055176
vt 0.581657 0.055176
vt 0.187949 0.868484
vt 0.179453 0.868484
vt 0.179453 0.844708
vt 0.187949 0.844708
vt 0.258860 0.078952
vt 0.239443 0.078952
vt 0.239443 0.055176
vt 0.258860 0.055176
vt 0.626934 0.989533
vt 0.626934 0.970117
vt 0.635429 0.970117
vt 0.635429 0.989533
vt 0.811588 0.078952
vt 0.803093 0.078952
vt 0.803093 0.055176
vt 0.811588 0.055176
vt 0.930122 0.868484
vt 0.930122 0.849068
vt 0.938617 0.849068
vt 0.938617 0.868484
vt 0.594779 0.336329
vt 0.575363 0.336329
vt 0.575363 0.312553
vt 0.594779 0.312553
vt 0.820081 0.649296
vt 0.811586 0.649296
vt 0.811586 0.625520
vt 0.820081 0.625520
vt 0.594779 0.381038
vt 0.575363 0.381038
vt 0.575363 0.357262
vt 0.594779 0.357262
vt 0.931844 0.376678
vt 0.931844 0.357262
vt 0.940339 0.357262
vt 0.940339 0.376678
vt 0.820642 0.559877
vt 0.812147 0.559877
vt 0.812147 0.536101
vt 0.820642 0.536101
vt 0.931844 0.417028
vt 0.931844 0.397612
vt 0.940339 0.397612
vt 0.940339 0.417028
vt 0.594779 0.425748
vt 0.575363 0.425748
vt 0.575363 0.401972
vt 0.594779 0.401972
vt 0.820642 0.604586
vt 0.812147 0.604586
vt 0.812147 0.580810
vt 0.820642 0.580810
vt 0.594779 0.470457
vt 0.575363 0.470457
vt 0.575363 0.446681
vt 0.594779 0.446681
vt 0.931844 0.457378
vt 0.931844 0.437962
vt 0.940339 0.437962
vt 0.940339 0.457378
vt 0.820823 0.694005
vt 0.812328 0.694005
vt 0.812328 0.670229
vt 0.820823 0.670229
vt 0.931844 0.497727
vt 0.931844 0.478311
vt 0.940339 0.478311
vt 0.940339 0.497727
vt 0.594779 0.515167
vt 0.575363 0.515167
vt 0.575363 0.491391
vt 0.594779 0.491391
vt 0.820823 0.738715
vt 0.812328 0.738715
vt 0.812328 0.714939
vt 0.820823 0.714939
vt 0.594779 0.559877
vt 0.575363 0.559877
vt 0.575363 0.536101
vt 0.594779 0.536101
vt 0.931870 0.331969
vt 0.931870 0.312553
vt 0.940365 0.312553
vt 0.940365 0.331969
vt 0.820823 0.783425
vt 0.812328 0.783425
vt 0.812328 0.759649
vt 0.820823 0.759649
vt 0.039896 0.944921
vt 0.039896 0.925505
vt 0.048391 0.925505
vt 0.048391 0.944921
vt 0.029883 0.604586
vt 0.010467 0.604586
vt 0.010467 0.580810
vt 0.029883 0.580810
vt 0.822623 0.381038
vt 0.814128 0.381038
vt 0.814128 0.357262
vt 0.822623 0.357262
vt 0.070233 0.604586
vt 0.050817 0.604586
vt 0.050817 0.580810
vt 0.070233 0.580810
vt 0.938883 0.287259
vt 0.938883 0.267843
vt 0.947379 0.267843
vt 0.947379 0.287259
vt 0.822623 0.425748
vt 0.814128 0.425748
vt 0.814128 0.401972
vt 0.822623 0.401972
vt 0.939395 0.242549
vt 0.939395 0.223133
vt 0.947890 0.223133
vt 0.947890 0.242549
vt 0.110582 0.604586
vt 0.091166 0.604586
vt 0.091166 0.580810
vt 0.110582 0.580810
vt 0.822623 0.470457
vt 0.814128 0.470457
vt 0.814128 0.446681
vt 0.822623 0.446681
vt 0.150932 0.604586
vt 0.131516 0.604586
vt 0.131516 0.580810
vt 0.150932 0.580810
vt 0.091166 0.949183
vt 0.091166 0.929767
vt 0.099662 0.929767
vt 0.099662 0.949183
vt 0.822623 0.515167
vt 0.814128 0.515167
vt 0.814128 0.491391
vt 0.822623 0.491391
vt 0.120595 0.949183
vt 0.120595 0.929767
vt 0.129091 0.929767
vt 0.129091 0.949183
vt 0.191282 0.604586
vt 0.171866 0.604586
vt 0.171866 0.580810
vt 0.191282 0.580810
vt 0.822649 0.336329
vt 0.814154 0.336329
vt 0.814154 0.312553
vt 0.822649 0.312553
vt 0.231631 0.604586
vt 0.212215 0.604586
vt 0.212215 0.580810
vt 0.231631 0.580810
vt 0.150024 0.949183
vt 0.150024 0.929767
vt 0.158520 0.929767
vt 0.158520 0.949183
vt 0.099662 0.823774
vt 0.091166 0.823774
vt 0.091166 0.799998
vt 0.099662 0.799998
vt 0.179453 0.949183
vt 0.179453 0.929767
vt 0.187949 0.929767
vt 0.187949 0.949183
vt 0.271981 0.604586
vt 0.252565 0.604586
vt 0.252565 0.580810
vt 0.271981 0.580810
vt 0.129091 0.823774
vt 0.120595 0.823774
vt 0.120595 0.799998
vt 0.129091 0.799998
vt 0.312331 0.604586
vt 0.292915 0.604586
vt 0.292915 0.580810
vt 0.312331 0.580810
vt 0.208882 0.949183
vt 0.208882 0.929767
vt 0.217378 0.929767
vt 0.217378 0.949183
vt 0.158520 0.823774
vt 0.150024 0.823774
vt 0.150024 0.799998
vt 0.158520 0.799998
vt 0.238311 0.949183
vt 0.238311 0.929767
vt 0.246807 0.929767
vt 0.246807 0.949183
vt 0.352680 0.604586
vt 0.333264 0.604586
vt 0.333264 0.580810
vt 0.352680 0.580810
vt 0.187949 0.823774
vt 0.179453 0.823774
vt 0.179453 0.799998
vt 0.187949 0.799998
vt 0.393030 0.604586
vt 0.373614 0.604586
vt 0.373614 0.580810
vt 0.393030 0.580810
vt 0.267740 0.949183
vt 0.267740 0.929767
vt 0.276236 0.929767
vt 0.276236 0.949183
vt 0.217378 0.823774
vt 0.208882 0.823774
vt 0.208882 0.799998
vt 0.217378 0.799998
vt 0.297169 0.949183
vt 0.297169 0.929767
vt 0.305665 0.929767
vt 0.305665 0.949183
vt 0.433380 0.604586
vt 0.413964 0.604586
vt 0.413964 0.580810
vt 0.433380 0.580810
vt 0.287680 0.823774
vt 0.279184 0.823774
vt 0.279184 0.799998
vt 0.287680 0.799998
vt 0.473729 0.604586
vt 0.454313 0.604586
vt 0.454313 0.580810
vt 0.473729 0.580810
vt 0.326598 0.949183
vt 0.326598 0.929767
vt 0.335094 0.929767
vt 0.335094 0.949183
vt 0.704907 0.470457
vt 0.696412 0.470457
vt 0.696412 0.446681
vt 0.704907 0.446681
vt 0.656363 0.989533
vt 0.656363 0.970117
vt 0.664858 0.970117
vt 0.664858 0.989533
vt 0.029883 0.246909
vt 0.010467 0.246909
vt 0.010467 0.223133
vt 0.029883 0.223133
vt 0.704907 0.515167
vt 0.696412 0.515167
vt 0.696412 0.491391
vt 0.704907 0.491391
vt 0.070233 0.246909
vt 0.050817 0.246909
vt 0.050817 0.223133
vt 0.070233 0.223133
vt 0.685792 0.989533
vt 0.685792 0.970117
vt 0.694287 0.970117
vt 0.694287 0.989533
vt 0.180361 0.157490
vt 0.171866 0.157490
vt 0.171866 0.102876
vt 0.180361 0.102876
vt 0.715221 0.989533
vt 0.715221 0.970117
vt 0.723716 0.970117
vt 0.723716 0.989533
vt 0.029883 0.157490
vt 0.010467 0.157490
vt 0.010467 0.102876
vt 0.029883 0.102876
vt 0.189081 0.065081
vt 0.180585 0.065081
vt 0.180585 0.010467
vt 0.189081 0.010467
vt 0.070233 0.157490
vt 0.050817 0.157490
vt 0.050817 0.102876
vt 0.070233 0.102876
vt 0.744650 0.989533
vt 0.744650 0.970117
vt 0.753145 0.970117
vt 0.753145 0.989533
vt 0.209790 0.157490
vt 0.201295 0.157490
vt 0.201295 0.102876
vt 0.209790 0.102876
vt 0.774079 0.989533
vt 0.774079 0.970117
vt 0.782574 0.970117
vt 0.782574 0.989533
vt 0.110582 0.157490
vt 0.091166 0.157490
vt 0.091166 0.102876
vt 0.110582 0.102876
vt 0.218510 0.065081
vt 0.210014 0.065081
vt 0.210014 0.010467
vt 0.218510 0.010467
vt 0.150932 0.157490
vt 0.131516 0.157490
vt 0.131516 0.102876
vt 0.150932 0.102876
vt 0.803508 0.989533
vt 0.803508 0.970117
vt 0.812003 0.970117
vt 0.812003 0.989533
vt 0.184263 0.202200
vt 0.184263 0.178424
vt 0.203777 0.178424
vt 0.203777 0.202200
vt 0.514079 0.604586
vt 0.494663 0.604586
vt 0.494663 0.580810
vt 0.514079 0.580810
vt 0.029883 0.689743
vt 0.010467 0.689743
vt 0.010467 0.670229
vt 0.029883 0.670229
vt 0.244224 0.178424
vt 0.244224 0.202200
vt 0.224710 0.202200
vt 0.224710 0.178424
vt 0.070233 0.689743
vt 0.050817 0.689743
vt 0.050817 0.670229
vt 0.070233 0.670229
vt 0.554429 0.604586
vt 0.535013 0.604586
vt 0.535013 0.580810
vt 0.554429 0.580810
vt 0.693872 0.034243
vt 0.683290 0.034243
vt 0.683290 0.010467
vt 0.693872 0.010467
vt 0.448273 0.779065
vt 0.448273 0.759649
vt 0.458855 0.759649
vt 0.458855 0.779065
vt 0.594779 0.604586
vt 0.575363 0.604586
vt 0.575363 0.580810
vt 0.594779 0.580810
vt 0.693872 0.078952
vt 0.683290 0.078952
vt 0.683290 0.055176
vt 0.693872 0.055176
vt 0.604897 0.246909
vt 0.585481 0.246909
vt 0.585481 0.223133
vt 0.604897 0.223133
vt 0.039896 0.864222
vt 0.039896 0.844806
vt 0.050478 0.844806
vt 0.050478 0.864222
vt 0.672910 0.649296
vt 0.656062 0.649296
vt 0.656062 0.625520
vt 0.672910 0.625520
vt 0.169859 0.689646
vt 0.169859 0.670229
vt 0.186707 0.670229
vt 0.186707 0.689646
vt 0.604897 0.291619
vt 0.585481 0.291619
vt 0.585481 0.267843
vt 0.604897 0.267843
vt 0.683029 0.246909
vt 0.666181 0.246909
vt 0.666181 0.223133
vt 0.683029 0.223133
vt 0.607371 0.202200
vt 0.587955 0.202200
vt 0.587955 0.178424
vt 0.607371 0.178424
vt 0.207641 0.689646
vt 0.207641 0.670229
vt 0.224489 0.670229
vt 0.224489 0.689646
vt 0.120701 0.202200
vt 0.099007 0.202200
vt 0.099007 0.178424
vt 0.120701 0.178424
vt 0.675478 0.468376
vt 0.656062 0.468376
vt 0.656062 0.446681
vt 0.675478 0.446681
vt 0.613287 0.126652
vt 0.593871 0.126652
vt 0.593871 0.102876
vt 0.613287 0.102876
vt 0.163329 0.202200
vt 0.141635 0.202200
vt 0.141635 0.178424
vt 0.163329 0.178424
vt 0.622007 0.034243
vt 0.602591 0.034243
vt 0.602591 0.010467
vt 0.622007 0.010467
vt 0.675478 0.513085
vt 0.656062 0.513085
vt 0.656062 0.491391
vt 0.675478 0.491391
vt 0.364308 0.694005
vt 0.353726 0.694005
vt 0.353726 0.670229
vt 0.364308 0.670229
vt 0.245423 0.868484
vt 0.245423 0.849068
vt 0.256005 0.849068
vt 0.256005 0.868484
vt 0.622007 0.078952
vt 0.602591 0.078952
vt 0.602591 0.055176
vt 0.622007 0.055176
vt 0.395824 0.694005
vt 0.385241 0.694005
vt 0.385241 0.670229
vt 0.395824 0.670229
vt 0.635128 0.336329
vt 0.615712 0.336329
vt 0.615712 0.312553
vt 0.635128 0.312553
vt 0.324297 0.868484
vt 0.324297 0.849068
vt 0.334879 0.849068
vt 0.334879 0.868484
vt 0.703107 0.694005
vt 0.694586 0.694005
vt 0.694586 0.670229
vt 0.703107 0.670229
vt 0.753496 0.868484
vt 0.753496 0.849068
vt 0.762017 0.849068
vt 0.762017 0.868484
vt 0.635128 0.381038
vt 0.615712 0.381038
vt 0.615712 0.357262
vt 0.635128 0.357262
vt 0.704933 0.336329
vt 0.696412 0.336329
vt 0.696412 0.312553
vt 0.704933 0.312553
vt 0.635128 0.425748
vt 0.615712 0.425748
vt 0.615712 0.401972
vt 0.635128 0.401972
vt 0.782951 0.868484
vt 0.782951 0.849068
vt 0.791472 0.849068
vt 0.791472 0.868484
vt 0.555833 0.694005
vt 0.547312 0.694005
vt 0.547312 0.670229
vt 0.555833 0.670229
vt 0.418844 0.868484
vt 0.418844 0.849068
vt 0.427365 0.849068
vt 0.427365 0.868484
vt 0.635128 0.470457
vt 0.615712 0.470457
vt 0.615712 0.446681
vt 0.635128 0.446681
vt 0.585288 0.694005
vt 0.576767 0.694005
vt 0.576767 0.670229
vt 0.585288 0.670229
vt 0.635128 0.515167
vt 0.615712 0.515167
vt 0.615712 0.491391
vt 0.635128 0.491391
vt 0.547312 0.868484
vt 0.547312 0.849068
vt 0.555833 0.849068
vt 0.555833 0.868484
vt 0.034243 0.010467
vt 0.034243 0.081943
vt 0.010467 0.081943
vt 0.010467 0.010467
vt 0.119302 0.081943
vt 0.099886 0.081943
vt 0.099886 0.010467
vt 0.119302 0.010467
vt 0.635128 0.559877
vt 0.615712 0.559877
vt 0.615712 0.536101
vt 0.635128 0.536101
vt 0.078952 0.010467
vt 0.078952 0.081943
vt 0.055176 0.081943
vt 0.055176 0.010467
vt 0.635128 0.604586
vt 0.615712 0.604586
vt 0.615712 0.580810
vt 0.635128 0.580810
vt 0.159652 0.081943
vt 0.140236 0.081943
vt 0.140236 0.010467
vt 0.159652 0.010467
vt 0.033803 0.202200
vt 0.010467 0.202200
vt 0.010467 0.178424
vt 0.033803 0.178424
vt 0.675478 0.380599
vt 0.656062 0.380599
vt 0.656062 0.357262
vt 0.675478 0.357262
vt 0.645247 0.246909
vt 0.625831 0.246909
vt 0.625831 0.223133
vt 0.645247 0.223133
vt 0.078073 0.202200
vt 0.054737 0.202200
vt 0.054737 0.178424
vt 0.078073 0.178424
vt 0.645247 0.291619
vt 0.625831 0.291619
vt 0.625831 0.267843
vt 0.645247 0.267843
vt 0.675478 0.425308
vt 0.656062 0.425308
vt 0.656062 0.401972
vt 0.675478 0.401972
vt 0.673471 0.559877
vt 0.656062 0.559877
vt 0.656062 0.536101
vt 0.673471 0.536101
vt 0.091166 0.689646
vt 0.091166 0.670229
vt 0.108576 0.670229
vt 0.108576 0.689646
vt 0.647721 0.202200
vt 0.628305 0.202200
vt 0.628305 0.178424
vt 0.647721 0.178424
vt 0.673471 0.604586
vt 0.656062 0.604586
vt 0.656062 0.580810
vt 0.673471 0.580810
vt 0.029883 0.649296
vt 0.010467 0.649296
vt 0.010467 0.625520
vt 0.029883 0.625520
vt 0.131516 0.689646
vt 0.131516 0.670229
vt 0.148925 0.670229
vt 0.148925 0.689646
vt 0.687398 0.126652
vt 0.674570 0.126652
vt 0.674570 0.102876
vt 0.687398 0.102876
vt 0.479789 0.689646
vt 0.479789 0.670229
vt 0.492617 0.670229
vt 0.492617 0.689646
vt 0.070233 0.649296
vt 0.050817 0.649296
vt 0.050817 0.625520
vt 0.070233 0.625520
vt 0.258251 0.694005
vt 0.245423 0.694005
vt 0.245423 0.670229
vt 0.258251 0.670229
vt 0.110582 0.649296
vt 0.091166 0.649296
vt 0.091166 0.625520
vt 0.110582 0.625520
vt 0.513550 0.689646
vt 0.513550 0.670229
vt 0.526378 0.670229
vt 0.526378 0.689646
vt 0.682518 0.291619
vt 0.666181 0.291619
vt 0.666181 0.267843
vt 0.682518 0.267843
vt 0.279184 0.689646
vt 0.279184 0.670229
vt 0.295521 0.670229
vt 0.295521 0.689646
vt 0.150932 0.649296
vt 0.131516 0.649296
vt 0.131516 0.625520
vt 0.150932 0.625520
vt 0.684992 0.202200
vt 0.668655 0.202200
vt 0.668655 0.178424
vt 0.684992 0.178424
vt 0.282100 0.246909
vt 0.262684 0.246909
vt 0.262684 0.223133
vt 0.282100 0.223133
vt 0.316455 0.689646
vt 0.316455 0.670229
vt 0.332792 0.670229
vt 0.332792 0.689646
vt 0.614743 0.694005
vt 0.606222 0.694005
vt 0.606222 0.670229
vt 0.614743 0.670229
vt 0.576767 0.868484
vt 0.576767 0.849068
vt 0.585288 0.849068
vt 0.585288 0.868484
vt 0.191282 0.649296
vt 0.171866 0.649296
vt 0.171866 0.625520
vt 0.191282 0.625520
vt 0.644198 0.694005
vt 0.635676 0.694005
vt 0.635676 0.670229
vt 0.644198 0.670229
vt 0.231631 0.649296
vt 0.212215 0.649296
vt 0.212215 0.625520
vt 0.231631 0.625520
vt 0.606222 0.868484
vt 0.606222 0.849068
vt 0.614743 0.849068
vt 0.614743 0.868484
vt 0.673653 0.694005
vt 0.665131 0.694005
vt 0.665131 0.670229
vt 0.673653 0.670229
vt 0.635676 0.868484
vt 0.635676 0.849068
vt 0.644198 0.849068
vt 0.644198 0.868484
vt 0.271981 0.649296
vt 0.252565 0.649296
vt 0.252565 0.625520
vt 0.271981 0.625520
vt 0.702365 0.649296
vt 0.693844 0.649296
vt 0.693844 0.625520
vt 0.702365 0.625520
vt 0.312331 0.649296
vt 0.292915 0.649296
vt 0.292915 0.625520
vt 0.312331 0.625520
vt 0.665131 0.868484
vt 0.665131 0.849068
vt 0.673653 0.849068
vt 0.673653 0.868484
vt 0.702926 0.559877
vt 0.694405 0.559877
vt 0.694405 0.536101
vt 0.702926 0.536101
vt 0.694586 0.868484
vt 0.694586 0.849068
vt 0.703107 0.849068
vt 0.703107 0.868484
vt 0.352680 0.649296
vt 0.333264 0.649296
vt 0.333264 0.625520
vt 0.352680 0.625520
vt 0.702926 0.604586
vt 0.694405 0.604586
vt 0.694405 0.580810
vt 0.702926 0.580810
vt 0.393030 0.649296
vt 0.373614 0.649296
vt 0.373614 0.625520
vt 0.393030 0.625520
vt 0.724041 0.868484
vt 0.724041 0.849068
vt 0.732562 0.849068
vt 0.732562 0.868484
vt 0.427339 0.694005
vt 0.416757 0.694005
vt 0.416757 0.670229
vt 0.427339 0.670229
vt 0.355812 0.868484
vt 0.355812 0.849068
vt 0.366395 0.849068
vt 0.366395 0.868484
vt 0.433380 0.649296
vt 0.413964 0.649296
vt 0.413964 0.625520
vt 0.433380 0.625520
vt 0.458855 0.694005
vt 0.448273 0.694005
vt 0.448273 0.670229
vt 0.458855 0.670229
vt 0.473729 0.649296
vt 0.454313 0.649296
vt 0.454313 0.625520
vt 0.473729 0.625520
vt 0.387328 0.868484
vt 0.387328 0.849068
vt 0.397910 0.849068
vt 0.397910 0.868484
vt 0.488284 0.823774
vt 0.479789 0.823774
vt 0.479789 0.799998
vt 0.488284 0.799998
vt 0.356027 0.949183
vt 0.356027 0.929767
vt 0.364523 0.929767
vt 0.364523 0.949183
vt 0.514079 0.649296
vt 0.494663 0.649296
vt 0.494663 0.625520
vt 0.514079 0.625520
vt 0.458855 0.823774
vt 0.450360 0.823774
vt 0.450360 0.799998
vt 0.458855 0.799998
vt 0.554429 0.649296
vt 0.535013 0.649296
vt 0.535013 0.625520
vt 0.554429 0.625520
vt 0.385457 0.949183
vt 0.385457 0.929767
vt 0.393952 0.929767
vt 0.393952 0.949183
vt 0.832137 0.202200
vt 0.823641 0.202200
vt 0.823641 0.178424
vt 0.832137 0.178424
vt 0.979667 0.070233
vt 0.979667 0.050817
vt 0.988162 0.050817
vt 0.988162 0.070233
vt 0.594779 0.649296
vt 0.575363 0.649296
vt 0.575363 0.625520
vt 0.594779 0.625520
vt 0.834543 0.126652
vt 0.826048 0.126652
vt 0.826048 0.102876
vt 0.834543 0.102876
vt 0.635128 0.649296
vt 0.615712 0.649296
vt 0.615712 0.625520
vt 0.635128 0.625520
vt 0.980082 0.908834
vt 0.980082 0.889418
vt 0.988577 0.889418
vt 0.988577 0.908834
vt 0.517713 0.823774
vt 0.509218 0.823774
vt 0.509218 0.799998
vt 0.517713 0.799998
vt 0.418844 0.949183
vt 0.418844 0.929767
vt 0.427339 0.929767
vt 0.427339 0.949183
vt 0.653637 0.126652
vt 0.634221 0.126652
vt 0.634221 0.102876
vt 0.653637 0.102876
vt 0.018962 0.823872
vt 0.010467 0.823872
vt 0.010467 0.800096
vt 0.018962 0.800096
vt 0.662356 0.034243
vt 0.642940 0.034243
vt 0.642940 0.010467
vt 0.662356 0.010467
vt 0.448273 0.949183
vt 0.448273 0.929767
vt 0.456768 0.929767
vt 0.456768 0.949183
vt 0.217378 0.868484
vt 0.208882 0.868484
vt 0.208882 0.844708
vt 0.217378 0.844708
vt 0.980082 0.949183
vt 0.980082 0.929767
vt 0.988577 0.929767
vt 0.988577 0.949183
vt 0.662356 0.078952
vt 0.642940 0.078952
vt 0.642940 0.055176
vt 0.662356 0.055176
vt 0.287680 0.868484
vt 0.279184 0.868484
vt 0.279184 0.844708
vt 0.287680 0.844708
vt 0.675478 0.336329
vt 0.656062 0.336329
vt 0.656062 0.312553
vt 0.675478 0.312553
vt 0.091166 0.989533
vt 0.091166 0.970117
vt 0.099662 0.970117
vt 0.099662 0.989533
s 1
usemtl grey_plastic
f 7/1/1 38/2/1 42/3/2 9/4/2
f 9/4/2 42/3/2 41/5/3 10/6/3
f 10/6/3 41/5/3 40/7/4 11/8/4
f 11/9/4 40/10/4 39/11/5 12/12/5
f 12/12/5 39/11/5 37/13/6 8/14/6
f 31/15/7 2/16/7 6/17/8 33/18/8
f 33/18/8 6/17/8 5/19/9 34/20/9
f 34/21/9 5/22/9 4/23/10 35/24/10
f 35/24/10 4/23/10 3/25/11 36/26/11
f 36/26/11 3/25/11 1/27/12 32/28/12
f 19/29/13 44/30/13 48/31/14 21/32/14
f 21/32/14 48/31/14 47/33/15 22/34/15
f 22/34/15 47/33/15 46/35/16 23/36/16
f 23/37/16 46/38/16 45/39/17 24/40/17
f 24/40/17 45/39/17 43/41/18 20/42/18
f 25/43/19 14/44/19 18/45/20 27/46/20
f 27/47/20 18/48/20 17/49/21 28/50/21
f 28/50/21 17/49/21 16/51/22 29/52/22
f 29/52/22 16/51/22 15/53/23 30/54/23
f 30/54/23 15/53/23 13/55/24 26/56/24
f 13/55/24 2/16/7 31/15/7 26/56/24
f 1/57/25 3/58/25 4/59/25 5/60/25 6/61/25 2/62/25 13/63/25 15/64/25 16/65/25 17/66/25 18/67/25 14/68/25 19/69/25 21/70/25 22/71/25 23/72/25 24/73/25 20/74/25 7/75/25 9/76/25 10/77/25 11/78/25 12/79/25 8/80/25
f 1/27/12 8/14/6 37/13/6 32/28/12
f 7/1/1 20/42/18 43/41/18 38/2/1
f 19/29/13 14/44/19 25/43/19 44/30/13
f 31/81/26 33/82/26 34/83/26 35/84/26 36/85/26 32/86/26 37/87/26 39/88/26 40/89/26 41/90/26 42/91/26 38/92/26 43/93/26 45/94/26 46/95/26 47/96/26 48/97/26 44/98/26 25/99/26 27/100/26 28/101/26 29/102/26 30/103/26 26/104/26
s 0
usemtl button
f 49/105/26 53/106/26 55/107/26 51/108/26
f 52/109/27 51/110/27 55/111/27 56/112/27
f 56/113/28 55/114/28 53/115/28 54/116/28
f 54/117/25 50/118/25 52/119/25 56/120/25
f 50/121/29 49/122/29 51/123/29 52/124/29
f 54/125/30 53/126/30 49/127/30 50/128/30
f 57/129/26 61/130/26 63/131/26 59/132/26
f 60/133/27 59/134/27 63/135/27 64/136/27
f 64/137/28 63/138/28 61/139/28 62/140/28
f 62/141/25 58/142/25 60/143/25 64/144/25
f 58/145/29 57/146/29 59/147/29 60/148/29
f 62/149/30 61/150/30 57/151/30 58/152/30
f 65/153/26 69/154/26 71/155/26 67/156/26
f 68/157/27 67/158/27 71/159/27 72/160/27
f 72/161/28 71/162/28 69/163/28 70/164/28
f 70/165/25 66/166/25 68/167/25 72/168/25
f 66/169/29 65/170/29 67/171/29 68/172/29
f 70/173/30 69/174/30 65/175/30 66/176/30
f 73/177/26 77/178/26 79/179/26 75/180/26
f 76/181/27 75/182/27 79/183/27 80/184/27
f 80/185/28 79/186/28 77/187/28 78/188/28
f 78/189/25 74/190/25 76/191/25 80/192/25
f 74/193/29 73/194/29 75/195/29 76/196/29
f 78/197/30 77/198/30 73/199/30 74/200/30
f 81/201/26 85/202/26 87/203/26 83/204/26
f 84/205/27 83/206/27 87/207/27 88/208/27
f 88/209/28 87/210/28 85/211/28 86/212/28
f 86/213/25 82/214/25 84/215/25 88/216/25
f 82/217/29 81/218/29 83/219/29 84/220/29
f 86/221/30 85/222/30 81/223/30 82/224/30
f 89/225/26 93/226/26 95/227/26 91/228/26
f 92/229/27 91/230/27 95/231/27 96/232/27
f 96/233/28 95/234/28 93/235/28 94/236/28
f 94/237/25 90/238/25 92/239/25 96/240/25
f 90/241/29 89/242/29 91/243/29 92/244/29
f 94/245/30 93/246/30 89/247/30 90/248/30
f 97/249/26 101/250/26 103/251/26 99/252/26
f 100/253/27 99/254/27 103/255/27 104/256/27
f 104/257/28 103/258/28 101/259/28 102/260/28
f 102/261/25 98/262/25 100/263/25 104/264/25
f 98/265/29 97/266/29 99/267/29 100/268/29
f 102/269/30 101/270/30 97/271/30 98/272/30
f 105/273/26 109/274/26 111/275/26 107/276/26
f 108/277/27 107/278/27 111/279/27 112/280/27
f 112/281/28 111/282/28 109/283/28 110/284/28
f 110/285/25 106/286/25 108/287/25 112/288/25
f 106/289/29 105/290/29 107/291/29 108/292/29
f 110/293/30 109/294/30 105/295/30 106/296/30
f 113/297/26 117/298/26 119/299/26 115/300/26
f 116/301/27 115/302/27 119/303/27 120/304/27
f 120/305/28 119/306/28 117/307/28 118/308/28
f 118/309/25 114/310/25 116/311/25 120/312/25
f 114/313/29 113/314/29 115/315/29 116/316/29
f 118/317/30 117/318/30 113/319/30 114/320/30
f 121/321/26 125/322/26 127/323/26 123/324/26
f 124/325/27 123/326/27 127/327/27 128/328/27
f 128/329/28 127/330/28 125/331/28 126/332/28
f 126/333/25 122/334/25 124/335/25 128/336/25
f 122/337/29 121/338/29 123/339/29 124/340/29
f 126/341/30 125/342/30 121/343/30 122/344/30
f 129/345/26 133/346/26 135/347/26 131/348/26
f 132/349/27 131/350/27 135/351/27 136/352/27
f 136/353/28 135/354/28 133/355/28 134/356/28
f 134/357/25 130/358/25 132/359/25 136/360/25
f 130/361/29 129/362/29 131/363/29 132/364/29
f 134/365/30 133/366/30 129/367/30 130/368/30
f 137/369/26 141/370/26 143/371/26 139/372/26
f 140/373/27 139/374/27 143/375/27 144/376/27
f 144/377/28 143/378/28 141/379/28 142/380/28
f 142/381/25 138/382/25 140/383/25 144/384/25
f 138/385/29 137/386/29 139/387/29 140/388/29
f 142/389/30 141/390/30 137/391/30 138/392/30
f 145/393/26 149/394/26 151/395/26 147/396/26
f 148/397/27 147/398/27 151/399/27 152/400/27
f 152/401/28 151/402/28 149/403/28 150/404/28
f 150/405/25 146/406/25 148/407/25 152/408/25
f 146/409/29 145/410/29 147/411/29 148/412/29
f 150/413/30 149/414/30 145/415/30 146/416/30
f 153/417/26 157/418/26 159/419/26 155/420/26
f 156/421/27 155/422/27 159/423/27 160/424/27
f 160/425/28 159/426/28 157/427/28 158/428/28
f 158/429/25 154/430/25 156/431/25 160/432/25
f 154/433/29 153/434/29 155/435/29 156/436/29
f 158/437/30 157/438/30 153/439/30 154/440/30
f 161/441/26 165/442/26 167/443/26 163/444/26
f 164/445/27 163/446/27 167/447/27 168/448/27
f 168/449/28 167/450/28 165/451/28 166/452/28
f 166/453/25 162/454/25 164/455/25 168/456/25
f 162/457/29 161/458/29 163/459/29 164/460/29
f 166/461/30 165/462/30 161/463/30 162/464/30
f 169/465/26 173/466/26 175/467/26 171/468/26
f 172/469/27 171/470/27 175/471/27 176/472/27
f 176/473/28 175/474/28 173/475/28 174/476/28
f 174/477/25 170/478/25 172/479/25 176/480/25
f 170/481/29 169/482/29 171/483/29 172/484/29
f 174/485/30 173/486/30 169/487/30 170/488/30
f 177/489/26 181/490/26 183/491/26 179/492/26
f 180/493/27 179/494/27 183/495/27 184/496/27
f 184/497/28 183/498/28 181/499/28 182/500/28
f 182/501/25 178/502/25 180/503/25 184/504/25
f 178/505/29 177/506/29 179/507/29 180/508/29
f 182/509/30 181/510/30 177/511/30 178/512/30
f 185/513/26 189/514/26 191/515/26 187/516/26
f 188/517/27 187/518/27 191/519/27 192/520/27
f 192/521/28 191/522/28 189/523/28 190/524/28
f 190/525/25 186/526/25 188/527/25 192/528/25
f 186/529/29 185/530/29 187/531/29 188/532/29
f 190/533/30 189/534/30 185/535/30 186/536/30
f 193/537/26 197/538/26 199/539/26 195/540/26
f 196/541/27 195/542/27 199/543/27 200/544/27
f 200/545/28 199/546/28 197/547/28 198/548/28
f 198/549/25 194/550/25 196/551/25 200/552/25
f 194/553/29 193/554/29 195/555/29 196/556/29
f 198/557/30 197/558/30 193/559/30 194/560/30
f 201/561/26 205/562/26 207/563/26 203/564/26
f 204/565/27 203/566/27 207/567/27 208/568/27
f 208/569/28 207/570/28 205/571/28 206/572/28
f 206/573/25 202/574/25 204/575/25 208/576/25
f 202/577/29 201/578/29 203/579/29 204/580/29
f 206/581/30 205/582/30 201/583/30 202/584/30
f 209/585/26 213/586/26 215/587/26 211/588/26
f 212/589/27 211/590/27 215/591/27 216/592/27
f 216/593/28 215/594/28 213/595/28 214/596/28
f 214/597/25 210/598/25 212/599/25 216/600/25
f 210/601/29 209/602/29 211/603/29 212/604/29
f 214/605/30 213/606/30 209/607/30 210/608/30
f 217/609/26 221/610/26 223/611/26 219/612/26
f 220/613/27 219/614/27 223/615/27 224/616/27
f 224/617/28 223/618/28 221/619/28 222/620/28
f 222/621/25 218/622/25 220/623/25 224/624/25
f 218/625/29 217/626/29 219/627/29 220/628/29
f 222/629/30 221/630/30 217/631/30 218/632/30
f 225/633/26 229/634/26 231/635/26 227/636/26
f 228/637/27 227/638/27 231/639/27 232/640/27
f 232/641/28 231/642/28 229/643/28 230/644/28
f 230/645/25 226/646/25 228/647/25 232/648/25
f 226/649/29 225/650/29 227/651/29 228/652/29
f 230/653/30 229/654/30 225/655/30 226/656/30
f 233/657/26 237/658/26 239/659/26 235/660/26
f 236/661/27 235/662/27 239/663/27 240/664/27
f 240/665/28 239/666/28 237/667/28 238/668/28
f 238/669/25 234/670/25 236/671/25 240/672/25
f 234/673/29 233/674/29 235/675/29 236/676/29
f 238/677/30 237/678/30 233/679/30 234/680/30
f 241/681/26 245/682/26 247/683/26 243/684/26
f 244/685/27 243/686/27 247/687/27 248/688/27
f 248/689/28 247/690/28 245/691/28 246/692/28
f 246/693/25 242/694/25 244/695/25 248/696/25
f 242/697/29 241/698/29 243/699/29 244/700/29
f 246/701/30 245/702/30 241/703/30 242/704/30
f 249/705/26 253/706/26 255/707/26 251/708/26
f 252/709/27 251/710/27 255/711/27 256/712/27
f 256/713/28 255/714/28 253/715/28 254/716/28
f 254/717/25 250/718/25 252/719/25 256/720/25
f 250/721/29 249/722/29 251/723/29 252/724/29
f 254/725/30 253/726/30 249/727/30 250/728/30
f 257/729/26 261/730/26 263/731/26 259/732/26
f 260/733/27 259/734/27 263/735/27 264/736/27
f 264/737/28 263/738/28 261/739/28 262/740/28
f 262/741/25 258/742/25 260/743/25 264/744/25
f 258/745/29 257/746/29 259/747/29 260/748/29
f 262/749/30 261/750/30 257/751/30 258/752/30
f 265/753/26 269/754/26 271/755/26 267/756/26
f 268/757/27 267/758/27 271/759/27 272/760/27
f 272/761/28 271/762/28 269/763/28 270/764/28
f 270/765/25 266/766/25 268/767/25 272/768/25
f 266/769/29 265/770/29 267/771/29 268/772/29
f 270/773/30 269/774/30 265/775/30 266/776/30
f 273/777/26 277/778/26 279/779/26 275/780/26
f 276/781/27 275/782/27 279/783/27 280/784/27
f 280/785/28 279/786/28 277/787/28 278/788/28
f 278/789/25 274/790/25 276/791/25 280/792/25
f 274/793/29 273/794/29 275/795/29 276/796/29
f 278/797/30 277/798/30 273/799/30 274/800/30
f 281/801/26 285/802/26 287/803/26 283/804/26
f 284/805/27 283/806/27 287/807/27 288/808/27
f 288/809/28 287/810/28 285/811/28 286/812/28
f 286/813/25 282/814/25 284/815/25 288/816/25
f 282/817/29 281/818/29 283/819/29 284/820/29
f 286/821/30 285/822/30 281/823/30 282/824/30
f 289/825/26 293/826/26 295/827/26 291/828/26
f 292/829/27 291/830/27 295/831/27 296/832/27
f 296/833/28 295/834/28 293/835/28 294/836/28
f 294/837/25 290/838/25 292/839/25 296/840/25
f 290/841/29 289/842/29 291/843/29 292/844/29
f 294/845/30 293/846/30 289/847/30 290/848/30
f 297/849/26 301/850/26 303/851/26 299/852/26
f 300/853/27 299/854/27 303/855/27 304/856/27
f 304/857/28 303/858/28 301/859/28 302/860/28
f 302/861/25 298/862/25 300/863/25 304/864/25
f 298/865/29 297/866/29 299/867/29 300/868/29
f 302/869/30 301/870/30 297/871/30 298/872/30
f 305/873/26 309/874/26 311/875/26 307/876/26
f 308/877/27 307/878/27 311/879/27 312/880/27
f 312/881/28 311/882/28 309/883/28 310/884/28
f 310/885/25 306/886/25 308/887/25 312/888/25
f 306/889/29 305/890/29 307/891/29 308/892/29
f 310/893/30 309/894/30 305/895/30 306/896/30
f 313/897/26 317/898/26 319/899/26 315/900/26
f 316/901/27 315/902/27 319/903/27 320/904/27
f 320/905/28 319/906/28 317/907/28 318/908/28
f 318/909/25 314/910/25 316/911/25 320/912/25
f 314/913/29 313/914/29 315/915/29 316/916/29
f 318/917/30 317/918/30 313/919/30 314/920/30
f 321/921/26 325/922/26 327/923/26 323/924/26
f 324/925/27 323/926/27 327/927/27 328/928/27
f 328/929/28 327/930/28 325/931/28 326/932/28
f 326/933/25 322/934/25 324/935/25 328/936/25
f 322/937/29 321/938/29 323/939/29 324/940/29
f 326/941/30 325/942/30 321/943/30 322/944/30
f 329/945/26 333/946/26 335/947/26 331/948/26
f 332/949/27 331/950/27 335/951/27 336/952/27
f 336/953/28 335/954/28 333/955/28 334/956/28
f 334/957/25 330/958/25 332/959/25 336/960/25
f 330/961/29 329/962/29 331/963/29 332/964/29
f 334/965/30 333/966/30 329/967/30 330/968/30
f 337/969/26 341/970/26 343/971/26 339/972/26
f 340/973/27 339/974/27 343/975/27 344/976/27
f 344/977/28 343/978/28 341/979/28 342/980/28
f 342/981/25 338/982/25 340/983/25 344/984/25
f 338/985/29 337/986/29 339/987/29 340/988/29
f 342/989/30 341/990/30 337/991/30 338/992/30
f 345/993/26 349/994/26 351/995/26 347/996/26
f 348/997/27 347/998/27 351/999/27 352/1000/27
f 352/1001/28 351/1002/28 349/1003/28 350/1004/28
f 350/1005/25 346/1006/25 348/1007/25 352/1008/25
f 346/1009/29 345/1010/29 347/1011/29 348/1012/29
f 350/1013/30 349/1014/30 345/1015/30 346/1016/30
f 353/1017/26 357/1018/26 359/1019/26 355/1020/26
f 356/1021/27 355/1022/27 359/1023/27 360/1024/27
f 360/1025/28 359/1026/28 357/1027/28 358/1028/28
f 358/1029/25 354/1030/25 356/1031/25 360/1032/25
f 354/1033/29 353/1034/29 355/1035/29 356/1036/29
f 358/1037/30 357/1038/30 353/1039/30 354/1040/30
f 361/1041/26 365/1042/26 367/1043/26 363/1044/26
f 364/1045/27 363/1046/27 367/1047/27 368/1048/27
f 368/1049/28 367/1050/28 365/1051/28 366/1052/28
f 366/1053/25 362/1054/25 364/1055/25 368/1056/25
f 362/1057/29 361/1058/29 363/1059/29 364/1060/29
f 366/1061/30 365/1062/30 361/1063/30 362/1064/30
f 369/1065/26 373/1066/26 375/1067/26 371/1068/26
f 372/1069/27 371/1070/27 375/1071/27 376/1072/27
f 376/1073/28 375/1074/28 373/1075/28 374/1076/28
f 374/1077/25 370/1078/25 372/1079/25 376/1080/25
f 370/1081/29 369/1082/29 371/1083/29 372/1084/29
f 374/1085/30 373/1086/30 369/1087/30 370/1088/30
f 377/1089/26 381/1090/26 383/1091/26 379/1092/26
f 380/1093/27 379/1094/27 383/1095/27 384/1096/27
f 384/1097/28 383/1098/28 381/1099/28 382/1100/28
f 382/1101/25 378/1102/25 380/1103/25 384/1104/25
f 378/1105/29 377/1106/29 379/1107/29 380/1108/29
f 382/1109/30 381/1110/30 377/1111/30 378/1112/30
f 385/1113/26 389/1114/26 391/1115/26 387/1116/26
f 388/1117/27 387/1118/27 391/1119/27 392/1120/27
f 392/1121/28 391/1122/28 389/1123/28 390/1124/28
f 390/1125/25 386/1126/25 388/1127/25 392/1128/25
f 386/1129/29 385/1130/29 387/1131/29 388/1132/29
f 390/1133/30 389/1134/30 385/1135/30 386/1136/30
f 393/1137/26 397/1138/26 399/1139/26 395/1140/26
f 396/1141/27 395/1142/27 399/1143/27 400/1144/27
f 400/1145/28 399/1146/28 397/1147/28 398/1148/28
f 398/1149/25 394/1150/25 396/1151/25 400/1152/25
f 394/1153/29 393/1154/29 395/1155/29 396/1156/29
f 398/1157/30 397/1158/30 393/1159/30 394/1160/30
f 401/1161/26 405/1162/26 407/1163/26 403/1164/26
f 404/1165/27 403/1166/27 407/1167/27 408/1168/27
f 408/1169/28 407/1170/28 405/1171/28 406/1172/28
f 406/1173/25 402/1174/25 404/1175/25 408/1176/25
f 402/1177/29 401/1178/29 403/1179/29 404/1180/29
f 406/1181/30 405/1182/30 401/1183/30 402/1184/30
f 409/1185/26 413/1186/26 415/1187/26 411/1188/26
f 412/1189/27 411/1190/27 415/1191/27 416/1192/27
f 416/1193/28 415/1194/28 413/1195/28 414/1196/28
f 414/1197/25 410/1198/25 412/1199/25 416/1200/25
f 410/1201/29 409/1202/29 411/1203/29 412/1204/29
f 414/1205/30 413/1206/30 409/1207/30 410/1208/30
f 417/1209/26 421/1210/26 423/1211/26 419/1212/26
f 420/1213/27 419/1214/27 423/1215/27 424/1216/27
f 424/1217/28 423/1218/28 421/1219/28 422/1220/28
f 422/1221/25 418/1222/25 420/1223/25 424/1224/25
f 418/1225/29 417/1226/29 419/1227/29 420/1228/29
f 422/1229/30 421/1230/30 417/1231/30 418/1232/30
f 425/1233/26 429/1234/26 431/1235/26 427/1236/26
f 428/1237/27 427/1238/27 431/1239/27 432/1240/27
f 432/1241/28 431/1242/28 429/1243/28 430/1244/28
f 430/1245/25 426/1246/25 428/1247/25 432/1248/25
f 426/1249/29 425/1250/29 427/1251/29 428/1252/29
f 430/1253/30 429/1254/30 425/1255/30 426/1256/30
f 433/1257/26 437/1258/26 439/1259/26 435/1260/26
f 436/1261/27 435/1262/27 439/1263/27 440/1264/27
f 440/1265/28 439/1266/28 437/1267/28 438/1268/28
f 438/1269/25 434/1270/25 436/1271/25 440/1272/25
f 434/1273/29 433/1274/29 435/1275/29 436/1276/29
f 438/1277/30 437/1278/30 433/1279/30 434/1280/30
f 441/1281/26 445/1282/26 447/1283/26 443/1284/26
f 444/1285/27 443/1286/27 447/1287/27 448/1288/27
f 448/1289/28 447/1290/28 445/1291/28 446/1292/28
f 446/1293/25 442/1294/25 444/1295/25 448/1296/25
f 442/1297/29 441/1298/29 443/1299/29 444/1300/29
f 446/1301/30 445/1302/30 441/1303/30 442/1304/30
f 449/1305/26 453/1306/26 455/1307/26 451/1308/26
f 452/1309/27 451/1310/27 455/1311/27 456/1312/27
f 456/1313/28 455/1314/28 453/1315/28 454/1316/28
f 454/1317/25 450/1318/25 452/1319/25 456/1320/25
f 450/1321/29 449/1322/29 451/1323/29 452/1324/29
f 454/1325/30 453/1326/30 449/1327/30 450/1328/30
f 457/1329/26 461/1330/26 463/1331/26 459/1332/26
f 460/1333/27 459/1334/27 463/1335/27 464/1336/27
f 464/1337/28 463/1338/28 461/1339/28 462/1340/28
f 462/1341/25 458/1342/25 460/1343/25 464/1344/25
f 458/1345/29 457/1346/29 459/1347/29 460/1348/29
f 462/1349/30 461/1350/30 457/1351/30 458/1352/30
f 465/1353/26 469/1354/26 471/1355/26 467/1356/26
f 468/1357/27 467/1358/27 471/1359/27 472/1360/27
f 472/1361/28 471/1362/28 469/1363/28 470/1364/28
f 470/1365/25 466/1366/25 468/1367/25 472/1368/25
f 466/1369/29 465/1370/29 467/1371/29 468/1372/29
f 470/1373/30 469/1374/30 465/1375/30 466/1376/30
f 473/1377/26 477/1378/26 479/1379/26 475/1380/26
f 476/1381/27 475/1382/27 479/1383/27 480/1384/27
f 480/1385/28 479/1386/28 477/1387/28 478/1388/28
f 478/1389/25 474/1390/25 476/1391/25 480/1392/25
f 474/1393/29 473/1394/29 475/1395/29 476/1396/29
f 478/1397/30 477/1398/30 473/1399/30 474/1400/30
f 481/1401/26 485/1402/26 487/1403/26 483/1404/26
f 484/1405/27 483/1406/27 487/1407/27 488/1408/27
f 488/1409/28 487/1410/28 485/1411/28 486/1412/28
f 486/1413/25 482/1414/25 484/1415/25 488/1416/25
f 482/1417/29 481/1418/29 483/1419/29 484/1420/29
f 486/1421/30 485/1422/30 481/1423/30 482/1424/30
f 489/1425/26 493/1426/26 495/1427/26 491/1428/26
f 492/1429/27 491/1430/27 495/1431/27 496/1432/27
f 496/1433/28 495/1434/28 493/1435/28 494/1436/28
f 494/1437/25 490/1438/25 492/1439/25 496/1440/25
f 490/1441/29 489/1442/29 491/1443/29 492/1444/29
f 494/1445/30 493/1446/30 489/1447/30 490/1448/30
f 497/1449/26 501/1450/26 503/1451/26 499/1452/26
f 500/1453/27 499/1454/27 503/1455/27 504/1456/27
f 504/1457/28 503/1458/28 501/1459/28 502/1460/28
f 502/1461/25 498/1462/25 500/1463/25 504/1464/25
f 498/1465/29 497/1466/29 499/1467/29 500/1468/29
f 502/1469/30 501/1470/30 497/1471/30 498/1472/30
f 505/1473/26 509/1474/26 511/1475/26 507/1476/26
f 508/1477/27 507/1478/27 511/1479/27 512/1480/27
f 512/1481/28 511/1482/28 509/1483/28 510/1484/28
f 510/1485/25 506/1486/25 508/1487/25 512/1488/25
f 506/1489/29 505/1490/29 507/1491/29 508/1492/29
f 510/1493/30 509/1494/30 505/1495/30 506/1496/30
f 513/1497/26 517/1498/26 519/1499/26 515/1500/26
f 516/1501/27 515/1502/27 519/1503/27 520/1504/27
f 520/1505/28 519/1506/28 517/1507/28 518/1508/28
f 518/1509/25 514/1510/25 516/1511/25 520/1512/25
f 514/1513/29 513/1514/29 515/1515/29 516/1516/29
f 518/1517/30 517/1518/30 513/1519/30 514/1520/30
f 521/1521/26 525/1522/26 527/1523/26 523/1524/26
f 524/1525/27 523/1526/27 527/1527/27 528/1528/27
f 528/1529/28 527/1530/28 525/1531/28 526/1532/28
f 526/1533/25 522/1534/25 524/1535/25 528/1536/25
f 522/1537/29 521/1538/29 523/1539/29 524/1540/29
f 526/1541/30 525/1542/30 521/1543/30 522/1544/30
f 529/1545/26 533/1546/26 535/1547/26 531/1548/26
f 532/1549/27 531/1550/27 535/1551/27 536/1552/27
f 536/1553/28 535/1554/28 533/1555/28 534/1556/28
f 534/1557/25 530/1558/25 532/1559/25 536/1560/25
f 530/1561/29 529/1562/29 531/1563/29 532/1564/29
f 534/1565/30 533/1566/30 529/1567/30 530/1568/30
f 537/1569/26 541/1570/26 543/1571/26 539/1572/26
f 540/1573/27 539/1574/27 543/1575/27 544/1576/27
f 544/1577/28 543/1578/28 541/1579/28 542/1580/28
f 542/1581/25 538/1582/25 540/1583/25 544/1584/25
f 538/1585/29 537/1586/29 539/1587/29 540/1588/29
f 542/1589/30 541/1590/30 537/1591/30 538/1592/30
f 545/1593/26 549/1594/26 551/1595/26 547/1596/26
f 548/1597/27 547/1598/27 551/1599/27 552/1600/27
f 552/1601/28 551/1602/28 549/1603/28 550/1604/28
f 550/1605/25 546/1606/25 548/1607/25 552/1608/25
f 546/1609/29 545/1610/29 547/1611/29 548/1612/29
f 550/1613/30 549/1614/30 545/1615/30 546/1616/30
f 553/1617/26 557/1618/26 559/1619/26 555/1620/26
f 556/1621/27 555/1622/27 559/1623/27 560/1624/27
f 560/1625/28 559/1626/28 557/1627/28 558/1628/28
f 558/1629/25 554/1630/25 556/1631/25 560/1632/25
f 554/1633/29 553/1634/29 555/1635/29 556/1636/29
f 558/1637/30 557/1638/30 553/1639/30 554/1640/30
f 561/1641/26 565/1642/26 567/1643/26 563/1644/26
f 564/1645/27 563/1646/27 567/1647/27 568/1648/27
f 568/1649/28 567/1650/28 565/1651/28 566/1652/28
f 566/1653/25 562/1654/25 564/1655/25 568/1656/25
f 562/1657/29 561/1658/29 563/1659/29 564/1660/29
f 566/1661/30 565/1662/30 561/1663/30 562/1664/30
f 569/1665/26 573/1666/26 575/1667/26 571/1668/26
f 572/1669/27 571/1670/27 575/1671/27 576/1672/27
f 576/1673/28 575/1674/28 573/1675/28 574/1676/28
f 574/1677/25 570/1678/25 572/1679/25 576/1680/25
f 570/1681/29 569/1682/29 571/1683/29 572/1684/29
f 574/1685/30 573/1686/30 569/1687/30 570/1688/30
f 577/1689/26 581/1690/26 583/1691/26 579/1692/26
f 580/1693/27 579/1694/27 583/1695/27 584/1696/27
f 584/1697/28 583/1698/28 581/1699/28 582/1700/28
f 582/1701/25 578/1702/25 580/1703/25 584/1704/25
f 578/1705/29 577/1706/29 579/1707/29 580/1708/29
f 582/1709/30 581/1710/30 577/1711/30 578/1712/30
f 585/1713/26 589/1714/26 591/1715/26 587/1716/26
f 588/1717/27 587/1718/27 591/1719/27 592/1720/27
f 592/1721/28 591/1722/28 589/1723/28 590/1724/28
f 590/1725/25 586/1726/25 588/1727/25 592/1728/25
f 586/1729/29 585/1730/29 587/1731/29 588/1732/29
f 590/1733/30 589/1734/30 585/1735/30 586/1736/30
f 593/1737/26 597/1738/26 599/1739/26 595/1740/26
f 596/1741/27 595/1742/27 599/1743/27 600/1744/27
f 600/1745/28 599/1746/28 597/1747/28 598/1748/28
f 598/1749/25 594/1750/25 596/1751/25 600/1752/25
f 594/1753/29 593/1754/29 595/1755/29 596/1756/29
f 598/1757/30 597/1758/30 593/1759/30 594/1760/30
f 601/1761/26 605/1762/26 607/1763/26 603/1764/26
f 604/1765/27 603/1766/27 607/1767/27 608/1768/27
f 608/1769/28 607/1770/28 605/1771/28 606/1772/28
f 606/1773/25 602/1774/25 604/1775/25 608/1776/25
f 602/1777/29 601/1778/29 603/1779/29 604/1780/29
f 606/1781/30 605/1782/30 601/1783/30 602/1784/30
f 609/1785/26 613/1786/26 615/1787/26 611/1788/26
f 612/1789/27 611/1790/27 615/1791/27 616/1792/27
f 616/1793/28 615/1794/28 613/1795/28 614/1796/28
f 614/1797/25 610/1798/25 612/1799/25 616/1800/25
f 610/1801/29 609/1802/29 611/1803/29 612/1804/29
f 614/1805/30 613/1806/30 609/1807/30 610/1808/30
f 617/1809/26 621/1810/26 623/1811/26 619/1812/26
f 620/1813/27 619/1814/27 623/1815/27 624/1816/27
f 624/1817/28 623/1818/28 621/1819/28 622/1820/28
f 622/1821/25 618/1822/25 620/1823/25 624/1824/25
f 618/1825/29 617/1826/29 619/1827/29 620/1828/29
f 622/1829/30 621/1830/30 617/1831/30 618/1832/30
f 625/1833/26 629/1834/26 631/1835/26 627/1836/26
f 628/1837/27 627/1838/27 631/1839/27 632/1840/27
f 632/1841/28 631/1842/28 629/1843/28 630/1844/28
f 630/1845/25 626/1846/25 628/1847/25 632/1848/25
f 626/1849/29 625/1850/29 627/1851/29 628/1852/29
f 630/1853/30 629/1854/30 625/1855/30 626/1856/30
f 633/1857/26 637/1858/26 639/1859/26 635/1860/26
f 636/1861/27 635/1862/27 639/1863/27 640/1864/27
f 640/1865/28 639/1866/28 637/1867/28 638/1868/28
f 638/1869/25 634/1870/25 636/1871/25 640/1872/25
f 634/1873/29 633/1874/29 635/1875/29 636/1876/29
f 638/1877/30 637/1878/30 633/1879/30 634/1880/30
f 641/1881/26 645/1882/26 647/1883/26 643/1884/26
f 644/1885/27 643/1886/27 647/1887/27 648/1888/27
f 648/1889/28 647/1890/28 645/1891/28 646/1892/28
f 646/1893/25 642/1894/25 644/1895/25 648/1896/25
f 642/1897/29 641/1898/29 643/1899/29 644/1900/29
f 646/1901/30 645/1902/30 641/1903/30 642/1904/30
f 649/1905/26 653/1906/26 655/1907/26 651/1908/26
f 652/1909/27 651/1910/27 655/1911/27 656/1912/27
f 656/1913/28 655/1914/28 653/1915/28 654/1916/28
f 654/1917/25 650/1918/25 652/1919/25 656/1920/25
f 650/1921/29 649/1922/29 651/1923/29 652/1924/29
f 654/1925/30 653/1926/30 649/1927/30 650/1928/30
f 657/1929/26 661/1930/26 663/1931/26 659/1932/26
f 660/1933/27 659/1934/27 663/1935/27 664/1936/27
f 664/1937/28 663/1938/28 661/1939/28 662/1940/28
f 662/1941/25 658/1942/25 660/1943/25 664/1944/25
f 658/1945/29 657/1946/29 659/1947/29 660/1948/29
f 662/1949/30 661/1950/30 657/1951/30 658/1952/30
f 665/1953/26 669/1954/26 671/1955/26 667/1956/26
f 668/1957/27 667/1958/27 671/1959/27 672/1960/27
f 672/1961/28 671/1962/28 669/1963/28 670/1964/28
f 670/1965/25 666/1966/25 668/1967/25 672/1968/25
f 666/1969/29 665/1970/29 667/1971/29 668/1972/29
f 670/1973/30 669/1974/30 665/1975/30 666/1976/30
f 673/1977/26 677/1978/26 679/1979/26 675/1980/26
f 676/1981/27 675/1982/27 679/1983/27 680/1984/27
f 680/1985/28 679/1986/28 677/1987/28 678/1988/28
f 678/1989/25 674/1990/25 676/1991/25 680/1992/25
f 674/1993/29 673/1994/29 675/1995/29 676/1996/29
f 678/1997/30 677/1998/30 673/1999/30 674/2000/30
f 681/2001/26 685/2002/26 687/2003/26 683/2004/26
f 684/2005/27 683/2006/27 687/2007/27 688/2008/27
f 688/2009/28 687/2010/28 685/2011/28 686/2012/28
f 686/2013/25 682/2014/25 684/2015/25 688/2016/25
f 682/2017/29 681/2018/29 683/2019/29 684/2020/29
f 686/2021/30 685/2022/30 681/2023/30 682/2024/30
f 689/2025/26 693/2026/26 695/2027/26 691/2028/26
f 692/2029/27 691/2030/27 695/2031/27 696/2032/27
f 696/2033/28 695/2034/28 693/2035/28 694/2036/28
f 694/2037/25 690/2038/25 692/2039/25 696/2040/25
f 690/2041/29 689/2042/29 691/2043/29 692/2044/29
f 694/2045/30 693/2046/30 689/2047/30 690/2048/30
f 697/2049/26 701/2050/26 703/2051/26 699/2052/26
f 700/2053/27 699/2054/27 703/2055/27 704/2056/27
f 704/2057/28 703/2058/28 701/2059/28 702/2060/28
f 702/2061/25 698/2062/25 700/2063/25 704/2064/25
f 698/2065/29 697/2066/29 699/2067/29 700/2068/29
f 702/2069/30 701/2070/30 697/2071/30 698/2072/30
f 705/2073/26 709/2074/26 711/2075/26 707/2076/26
f 708/2077/27 707/2078/27 711/2079/27 712/2080/27
f 712/2081/28 711/2082/28 709/2083/28 710/2084/28
f 710/2085/25 706/2086/25 708/2087/25 712/2088/25
f 706/2089/29 705/2090/29 707/2091/29 708/2092/29
f 710/2093/30 709/2094/30 705/2095/30 706/2096/30
f 713/2097/26 717/2098/26 719/2099/26 715/2100/26
f 716/2101/27 715/2102/27 719/2103/27 720/2104/27
f 720/2105/28 719/2106/28 717/2107/28 718/2108/28
f 718/2109/25 714/2110/25 716/2111/25 720/2112/25
f 714/2113/29 713/2114/29 715/2115/29 716/2116/29
f 718/2117/30 717/2118/30 713/2119/30 714/2120/30
f 721/2121/26 725/2122/26 727/2123/26 723/2124/26
f 724/2125/29 723/2126/29 727/2127/29 728/2128/29
f 728/2129/27 727/2130/27 725/2131/27 726/2132/27
f 726/2133/25 722/2134/25 724/2135/25 728/2136/25
f 722/2137/30 721/2138/30 723/2139/30 724/2140/30
f 726/2141/28 725/2142/28 721/2143/28 722/2144/28
f 729/2145/26 733/2146/26 735/2147/26 731/2148/26
f 732/2149/27 731/2150/27 735/2151/27 736/2152/27
f 736/2153/28 735/2154/28 733/2155/28 734/2156/28
f 734/2157/25 730/2158/25 732/2159/25 736/2160/25
f 730/2161/29 729/2162/29 731/2163/29 732/2164/29
f 734/2165/30 733/2166/30 729/2167/30 730/2168/30
f 737/2169/26 741/2170/26 743/2171/26 739/2172/26
f 740/2173/27 739/2174/27 743/2175/27 744/2176/27
f 744/2177/28 743/2178/28 741/2179/28 742/2180/28
f 742/2181/25 738/2182/25 740/2183/25 744/2184/25
f 738/2185/29 737/2186/29 739/2187/29 740/2188/29
f 742/2189/30 741/2190/30 737/2191/30 738/2192/30
f 745/2193/26 749/2194/26 751/2195/26 747/2196/26
f 748/2197/27 747/2198/27 751/2199/27 752/2200/27
f 752/2201/28 751/2202/28 749/2203/28 750/2204/28
f 750/2205/25 746/2206/25 748/2207/25 752/2208/25
f 746/2209/29 745/2210/29 747/2211/29 748/2212/29
f 750/2213/30 749/2214/30 745/2215/30 746/2216/30
f 753/2217/26 757/2218/26 759/2219/26 755/2220/26
f 756/2221/27 755/2222/27 759/2223/27 760/2224/27
f 760/2225/28 759/2226/28 757/2227/28 758/2228/28
f 758/2229/25 754/2230/25 756/2231/25 760/2232/25
f 754/2233/29 753/2234/29 755/2235/29 756/2236/29
f 758/2237/30 757/2238/30 753/2239/30 754/2240/30
f 761/2241/26 765/2242/26 767/2243/26 763/2244/26
f 764/2245/27 763/2246/27 767/2247/27 768/2248/27
f 768/2249/28 767/2250/28 765/2251/28 766/2252/28
f 766/2253/25 762/2254/25 764/2255/25 768/2256/25
f 762/2257/29 761/2258/29 763/2259/29 764/2260/29
f 766/2261/30 765/2262/30 761/2263/30 762/2264/30
f 769/2265/26 773/2266/26 775/2267/26 771/2268/26
f 772/2269/27 771/2270/27 775/2271/27 776/2272/27
f 776/2273/28 775/2274/28 773/2275/28 774/2276/28
f 774/2277/25 770/2278/25 772/2279/25 776/2280/25
f 770/2281/29 769/2282/29 771/2283/29 772/2284/29
f 774/2285/30 773/2286/30 769/2287/30 770/2288/30
f 777/2289/26 781/2290/26 783/2291/26 779/2292/26
f 780/2293/27 779/2294/27 783/2295/27 784/2296/27
f 784/2297/28 783/2298/28 781/2299/28 782/2300/28
f 782/2301/25 778/2302/25 780/2303/25 784/2304/25
f 778/2305/29 777/2306/29 779/2307/29 780/2308/29
f 782/2309/30 781/2310/30 777/2311/30 778/2312/30
f 785/2313/26 789/2314/26 791/2315/26 787/2316/26
f 788/2317/27 787/2318/27 791/2319/27 792/2320/27
f 792/2321/28 791/2322/28 789/2323/28 790/2324/28
f 790/2325/25 786/2326/25 788/2327/25 792/2328/25
f 786/2329/29 785/2330/29 787/2331/29 788/2332/29
f 790/2333/30 789/2334/30 785/2335/30 786/2336/30
f 793/2337/26 797/2338/26 799/2339/26 795/2340/26
f 796/2341/27 795/2342/27 799/2343/27 800/2344/27
f 800/2345/28 799/2346/28 797/2347/28 798/2348/28
f 798/2349/25 794/2350/25 796/2351/25 800/2352/25
f 794/2353/29 793/2354/29 795/2355/29 796/2356/29
f 798/2357/30 797/2358/30 793/2359/30 794/2360/30
f 801/2361/26 805/2362/26 807/2363/26 803/2364/26
f 804/2365/27 803/2366/27 807/2367/27 808/2368/27
f 808/2369/28 807/2370/28 805/2371/28 806/2372/28
f 806/2373/25 802/2374/25 804/2375/25 808/2376/25
f 802/2377/29 801/2378/29 803/2379/29 804/2380/29
f 806/2381/30 805/2382/30 801/2383/30 802/2384/30
f 809/2385/26 813/2386/26 815/2387/26 811/2388/26
f 812/2389/27 811/2390/27 815/2391/27 816/2392/27
f 816/2393/28 815/2394/28 813/2395/28 814/2396/28
f 814/2397/25 810/2398/25 812/2399/25 816/2400/25
f 810/2401/29 809/2402/29 811/2403/29 812/2404/29
f 814/2405/30 813/2406/30 809/2407/30 810/2408/30
f 817/2409/26 821/2410/26 823/2411/26 819/2412/26
f 820/2413/27 819/2414/27 823/2415/27 824/2416/27
f 824/2417/28 823/2418/28 821/2419/28 822/2420/28
f 822/2421/25 818/2422/25 820/2423/25 824/2424/25
f 818/2425/29 817/2426/29 819/2427/29 820/2428/29
f 822/2429/30 821/2430/30 817/2431/30 818/2432/30
f 825/2433/26 829/2434/26 831/2435/26 827/2436/26
f 828/2437/27 827/2438/27 831/2439/27 832/2440/27
f 832/2441/28 831/2442/28 829/2443/28 830/2444/28
f 830/2445/25 826/2446/25 828/2447/25 832/2448/25
f 826/2449/29 825/2450/29 827/2451/29 828/2452/29
f 830/2453/30 829/2454/30 825/2455/30 826/2456/30
f 833/2457/26 837/2458/26 839/2459/26 835/2460/26
f 836/2461/27 835/2462/27 839/2463/27 840/2464/27
f 840/2465/28 839/2466/28 837/2467/28 838/2468/28
f 838/2469/25 834/2470/25 836/2471/25 840/2472/25
f 834/2473/29 833/2474/29 835/2475/29 836/2476/29
f 838/2477/30 837/2478/30 833/2479/30 834/2480/30
f 841/2481/26 845/2482/26 847/2483/26 843/2484/26
f 844/2485/27 843/2486/27 847/2487/27 848/2488/27
f 848/2489/28 847/2490/28 845/2491/28 846/2492/28
f 846/2493/25 842/2494/25 844/2495/25 848/2496/25
f 842/2497/29 841/2498/29 843/2499/29 844/2500/29
f 846/2501/30 845/2502/30 841/2503/30 842/2504/30
f 849/2505/26 853/2506/26 855/2507/26 851/2508/26
f 852/2509/27 851/2510/27 855/2511/27 856/2512/27
f 856/2513/28 855/2514/28 853/2515/28 854/2516/28
f 854/2517/25 850/2518/25 852/2519/25 856/2520/25
f 850/2521/29 849/2522/29 851/2523/29 852/2524/29
f 854/2525/30 853/2526/30 849/2527/30 850/2528/30
f 857/2529/26 861/2530/26 863/2531/26 859/2532/26
f 860/2533/27 859/2534/27 863/2535/27 864/2536/27
f 864/2537/28 863/2538/28 861/2539/28 862/2540/28
f 862/2541/25 858/2542/25 860/2543/25 864/2544/25
f 858/2545/29 857/2546/29 859/2547/29 860/2548/29
f 862/2549/30 861/2550/30 857/2551/30 858/2552/30
f 865/2553/26 869/2554/26 871/2555/26 867/2556/26
f 868/2557/27 867/2558/27 871/2559/27 872/2560/27
f 872/2561/28 871/2562/28 869/2563/28 870/2564/28
f 870/2565/25 866/2566/25 868/2567/25 872/2568/25
f 866/2569/29 865/2570/29 867/2571/29 868/2572/29
f 870/2573/30 869/2574/30 865/2575/30 866/2576/30
f 873/2577/26 877/2578/26 879/2579/26 875/2580/26
f 876/2581/27 875/2582/27 879/2583/27 880/2584/27
f 880/2585/28 879/2586/28 877/2587/28 878/2588/28
f 878/2589/25 874/2590/25 876/2591/25 880/2592/25
f 874/2593/29 873/2594/29 875/2595/29 876/2596/29
f 878/2597/30 877/2598/30 873/2599/30 874/2600/30
