# Blender 4.5.3 LTS
# www.blender.org
mtllib green_filing_cabinet.mtl
o green_filing_cabinet
v -0.250000 1.000000 -0.250000
v -0.250000 0.000000 -0.250000
v 0.250000 0.965000 -0.232500
v 0.250000 0.035000 -0.232500
v -0.250000 1.000000 0.250000
v -0.250000 0.000000 0.250000
v 0.250000 0.965000 0.232500
v 0.250000 0.035000 0.232500
v 0.250000 0.000000 0.250000
v 0.250000 1.000000 0.250000
v 0.250000 1.000000 -0.250000
v 0.250000 0.000000 -0.250000
v -0.250000 0.750000 -0.250000
v -0.250000 0.500000 -0.250000
v -0.250000 0.250000 -0.250000
v 0.250000 0.250000 0.250000
v 0.250000 0.500000 0.250000
v 0.250000 0.750000 0.250000
v 0.250000 0.750000 -0.250000
v 0.250000 0.500000 -0.250000
v 0.250000 0.250000 -0.250000
v -0.250000 0.750000 0.250000
v -0.250000 0.500000 0.250000
v -0.250000 0.250000 0.250000
v 0.250000 0.267500 0.232500
v 0.250000 0.500000 0.232500
v 0.250000 0.732500 0.232500
v 0.250000 0.732500 -0.232500
v 0.250000 0.500000 -0.232500
v 0.250000 0.267500 -0.232500
v 0.240000 0.732500 0.232500
v 0.240000 0.965000 0.232500
v 0.240000 0.267500 -0.232500
v 0.240000 0.035000 -0.232500
v 0.240000 0.965000 -0.232500
v 0.240000 0.035000 0.232500
v 0.240000 0.267500 0.232500
v 0.240000 0.500000 0.232500
v 0.240000 0.732500 -0.232500
v 0.240000 0.500000 -0.232500
v 0.240000 0.737500 -0.230000
v 0.240000 0.960000 -0.230000
v 0.240000 0.960000 0.230000
v 0.240000 0.737500 0.230000
v 0.240000 0.040000 -0.230000
v 0.240000 0.262500 -0.230000
v 0.240000 0.262500 0.230000
v 0.240000 0.040000 0.230000
v 0.240000 0.272500 -0.230000
v 0.240000 0.495000 -0.230000
v 0.240000 0.495000 0.230000
v 0.240000 0.272500 0.230000
v 0.240000 0.505000 -0.230000
v 0.240000 0.727500 -0.230000
v 0.240000 0.727500 0.230000
v 0.240000 0.505000 0.230000
v -0.210000 0.960000 -0.230000
v -0.210000 0.737500 -0.230000
v -0.210000 0.737500 0.230000
v -0.210000 0.960000 0.230000
v -0.210000 0.262500 -0.230000
v -0.210000 0.040000 -0.230000
v -0.210000 0.040000 0.230000
v -0.210000 0.262500 0.230000
v -0.210000 0.495000 -0.230000
v -0.210000 0.272500 -0.230000
v -0.210000 0.272500 0.230000
v -0.210000 0.495000 0.230000
v -0.210000 0.727500 -0.230000
v -0.210000 0.505000 -0.230000
v -0.210000 0.505000 0.230000
v -0.210000 0.727500 0.230000
vn -0.0000 1.0000 -0.0000
vn -0.0000 -0.0000 1.0000
vn -0.0000 -1.0000 -0.0000
vn -0.0000 -0.0000 -1.0000
vn -1.0000 -0.0000 -0.0000
vn 1.0000 -0.0000 -0.0000
vt 0.379528 0.383399
vt 0.564424 0.383399
vt 0.564424 0.568295
vt 0.379528 0.568295
vt 0.944618 0.348442
vt 0.944618 0.262466
vt 0.948316 0.262466
vt 0.948316 0.348442
vt 0.004536 0.096984
vt 0.004536 0.004536
vt 0.189432 0.004536
vt 0.189432 0.096984
vt 0.758392 0.383399
vt 0.758392 0.568295
vt 0.573496 0.568295
vt 0.573496 0.383399
vt 0.198504 0.096984
vt 0.198504 0.004536
vt 0.383399 0.004536
vt 0.383399 0.096984
vt 0.392471 0.096984
vt 0.392471 0.004536
vt 0.577367 0.004536
vt 0.577367 0.096984
vt 0.182960 0.482318
vt 0.182960 0.396342
vt 0.189432 0.383399
vt 0.189432 0.475847
vt 0.011007 0.654272
vt 0.011007 0.740248
vt 0.004536 0.753191
vt 0.004536 0.660743
vt 0.011007 0.396342
vt 0.004536 0.383399
vt 0.182960 0.740248
vt 0.189432 0.753191
vt 0.011007 0.482318
vt 0.004536 0.475847
vt 0.011007 0.568295
vt 0.004536 0.568295
vt 0.182960 0.654272
vt 0.189432 0.660743
vt 0.182960 0.568295
vt 0.189432 0.568295
vt 0.392471 0.374327
vt 0.392471 0.281880
vt 0.577367 0.281880
vt 0.577367 0.374327
vt 0.392471 0.189432
vt 0.577367 0.189432
vt 0.198504 0.374327
vt 0.198504 0.281880
vt 0.383399 0.281880
vt 0.383399 0.374327
vt 0.198504 0.189432
vt 0.383399 0.189432
vt 0.004536 0.374327
vt 0.004536 0.281880
vt 0.189432 0.281880
vt 0.189432 0.374327
vt 0.004536 0.189432
vt 0.189432 0.189432
vt 0.961085 0.176489
vt 0.961085 0.262466
vt 0.957388 0.262466
vt 0.957388 0.176489
vt 0.944618 0.176489
vt 0.944618 0.090512
vt 0.948316 0.090512
vt 0.948316 0.176489
vt 0.961085 0.004536
vt 0.961085 0.090512
vt 0.957388 0.090512
vt 0.957388 0.004536
vt 0.545935 0.577367
vt 0.545935 0.747471
vt 0.379528 0.747471
vt 0.379528 0.577367
vt 0.904114 0.922949
vt 0.821835 0.922949
vt 0.821835 0.756543
vt 0.904114 0.756543
vt 0.721413 0.577367
vt 0.721413 0.747471
vt 0.555007 0.747471
vt 0.555006 0.577367
vt 0.935546 0.170942
vt 0.853267 0.170942
vt 0.853267 0.004536
vt 0.935546 0.004536
vt 0.950165 0.555352
vt 0.950165 0.383399
vt 0.953863 0.383399
vt 0.953863 0.555352
vt 0.944618 0.004536
vt 0.948316 0.004536
vt 0.966632 0.383399
vt 0.966632 0.555352
vt 0.962934 0.555352
vt 0.962934 0.383399
vt 0.961085 0.348442
vt 0.957388 0.348442
vt 0.198504 0.469376
vt 0.198504 0.383399
vt 0.199428 0.385248
vt 0.199428 0.467527
vt 0.370457 0.383399
vt 0.369532 0.385248
vt 0.370457 0.469376
vt 0.369532 0.467527
vt 0.198504 0.727305
vt 0.198504 0.641329
vt 0.199428 0.643178
vt 0.199428 0.725456
vt 0.370457 0.641329
vt 0.369532 0.643178
vt 0.370457 0.727305
vt 0.369532 0.725456
vt 0.198504 0.555352
vt 0.199428 0.557201
vt 0.199428 0.639480
vt 0.370457 0.555352
vt 0.369532 0.557201
vt 0.369532 0.639480
vt 0.199428 0.471225
vt 0.199428 0.553503
vt 0.369532 0.471225
vt 0.369532 0.553503
vt 0.761917 0.004536
vt 0.844195 0.004536
vt 0.844195 0.174640
vt 0.761917 0.174640
vt 0.844195 0.353816
vt 0.761917 0.353816
vt 0.761917 0.183712
vt 0.844195 0.183712
vt 0.849742 0.553503
vt 0.767464 0.553503
vt 0.767464 0.383399
vt 0.849742 0.383399
vt 0.935546 0.350118
vt 0.853267 0.350118
vt 0.853267 0.183712
vt 0.935546 0.183712
vt 0.730484 0.747471
vt 0.730484 0.577367
vt 0.896891 0.577367
vt 0.896891 0.747471
vt 0.752845 0.004536
vt 0.752845 0.174640
vt 0.586439 0.174640
vt 0.586439 0.004536
vt 0.198504 0.906481
vt 0.198504 0.736377
vt 0.364910 0.736377
vt 0.364910 0.906481
vt 0.752845 0.183712
vt 0.752845 0.353816
vt 0.586439 0.353816
vt 0.586439 0.183712
vt 0.858814 0.383399
vt 0.941093 0.383399
vt 0.941093 0.549805
vt 0.858814 0.549805
vt 0.379528 0.926647
vt 0.379528 0.756543
vt 0.545935 0.756543
vt 0.545935 0.926647
vt 0.004536 0.762263
vt 0.086815 0.762263
vt 0.086815 0.928669
vt 0.004536 0.928669
vt 0.555006 0.926647
vt 0.555006 0.756543
vt 0.721413 0.756543
vt 0.721413 0.926647
vt 0.095886 0.762263
vt 0.178165 0.762263
vt 0.178165 0.928669
vt 0.095886 0.928669
vt 0.905963 0.577367
vt 0.988241 0.577367
vt 0.988241 0.743773
vt 0.905963 0.743773
vt 0.995464 0.922949
vt 0.913185 0.922949
vt 0.913185 0.756543
vt 0.995464 0.756543
vt 0.730484 0.926647
vt 0.730484 0.756543
vt 0.812763 0.756543
vt 0.812763 0.926647
s 0
usemtl green_metal
f 1/1/1 5/2/1 10/3/1 11/4/1
f 4/5/2 30/6/2 33/7/2 34/8/2
f 18/9/2 10/10/2 5/11/2 22/12/2
f 6/13/3 2/14/3 12/15/3 9/16/3
f 13/17/4 1/18/4 11/19/4 19/20/4
f 22/21/5 5/22/5 1/23/5 13/24/5
f 27/25/6 7/26/6 10/27/6 18/28/6
f 30/29/6 4/30/6 12/31/6 21/32/6
f 7/26/6 3/33/6 11/34/6 10/27/6
f 4/30/6 8/35/6 9/36/6 12/31/6
f 3/33/6 28/37/6 19/38/6 11/34/6
f 28/37/6 29/39/6 20/40/6 19/38/6
f 29/39/6 30/29/6 21/32/6 20/40/6
f 8/35/6 25/41/6 16/42/6 9/36/6
f 25/41/6 26/43/6 17/44/6 16/42/6
f 26/43/6 27/25/6 18/28/6 17/44/6
f 6/45/5 24/46/5 15/47/5 2/48/5
f 24/46/5 23/49/5 14/50/5 15/47/5
f 23/49/5 22/21/5 13/24/5 14/50/5
f 2/51/4 15/52/4 21/53/4 12/54/4
f 15/52/4 14/55/4 20/56/4 21/53/4
f 14/55/4 13/17/4 19/20/4 20/56/4
f 9/57/2 16/58/2 24/59/2 6/60/2
f 16/58/2 17/61/2 23/62/2 24/59/2
f 17/61/2 18/9/2 22/12/2 23/62/2
f 26/63/4 25/64/4 37/65/4 38/66/4
f 29/67/2 28/68/2 39/69/2 40/70/2
f 7/71/4 27/72/4 31/73/4 32/74/4
f 48/75/1 45/76/1 62/77/1 63/78/1
f 49/79/2 50/80/2 65/81/2 66/82/2
f 44/83/1 41/84/1 58/85/1 59/86/1
f 45/87/2 46/88/2 61/89/2 62/90/2
f 30/6/2 29/67/2 40/70/2 33/7/2
f 27/72/4 26/63/4 38/66/4 31/73/4
f 3/91/3 7/92/3 32/93/3 35/94/3
f 28/68/2 3/95/2 35/96/2 39/69/2
f 8/97/1 4/98/1 34/99/1 36/100/1
f 25/64/4 8/101/4 36/102/4 37/65/4
f 39/103/6 35/104/6 42/105/6 41/106/6
f 35/104/6 32/107/6 43/108/6 42/105/6
f 32/107/6 31/109/6 44/110/6 43/108/6
f 31/109/6 39/103/6 41/106/6 44/110/6
f 34/111/6 33/112/6 46/113/6 45/114/6
f 33/112/6 37/115/6 47/116/6 46/113/6
f 37/115/6 36/117/6 48/118/6 47/116/6
f 36/117/6 34/111/6 45/114/6 48/118/6
f 33/112/6 40/119/6 50/120/6 49/121/6
f 40/119/6 38/122/6 51/123/6 50/120/6
f 38/122/6 37/115/6 52/124/6 51/123/6
f 37/115/6 33/112/6 49/121/6 52/124/6
f 40/119/6 39/103/6 54/125/6 53/126/6
f 39/103/6 31/109/6 55/127/6 54/125/6
f 31/109/6 38/122/6 56/128/6 55/127/6
f 38/122/6 40/119/6 53/126/6 56/128/6
f 62/129/6 61/130/6 64/131/6 63/132/6
f 66/133/6 65/134/6 68/135/6 67/136/6
f 70/137/6 69/138/6 72/139/6 71/140/6
f 53/141/2 54/142/2 69/143/2 70/144/2
f 42/145/3 43/146/3 60/147/3 57/148/3
f 52/149/1 49/150/1 66/151/1 67/152/1
f 46/153/3 47/154/3 64/155/3 61/156/3
f 56/157/1 53/158/1 70/159/1 71/160/1
f 43/161/4 44/162/4 59/163/4 60/164/4
f 50/165/3 51/166/3 68/167/3 65/168/3
f 47/169/4 48/170/4 63/171/4 64/172/4
f 54/173/3 55/174/3 72/175/3 69/176/3
f 51/177/4 52/178/4 67/179/4 68/180/4
f 55/181/4 56/182/4 71/183/4 72/184/4
f 41/185/2 42/186/2 57/187/2 58/188/2
f 57/189/6 60/190/6 59/191/6 58/192/6
o drawer_2
v -0.210000 0.494000 -0.229500
v -0.210000 0.494000 0.229500
v -0.210000 0.273500 0.229500
v -0.210000 0.273500 -0.229500
v 0.240000 0.494000 -0.229500
v 0.240000 0.494000 0.229500
v 0.240000 0.273500 -0.229500
v 0.240000 0.273500 0.229500
v -0.202500 0.494000 -0.222000
v -0.202500 0.494000 0.222000
v 0.232500 0.494000 0.222000
v 0.232500 0.494000 -0.222000
v -0.202500 0.294000 -0.222000
v -0.202500 0.294000 0.222000
v 0.232500 0.294000 -0.222000
v 0.232500 0.294000 0.222000
v 0.240000 0.434000 -0.096975
v 0.240000 0.428829 -0.099750
v 0.240000 0.435126 -0.102186
v 0.240000 0.433606 -0.098037
v 0.240000 0.432485 -0.098937
v 0.240000 0.430808 -0.099539
v 0.240000 0.428829 0.099750
v 0.240000 0.434000 0.096975
v 0.240000 0.435126 0.102186
v 0.240000 0.430808 0.099539
v 0.240000 0.432485 0.098937
v 0.240000 0.433606 0.098037
v 0.240000 0.333500 0.096975
v 0.240000 0.338672 0.099750
v 0.240000 0.332374 0.102186
v 0.240000 0.333894 0.098037
v 0.240000 0.335015 0.098937
v 0.240000 0.336692 0.099539
v 0.240000 0.338672 -0.099750
v 0.240000 0.333500 -0.096975
v 0.240000 0.332374 -0.102186
v 0.240000 0.336692 -0.099539
v 0.240000 0.335015 -0.098937
v 0.240000 0.333894 -0.098037
v 0.245000 0.434000 -0.096964
v 0.245000 0.428822 -0.099750
v 0.245000 0.433606 -0.098030
v 0.245000 0.432483 -0.098934
v 0.245000 0.430803 -0.099538
v 0.245000 0.428822 0.099750
v 0.245000 0.434000 0.096964
v 0.245000 0.430803 0.099538
v 0.245000 0.432483 0.098934
v 0.245000 0.433606 0.098030
v 0.245000 0.338678 -0.099750
v 0.245000 0.333500 -0.096964
v 0.245000 0.336697 -0.099538
v 0.245000 0.335017 -0.098934
v 0.245000 0.333894 -0.098030
v 0.245000 0.333500 0.096964
v 0.245000 0.338678 0.099750
v 0.245000 0.333894 0.098030
v 0.245000 0.335017 0.098934
v 0.245000 0.336697 0.099538
v 0.245000 0.424000 -0.087227
v 0.245000 0.418822 -0.090012
v 0.245000 0.423606 -0.088293
v 0.245000 0.422483 -0.089197
v 0.245000 0.420803 -0.089800
v 0.245000 0.418822 0.090012
v 0.245000 0.424000 0.087227
v 0.245000 0.420803 0.089800
v 0.245000 0.422483 0.089197
v 0.245000 0.423606 0.088293
v 0.245000 0.343500 0.087227
v 0.245000 0.348678 0.090012
v 0.245000 0.343894 0.088293
v 0.245000 0.345017 0.089197
v 0.245000 0.346697 0.089800
v 0.245000 0.348678 -0.090012
v 0.245000 0.343500 -0.087227
v 0.245000 0.346697 -0.089800
v 0.245000 0.345017 -0.089197
v 0.245000 0.343894 -0.088293
v 0.235000 0.418829 -0.090012
v 0.235000 0.424000 -0.087238
v 0.235000 0.421962 -0.087730
v 0.235000 0.420808 -0.089801
v 0.235000 0.422485 -0.089200
v 0.235000 0.423606 -0.088300
v 0.235000 0.424000 0.087238
v 0.235000 0.418829 0.090012
v 0.235000 0.421962 0.087730
v 0.235000 0.423606 0.088300
v 0.235000 0.422485 0.089200
v 0.235000 0.420808 0.089801
v 0.235000 0.343500 -0.087238
v 0.235000 0.348672 -0.090012
v 0.235000 0.345538 -0.087730
v 0.235000 0.343894 -0.088300
v 0.235000 0.345015 -0.089200
v 0.235000 0.346692 -0.089801
v 0.235000 0.348672 0.090012
v 0.235000 0.343500 0.087238
v 0.235000 0.345538 0.087730
v 0.235000 0.346692 0.089801
v 0.235000 0.345015 0.089200
v 0.235000 0.343894 0.088300
v 0.235000 0.399000 -0.059236
v 0.235000 0.393858 -0.062010
v 0.235000 0.401038 -0.064293
v 0.235000 0.398609 -0.060298
v 0.235000 0.397494 -0.061198
v 0.235000 0.395826 -0.061799
v 0.235000 0.393858 0.062010
v 0.235000 0.399000 0.059236
v 0.235000 0.401038 0.064293
v 0.235000 0.395826 0.061799
v 0.235000 0.397494 0.061198
v 0.235000 0.398609 0.060298
v 0.235000 0.368500 0.059236
v 0.235000 0.373642 0.062010
v 0.235000 0.366462 0.064293
v 0.235000 0.368891 0.060298
v 0.235000 0.370006 0.061198
v 0.235000 0.371674 0.061799
v 0.235000 0.373642 -0.062010
v 0.235000 0.368500 -0.059236
v 0.235000 0.366462 -0.064293
v 0.235000 0.371674 -0.061799
v 0.235000 0.370006 -0.061198
v 0.235000 0.368891 -0.060298
v 0.240000 0.399000 -0.059226
v 0.240000 0.393853 -0.062010
v 0.240000 0.398608 -0.060291
v 0.240000 0.397492 -0.061194
v 0.240000 0.395823 -0.061798
v 0.240000 0.393853 0.062010
v 0.240000 0.399000 0.059226
v 0.240000 0.395823 0.061798
v 0.240000 0.397492 0.061194
v 0.240000 0.398608 0.060291
v 0.240000 0.373647 -0.062010
v 0.240000 0.368500 -0.059226
v 0.240000 0.371677 -0.061798
v 0.240000 0.370008 -0.061194
v 0.240000 0.368892 -0.060291
v 0.240000 0.368500 0.059226
v 0.240000 0.373647 0.062010
v 0.240000 0.368892 0.060291
v 0.240000 0.370008 0.061194
v 0.240000 0.371677 0.061798
v 0.240000 0.394000 -0.053750
v 0.240000 0.388853 -0.056534
v 0.240000 0.393608 -0.054816
v 0.240000 0.392492 -0.055719
v 0.240000 0.390823 -0.056323
v 0.240000 0.388853 0.056534
v 0.240000 0.394000 0.053750
v 0.240000 0.390823 0.056323
v 0.240000 0.392492 0.055719
v 0.240000 0.393608 0.054816
v 0.240000 0.373500 0.053750
v 0.240000 0.378647 0.056534
v 0.240000 0.373892 0.054816
v 0.240000 0.375008 0.055719
v 0.240000 0.376677 0.056323
v 0.240000 0.378647 -0.056534
v 0.240000 0.373500 -0.053750
v 0.240000 0.376677 -0.056323
v 0.240000 0.375008 -0.055719
v 0.240000 0.373892 -0.054816
v 0.233000 0.388858 -0.056534
v 0.233000 0.394000 -0.053761
v 0.233000 0.390826 -0.056323
v 0.233000 0.392494 -0.055722
v 0.233000 0.393609 -0.054822
v 0.233000 0.394000 0.053761
v 0.233000 0.388858 0.056534
v 0.233000 0.393609 0.054822
v 0.233000 0.392494 0.055722
v 0.233000 0.390826 0.056323
v 0.233000 0.373500 -0.053761
v 0.233000 0.378642 -0.056534
v 0.233000 0.373891 -0.054822
v 0.233000 0.375006 -0.055722
v 0.233000 0.376674 -0.056323
v 0.233000 0.378642 0.056534
v 0.233000 0.373500 0.053761
v 0.233000 0.376674 0.056323
v 0.233000 0.375006 0.055722
v 0.233000 0.373891 0.054822
vn -1.0000 -0.0000 -0.0000
vn -0.0000 -1.0000 -0.0000
vn -0.0000 -0.0000 -1.0000
vn -0.0000 -0.0000 1.0000
vn -0.0000 1.0000 -0.0000
vn 1.0000 -0.0000 -0.0000
vn 1.0000 0.0001 -0.0000
vn 1.0000 -0.0001 -0.0000
vn 0.0003 -0.9835 0.1808
vn 0.0003 -0.9836 0.1803
vn 0.0008 -0.7906 0.6124
vn 0.0008 -0.7903 0.6127
vn 0.0007 -0.4713 0.8820
vn 0.0007 -0.4712 0.8820
vn 0.0004 -0.2160 0.9764
vn 0.0004 -0.2161 0.9764
vn 0.0001 -0.0527 0.9986
vn 0.0001 -0.0528 0.9986
vn 0.0003 0.9836 0.1803
vn 0.0003 0.9835 0.1808
vn 0.0009 0.7903 0.6127
vn 0.0009 0.7905 0.6124
vn 0.0008 0.4712 0.8820
vn 0.0008 0.4713 0.8820
vn 0.0004 0.2161 0.9764
vn 0.0004 0.2160 0.9764
vn 0.0001 0.0528 0.9986
vn 0.0001 0.0527 0.9986
vn 0.0001 0.0527 -0.9986
vn 0.0001 0.0528 -0.9986
vn 0.0004 0.2161 -0.9764
vn 0.0004 0.2160 -0.9764
vn 0.0008 0.4712 -0.8820
vn 0.0008 0.4713 -0.8820
vn 0.0009 0.7903 -0.6127
vn 0.0009 0.7905 -0.6124
vn 0.0003 0.9835 -0.1808
vn 0.0003 0.9836 -0.1803
vn 0.0001 -0.0528 -0.9986
vn 0.0001 -0.0527 -0.9986
vn 0.0004 -0.2160 -0.9764
vn 0.0004 -0.2161 -0.9764
vn 0.0007 -0.4713 -0.8820
vn 0.0007 -0.4712 -0.8820
vn 0.0008 -0.7906 -0.6124
vn 0.0008 -0.7903 -0.6127
vn 0.0003 -0.9836 -0.1803
vn 0.0003 -0.9835 -0.1808
vn -0.0000 0.0528 0.9986
vn -0.0002 0.2161 0.9764
vn -0.0002 0.2160 0.9764
vn -0.0004 0.4713 0.8820
vn -0.0004 0.7904 0.6126
vn -0.0004 0.7905 0.6125
vn -0.0002 0.9835 0.1807
vn -0.0002 0.9836 0.1804
vn -0.0000 0.0528 -0.9986
vn -0.0002 0.2160 -0.9764
vn -0.0002 0.2161 -0.9764
vn -0.0004 0.4713 -0.8820
vn -0.0004 0.7905 -0.6125
vn -0.0004 0.7904 -0.6126
vn -0.0002 0.9836 -0.1804
vn -0.0002 0.9835 -0.1807
vn -0.0002 -0.9836 0.1804
vn -0.0002 -0.9835 0.1807
vn -0.0004 -0.7903 0.6127
vn -0.0004 -0.7905 0.6125
vn -0.0004 -0.4713 0.8820
vn -0.0002 -0.2161 0.9764
vn -0.0002 -0.2160 0.9764
vn -0.0000 -0.0528 0.9986
vn -0.0002 -0.9835 -0.1807
vn -0.0002 -0.9836 -0.1804
vn -0.0004 -0.7905 -0.6125
vn -0.0004 -0.7903 -0.6127
vn -0.0004 -0.4713 -0.8820
vn -0.0002 -0.2160 -0.9764
vn -0.0002 -0.2161 -0.9764
vn -0.0000 -0.0528 -0.9986
vn 0.0003 -0.9837 0.1798
vn 0.0003 -0.9838 0.1794
vn 0.0008 -0.7920 0.6105
vn 0.0008 -0.7918 0.6108
vn 0.0007 -0.4731 0.8810
vn 0.0004 -0.2170 0.9762
vn 0.0004 -0.2171 0.9762
vn 0.0001 -0.0530 0.9986
vn 0.0001 -0.0531 0.9986
vn 0.0003 0.9838 0.1794
vn 0.0003 0.9837 0.1799
vn 0.0008 0.7918 0.6108
vn 0.0008 0.7920 0.6105
vn 0.0007 0.4731 0.8810
vn 0.0004 0.2171 0.9762
vn 0.0001 0.0531 0.9986
vn 0.0001 0.0530 0.9986
vn 0.0001 0.0530 -0.9986
vn 0.0001 0.0531 -0.9986
vn 0.0004 0.2171 -0.9762
vn 0.0007 0.4731 -0.8810
vn 0.0007 0.4732 -0.8810
vn 0.0008 0.7918 -0.6108
vn 0.0008 0.7920 -0.6105
vn 0.0003 0.9837 -0.1799
vn 0.0003 0.9838 -0.1794
vn 0.0001 -0.0531 -0.9986
vn 0.0001 -0.0530 -0.9986
vn 0.0004 -0.2170 -0.9762
vn 0.0004 -0.2171 -0.9762
vn 0.0007 -0.4731 -0.8810
vn 0.0008 -0.7920 -0.6105
vn 0.0008 -0.7918 -0.6108
vn 0.0003 -0.9838 -0.1794
vn 0.0003 -0.9837 -0.1798
vn -0.0001 0.0530 0.9986
vn -0.0001 0.0531 0.9986
vn -0.0003 0.2171 0.9762
vn -0.0005 0.4731 0.8810
vn -0.0006 0.7918 0.6107
vn -0.0006 0.7920 0.6105
vn -0.0002 0.9837 0.1798
vn -0.0002 0.9838 0.1794
vn -0.0001 0.0531 -0.9986
vn -0.0001 0.0530 -0.9986
vn -0.0003 0.2171 -0.9762
vn -0.0005 0.4731 -0.8810
vn -0.0006 0.7920 -0.6105
vn -0.0006 0.7918 -0.6107
vn -0.0002 0.9838 -0.1794
vn -0.0002 0.9837 -0.1798
vn -0.0002 -0.9838 0.1795
vn -0.0002 -0.9837 0.1798
vn -0.0006 -0.7918 0.6108
vn -0.0006 -0.7920 0.6105
vn -0.0005 -0.4731 0.8810
vn -0.0003 -0.2171 0.9762
vn -0.0001 -0.0531 0.9986
vn -0.0001 -0.0530 0.9986
vn -0.0002 -0.9837 -0.1798
vn -0.0002 -0.9838 -0.1795
vn -0.0006 -0.7920 -0.6105
vn -0.0006 -0.7918 -0.6108
vn -0.0005 -0.4731 -0.8810
vn -0.0003 -0.2171 -0.9762
vn -0.0001 -0.0530 -0.9986
vn -0.0001 -0.0531 -0.9986
vt 0.809051 0.811132
vt 0.809051 0.416346
vt 0.897967 0.416346
vt 0.897967 0.811132
vt 0.402862 0.002741
vt 0.402862 0.410864
vt 0.002741 0.410864
vt 0.002741 0.002741
vt 0.700058 0.816467
vt 0.602028 0.816467
vt 0.602028 0.416346
vt 0.700058 0.416346
vt 0.705540 0.416346
vt 0.803569 0.416346
vt 0.803569 0.816467
vt 0.705540 0.816467
vt 0.395006 0.824470
vt 0.395006 0.416346
vt 0.493036 0.416346
vt 0.493036 0.824470
vt 0.808465 0.002741
vt 0.808465 0.410864
vt 0.801796 0.404196
vt 0.801796 0.009409
vt 0.408343 0.410864
vt 0.415012 0.404196
vt 0.408343 0.002741
vt 0.415012 0.009409
vt 0.389525 0.416346
vt 0.389525 0.811132
vt 0.002741 0.811132
vt 0.002741 0.416346
vt 0.903448 0.803130
vt 0.903448 0.416346
vt 0.992364 0.416346
vt 0.992364 0.803130
vt 0.908343 0.389525
vt 0.908343 0.002741
vt 0.997259 0.002741
vt 0.997259 0.389525
vt 0.813946 0.397527
vt 0.813946 0.002741
vt 0.902862 0.002741
vt 0.902862 0.397527
vt 0.525192 0.706634
vt 0.525367 0.707578
vt 0.524691 0.711267
vt 0.525865 0.708379
vt 0.526611 0.708913
vt 0.527491 0.709101
vt 0.527491 0.531714
vt 0.526611 0.531902
vt 0.524691 0.529548
vt 0.525865 0.532437
vt 0.525367 0.533237
vt 0.525192 0.534181
vt 0.569872 0.534181
vt 0.569697 0.533237
vt 0.570373 0.529548
vt 0.569199 0.532437
vt 0.568453 0.531902
vt 0.567573 0.531714
vt 0.567573 0.709101
vt 0.568453 0.708913
vt 0.570373 0.711267
vt 0.569199 0.708379
vt 0.569697 0.707578
vt 0.569872 0.706634
vt 0.272215 0.899979
vt 0.267285 0.898926
vt 0.264409 0.888604
vt 0.263105 0.895929
vt 0.260312 0.891444
vt 0.259331 0.886153
vt 0.259331 0.016811
vt 0.260312 0.011520
vt 0.264409 0.014360
vt 0.263105 0.007035
vt 0.267285 0.004038
vt 0.272215 0.002985
vt 0.459881 0.886153
vt 0.458901 0.891444
vt 0.454804 0.888604
vt 0.456108 0.895929
vt 0.451928 0.898926
vt 0.446998 0.899979
vt 0.446998 0.002985
vt 0.451928 0.004038
vt 0.454804 0.014360
vt 0.456108 0.007035
vt 0.458901 0.011520
vt 0.459881 0.016811
vt 0.321614 0.746634
vt 0.322589 0.751922
vt 0.316536 0.771828
vt 0.325366 0.756406
vt 0.329522 0.759401
vt 0.334423 0.760453
vt 0.334423 0.142510
vt 0.329522 0.143562
vt 0.316536 0.131136
vt 0.325366 0.146558
vt 0.322589 0.151041
vt 0.321614 0.156330
vt 0.397599 0.156330
vt 0.396624 0.151041
vt 0.402677 0.131136
vt 0.393847 0.146558
vt 0.389692 0.143562
vt 0.384789 0.142510
vt 0.384789 0.760453
vt 0.389692 0.759401
vt 0.402676 0.771828
vt 0.393847 0.756406
vt 0.396624 0.751922
vt 0.397599 0.746634
vt 0.747327 0.900856
vt 0.772240 0.900806
vt 0.772241 0.905261
vt 0.747328 0.905291
vt 0.803124 0.719006
vt 0.778211 0.719023
vt 0.778211 0.714136
vt 0.803124 0.714132
vt 0.778212 0.708981
vt 0.803125 0.708989
vt 0.778212 0.704343
vt 0.803125 0.704359
vt 0.716444 0.890337
vt 0.741357 0.890388
vt 0.741357 0.895621
vt 0.716444 0.895590
vt 0.741357 0.900854
vt 0.716444 0.900841
vt 0.741356 0.905291
vt 0.716443 0.905291
vt 0.778211 0.517779
vt 0.803124 0.517769
vt 0.803124 0.521181
vt 0.778211 0.521194
vt 0.834008 0.532448
vt 0.809095 0.532433
vt 0.809095 0.527803
vt 0.834008 0.527811
vt 0.809095 0.522660
vt 0.834008 0.522656
vt 0.809096 0.517786
vt 0.834009 0.517769
vt 0.716444 0.003016
vt 0.741357 0.002985
vt 0.741357 0.007421
vt 0.716444 0.007470
vt 0.809096 0.715611
vt 0.834009 0.715598
vt 0.834009 0.719013
vt 0.809096 0.719023
vt 0.747328 0.002985
vt 0.772241 0.002986
vt 0.772240 0.007436
vt 0.747327 0.007422
vt 0.772240 0.012687
vt 0.747327 0.012656
vt 0.772240 0.017939
vt 0.747327 0.017889
vt 0.040799 0.948497
vt 0.015886 0.997015
vt 0.010949 0.995958
vt 0.035862 0.947440
vt 0.006764 0.992949
vt 0.031677 0.944431
vt 0.003967 0.988446
vt 0.028880 0.939928
vt 0.002985 0.983134
vt 0.027898 0.934616
vt 0.015886 0.002985
vt 0.040799 0.051503
vt 0.035862 0.052560
vt 0.010949 0.004042
vt 0.031677 0.055569
vt 0.006764 0.007051
vt 0.028880 0.060072
vt 0.003967 0.011554
vt 0.027898 0.065384
vt 0.002985 0.016866
vt 0.253361 0.016866
vt 0.228448 0.065384
vt 0.227466 0.060072
vt 0.252379 0.011554
vt 0.224670 0.055569
vt 0.249583 0.007051
vt 0.220484 0.052560
vt 0.245397 0.004042
vt 0.215547 0.051503
vt 0.240460 0.002985
vt 0.240460 0.997015
vt 0.215547 0.948497
vt 0.220484 0.947440
vt 0.245397 0.995958
vt 0.224670 0.944431
vt 0.249583 0.992949
vt 0.227466 0.939928
vt 0.252379 0.988446
vt 0.228448 0.934616
vt 0.253361 0.983134
vt 0.465852 0.784092
vt 0.515678 0.784108
vt 0.515679 0.787520
vt 0.465853 0.787506
vt 0.547808 0.002985
vt 0.597634 0.002987
vt 0.597633 0.007424
vt 0.547807 0.007435
vt 0.597633 0.012658
vt 0.547807 0.012687
vt 0.597633 0.017891
vt 0.547807 0.017939
vt 0.659402 0.718288
vt 0.709228 0.718277
vt 0.709228 0.722915
vt 0.659401 0.722918
vt 0.709227 0.728069
vt 0.659401 0.728061
vt 0.709227 0.732956
vt 0.659401 0.732934
vt 0.597634 0.816633
vt 0.547808 0.816600
vt 0.547808 0.812145
vt 0.597634 0.812197
vt 0.653430 0.007472
vt 0.603604 0.007421
vt 0.603604 0.002985
vt 0.653430 0.003018
vt 0.465853 0.626898
vt 0.515679 0.626919
vt 0.515678 0.631793
vt 0.465852 0.631785
vt 0.515678 0.636936
vt 0.465852 0.636939
vt 0.515678 0.641566
vt 0.465852 0.641577
vt 0.603604 0.801727
vt 0.653431 0.801679
vt 0.653431 0.806931
vt 0.603604 0.806960
vt 0.653430 0.812182
vt 0.603604 0.812193
vt 0.653430 0.816633
vt 0.603604 0.816630
vt 0.659401 0.572333
vt 0.709227 0.572348
vt 0.709227 0.575762
vt 0.659401 0.575745
vt 0.859909 0.557217
vt 0.884822 0.557168
vt 0.884823 0.561623
vt 0.859910 0.561653
vt 0.803124 0.784046
vt 0.778211 0.784063
vt 0.778211 0.779191
vt 0.803124 0.779187
vt 0.778211 0.774058
vt 0.803124 0.774064
vt 0.778211 0.769445
vt 0.803124 0.769457
vt 0.890793 0.546723
vt 0.915706 0.546774
vt 0.915706 0.552002
vt 0.890793 0.551971
vt 0.915706 0.557227
vt 0.890793 0.557213
vt 0.915706 0.561653
vt 0.890793 0.561652
vt 0.778211 0.725001
vt 0.803124 0.724993
vt 0.803124 0.728382
vt 0.778211 0.728392
vt 0.684314 0.753545
vt 0.659401 0.753532
vt 0.659401 0.748925
vt 0.684314 0.748931
vt 0.659401 0.743803
vt 0.684314 0.743798
vt 0.659402 0.738944
vt 0.684315 0.738926
vt 0.890793 0.003015
vt 0.915706 0.002985
vt 0.915706 0.007421
vt 0.890793 0.007470
vt 0.659401 0.794607
vt 0.684314 0.794597
vt 0.684315 0.797988
vt 0.659402 0.797997
vt 0.859910 0.002985
vt 0.884823 0.002986
vt 0.884822 0.007425
vt 0.859909 0.007411
vt 0.884822 0.012667
vt 0.859909 0.012636
vt 0.884822 0.017915
vt 0.859909 0.017864
vt 0.491132 0.593646
vt 0.478675 0.620928
vt 0.473768 0.619872
vt 0.486224 0.592589
vt 0.469608 0.616864
vt 0.482064 0.589582
vt 0.466828 0.612363
vt 0.479284 0.585081
vt 0.465852 0.607054
vt 0.478308 0.579772
vt 0.478675 0.002985
vt 0.491132 0.030267
vt 0.486224 0.031323
vt 0.473768 0.004041
vt 0.482064 0.034331
vt 0.469608 0.007049
vt 0.479284 0.038832
vt 0.466828 0.011550
vt 0.478308 0.044141
vt 0.465852 0.016859
vt 0.541837 0.016859
vt 0.529380 0.044141
vt 0.528404 0.038832
vt 0.540860 0.011550
vt 0.525624 0.034331
vt 0.538081 0.007049
vt 0.521464 0.031323
vt 0.533921 0.004041
vt 0.516557 0.030267
vt 0.529013 0.002985
vt 0.529013 0.620928
vt 0.516557 0.593646
vt 0.521464 0.592589
vt 0.533920 0.619872
vt 0.525624 0.589582
vt 0.538081 0.616864
vt 0.528404 0.585081
vt 0.540860 0.612363
vt 0.529380 0.579772
vt 0.541837 0.607054
vt 0.778212 0.825387
vt 0.813091 0.825398
vt 0.813091 0.828787
vt 0.778213 0.828778
vt 0.778211 0.002985
vt 0.813090 0.002986
vt 0.813089 0.007412
vt 0.778211 0.007424
vt 0.813089 0.012637
vt 0.778211 0.012666
vt 0.813089 0.017865
vt 0.778211 0.017914
vt 0.480800 0.817637
vt 0.515678 0.817626
vt 0.515679 0.822239
vt 0.480800 0.822244
vt 0.515679 0.827372
vt 0.480800 0.827367
vt 0.515679 0.832244
vt 0.480800 0.832226
vt 0.813090 0.511799
vt 0.778211 0.511767
vt 0.778211 0.507312
vt 0.813089 0.507363
vt 0.853938 0.007472
vt 0.819060 0.007421
vt 0.819060 0.002985
vt 0.853938 0.003017
vt 0.778211 0.790033
vt 0.813089 0.790052
vt 0.813089 0.794911
vt 0.778211 0.794905
vt 0.813089 0.800034
vt 0.778211 0.800038
vt 0.813089 0.804640
vt 0.778211 0.804652
vt 0.819061 0.496919
vt 0.853939 0.496870
vt 0.853939 0.502118
vt 0.819060 0.502147
vt 0.853938 0.507360
vt 0.819060 0.507372
vt 0.853938 0.511799
vt 0.819060 0.511798
vt 0.480798 0.793490
vt 0.515677 0.793499
vt 0.515677 0.796890
vt 0.480799 0.796879
vt 0.596547 0.824470
vt 0.498517 0.824470
vt 0.498517 0.416346
vt 0.596547 0.416346
vt 0.672210 0.566363
vt 0.667308 0.565311
vt 0.663153 0.562316
vt 0.660376 0.557832
vt 0.659401 0.552544
vt 0.659401 0.016804
vt 0.660376 0.011516
vt 0.663153 0.007033
vt 0.667309 0.004037
vt 0.672210 0.002985
vt 0.697663 0.002985
vt 0.702565 0.004037
vt 0.706721 0.007033
vt 0.709498 0.011516
vt 0.710473 0.016805
vt 0.710473 0.552544
vt 0.709498 0.557832
vt 0.706721 0.562316
vt 0.702565 0.565311
vt 0.697663 0.566363
s 1
usemtl green_metal
f 83/193/7 84/194/7 87/195/7 88/196/7
f 75/197/8 76/198/8 79/199/8 80/200/8
f 76/201/9 73/202/9 77/203/9 79/204/9
f 74/205/10 75/206/10 80/207/10 78/208/10
f 74/209/7 73/210/7 76/211/7 75/212/7
f 73/213/11 74/214/11 82/215/11 81/216/11
f 74/214/11 78/217/11 83/218/11 82/215/11
f 78/217/11 77/219/11 84/220/11 83/218/11
f 77/219/11 73/213/11 81/216/11 84/220/11
f 85/221/11 86/222/11 88/223/11 87/224/11
f 84/225/10 81/226/10 85/227/10 87/228/10
f 82/229/9 83/230/9 88/231/9 86/232/9
f 81/233/12 82/234/12 86/235/12 85/236/12
f 89/237/12 92/238/12 91/239/12
f 92/238/12 93/240/12 91/239/12
f 93/240/12 94/241/12 91/239/12
f 94/241/12 90/242/12 91/239/12
f 95/243/12 98/244/12 97/245/12
f 98/244/12 99/246/12 97/245/12
f 99/246/12 100/247/13 97/245/12
f 100/247/13 96/248/12 97/245/12
f 101/249/12 104/250/12 103/251/12
f 104/250/12 105/252/12 103/251/12
f 105/252/12 106/253/12 103/251/12
f 106/253/12 102/254/12 103/251/12
f 107/255/12 110/256/12 109/257/12
f 110/256/12 111/258/12 109/257/12
f 111/258/12 112/259/14 109/257/12
f 112/259/14 108/260/12 109/257/12
f 79/581/12 77/582/12 91/239/12 90/242/12 107/255/12 109/257/12
f 77/582/12 78/583/12 97/245/12 96/248/12 89/237/12 91/239/12
f 78/583/12 80/584/12 103/251/12 102/254/12 95/243/12 97/245/12
f 80/584/12 79/581/12 109/257/12 108/260/12 101/249/12 103/251/12
usemtl black_metal
f 153/261/12 156/262/12 155/263/12
f 156/262/12 157/264/12 155/263/12
f 157/264/12 158/265/12 155/263/12
f 158/265/12 154/266/12 155/263/12
f 159/267/12 162/268/12 161/269/12
f 162/268/12 163/270/12 161/269/12
f 163/270/12 164/271/12 161/269/12
f 164/271/12 160/272/12 161/269/12
f 165/273/12 168/274/12 167/275/12
f 168/274/12 169/276/12 167/275/12
f 169/276/12 170/277/12 167/275/12
f 170/277/12 166/278/12 167/275/12
f 171/279/12 174/280/12 173/281/12
f 174/280/12 175/282/12 173/281/12
f 175/282/12 176/283/12 173/281/12
f 176/283/12 172/284/12 173/281/12
f 177/285/12 180/286/12 179/287/12
f 180/286/12 181/288/12 179/287/12
f 181/288/12 182/289/12 179/287/12
f 182/289/12 178/290/12 179/287/12
f 183/291/12 186/292/12 185/293/12
f 186/292/12 187/294/12 185/293/12
f 187/294/12 188/295/12 185/293/12
f 188/295/12 184/296/12 185/293/12
f 189/297/12 192/298/12 191/299/12
f 192/298/12 193/300/12 191/299/12
f 193/300/12 194/301/12 191/299/12
f 194/301/12 190/302/12 191/299/12
f 195/303/12 198/304/12 197/305/12
f 198/304/12 199/306/12 197/305/12
f 199/306/12 200/307/12 197/305/12
f 200/307/12 196/308/12 197/305/12
f 101/309/15 128/310/16 130/311/17 104/312/18
f 104/313/18 130/314/17 131/315/19 105/316/20
f 105/316/20 131/315/19 132/317/21 106/318/22
f 106/318/22 132/317/21 129/319/23 102/320/24
f 119/321/25 96/322/26 100/323/27 122/324/28
f 122/324/28 100/323/27 99/325/29 121/326/30
f 121/326/30 99/325/29 98/327/31 120/328/32
f 120/329/32 98/330/31 95/331/33 118/332/34
f 114/333/35 90/334/36 94/335/37 117/336/38
f 117/336/38 94/335/37 93/337/39 116/338/40
f 116/338/40 93/337/39 92/339/41 115/340/42
f 115/341/42 92/342/41 89/343/43 113/344/44
f 107/345/45 123/346/46 125/347/47 110/348/48
f 110/349/48 125/350/47 126/351/49 111/352/50
f 111/352/50 126/351/49 127/353/51 112/354/52
f 112/354/52 127/353/51 124/355/53 108/356/54
f 134/357/12 114/358/12 117/359/12 137/360/12
f 137/360/12 117/359/12 116/361/12 136/362/12
f 136/362/12 116/361/12 115/363/12 135/364/12
f 135/364/12 115/363/12 113/365/12 133/366/12
f 118/367/12 138/368/12 140/369/12 120/370/12
f 120/370/12 140/369/12 141/371/12 121/372/12
f 121/372/12 141/371/12 142/373/12 122/374/12
f 122/374/12 142/373/12 139/375/12 119/376/12
f 128/377/12 143/378/12 145/379/12 130/380/12
f 130/380/12 145/379/12 146/381/12 131/382/12
f 131/382/12 146/381/12 147/383/12 132/384/12
f 132/384/12 147/383/12 144/385/12 129/386/12
f 123/387/12 148/388/12 150/389/12 125/390/12
f 125/390/12 150/389/12 151/391/12 126/392/12
f 126/392/12 151/391/12 152/393/12 127/394/12
f 127/394/12 152/393/12 149/395/12 124/396/12
f 148/397/55 166/398/55 170/399/56 150/400/57
f 150/401/57 170/402/56 169/403/58 151/404/58
f 151/404/58 169/403/58 168/405/59 152/406/60
f 152/406/60 168/405/59 165/407/61 149/408/62
f 171/409/63 144/410/63 147/411/64 174/412/65
f 174/412/65 147/411/64 146/413/66 175/414/66
f 175/414/66 146/413/66 145/415/67 176/416/68
f 176/417/68 145/418/67 143/419/69 172/420/70
f 133/421/71 154/422/72 158/423/73 135/424/74
f 135/425/74 158/426/73 157/427/75 136/428/75
f 136/428/75 157/427/75 156/429/76 137/430/77
f 137/430/77 156/429/76 153/431/78 134/432/78
f 159/433/79 139/434/80 142/435/81 162/436/82
f 162/436/82 142/435/81 141/437/83 163/438/83
f 163/438/83 141/437/83 140/439/84 164/440/85
f 164/441/85 140/442/84 138/443/86 160/444/86
f 189/445/87 216/446/88 218/447/89 192/448/90
f 192/449/90 218/450/89 219/451/91 193/452/91
f 193/452/91 219/451/91 220/453/92 194/454/93
f 194/454/93 220/453/92 217/455/94 190/456/95
f 207/457/96 184/458/97 188/459/98 210/460/99
f 210/460/99 188/459/98 187/461/100 209/462/100
f 209/462/100 187/461/100 186/463/101 208/464/101
f 208/465/101 186/466/101 183/467/102 206/468/103
f 202/469/104 178/470/105 182/471/106 205/472/106
f 205/472/106 182/471/106 181/473/107 204/474/108
f 204/474/108 181/473/107 180/475/109 203/476/110
f 203/477/110 180/478/109 177/479/111 201/480/112
f 195/481/113 211/482/114 213/483/115 198/484/116
f 198/485/116 213/486/115 214/487/117 199/488/117
f 199/488/117 214/487/117 215/489/118 200/490/119
f 200/490/119 215/489/118 212/491/120 196/492/121
f 222/493/12 202/494/12 205/495/12 225/496/12
f 225/496/12 205/495/12 204/497/12 224/498/12
f 224/498/12 204/497/12 203/499/12 223/500/12
f 223/500/12 203/499/12 201/501/12 221/502/12
f 206/503/12 226/504/12 228/505/12 208/506/12
f 208/506/12 228/505/12 229/507/12 209/508/12
f 209/508/12 229/507/12 230/509/12 210/510/12
f 210/510/12 230/509/12 227/511/12 207/512/12
f 216/513/12 231/514/12 233/515/12 218/516/12
f 218/516/12 233/515/12 234/517/12 219/518/12
f 219/518/12 234/517/12 235/519/12 220/520/12
f 220/520/12 235/519/12 232/521/12 217/522/12
f 211/523/12 236/524/12 238/525/12 213/526/12
f 213/526/12 238/525/12 239/527/12 214/528/12
f 214/528/12 239/527/12 240/529/12 215/530/12
f 215/530/12 240/529/12 237/531/12 212/532/12
f 236/533/122 252/534/123 255/535/124 238/536/124
f 238/537/124 255/538/124 254/539/125 239/540/125
f 239/540/125 254/539/125 253/541/126 240/542/127
f 240/542/127 253/541/126 251/543/128 237/544/129
f 256/545/130 232/546/131 235/547/132 258/548/132
f 258/548/132 235/547/132 234/549/133 259/550/133
f 259/550/133 234/549/133 233/551/134 260/552/135
f 260/553/135 233/554/134 231/555/136 257/556/137
f 221/557/138 242/558/139 245/559/140 223/560/141
f 223/561/141 245/562/140 244/563/142 224/564/142
f 224/564/142 244/563/142 243/565/143 225/566/143
f 225/566/143 243/565/143 241/567/144 222/568/145
f 246/569/146 227/570/147 230/571/148 248/572/149
f 248/572/149 230/571/148 229/573/150 249/574/150
f 249/574/150 229/573/150 228/575/151 250/576/151
f 250/577/151 228/578/151 226/579/152 247/580/153
f 89/343/43 96/322/26 119/321/25 113/344/44
f 107/345/45 90/334/36 114/333/35 123/346/46
f 95/331/33 102/320/24 129/319/23 118/332/34
f 101/309/15 108/356/54 124/355/53 128/310/16
f 113/365/12 119/376/12 139/375/12 133/366/12
f 123/387/12 114/358/12 134/357/12 148/388/12
f 118/367/12 129/386/12 144/385/12 138/368/12
f 128/377/12 124/396/12 149/395/12 143/378/12
f 133/421/71 139/434/80 159/433/79 154/422/72
f 148/397/55 134/432/78 153/431/78 166/398/55
f 138/443/86 144/410/63 171/409/63 160/444/86
f 143/419/69 149/408/62 165/407/61 172/420/70
f 155/263/12 154/266/12 159/267/12 161/269/12 185/293/12 184/296/12 177/285/12 179/287/12
f 167/275/12 166/278/12 153/261/12 155/263/12 179/287/12 178/290/12 195/303/12 197/305/12
f 161/269/12 160/272/12 171/279/12 173/281/12 191/299/12 190/302/12 183/291/12 185/293/12
f 173/281/12 172/284/12 165/273/12 167/275/12 197/305/12 196/308/12 189/297/12 191/299/12
f 177/479/111 184/458/97 207/457/96 201/480/112
f 195/481/113 178/470/105 202/469/104 211/482/114
f 183/467/102 190/456/95 217/455/94 206/468/103
f 189/445/87 196/492/121 212/491/120 216/446/88
f 201/501/12 207/512/12 227/511/12 221/502/12
f 211/523/12 202/494/12 222/493/12 236/524/12
f 206/503/12 217/522/12 232/521/12 226/504/12
f 216/513/12 212/532/12 237/531/12 231/514/12
f 221/557/138 227/570/147 246/569/146 242/558/139
f 236/533/122 222/568/145 241/567/144 252/534/123
f 226/579/152 232/546/131 256/545/130 247/580/153
f 231/555/136 237/544/129 251/543/128 257/556/137
f 241/585/12 243/586/12 244/587/12 245/588/12 242/589/12 246/590/12 248/591/12 249/592/12 250/593/12 247/594/12 256/595/12 258/596/12 259/597/12 260/598/12 257/599/12 251/600/12 253/601/12 254/602/12 255/603/12 252/604/12
o drawer_4
v -0.210000 0.959000 -0.229500
v -0.210000 0.959000 0.229500
v -0.210000 0.738500 0.229500
v -0.210000 0.738500 -0.229500
v 0.240000 0.959000 -0.229500
v 0.240000 0.959000 0.229500
v 0.240000 0.738500 -0.229500
v 0.240000 0.738500 0.229500
v -0.202500 0.959000 -0.222000
v -0.202500 0.959000 0.222000
v 0.232500 0.959000 0.222000
v 0.232500 0.959000 -0.222000
v -0.202500 0.759000 -0.222000
v -0.202500 0.759000 0.222000
v 0.232500 0.759000 -0.222000
v 0.232500 0.759000 0.222000
v 0.240000 0.899000 -0.096975
v 0.240000 0.893828 -0.099750
v 0.240000 0.900126 -0.102186
v 0.240000 0.898606 -0.098037
v 0.240000 0.897485 -0.098937
v 0.240000 0.895808 -0.099539
v 0.240000 0.893828 0.099750
v 0.240000 0.899000 0.096975
v 0.240000 0.900126 0.102186
v 0.240000 0.895808 0.099539
v 0.240000 0.897485 0.098937
v 0.240000 0.898606 0.098037
v 0.240000 0.798500 0.096975
v 0.240000 0.803671 0.099750
v 0.240000 0.797374 0.102186
v 0.240000 0.798894 0.098037
v 0.240000 0.800015 0.098937
v 0.240000 0.801692 0.099539
v 0.240000 0.803671 -0.099750
v 0.240000 0.798500 -0.096975
v 0.240000 0.797374 -0.102186
v 0.240000 0.801692 -0.099539
v 0.240000 0.800015 -0.098937
v 0.240000 0.798894 -0.098037
v 0.245000 0.899000 -0.096964
v 0.245000 0.893822 -0.099750
v 0.245000 0.898606 -0.098030
v 0.245000 0.897483 -0.098934
v 0.245000 0.895803 -0.099538
v 0.245000 0.893822 0.099750
v 0.245000 0.899000 0.096964
v 0.245000 0.895803 0.099538
v 0.245000 0.897483 0.098934
v 0.245000 0.898606 0.098030
v 0.245000 0.803678 -0.099750
v 0.245000 0.798500 -0.096964
v 0.245000 0.801697 -0.099538
v 0.245000 0.800017 -0.098934
v 0.245000 0.798894 -0.098030
v 0.245000 0.798500 0.096964
v 0.245000 0.803678 0.099750
v 0.245000 0.798894 0.098030
v 0.245000 0.800017 0.098934
v 0.245000 0.801697 0.099538
v 0.245000 0.889000 -0.087227
v 0.245000 0.883822 -0.090012
v 0.245000 0.888606 -0.088293
v 0.245000 0.887483 -0.089197
v 0.245000 0.885803 -0.089800
v 0.245000 0.883822 0.090012
v 0.245000 0.889000 0.087227
v 0.245000 0.885803 0.089800
v 0.245000 0.887483 0.089197
v 0.245000 0.888606 0.088293
v 0.245000 0.808500 0.087227
v 0.245000 0.813678 0.090012
v 0.245000 0.808894 0.088293
v 0.245000 0.810017 0.089197
v 0.245000 0.811697 0.089800
v 0.245000 0.813678 -0.090012
v 0.245000 0.808500 -0.087227
v 0.245000 0.811697 -0.089800
v 0.245000 0.810017 -0.089197
v 0.245000 0.808894 -0.088293
v 0.235000 0.883828 -0.090012
v 0.235000 0.889000 -0.087238
v 0.235000 0.886962 -0.087730
v 0.235000 0.885808 -0.089801
v 0.235000 0.887485 -0.089200
v 0.235000 0.888606 -0.088300
v 0.235000 0.889000 0.087238
v 0.235000 0.883828 0.090012
v 0.235000 0.886962 0.087730
v 0.235000 0.888606 0.088300
v 0.235000 0.887485 0.089200
v 0.235000 0.885808 0.089801
v 0.235000 0.808500 -0.087238
v 0.235000 0.813671 -0.090012
v 0.235000 0.810538 -0.087730
v 0.235000 0.808894 -0.088300
v 0.235000 0.810015 -0.089200
v 0.235000 0.811692 -0.089801
v 0.235000 0.813671 0.090012
v 0.235000 0.808500 0.087238
v 0.235000 0.810538 0.087730
v 0.235000 0.811692 0.089801
v 0.235000 0.810015 0.089200
v 0.235000 0.808894 0.088300
v 0.235000 0.864000 -0.059236
v 0.235000 0.858858 -0.062010
v 0.235000 0.866038 -0.064293
v 0.235000 0.863609 -0.060298
v 0.235000 0.862494 -0.061198
v 0.235000 0.860826 -0.061799
v 0.235000 0.858858 0.062010
v 0.235000 0.864000 0.059236
v 0.235000 0.866038 0.064293
v 0.235000 0.860826 0.061799
v 0.235000 0.862494 0.061198
v 0.235000 0.863609 0.060298
v 0.235000 0.833500 0.059236
v 0.235000 0.838642 0.062010
v 0.235000 0.831462 0.064293
v 0.235000 0.833891 0.060298
v 0.235000 0.835006 0.061198
v 0.235000 0.836674 0.061799
v 0.235000 0.838642 -0.062010
v 0.235000 0.833500 -0.059236
v 0.235000 0.831462 -0.064293
v 0.235000 0.836674 -0.061799
v 0.235000 0.835006 -0.061198
v 0.235000 0.833891 -0.060298
v 0.240000 0.864000 -0.059226
v 0.240000 0.858853 -0.062010
v 0.240000 0.863608 -0.060291
v 0.240000 0.862492 -0.061194
v 0.240000 0.860822 -0.061798
v 0.240000 0.858853 0.062010
v 0.240000 0.864000 0.059226
v 0.240000 0.860822 0.061798
v 0.240000 0.862492 0.061194
v 0.240000 0.863608 0.060291
v 0.240000 0.838647 -0.062010
v 0.240000 0.833500 -0.059226
v 0.240000 0.836677 -0.061798
v 0.240000 0.835008 -0.061194
v 0.240000 0.833892 -0.060291
v 0.240000 0.833500 0.059226
v 0.240000 0.838647 0.062010
v 0.240000 0.833892 0.060291
v 0.240000 0.835008 0.061194
v 0.240000 0.836677 0.061798
v 0.240000 0.859000 -0.053750
v 0.240000 0.853853 -0.056535
v 0.240000 0.858608 -0.054816
v 0.240000 0.857492 -0.055719
v 0.240000 0.855823 -0.056323
v 0.240000 0.853853 0.056534
v 0.240000 0.859000 0.053750
v 0.240000 0.855823 0.056323
v 0.240000 0.857492 0.055719
v 0.240000 0.858608 0.054816
v 0.240000 0.838500 0.053750
v 0.240000 0.843647 0.056534
v 0.240000 0.838892 0.054816
v 0.240000 0.840008 0.055719
v 0.240000 0.841677 0.056323
v 0.240000 0.843647 -0.056535
v 0.240000 0.838500 -0.053750
v 0.240000 0.841677 -0.056323
v 0.240000 0.840008 -0.055719
v 0.240000 0.838892 -0.054816
v 0.233000 0.853858 -0.056535
v 0.233000 0.859000 -0.053761
v 0.233000 0.855826 -0.056323
v 0.233000 0.857494 -0.055722
v 0.233000 0.858609 -0.054822
v 0.233000 0.859000 0.053761
v 0.233000 0.853858 0.056534
v 0.233000 0.858609 0.054822
v 0.233000 0.857494 0.055722
v 0.233000 0.855826 0.056323
v 0.233000 0.838500 -0.053761
v 0.233000 0.843642 -0.056535
v 0.233000 0.838891 -0.054822
v 0.233000 0.840006 -0.055722
v 0.233000 0.841674 -0.056323
v 0.233000 0.843642 0.056534
v 0.233000 0.838500 0.053761
v 0.233000 0.841674 0.056323
v 0.233000 0.840006 0.055722
v 0.233000 0.838891 0.054822
vn -1.0000 -0.0000 -0.0000
vn -0.0000 -1.0000 -0.0000
vn -0.0000 -0.0000 -1.0000
vn -0.0000 -0.0000 1.0000
vn -0.0000 1.0000 -0.0000
vn 1.0000 -0.0000 -0.0000
vn 1.0000 0.0001 -0.0000
vn 1.0000 -0.0001 -0.0000
vn 0.0003 -0.9835 0.1808
vn 0.0003 -0.9836 0.1803
vn 0.0008 -0.7906 0.6124
vn 0.0008 -0.7903 0.6127
vn 0.0007 -0.4713 0.8820
vn 0.0007 -0.4712 0.8820
vn 0.0004 -0.2160 0.9764
vn 0.0004 -0.2161 0.9764
vn 0.0001 -0.0527 0.9986
vn 0.0001 -0.0528 0.9986
vn 0.0003 0.9836 0.1803
vn 0.0003 0.9835 0.1808
vn 0.0009 0.7903 0.6127
vn 0.0009 0.7905 0.6124
vn 0.0008 0.4712 0.8820
vn 0.0008 0.4713 0.8820
vn 0.0004 0.2161 0.9764
vn 0.0004 0.2160 0.9764
vn 0.0001 0.0528 0.9986
vn 0.0001 0.0527 0.9986
vn 0.0001 0.0527 -0.9986
vn 0.0001 0.0528 -0.9986
vn 0.0004 0.2161 -0.9764
vn 0.0004 0.2160 -0.9764
vn 0.0008 0.4712 -0.8820
vn 0.0008 0.4713 -0.8820
vn 0.0009 0.7903 -0.6127
vn 0.0009 0.7905 -0.6124
vn 0.0003 0.9835 -0.1808
vn 0.0003 0.9836 -0.1803
vn 0.0001 -0.0528 -0.9986
vn 0.0001 -0.0527 -0.9986
vn 0.0004 -0.2160 -0.9764
vn 0.0004 -0.2161 -0.9764
vn 0.0007 -0.4713 -0.8820
vn 0.0007 -0.4712 -0.8820
vn 0.0008 -0.7906 -0.6124
vn 0.0008 -0.7903 -0.6127
vn 0.0003 -0.9836 -0.1803
vn 0.0003 -0.9835 -0.1808
vn -0.0000 0.0528 0.9986
vn -0.0002 0.2161 0.9764
vn -0.0002 0.2160 0.9764
vn -0.0004 0.4713 0.8820
vn -0.0004 0.7904 0.6126
vn -0.0004 0.7905 0.6125
vn -0.0002 0.9835 0.1807
vn -0.0002 0.9836 0.1804
vn -0.0000 0.0528 -0.9986
vn -0.0002 0.2160 -0.9764
vn -0.0002 0.2161 -0.9764
vn -0.0004 0.4713 -0.8820
vn -0.0004 0.7905 -0.6125
vn -0.0004 0.7904 -0.6126
vn -0.0002 0.9836 -0.1804
vn -0.0002 0.9835 -0.1807
vn -0.0002 -0.9836 0.1804
vn -0.0002 -0.9835 0.1807
vn -0.0004 -0.7903 0.6127
vn -0.0004 -0.7905 0.6125
vn -0.0004 -0.4713 0.8820
vn -0.0002 -0.2161 0.9764
vn -0.0002 -0.2160 0.9764
vn -0.0000 -0.0528 0.9986
vn -0.0002 -0.9835 -0.1807
vn -0.0002 -0.9836 -0.1804
vn -0.0004 -0.7905 -0.6125
vn -0.0004 -0.7903 -0.6127
vn -0.0004 -0.4713 -0.8820
vn -0.0002 -0.2160 -0.9764
vn -0.0002 -0.2161 -0.9764
vn -0.0000 -0.0528 -0.9986
vn 0.0003 -0.9837 0.1798
vn 0.0003 -0.9838 0.1794
vn 0.0008 -0.7920 0.6105
vn 0.0008 -0.7918 0.6108
vn 0.0007 -0.4731 0.8810
vn 0.0004 -0.2170 0.9762
vn 0.0004 -0.2171 0.9762
vn 0.0001 -0.0530 0.9986
vn 0.0001 -0.0531 0.9986
vn 0.0003 0.9838 0.1794
vn 0.0003 0.9837 0.1799
vn 0.0008 0.7918 0.6108
vn 0.0008 0.7920 0.6105
vn 0.0007 0.4731 0.8810
vn 0.0004 0.2171 0.9762
vn 0.0001 0.0531 0.9986
vn 0.0001 0.0530 0.9986
vn 0.0001 0.0530 -0.9986
vn 0.0001 0.0531 -0.9986
vn 0.0004 0.2171 -0.9762
vn 0.0007 0.4731 -0.8810
vn 0.0007 0.4732 -0.8810
vn 0.0008 0.7918 -0.6108
vn 0.0008 0.7920 -0.6105
vn 0.0003 0.9837 -0.1799
vn 0.0003 0.9838 -0.1794
vn 0.0001 -0.0531 -0.9986
vn 0.0001 -0.0530 -0.9986
vn 0.0004 -0.2170 -0.9762
vn 0.0004 -0.2171 -0.9762
vn 0.0007 -0.4731 -0.8810
vn 0.0008 -0.7920 -0.6105
vn 0.0008 -0.7918 -0.6108
vn 0.0003 -0.9838 -0.1794
vn 0.0003 -0.9837 -0.1798
vn -0.0001 0.0530 0.9986
vn -0.0001 0.0531 0.9986
vn -0.0003 0.2171 0.9762
vn -0.0005 0.4731 0.8810
vn -0.0006 0.7918 0.6107
vn -0.0006 0.7920 0.6105
vn -0.0002 0.9837 0.1798
vn -0.0002 0.9838 0.1794
vn -0.0001 0.0531 -0.9986
vn -0.0001 0.0530 -0.9986
vn -0.0003 0.2171 -0.9762
vn -0.0005 0.4731 -0.8810
vn -0.0006 0.7920 -0.6105
vn -0.0006 0.7918 -0.6107
vn -0.0002 0.9838 -0.1794
vn -0.0002 0.9837 -0.1798
vn -0.0002 -0.9838 0.1795
vn -0.0002 -0.9837 0.1798
vn -0.0006 -0.7918 0.6108
vn -0.0006 -0.7920 0.6105
vn -0.0005 -0.4731 0.8810
vn -0.0003 -0.2171 0.9762
vn -0.0001 -0.0531 0.9986
vn -0.0001 -0.0530 0.9986
vn -0.0002 -0.9837 -0.1798
vn -0.0002 -0.9838 -0.1795
vn -0.0006 -0.7920 -0.6105
vn -0.0006 -0.7918 -0.6108
vn -0.0005 -0.4731 -0.8810
vn -0.0003 -0.2171 -0.9762
vn -0.0001 -0.0530 -0.9986
vn -0.0001 -0.0531 -0.9986
vt 0.809051 0.811132
vt 0.809051 0.416346
vt 0.897967 0.416346
vt 0.897967 0.811132
vt 0.402862 0.002741
vt 0.402862 0.410864
vt 0.002741 0.410864
vt 0.002741 0.002741
vt 0.700058 0.816467
vt 0.602028 0.816467
vt 0.602028 0.416346
vt 0.700058 0.416346
vt 0.705540 0.416346
vt 0.803569 0.416346
vt 0.803569 0.816467
vt 0.705540 0.816467
vt 0.395006 0.824470
vt 0.395006 0.416346
vt 0.493036 0.416346
vt 0.493036 0.824470
vt 0.808465 0.002741
vt 0.808465 0.410864
vt 0.801796 0.404196
vt 0.801796 0.009409
vt 0.408343 0.410864
vt 0.415012 0.404196
vt 0.408343 0.002741
vt 0.415012 0.009409
vt 0.389525 0.416346
vt 0.389525 0.811132
vt 0.002741 0.811132
vt 0.002741 0.416346
vt 0.903448 0.803130
vt 0.903448 0.416346
vt 0.992364 0.416346
vt 0.992364 0.803130
vt 0.908343 0.389525
vt 0.908343 0.002741
vt 0.997259 0.002741
vt 0.997259 0.389525
vt 0.813946 0.397527
vt 0.813946 0.002741
vt 0.902862 0.002741
vt 0.902862 0.397527
vt 0.525192 0.706634
vt 0.525367 0.707578
vt 0.524691 0.711267
vt 0.525865 0.708379
vt 0.526611 0.708913
vt 0.527491 0.709101
vt 0.527491 0.531714
vt 0.526611 0.531902
vt 0.524691 0.529548
vt 0.525865 0.532437
vt 0.525367 0.533237
vt 0.525192 0.534181
vt 0.569872 0.534181
vt 0.569697 0.533237
vt 0.570373 0.529548
vt 0.569199 0.532437
vt 0.568453 0.531902
vt 0.567573 0.531714
vt 0.567573 0.709101
vt 0.568453 0.708913
vt 0.570373 0.711267
vt 0.569199 0.708379
vt 0.569697 0.707578
vt 0.569872 0.706634
vt 0.272215 0.899979
vt 0.267285 0.898926
vt 0.264409 0.888604
vt 0.263105 0.895929
vt 0.260312 0.891444
vt 0.259331 0.886153
vt 0.259331 0.016811
vt 0.260312 0.011520
vt 0.264409 0.014360
vt 0.263105 0.007035
vt 0.267285 0.004038
vt 0.272215 0.002985
vt 0.459881 0.886153
vt 0.458901 0.891444
vt 0.454804 0.888604
vt 0.456108 0.895929
vt 0.451928 0.898926
vt 0.446998 0.899979
vt 0.446998 0.002985
vt 0.451928 0.004038
vt 0.454804 0.014360
vt 0.456108 0.007035
vt 0.458901 0.011520
vt 0.459881 0.016811
vt 0.321614 0.746634
vt 0.322589 0.751922
vt 0.316536 0.771828
vt 0.325366 0.756406
vt 0.329522 0.759401
vt 0.334423 0.760453
vt 0.334423 0.142510
vt 0.329522 0.143562
vt 0.316536 0.131136
vt 0.325366 0.146558
vt 0.322589 0.151041
vt 0.321614 0.156330
vt 0.397599 0.156330
vt 0.396624 0.151041
vt 0.402677 0.131136
vt 0.393847 0.146558
vt 0.389692 0.143562
vt 0.384789 0.142510
vt 0.384789 0.760453
vt 0.389692 0.759401
vt 0.402676 0.771828
vt 0.393847 0.756406
vt 0.396624 0.751922
vt 0.397599 0.746634
vt 0.747327 0.900856
vt 0.772240 0.900806
vt 0.772241 0.905261
vt 0.747328 0.905291
vt 0.803124 0.719006
vt 0.778211 0.719023
vt 0.778211 0.714136
vt 0.803124 0.714132
vt 0.778212 0.708981
vt 0.803125 0.708989
vt 0.778212 0.704343
vt 0.803125 0.704359
vt 0.716444 0.890337
vt 0.741357 0.890388
vt 0.741357 0.895621
vt 0.716444 0.895590
vt 0.741357 0.900854
vt 0.716444 0.900841
vt 0.741356 0.905291
vt 0.716443 0.905291
vt 0.778211 0.517779
vt 0.803124 0.517769
vt 0.803124 0.521181
vt 0.778211 0.521194
vt 0.834008 0.532448
vt 0.809095 0.532433
vt 0.809095 0.527803
vt 0.834008 0.527811
vt 0.809095 0.522660
vt 0.834008 0.522656
vt 0.809096 0.517786
vt 0.834009 0.517769
vt 0.716444 0.003016
vt 0.741357 0.002985
vt 0.741357 0.007421
vt 0.716444 0.007470
vt 0.809096 0.715611
vt 0.834009 0.715598
vt 0.834009 0.719013
vt 0.809096 0.719023
vt 0.747328 0.002985
vt 0.772241 0.002986
vt 0.772240 0.007436
vt 0.747327 0.007422
vt 0.772240 0.012687
vt 0.747327 0.012656
vt 0.772240 0.017939
vt 0.747327 0.017889
vt 0.040799 0.948497
vt 0.015886 0.997015
vt 0.010949 0.995958
vt 0.035862 0.947440
vt 0.006764 0.992949
vt 0.031677 0.944431
vt 0.003967 0.988446
vt 0.028880 0.939928
vt 0.002985 0.983134
vt 0.027898 0.934616
vt 0.015886 0.002985
vt 0.040799 0.051503
vt 0.035862 0.052560
vt 0.010949 0.004042
vt 0.031677 0.055569
vt 0.006764 0.007051
vt 0.028880 0.060072
vt 0.003967 0.011554
vt 0.027898 0.065384
vt 0.002985 0.016866
vt 0.253361 0.016866
vt 0.228448 0.065384
vt 0.227466 0.060072
vt 0.252379 0.011554
vt 0.224670 0.055569
vt 0.249583 0.007051
vt 0.220484 0.052560
vt 0.245397 0.004042
vt 0.215547 0.051503
vt 0.240460 0.002985
vt 0.240460 0.997015
vt 0.215547 0.948497
vt 0.220484 0.947440
vt 0.245397 0.995958
vt 0.224670 0.944431
vt 0.249583 0.992949
vt 0.227466 0.939928
vt 0.252379 0.988446
vt 0.228448 0.934616
vt 0.253361 0.983134
vt 0.465852 0.784092
vt 0.515678 0.784108
vt 0.515679 0.787520
vt 0.465853 0.787506
vt 0.547808 0.002985
vt 0.597634 0.002987
vt 0.597633 0.007424
vt 0.547807 0.007435
vt 0.597633 0.012658
vt 0.547807 0.012687
vt 0.597633 0.017891
vt 0.547807 0.017939
vt 0.659402 0.718288
vt 0.709228 0.718277
vt 0.709228 0.722915
vt 0.659401 0.722918
vt 0.709227 0.728069
vt 0.659401 0.728061
vt 0.709227 0.732956
vt 0.659401 0.732934
vt 0.597634 0.816633
vt 0.547808 0.816600
vt 0.547808 0.812145
vt 0.597634 0.812197
vt 0.653430 0.007472
vt 0.603604 0.007421
vt 0.603604 0.002985
vt 0.653430 0.003018
vt 0.465853 0.626898
vt 0.515679 0.626919
vt 0.515678 0.631793
vt 0.465852 0.631785
vt 0.515678 0.636936
vt 0.465852 0.636939
vt 0.515678 0.641566
vt 0.465852 0.641577
vt 0.603604 0.801727
vt 0.653431 0.801679
vt 0.653431 0.806931
vt 0.603604 0.806960
vt 0.653430 0.812182
vt 0.603604 0.812193
vt 0.653430 0.816633
vt 0.603604 0.816630
vt 0.659401 0.572333
vt 0.709227 0.572348
vt 0.709227 0.575762
vt 0.659401 0.575745
vt 0.859909 0.557217
vt 0.884822 0.557168
vt 0.884823 0.561623
vt 0.859910 0.561653
vt 0.803124 0.784046
vt 0.778211 0.784063
vt 0.778211 0.779191
vt 0.803124 0.779187
vt 0.778211 0.774058
vt 0.803124 0.774064
vt 0.778211 0.769445
vt 0.803124 0.769457
vt 0.890793 0.546723
vt 0.915706 0.546774
vt 0.915706 0.552002
vt 0.890793 0.551971
vt 0.915706 0.557227
vt 0.890793 0.557213
vt 0.915706 0.561653
vt 0.890793 0.561652
vt 0.778211 0.725001
vt 0.803124 0.724993
vt 0.803124 0.728382
vt 0.778211 0.728392
vt 0.684314 0.753545
vt 0.659401 0.753532
vt 0.659401 0.748925
vt 0.684314 0.748931
vt 0.659401 0.743803
vt 0.684314 0.743798
vt 0.659402 0.738944
vt 0.684315 0.738926
vt 0.890793 0.003015
vt 0.915706 0.002985
vt 0.915706 0.007421
vt 0.890793 0.007470
vt 0.659401 0.794607
vt 0.684314 0.794597
vt 0.684315 0.797988
vt 0.659402 0.797997
vt 0.859910 0.002985
vt 0.884823 0.002986
vt 0.884822 0.007425
vt 0.859909 0.007411
vt 0.884822 0.012667
vt 0.859909 0.012636
vt 0.884822 0.017915
vt 0.859909 0.017864
vt 0.491132 0.593646
vt 0.478675 0.620928
vt 0.473768 0.619872
vt 0.486224 0.592589
vt 0.469608 0.616864
vt 0.482064 0.589582
vt 0.466828 0.612363
vt 0.479284 0.585081
vt 0.465852 0.607054
vt 0.478308 0.579772
vt 0.478675 0.002985
vt 0.491132 0.030267
vt 0.486224 0.031323
vt 0.473768 0.004041
vt 0.482064 0.034331
vt 0.469608 0.007049
vt 0.479284 0.038832
vt 0.466828 0.011550
vt 0.478308 0.044141
vt 0.465852 0.016859
vt 0.541837 0.016859
vt 0.529380 0.044141
vt 0.528404 0.038832
vt 0.540860 0.011550
vt 0.525624 0.034331
vt 0.538081 0.007049
vt 0.521464 0.031323
vt 0.533921 0.004041
vt 0.516557 0.030267
vt 0.529013 0.002985
vt 0.529013 0.620928
vt 0.516557 0.593646
vt 0.521464 0.592589
vt 0.533920 0.619872
vt 0.525624 0.589582
vt 0.538081 0.616864
vt 0.528404 0.585081
vt 0.540860 0.612363
vt 0.529380 0.579772
vt 0.541837 0.607054
vt 0.778212 0.825387
vt 0.813091 0.825398
vt 0.813091 0.828787
vt 0.778213 0.828778
vt 0.778211 0.002985
vt 0.813090 0.002986
vt 0.813089 0.007412
vt 0.778211 0.007424
vt 0.813089 0.012637
vt 0.778211 0.012666
vt 0.813089 0.017865
vt 0.778211 0.017914
vt 0.480800 0.817637
vt 0.515678 0.817626
vt 0.515679 0.822239
vt 0.480800 0.822244
vt 0.515679 0.827372
vt 0.480800 0.827367
vt 0.515679 0.832244
vt 0.480800 0.832226
vt 0.813090 0.511799
vt 0.778211 0.511767
vt 0.778211 0.507312
vt 0.813089 0.507363
vt 0.853938 0.007472
vt 0.819060 0.007421
vt 0.819060 0.002985
vt 0.853938 0.003017
vt 0.778211 0.790033
vt 0.813089 0.790052
vt 0.813089 0.794911
vt 0.778211 0.794905
vt 0.813089 0.800034
vt 0.778211 0.800038
vt 0.813089 0.804640
vt 0.778211 0.804652
vt 0.819061 0.496919
vt 0.853939 0.496870
vt 0.853939 0.502118
vt 0.819060 0.502147
vt 0.853938 0.507360
vt 0.819060 0.507372
vt 0.853938 0.511799
vt 0.819060 0.511798
vt 0.480798 0.793490
vt 0.515677 0.793499
vt 0.515677 0.796890
vt 0.480799 0.796879
vt 0.596547 0.824470
vt 0.498517 0.824470
vt 0.498517 0.416346
vt 0.596547 0.416346
vt 0.672210 0.566363
vt 0.667308 0.565311
vt 0.663153 0.562316
vt 0.660376 0.557832
vt 0.659401 0.552544
vt 0.659401 0.016804
vt 0.660376 0.011516
vt 0.663153 0.007033
vt 0.667309 0.004037
vt 0.672210 0.002985
vt 0.697663 0.002985
vt 0.702565 0.004037
vt 0.706721 0.007033
vt 0.709498 0.011516
vt 0.710473 0.016805
vt 0.710473 0.552544
vt 0.709498 0.557832
vt 0.706721 0.562316
vt 0.702565 0.565311
vt 0.697663 0.566363
s 1
usemtl green_metal
f 271/605/154 272/606/154 275/607/154 276/608/154
f 263/609/155 264/610/155 267/611/155 268/612/155
f 264/613/156 261/614/156 265/615/156 267/616/156
f 262/617/157 263/618/157 268/619/157 266/620/157
f 262/621/154 261/622/154 264/623/154 263/624/154
f 261/625/158 262/626/158 270/627/158 269/628/158
f 262/626/158 266/629/158 271/630/158 270/627/158
f 266/629/158 265/631/158 272/632/158 271/630/158
f 265/631/158 261/625/158 269/628/158 272/632/158
f 273/633/158 274/634/158 276/635/158 275/636/158
f 272/637/157 269/638/157 273/639/157 275/640/157
f 270/641/156 271/642/156 276/643/156 274/644/156
f 269/645/159 270/646/159 274/647/159 273/648/159
f 277/649/159 280/650/159 279/651/159
f 280/650/159 281/652/159 279/651/159
f 281/652/159 282/653/159 279/651/159
f 282/653/159 278/654/159 279/651/159
f 283/655/159 286/656/159 285/657/159
f 286/656/159 287/658/159 285/657/159
f 287/658/159 288/659/160 285/657/159
f 288/659/160 284/660/159 285/657/159
f 289/661/159 292/662/159 291/663/159
f 292/662/159 293/664/159 291/663/159
f 293/664/159 294/665/159 291/663/159
f 294/665/159 290/666/159 291/663/159
f 295/667/159 298/668/159 297/669/159
f 298/668/159 299/670/159 297/669/159
f 299/670/159 300/671/161 297/669/159
f 300/671/161 296/672/159 297/669/159
f 267/993/159 265/994/159 279/651/159 278/654/159 295/667/159 297/669/159
f 265/994/159 266/995/159 285/657/159 284/660/159 277/649/159 279/651/159
f 266/995/159 268/996/159 291/663/159 290/666/159 283/655/159 285/657/159
f 268/996/159 267/993/159 297/669/159 296/672/159 289/661/159 291/663/159
usemtl black_metal
f 341/673/159 344/674/159 343/675/159
f 344/674/159 345/676/159 343/675/159
f 345/676/159 346/677/159 343/675/159
f 346/677/159 342/678/159 343/675/159
f 347/679/159 350/680/159 349/681/159
f 350/680/159 351/682/159 349/681/159
f 351/682/159 352/683/159 349/681/159
f 352/683/159 348/684/159 349/681/159
f 353/685/159 356/686/159 355/687/159
f 356/686/159 357/688/159 355/687/159
f 357/688/159 358/689/159 355/687/159
f 358/689/159 354/690/159 355/687/159
f 359/691/159 362/692/159 361/693/159
f 362/692/159 363/694/159 361/693/159
f 363/694/159 364/695/159 361/693/159
f 364/695/159 360/696/159 361/693/159
f 365/697/159 368/698/159 367/699/159
f 368/698/159 369/700/159 367/699/159
f 369/700/159 370/701/159 367/699/159
f 370/701/159 366/702/159 367/699/159
f 371/703/159 374/704/159 373/705/159
f 374/704/159 375/706/159 373/705/159
f 375/706/159 376/707/159 373/705/159
f 376/707/159 372/708/159 373/705/159
f 377/709/159 380/710/159 379/711/159
f 380/710/159 381/712/159 379/711/159
f 381/712/159 382/713/159 379/711/159
f 382/713/159 378/714/159 379/711/159
f 383/715/159 386/716/159 385/717/159
f 386/716/159 387/718/159 385/717/159
f 387/718/159 388/719/159 385/717/159
f 388/719/159 384/720/159 385/717/159
f 289/721/162 316/722/163 318/723/164 292/724/165
f 292/725/165 318/726/164 319/727/166 293/728/167
f 293/728/167 319/727/166 320/729/168 294/730/169
f 294/730/169 320/729/168 317/731/170 290/732/171
f 307/733/172 284/734/173 288/735/174 310/736/175
f 310/736/175 288/735/174 287/737/176 309/738/177
f 309/738/177 287/737/176 286/739/178 308/740/179
f 308/741/179 286/742/178 283/743/180 306/744/181
f 302/745/182 278/746/183 282/747/184 305/748/185
f 305/748/185 282/747/184 281/749/186 304/750/187
f 304/750/187 281/749/186 280/751/188 303/752/189
f 303/753/189 280/754/188 277/755/190 301/756/191
f 295/757/192 311/758/193 313/759/194 298/760/195
f 298/761/195 313/762/194 314/763/196 299/764/197
f 299/764/197 314/763/196 315/765/198 300/766/199
f 300/766/199 315/765/198 312/767/200 296/768/201
f 322/769/159 302/770/159 305/771/159 325/772/159
f 325/772/159 305/771/159 304/773/159 324/774/159
f 324/774/159 304/773/159 303/775/159 323/776/159
f 323/776/159 303/775/159 301/777/159 321/778/159
f 306/779/159 326/780/159 328/781/159 308/782/159
f 308/782/159 328/781/159 329/783/159 309/784/159
f 309/784/159 329/783/159 330/785/159 310/786/159
f 310/786/159 330/785/159 327/787/159 307/788/159
f 316/789/159 331/790/159 333/791/159 318/792/159
f 318/792/159 333/791/159 334/793/159 319/794/159
f 319/794/159 334/793/159 335/795/159 320/796/159
f 320/796/159 335/795/159 332/797/159 317/798/159
f 311/799/159 336/800/159 338/801/159 313/802/159
f 313/802/159 338/801/159 339/803/159 314/804/159
f 314/804/159 339/803/159 340/805/159 315/806/159
f 315/806/159 340/805/159 337/807/159 312/808/159
f 336/809/202 354/810/202 358/811/203 338/812/204
f 338/813/204 358/814/203 357/815/205 339/816/205
f 339/816/205 357/815/205 356/817/206 340/818/207
f 340/818/207 356/817/206 353/819/208 337/820/209
f 359/821/210 332/822/210 335/823/211 362/824/212
f 362/824/212 335/823/211 334/825/213 363/826/213
f 363/826/213 334/825/213 333/827/214 364/828/215
f 364/829/215 333/830/214 331/831/216 360/832/217
f 321/833/218 342/834/219 346/835/220 323/836/221
f 323/837/221 346/838/220 345/839/222 324/840/222
f 324/840/222 345/839/222 344/841/223 325/842/224
f 325/842/224 344/841/223 341/843/225 322/844/225
f 347/845/226 327/846/227 330/847/228 350/848/229
f 350/848/229 330/847/228 329/849/230 351/850/230
f 351/850/230 329/849/230 328/851/231 352/852/232
f 352/853/232 328/854/231 326/855/233 348/856/233
f 377/857/234 404/858/235 406/859/236 380/860/237
f 380/861/237 406/862/236 407/863/238 381/864/238
f 381/864/238 407/863/238 408/865/239 382/866/240
f 382/866/240 408/865/239 405/867/241 378/868/242
f 395/869/243 372/870/244 376/871/245 398/872/246
f 398/872/246 376/871/245 375/873/247 397/874/247
f 397/874/247 375/873/247 374/875/248 396/876/248
f 396/877/248 374/878/248 371/879/249 394/880/250
f 390/881/251 366/882/252 370/883/253 393/884/253
f 393/884/253 370/883/253 369/885/254 392/886/255
f 392/886/255 369/885/254 368/887/256 391/888/257
f 391/889/257 368/890/256 365/891/258 389/892/259
f 383/893/260 399/894/261 401/895/262 386/896/263
f 386/897/263 401/898/262 402/899/264 387/900/264
f 387/900/264 402/899/264 403/901/265 388/902/266
f 388/902/266 403/901/265 400/903/267 384/904/268
f 410/905/159 390/906/159 393/907/159 413/908/159
f 413/908/159 393/907/159 392/909/159 412/910/159
f 412/910/159 392/909/159 391/911/159 411/912/159
f 411/912/159 391/911/159 389/913/159 409/914/159
f 394/915/159 414/916/159 416/917/159 396/918/159
f 396/918/159 416/917/159 417/919/159 397/920/159
f 397/920/159 417/919/159 418/921/159 398/922/159
f 398/922/159 418/921/159 415/923/159 395/924/159
f 404/925/159 419/926/159 421/927/159 406/928/159
f 406/928/159 421/927/159 422/929/159 407/930/159
f 407/930/159 422/929/159 423/931/159 408/932/159
f 408/932/159 423/931/159 420/933/159 405/934/159
f 399/935/159 424/936/159 426/937/159 401/938/159
f 401/938/159 426/937/159 427/939/159 402/940/159
f 402/940/159 427/939/159 428/941/159 403/942/159
f 403/942/159 428/941/159 425/943/159 400/944/159
f 424/945/269 440/946/270 443/947/271 426/948/271
f 426/949/271 443/950/271 442/951/272 427/952/272
f 427/952/272 442/951/272 441/953/273 428/954/274
f 428/954/274 441/953/273 439/955/275 425/956/276
f 444/957/277 420/958/278 423/959/279 446/960/279
f 446/960/279 423/959/279 422/961/280 447/962/280
f 447/962/280 422/961/280 421/963/281 448/964/282
f 448/965/282 421/966/281 419/967/283 445/968/284
f 409/969/285 430/970/286 433/971/287 411/972/288
f 411/973/288 433/974/287 432/975/289 412/976/289
f 412/976/289 432/975/289 431/977/290 413/978/290
f 413/978/290 431/977/290 429/979/291 410/980/292
f 434/981/293 415/982/294 418/983/295 436/984/296
f 436/984/296 418/983/295 417/985/297 437/986/297
f 437/986/297 417/985/297 416/987/298 438/988/298
f 438/989/298 416/990/298 414/991/299 435/992/300
f 277/755/190 284/734/173 307/733/172 301/756/191
f 295/757/192 278/746/183 302/745/182 311/758/193
f 283/743/180 290/732/171 317/731/170 306/744/181
f 289/721/162 296/768/201 312/767/200 316/722/163
f 301/777/159 307/788/159 327/787/159 321/778/159
f 311/799/159 302/770/159 322/769/159 336/800/159
f 306/779/159 317/798/159 332/797/159 326/780/159
f 316/789/159 312/808/159 337/807/159 331/790/159
f 321/833/218 327/846/227 347/845/226 342/834/219
f 336/809/202 322/844/225 341/843/225 354/810/202
f 326/855/233 332/822/210 359/821/210 348/856/233
f 331/831/216 337/820/209 353/819/208 360/832/217
f 343/675/159 342/678/159 347/679/159 349/681/159 373/705/159 372/708/159 365/697/159 367/699/159
f 355/687/159 354/690/159 341/673/159 343/675/159 367/699/159 366/702/159 383/715/159 385/717/159
f 349/681/159 348/684/159 359/691/159 361/693/159 379/711/159 378/714/159 371/703/159 373/705/159
f 361/693/159 360/696/159 353/685/159 355/687/159 385/717/159 384/720/159 377/709/159 379/711/159
f 365/891/258 372/870/244 395/869/243 389/892/259
f 383/893/260 366/882/252 390/881/251 399/894/261
f 371/879/249 378/868/242 405/867/241 394/880/250
f 377/857/234 384/904/268 400/903/267 404/858/235
f 389/913/159 395/924/159 415/923/159 409/914/159
f 399/935/159 390/906/159 410/905/159 424/936/159
f 394/915/159 405/934/159 420/933/159 414/916/159
f 404/925/159 400/944/159 425/943/159 419/926/159
f 409/969/285 415/982/294 434/981/293 430/970/286
f 424/945/269 410/980/292 429/979/291 440/946/270
f 414/991/299 420/958/278 444/957/277 435/992/300
f 419/967/283 425/956/276 439/955/275 445/968/284
f 429/997/159 431/998/159 432/999/159 433/1000/159 430/1001/159 434/1002/159 436/1003/159 437/1004/159 438/1005/159 435/1006/159 444/1007/159 446/1008/159 447/1009/159 448/1010/159 445/1011/159 439/1012/159 441/1013/159 442/1014/159 443/1015/159 440/1016/159
o drawer_3
v -0.210000 0.726500 -0.229500
v -0.210000 0.726500 0.229500
v -0.210000 0.506000 0.229500
v -0.210000 0.506000 -0.229500
v 0.240000 0.726500 -0.229500
v 0.240000 0.726500 0.229500
v 0.240000 0.506000 -0.229500
v 0.240000 0.506000 0.229500
v -0.202500 0.726500 -0.222000
v -0.202500 0.726500 0.222000
v 0.232500 0.726500 0.222000
v 0.232500 0.726500 -0.222000
v -0.202500 0.526500 -0.222000
v -0.202500 0.526500 0.222000
v 0.232500 0.526500 -0.222000
v 0.232500 0.526500 0.222000
v 0.240000 0.666500 -0.096975
v 0.240000 0.661328 -0.099750
v 0.240000 0.667626 -0.102186
v 0.240000 0.666106 -0.098037
v 0.240000 0.664985 -0.098937
v 0.240000 0.663308 -0.099539
v 0.240000 0.661328 0.099750
v 0.240000 0.666500 0.096975
v 0.240000 0.667626 0.102186
v 0.240000 0.663308 0.099539
v 0.240000 0.664985 0.098937
v 0.240000 0.666106 0.098037
v 0.240000 0.566000 0.096975
v 0.240000 0.571172 0.099750
v 0.240000 0.564874 0.102186
v 0.240000 0.566394 0.098037
v 0.240000 0.567515 0.098937
v 0.240000 0.569192 0.099539
v 0.240000 0.571172 -0.099750
v 0.240000 0.566000 -0.096975
v 0.240000 0.564874 -0.102186
v 0.240000 0.569192 -0.099539
v 0.240000 0.567515 -0.098937
v 0.240000 0.566394 -0.098037
v 0.245000 0.666500 -0.096964
v 0.245000 0.661322 -0.099750
v 0.245000 0.666106 -0.098030
v 0.245000 0.664983 -0.098934
v 0.245000 0.663303 -0.099538
v 0.245000 0.661322 0.099750
v 0.245000 0.666500 0.096964
v 0.245000 0.663303 0.099538
v 0.245000 0.664983 0.098934
v 0.245000 0.666106 0.098030
v 0.245000 0.571178 -0.099750
v 0.245000 0.566000 -0.096964
v 0.245000 0.569197 -0.099538
v 0.245000 0.567517 -0.098934
v 0.245000 0.566394 -0.098030
v 0.245000 0.566000 0.096964
v 0.245000 0.571178 0.099750
v 0.245000 0.566394 0.098030
v 0.245000 0.567517 0.098934
v 0.245000 0.569197 0.099538
v 0.245000 0.656500 -0.087227
v 0.245000 0.651322 -0.090012
v 0.245000 0.656106 -0.088293
v 0.245000 0.654983 -0.089197
v 0.245000 0.653303 -0.089800
v 0.245000 0.651322 0.090012
v 0.245000 0.656500 0.087227
v 0.245000 0.653303 0.089800
v 0.245000 0.654983 0.089197
v 0.245000 0.656106 0.088293
v 0.245000 0.576000 0.087227
v 0.245000 0.581178 0.090012
v 0.245000 0.576394 0.088293
v 0.245000 0.577517 0.089197
v 0.245000 0.579197 0.089800
v 0.245000 0.581178 -0.090012
v 0.245000 0.576000 -0.087227
v 0.245000 0.579197 -0.089800
v 0.245000 0.577517 -0.089197
v 0.245000 0.576394 -0.088293
v 0.235000 0.651329 -0.090012
v 0.235000 0.656500 -0.087238
v 0.235000 0.654462 -0.087730
v 0.235000 0.653308 -0.089801
v 0.235000 0.654985 -0.089200
v 0.235000 0.656106 -0.088300
v 0.235000 0.656500 0.087238
v 0.235000 0.651329 0.090012
v 0.235000 0.654462 0.087730
v 0.235000 0.656106 0.088300
v 0.235000 0.654985 0.089200
v 0.235000 0.653308 0.089801
v 0.235000 0.576000 -0.087238
v 0.235000 0.581172 -0.090012
v 0.235000 0.578038 -0.087730
v 0.235000 0.576394 -0.088300
v 0.235000 0.577515 -0.089200
v 0.235000 0.579192 -0.089801
v 0.235000 0.581172 0.090012
v 0.235000 0.576000 0.087238
v 0.235000 0.578038 0.087730
v 0.235000 0.579192 0.089801
v 0.235000 0.577515 0.089200
v 0.235000 0.576394 0.088300
v 0.235000 0.631500 -0.059236
v 0.235000 0.626358 -0.062010
v 0.235000 0.633538 -0.064293
v 0.235000 0.631109 -0.060298
v 0.235000 0.629994 -0.061198
v 0.235000 0.628326 -0.061799
v 0.235000 0.626358 0.062010
v 0.235000 0.631500 0.059236
v 0.235000 0.633538 0.064293
v 0.235000 0.628326 0.061799
v 0.235000 0.629994 0.061198
v 0.235000 0.631109 0.060298
v 0.235000 0.601000 0.059236
v 0.235000 0.606142 0.062010
v 0.235000 0.598962 0.064293
v 0.235000 0.601391 0.060298
v 0.235000 0.602506 0.061198
v 0.235000 0.604174 0.061799
v 0.235000 0.606142 -0.062010
v 0.235000 0.601000 -0.059236
v 0.235000 0.598962 -0.064293
v 0.235000 0.604174 -0.061799
v 0.235000 0.602506 -0.061198
v 0.235000 0.601391 -0.060298
v 0.240000 0.631500 -0.059226
v 0.240000 0.626353 -0.062010
v 0.240000 0.631108 -0.060291
v 0.240000 0.629992 -0.061194
v 0.240000 0.628323 -0.061798
v 0.240000 0.626353 0.062010
v 0.240000 0.631500 0.059226
v 0.240000 0.628323 0.061798
v 0.240000 0.629992 0.061194
v 0.240000 0.631108 0.060291
v 0.240000 0.606147 -0.062010
v 0.240000 0.601000 -0.059226
v 0.240000 0.604177 -0.061798
v 0.240000 0.602508 -0.061194
v 0.240000 0.601392 -0.060291
v 0.240000 0.601000 0.059226
v 0.240000 0.606147 0.062010
v 0.240000 0.601392 0.060291
v 0.240000 0.602508 0.061194
v 0.240000 0.604177 0.061798
v 0.240000 0.626500 -0.053750
v 0.240000 0.621353 -0.056534
v 0.240000 0.626108 -0.054816
v 0.240000 0.624992 -0.055719
v 0.240000 0.623323 -0.056323
v 0.240000 0.621353 0.056534
v 0.240000 0.626500 0.053750
v 0.240000 0.623323 0.056323
v 0.240000 0.624992 0.055719
v 0.240000 0.626108 0.054816
v 0.240000 0.606000 0.053750
v 0.240000 0.611147 0.056534
v 0.240000 0.606392 0.054816
v 0.240000 0.607508 0.055719
v 0.240000 0.609177 0.056323
v 0.240000 0.611147 -0.056534
v 0.240000 0.606000 -0.053750
v 0.240000 0.609177 -0.056323
v 0.240000 0.607508 -0.055719
v 0.240000 0.606392 -0.054816
v 0.233000 0.621358 -0.056534
v 0.233000 0.626500 -0.053761
v 0.233000 0.623326 -0.056323
v 0.233000 0.624994 -0.055722
v 0.233000 0.626109 -0.054822
v 0.233000 0.626500 0.053761
v 0.233000 0.621358 0.056534
v 0.233000 0.626109 0.054822
v 0.233000 0.624994 0.055722
v 0.233000 0.623326 0.056323
v 0.233000 0.606000 -0.053761
v 0.233000 0.611142 -0.056534
v 0.233000 0.606391 -0.054822
v 0.233000 0.607506 -0.055722
v 0.233000 0.609174 -0.056323
v 0.233000 0.611142 0.056534
v 0.233000 0.606000 0.053761
v 0.233000 0.609174 0.056323
v 0.233000 0.607506 0.055722
v 0.233000 0.606391 0.054822
vn -1.0000 -0.0000 -0.0000
vn -0.0000 -1.0000 -0.0000
vn -0.0000 -0.0000 -1.0000
vn -0.0000 -0.0000 1.0000
vn -0.0000 1.0000 -0.0000
vn 1.0000 -0.0000 -0.0000
vn 1.0000 0.0001 -0.0000
vn 1.0000 -0.0001 -0.0000
vn 0.0003 -0.9835 0.1808
vn 0.0003 -0.9836 0.1803
vn 0.0008 -0.7906 0.6124
vn 0.0008 -0.7903 0.6127
vn 0.0007 -0.4713 0.8820
vn 0.0007 -0.4712 0.8820
vn 0.0004 -0.2160 0.9764
vn 0.0004 -0.2161 0.9764
vn 0.0001 -0.0527 0.9986
vn 0.0001 -0.0528 0.9986
vn 0.0003 0.9836 0.1803
vn 0.0003 0.9835 0.1808
vn 0.0009 0.7903 0.6127
vn 0.0009 0.7905 0.6124
vn 0.0008 0.4712 0.8820
vn 0.0008 0.4713 0.8820
vn 0.0004 0.2161 0.9764
vn 0.0004 0.2160 0.9764
vn 0.0001 0.0528 0.9986
vn 0.0001 0.0527 0.9986
vn 0.0001 0.0527 -0.9986
vn 0.0001 0.0528 -0.9986
vn 0.0004 0.2161 -0.9764
vn 0.0004 0.2160 -0.9764
vn 0.0008 0.4712 -0.8820
vn 0.0008 0.4713 -0.8820
vn 0.0009 0.7903 -0.6127
vn 0.0009 0.7905 -0.6124
vn 0.0003 0.9835 -0.1808
vn 0.0003 0.9836 -0.1803
vn 0.0001 -0.0528 -0.9986
vn 0.0001 -0.0527 -0.9986
vn 0.0004 -0.2160 -0.9764
vn 0.0004 -0.2161 -0.9764
vn 0.0007 -0.4713 -0.8820
vn 0.0007 -0.4712 -0.8820
vn 0.0008 -0.7906 -0.6124
vn 0.0008 -0.7903 -0.6127
vn 0.0003 -0.9836 -0.1803
vn 0.0003 -0.9835 -0.1808
vn -0.0000 0.0528 0.9986
vn -0.0002 0.2161 0.9764
vn -0.0002 0.2160 0.9764
vn -0.0004 0.4713 0.8820
vn -0.0004 0.7904 0.6126
vn -0.0004 0.7905 0.6125
vn -0.0002 0.9835 0.1807
vn -0.0002 0.9836 0.1804
vn -0.0000 0.0528 -0.9986
vn -0.0002 0.2160 -0.9764
vn -0.0002 0.2161 -0.9764
vn -0.0004 0.4713 -0.8820
vn -0.0004 0.7905 -0.6125
vn -0.0004 0.7904 -0.6126
vn -0.0002 0.9836 -0.1804
vn -0.0002 0.9835 -0.1807
vn -0.0002 -0.9836 0.1804
vn -0.0002 -0.9835 0.1807
vn -0.0004 -0.7903 0.6127
vn -0.0004 -0.7905 0.6125
vn -0.0004 -0.4713 0.8820
vn -0.0002 -0.2161 0.9764
vn -0.0002 -0.2160 0.9764
vn -0.0000 -0.0528 0.9986
vn -0.0002 -0.9835 -0.1807
vn -0.0002 -0.9836 -0.1804
vn -0.0004 -0.7905 -0.6125
vn -0.0004 -0.7903 -0.6127
vn -0.0004 -0.4713 -0.8820
vn -0.0002 -0.2160 -0.9764
vn -0.0002 -0.2161 -0.9764
vn -0.0000 -0.0528 -0.9986
vn 0.0003 -0.9837 0.1798
vn 0.0003 -0.9838 0.1794
vn 0.0008 -0.7920 0.6105
vn 0.0008 -0.7918 0.6108
vn 0.0007 -0.4731 0.8810
vn 0.0004 -0.2170 0.9762
vn 0.0004 -0.2171 0.9762
vn 0.0001 -0.0530 0.9986
vn 0.0001 -0.0531 0.9986
vn 0.0003 0.9838 0.1794
vn 0.0003 0.9837 0.1799
vn 0.0008 0.7918 0.6108
vn 0.0008 0.7920 0.6105
vn 0.0007 0.4731 0.8810
vn 0.0004 0.2171 0.9762
vn 0.0001 0.0531 0.9986
vn 0.0001 0.0530 0.9986
vn 0.0001 0.0530 -0.9986
vn 0.0001 0.0531 -0.9986
vn 0.0004 0.2171 -0.9762
vn 0.0007 0.4731 -0.8810
vn 0.0007 0.4732 -0.8810
vn 0.0008 0.7918 -0.6108
vn 0.0008 0.7920 -0.6105
vn 0.0003 0.9837 -0.1799
vn 0.0003 0.9838 -0.1794
vn 0.0001 -0.0531 -0.9986
vn 0.0001 -0.0530 -0.9986
vn 0.0004 -0.2170 -0.9762
vn 0.0004 -0.2171 -0.9762
vn 0.0007 -0.4731 -0.8810
vn 0.0008 -0.7920 -0.6105
vn 0.0008 -0.7918 -0.6108
vn 0.0003 -0.9838 -0.1794
vn 0.0003 -0.9837 -0.1798
vn -0.0001 0.0530 0.9986
vn -0.0001 0.0531 0.9986
vn -0.0003 0.2171 0.9762
vn -0.0005 0.4731 0.8810
vn -0.0006 0.7918 0.6107
vn -0.0006 0.7920 0.6105
vn -0.0002 0.9837 0.1798
vn -0.0002 0.9838 0.1794
vn -0.0001 0.0531 -0.9986
vn -0.0001 0.0530 -0.9986
vn -0.0003 0.2171 -0.9762
vn -0.0005 0.4731 -0.8810
vn -0.0006 0.7920 -0.6105
vn -0.0006 0.7918 -0.6107
vn -0.0002 0.9838 -0.1794
vn -0.0002 0.9837 -0.1798
vn -0.0002 -0.9838 0.1795
vn -0.0002 -0.9837 0.1798
vn -0.0006 -0.7918 0.6108
vn -0.0006 -0.7920 0.6105
vn -0.0005 -0.4731 0.8810
vn -0.0003 -0.2171 0.9762
vn -0.0001 -0.0531 0.9986
vn -0.0001 -0.0530 0.9986
vn -0.0002 -0.9837 -0.1798
vn -0.0002 -0.9838 -0.1795
vn -0.0006 -0.7920 -0.6105
vn -0.0006 -0.7918 -0.6108
vn -0.0005 -0.4731 -0.8810
vn -0.0003 -0.2171 -0.9762
vn -0.0001 -0.0530 -0.9986
vn -0.0001 -0.0531 -0.9986
vt 0.809051 0.811132
vt 0.809051 0.416346
vt 0.897967 0.416346
vt 0.897967 0.811132
vt 0.402862 0.002741
vt 0.402862 0.410864
vt 0.002741 0.410864
vt 0.002741 0.002741
vt 0.700058 0.816467
vt 0.602028 0.816467
vt 0.602028 0.416346
vt 0.700058 0.416346
vt 0.705540 0.416346
vt 0.803569 0.416346
vt 0.803569 0.816467
vt 0.705540 0.816467
vt 0.395006 0.824470
vt 0.395006 0.416346
vt 0.493036 0.416346
vt 0.493036 0.824470
vt 0.808465 0.002741
vt 0.808465 0.410864
vt 0.801796 0.404196
vt 0.801796 0.009409
vt 0.408343 0.410864
vt 0.415012 0.404196
vt 0.408343 0.002741
vt 0.415012 0.009409
vt 0.389525 0.416346
vt 0.389525 0.811132
vt 0.002741 0.811132
vt 0.002741 0.416346
vt 0.903448 0.803130
vt 0.903448 0.416346
vt 0.992364 0.416346
vt 0.992364 0.803130
vt 0.908343 0.389525
vt 0.908343 0.002741
vt 0.997259 0.002741
vt 0.997259 0.389525
vt 0.813946 0.397527
vt 0.813946 0.002741
vt 0.902862 0.002741
vt 0.902862 0.397527
vt 0.525192 0.706634
vt 0.525367 0.707578
vt 0.524691 0.711267
vt 0.525865 0.708379
vt 0.526611 0.708913
vt 0.527491 0.709101
vt 0.527491 0.531714
vt 0.526611 0.531902
vt 0.524691 0.529548
vt 0.525865 0.532437
vt 0.525367 0.533237
vt 0.525192 0.534181
vt 0.569872 0.534181
vt 0.569697 0.533237
vt 0.570373 0.529548
vt 0.569199 0.532437
vt 0.568453 0.531902
vt 0.567573 0.531714
vt 0.567573 0.709101
vt 0.568453 0.708913
vt 0.570373 0.711267
vt 0.569199 0.708379
vt 0.569697 0.707578
vt 0.569872 0.706634
vt 0.272215 0.899979
vt 0.267285 0.898926
vt 0.264409 0.888604
vt 0.263105 0.895929
vt 0.260312 0.891444
vt 0.259331 0.886153
vt 0.259331 0.016811
vt 0.260312 0.011520
vt 0.264409 0.014360
vt 0.263105 0.007035
vt 0.267285 0.004038
vt 0.272215 0.002985
vt 0.459881 0.886153
vt 0.458901 0.891444
vt 0.454804 0.888604
vt 0.456108 0.895929
vt 0.451928 0.898926
vt 0.446998 0.899979
vt 0.446998 0.002985
vt 0.451928 0.004038
vt 0.454804 0.014360
vt 0.456108 0.007035
vt 0.458901 0.011520
vt 0.459881 0.016811
vt 0.321614 0.746634
vt 0.322589 0.751922
vt 0.316536 0.771828
vt 0.325366 0.756406
vt 0.329522 0.759401
vt 0.334423 0.760453
vt 0.334423 0.142510
vt 0.329522 0.143562
vt 0.316536 0.131136
vt 0.325366 0.146558
vt 0.322589 0.151041
vt 0.321614 0.156330
vt 0.397599 0.156330
vt 0.396624 0.151041
vt 0.402677 0.131136
vt 0.393847 0.146558
vt 0.389692 0.143562
vt 0.384789 0.142510
vt 0.384789 0.760453
vt 0.389692 0.759401
vt 0.402676 0.771828
vt 0.393847 0.756406
vt 0.396624 0.751922
vt 0.397599 0.746634
vt 0.747327 0.900856
vt 0.772240 0.900806
vt 0.772241 0.905261
vt 0.747328 0.905291
vt 0.803124 0.719006
vt 0.778211 0.719023
vt 0.778211 0.714136
vt 0.803124 0.714132
vt 0.778212 0.708981
vt 0.803125 0.708989
vt 0.778212 0.704343
vt 0.803125 0.704359
vt 0.716444 0.890337
vt 0.741357 0.890388
vt 0.741357 0.895621
vt 0.716444 0.895590
vt 0.741357 0.900854
vt 0.716444 0.900841
vt 0.741356 0.905291
vt 0.716443 0.905291
vt 0.778211 0.517779
vt 0.803124 0.517769
vt 0.803124 0.521181
vt 0.778211 0.521194
vt 0.834008 0.532448
vt 0.809095 0.532433
vt 0.809095 0.527803
vt 0.834008 0.527811
vt 0.809095 0.522660
vt 0.834008 0.522656
vt 0.809096 0.517786
vt 0.834009 0.517769
vt 0.716444 0.003016
vt 0.741357 0.002985
vt 0.741357 0.007421
vt 0.716444 0.007470
vt 0.809096 0.715611
vt 0.834009 0.715598
vt 0.834009 0.719013
vt 0.809096 0.719023
vt 0.747328 0.002985
vt 0.772241 0.002986
vt 0.772240 0.007436
vt 0.747327 0.007422
vt 0.772240 0.012687
vt 0.747327 0.012656
vt 0.772240 0.017939
vt 0.747327 0.017889
vt 0.040799 0.948497
vt 0.015886 0.997015
vt 0.010949 0.995958
vt 0.035862 0.947440
vt 0.006764 0.992949
vt 0.031677 0.944431
vt 0.003967 0.988446
vt 0.028880 0.939928
vt 0.002985 0.983134
vt 0.027898 0.934616
vt 0.015886 0.002985
vt 0.040799 0.051503
vt 0.035862 0.052560
vt 0.010949 0.004042
vt 0.031677 0.055569
vt 0.006764 0.007051
vt 0.028880 0.060072
vt 0.003967 0.011554
vt 0.027898 0.065384
vt 0.002985 0.016866
vt 0.253361 0.016866
vt 0.228448 0.065384
vt 0.227466 0.060072
vt 0.252379 0.011554
vt 0.224670 0.055569
vt 0.249583 0.007051
vt 0.220484 0.052560
vt 0.245397 0.004042
vt 0.215547 0.051503
vt 0.240460 0.002985
vt 0.240460 0.997015
vt 0.215547 0.948497
vt 0.220484 0.947440
vt 0.245397 0.995958
vt 0.224670 0.944431
vt 0.249583 0.992949
vt 0.227466 0.939928
vt 0.252379 0.988446
vt 0.228448 0.934616
vt 0.253361 0.983134
vt 0.465852 0.784092
vt 0.515678 0.784108
vt 0.515679 0.787520
vt 0.465853 0.787506
vt 0.547808 0.002985
vt 0.597634 0.002987
vt 0.597633 0.007424
vt 0.547807 0.007435
vt 0.597633 0.012658
vt 0.547807 0.012687
vt 0.597633 0.017891
vt 0.547807 0.017939
vt 0.659402 0.718288
vt 0.709228 0.718277
vt 0.709228 0.722915
vt 0.659401 0.722918
vt 0.709227 0.728069
vt 0.659401 0.728061
vt 0.709227 0.732956
vt 0.659401 0.732934
vt 0.597634 0.816633
vt 0.547808 0.816600
vt 0.547808 0.812145
vt 0.597634 0.812197
vt 0.653430 0.007472
vt 0.603604 0.007421
vt 0.603604 0.002985
vt 0.653430 0.003018
vt 0.465853 0.626898
vt 0.515679 0.626919
vt 0.515678 0.631793
vt 0.465852 0.631785
vt 0.515678 0.636936
vt 0.465852 0.636939
vt 0.515678 0.641566
vt 0.465852 0.641577
vt 0.603604 0.801727
vt 0.653431 0.801679
vt 0.653431 0.806931
vt 0.603604 0.806960
vt 0.653430 0.812182
vt 0.603604 0.812193
vt 0.653430 0.816633
vt 0.603604 0.816630
vt 0.659401 0.572333
vt 0.709227 0.572348
vt 0.709227 0.575762
vt 0.659401 0.575745
vt 0.859909 0.557217
vt 0.884822 0.557168
vt 0.884823 0.561623
vt 0.859910 0.561653
vt 0.803124 0.784046
vt 0.778211 0.784063
vt 0.778211 0.779191
vt 0.803124 0.779187
vt 0.778211 0.774058
vt 0.803124 0.774064
vt 0.778211 0.769445
vt 0.803124 0.769457
vt 0.890793 0.546723
vt 0.915706 0.546774
vt 0.915706 0.552002
vt 0.890793 0.551971
vt 0.915706 0.557227
vt 0.890793 0.557213
vt 0.915706 0.561653
vt 0.890793 0.561652
vt 0.778211 0.725001
vt 0.803124 0.724993
vt 0.803124 0.728382
vt 0.778211 0.728392
vt 0.684314 0.753545
vt 0.659401 0.753532
vt 0.659401 0.748925
vt 0.684314 0.748931
vt 0.659401 0.743803
vt 0.684314 0.743798
vt 0.659402 0.738944
vt 0.684315 0.738926
vt 0.890793 0.003015
vt 0.915706 0.002985
vt 0.915706 0.007421
vt 0.890793 0.007470
vt 0.659401 0.794607
vt 0.684314 0.794597
vt 0.684315 0.797988
vt 0.659402 0.797997
vt 0.859910 0.002985
vt 0.884823 0.002986
vt 0.884822 0.007425
vt 0.859909 0.007411
vt 0.884822 0.012667
vt 0.859909 0.012636
vt 0.884822 0.017915
vt 0.859909 0.017864
vt 0.491132 0.593646
vt 0.478675 0.620928
vt 0.473768 0.619872
vt 0.486224 0.592589
vt 0.469608 0.616864
vt 0.482064 0.589582
vt 0.466828 0.612363
vt 0.479284 0.585081
vt 0.465852 0.607054
vt 0.478308 0.579772
vt 0.478675 0.002985
vt 0.491132 0.030267
vt 0.486224 0.031323
vt 0.473768 0.004041
vt 0.482064 0.034331
vt 0.469608 0.007049
vt 0.479284 0.038832
vt 0.466828 0.011550
vt 0.478308 0.044141
vt 0.465852 0.016859
vt 0.541837 0.016859
vt 0.529380 0.044141
vt 0.528404 0.038832
vt 0.540860 0.011550
vt 0.525624 0.034331
vt 0.538081 0.007049
vt 0.521464 0.031323
vt 0.533921 0.004041
vt 0.516557 0.030267
vt 0.529013 0.002985
vt 0.529013 0.620928
vt 0.516557 0.593646
vt 0.521464 0.592589
vt 0.533920 0.619872
vt 0.525624 0.589582
vt 0.538081 0.616864
vt 0.528404 0.585081
vt 0.540860 0.612363
vt 0.529380 0.579772
vt 0.541837 0.607054
vt 0.778212 0.825387
vt 0.813091 0.825398
vt 0.813091 0.828787
vt 0.778213 0.828778
vt 0.778211 0.002985
vt 0.813090 0.002986
vt 0.813089 0.007412
vt 0.778211 0.007424
vt 0.813089 0.012637
vt 0.778211 0.012666
vt 0.813089 0.017865
vt 0.778211 0.017914
vt 0.480800 0.817637
vt 0.515678 0.817626
vt 0.515679 0.822239
vt 0.480800 0.822244
vt 0.515679 0.827372
vt 0.480800 0.827367
vt 0.515679 0.832244
vt 0.480800 0.832226
vt 0.813090 0.511799
vt 0.778211 0.511767
vt 0.778211 0.507312
vt 0.813089 0.507363
vt 0.853938 0.007472
vt 0.819060 0.007421
vt 0.819060 0.002985
vt 0.853938 0.003017
vt 0.778211 0.790033
vt 0.813089 0.790052
vt 0.813089 0.794911
vt 0.778211 0.794905
vt 0.813089 0.800034
vt 0.778211 0.800038
vt 0.813089 0.804640
vt 0.778211 0.804652
vt 0.819061 0.496919
vt 0.853939 0.496870
vt 0.853939 0.502118
vt 0.819060 0.502147
vt 0.853938 0.507360
vt 0.819060 0.507372
vt 0.853938 0.511799
vt 0.819060 0.511798
vt 0.480798 0.793490
vt 0.515677 0.793499
vt 0.515677 0.796890
vt 0.480799 0.796879
vt 0.596547 0.824470
vt 0.498517 0.824470
vt 0.498517 0.416346
vt 0.596547 0.416346
vt 0.672210 0.566363
vt 0.667308 0.565311
vt 0.663153 0.562316
vt 0.660376 0.557832
vt 0.659401 0.552544
vt 0.659401 0.016804
vt 0.660376 0.011516
vt 0.663153 0.007033
vt 0.667309 0.004037
vt 0.672210 0.002985
vt 0.697663 0.002985
vt 0.702565 0.004037
vt 0.706721 0.007033
vt 0.709498 0.011516
vt 0.710473 0.016805
vt 0.710473 0.552544
vt 0.709498 0.557832
vt 0.706721 0.562316
vt 0.702565 0.565311
vt 0.697663 0.566363
s 1
usemtl green_metal
f 459/1017/301 460/1018/301 463/1019/301 464/1020/301
f 451/1021/302 452/1022/302 455/1023/302 456/1024/302
f 452/1025/303 449/1026/303 453/1027/303 455/1028/303
f 450/1029/304 451/1030/304 456/1031/304 454/1032/304
f 450/1033/301 449/1034/301 452/1035/301 451/1036/301
f 449/1037/305 450/1038/305 458/1039/305 457/1040/305
f 450/1038/305 454/1041/305 459/1042/305 458/1039/305
f 454/1041/305 453/1043/305 460/1044/305 459/1042/305
f 453/1043/305 449/1037/305 457/1040/305 460/1044/305
f 461/1045/305 462/1046/305 464/1047/305 463/1048/305
f 460/1049/304 457/1050/304 461/1051/304 463/1052/304
f 458/1053/303 459/1054/303 464/1055/303 462/1056/303
f 457/1057/306 458/1058/306 462/1059/306 461/1060/306
f 465/1061/306 468/1062/306 467/1063/306
f 468/1062/306 469/1064/306 467/1063/306
f 469/1064/306 470/1065/306 467/1063/306
f 470/1065/306 466/1066/306 467/1063/306
f 471/1067/306 474/1068/306 473/1069/306
f 474/1068/306 475/1070/306 473/1069/306
f 475/1070/306 476/1071/307 473/1069/306
f 476/1071/307 472/1072/306 473/1069/306
f 477/1073/306 480/1074/306 479/1075/306
f 480/1074/306 481/1076/306 479/1075/306
f 481/1076/306 482/1077/306 479/1075/306
f 482/1077/306 478/1078/306 479/1075/306
f 483/1079/306 486/1080/306 485/1081/306
f 486/1080/306 487/1082/306 485/1081/306
f 487/1082/306 488/1083/308 485/1081/306
f 488/1083/308 484/1084/306 485/1081/306
f 455/1405/306 453/1406/306 467/1063/306 466/1066/306 483/1079/306 485/1081/306
f 453/1406/306 454/1407/306 473/1069/306 472/1072/306 465/1061/306 467/1063/306
f 454/1407/306 456/1408/306 479/1075/306 478/1078/306 471/1067/306 473/1069/306
f 456/1408/306 455/1405/306 485/1081/306 484/1084/306 477/1073/306 479/1075/306
usemtl black_metal
f 529/1085/306 532/1086/306 531/1087/306
f 532/1086/306 533/1088/306 531/1087/306
f 533/1088/306 534/1089/306 531/1087/306
f 534/1089/306 530/1090/306 531/1087/306
f 535/1091/306 538/1092/306 537/1093/306
f 538/1092/306 539/1094/306 537/1093/306
f 539/1094/306 540/1095/306 537/1093/306
f 540/1095/306 536/1096/306 537/1093/306
f 541/1097/306 544/1098/306 543/1099/306
f 544/1098/306 545/1100/306 543/1099/306
f 545/1100/306 546/1101/306 543/1099/306
f 546/1101/306 542/1102/306 543/1099/306
f 547/1103/306 550/1104/306 549/1105/306
f 550/1104/306 551/1106/306 549/1105/306
f 551/1106/306 552/1107/306 549/1105/306
f 552/1107/306 548/1108/306 549/1105/306
f 553/1109/306 556/1110/306 555/1111/306
f 556/1110/306 557/1112/306 555/1111/306
f 557/1112/306 558/1113/306 555/1111/306
f 558/1113/306 554/1114/306 555/1111/306
f 559/1115/306 562/1116/306 561/1117/306
f 562/1116/306 563/1118/306 561/1117/306
f 563/1118/306 564/1119/306 561/1117/306
f 564/1119/306 560/1120/306 561/1117/306
f 565/1121/306 568/1122/306 567/1123/306
f 568/1122/306 569/1124/306 567/1123/306
f 569/1124/306 570/1125/306 567/1123/306
f 570/1125/306 566/1126/306 567/1123/306
f 571/1127/306 574/1128/306 573/1129/306
f 574/1128/306 575/1130/306 573/1129/306
f 575/1130/306 576/1131/306 573/1129/306
f 576/1131/306 572/1132/306 573/1129/306
f 477/1133/309 504/1134/310 506/1135/311 480/1136/312
f 480/1137/312 506/1138/311 507/1139/313 481/1140/314
f 481/1140/314 507/1139/313 508/1141/315 482/1142/316
f 482/1142/316 508/1141/315 505/1143/317 478/1144/318
f 495/1145/319 472/1146/320 476/1147/321 498/1148/322
f 498/1148/322 476/1147/321 475/1149/323 497/1150/324
f 497/1150/324 475/1149/323 474/1151/325 496/1152/326
f 496/1153/326 474/1154/325 471/1155/327 494/1156/328
f 490/1157/329 466/1158/330 470/1159/331 493/1160/332
f 493/1160/332 470/1159/331 469/1161/333 492/1162/334
f 492/1162/334 469/1161/333 468/1163/335 491/1164/336
f 491/1165/336 468/1166/335 465/1167/337 489/1168/338
f 483/1169/339 499/1170/340 501/1171/341 486/1172/342
f 486/1173/342 501/1174/341 502/1175/343 487/1176/344
f 487/1176/344 502/1175/343 503/1177/345 488/1178/346
f 488/1178/346 503/1177/345 500/1179/347 484/1180/348
f 510/1181/306 490/1182/306 493/1183/306 513/1184/306
f 513/1184/306 493/1183/306 492/1185/306 512/1186/306
f 512/1186/306 492/1185/306 491/1187/306 511/1188/306
f 511/1188/306 491/1187/306 489/1189/306 509/1190/306
f 494/1191/306 514/1192/306 516/1193/306 496/1194/306
f 496/1194/306 516/1193/306 517/1195/306 497/1196/306
f 497/1196/306 517/1195/306 518/1197/306 498/1198/306
f 498/1198/306 518/1197/306 515/1199/306 495/1200/306
f 504/1201/306 519/1202/306 521/1203/306 506/1204/306
f 506/1204/306 521/1203/306 522/1205/306 507/1206/306
f 507/1206/306 522/1205/306 523/1207/306 508/1208/306
f 508/1208/306 523/1207/306 520/1209/306 505/1210/306
f 499/1211/306 524/1212/306 526/1213/306 501/1214/306
f 501/1214/306 526/1213/306 527/1215/306 502/1216/306
f 502/1216/306 527/1215/306 528/1217/306 503/1218/306
f 503/1218/306 528/1217/306 525/1219/306 500/1220/306
f 524/1221/349 542/1222/349 546/1223/350 526/1224/351
f 526/1225/351 546/1226/350 545/1227/352 527/1228/352
f 527/1228/352 545/1227/352 544/1229/353 528/1230/354
f 528/1230/354 544/1229/353 541/1231/355 525/1232/356
f 547/1233/357 520/1234/357 523/1235/358 550/1236/359
f 550/1236/359 523/1235/358 522/1237/360 551/1238/360
f 551/1238/360 522/1237/360 521/1239/361 552/1240/362
f 552/1241/362 521/1242/361 519/1243/363 548/1244/364
f 509/1245/365 530/1246/366 534/1247/367 511/1248/368
f 511/1249/368 534/1250/367 533/1251/369 512/1252/369
f 512/1252/369 533/1251/369 532/1253/370 513/1254/371
f 513/1254/371 532/1253/370 529/1255/372 510/1256/372
f 535/1257/373 515/1258/374 518/1259/375 538/1260/376
f 538/1260/376 518/1259/375 517/1261/377 539/1262/377
f 539/1262/377 517/1261/377 516/1263/378 540/1264/379
f 540/1265/379 516/1266/378 514/1267/380 536/1268/380
f 565/1269/381 592/1270/382 594/1271/383 568/1272/384
f 568/1273/384 594/1274/383 595/1275/385 569/1276/385
f 569/1276/385 595/1275/385 596/1277/386 570/1278/387
f 570/1278/387 596/1277/386 593/1279/388 566/1280/389
f 583/1281/390 560/1282/391 564/1283/392 586/1284/393
f 586/1284/393 564/1283/392 563/1285/394 585/1286/394
f 585/1286/394 563/1285/394 562/1287/395 584/1288/395
f 584/1289/395 562/1290/395 559/1291/396 582/1292/397
f 578/1293/398 554/1294/399 558/1295/400 581/1296/400
f 581/1296/400 558/1295/400 557/1297/401 580/1298/402
f 580/1298/402 557/1297/401 556/1299/403 579/1300/404
f 579/1301/404 556/1302/403 553/1303/405 577/1304/406
f 571/1305/407 587/1306/408 589/1307/409 574/1308/410
f 574/1309/410 589/1310/409 590/1311/411 575/1312/411
f 575/1312/411 590/1311/411 591/1313/412 576/1314/413
f 576/1314/413 591/1313/412 588/1315/414 572/1316/415
f 598/1317/306 578/1318/306 581/1319/306 601/1320/306
f 601/1320/306 581/1319/306 580/1321/306 600/1322/306
f 600/1322/306 580/1321/306 579/1323/306 599/1324/306
f 599/1324/306 579/1323/306 577/1325/306 597/1326/306
f 582/1327/306 602/1328/306 604/1329/306 584/1330/306
f 584/1330/306 604/1329/306 605/1331/306 585/1332/306
f 585/1332/306 605/1331/306 606/1333/306 586/1334/306
f 586/1334/306 606/1333/306 603/1335/306 583/1336/306
f 592/1337/306 607/1338/306 609/1339/306 594/1340/306
f 594/1340/306 609/1339/306 610/1341/306 595/1342/306
f 595/1342/306 610/1341/306 611/1343/306 596/1344/306
f 596/1344/306 611/1343/306 608/1345/306 593/1346/306
f 587/1347/306 612/1348/306 614/1349/306 589/1350/306
f 589/1350/306 614/1349/306 615/1351/306 590/1352/306
f 590/1352/306 615/1351/306 616/1353/306 591/1354/306
f 591/1354/306 616/1353/306 613/1355/306 588/1356/306
f 612/1357/416 628/1358/417 631/1359/418 614/1360/418
f 614/1361/418 631/1362/418 630/1363/419 615/1364/419
f 615/1364/419 630/1363/419 629/1365/420 616/1366/421
f 616/1366/421 629/1365/420 627/1367/422 613/1368/423
f 632/1369/424 608/1370/425 611/1371/426 634/1372/426
f 634/1372/426 611/1371/426 610/1373/427 635/1374/427
f 635/1374/427 610/1373/427 609/1375/428 636/1376/429
f 636/1377/429 609/1378/428 607/1379/430 633/1380/431
f 597/1381/432 618/1382/433 621/1383/434 599/1384/435
f 599/1385/435 621/1386/434 620/1387/436 600/1388/436
f 600/1388/436 620/1387/436 619/1389/437 601/1390/437
f 601/1390/437 619/1389/437 617/1391/438 598/1392/439
f 622/1393/440 603/1394/441 606/1395/442 624/1396/443
f 624/1396/443 606/1395/442 605/1397/444 625/1398/444
f 625/1398/444 605/1397/444 604/1399/445 626/1400/445
f 626/1401/445 604/1402/445 602/1403/446 623/1404/447
f 465/1167/337 472/1146/320 495/1145/319 489/1168/338
f 483/1169/339 466/1158/330 490/1157/329 499/1170/340
f 471/1155/327 478/1144/318 505/1143/317 494/1156/328
f 477/1133/309 484/1180/348 500/1179/347 504/1134/310
f 489/1189/306 495/1200/306 515/1199/306 509/1190/306
f 499/1211/306 490/1182/306 510/1181/306 524/1212/306
f 494/1191/306 505/1210/306 520/1209/306 514/1192/306
f 504/1201/306 500/1220/306 525/1219/306 519/1202/306
f 509/1245/365 515/1258/374 535/1257/373 530/1246/366
f 524/1221/349 510/1256/372 529/1255/372 542/1222/349
f 514/1267/380 520/1234/357 547/1233/357 536/1268/380
f 519/1243/363 525/1232/356 541/1231/355 548/1244/364
f 531/1087/306 530/1090/306 535/1091/306 537/1093/306 561/1117/306 560/1120/306 553/1109/306 555/1111/306
f 543/1099/306 542/1102/306 529/1085/306 531/1087/306 555/1111/306 554/1114/306 571/1127/306 573/1129/306
f 537/1093/306 536/1096/306 547/1103/306 549/1105/306 567/1123/306 566/1126/306 559/1115/306 561/1117/306
f 549/1105/306 548/1108/306 541/1097/306 543/1099/306 573/1129/306 572/1132/306 565/1121/306 567/1123/306
f 553/1303/405 560/1282/391 583/1281/390 577/1304/406
f 571/1305/407 554/1294/399 578/1293/398 587/1306/408
f 559/1291/396 566/1280/389 593/1279/388 582/1292/397
f 565/1269/381 572/1316/415 588/1315/414 592/1270/382
f 577/1325/306 583/1336/306 603/1335/306 597/1326/306
f 587/1347/306 578/1318/306 598/1317/306 612/1348/306
f 582/1327/306 593/1346/306 608/1345/306 602/1328/306
f 592/1337/306 588/1356/306 613/1355/306 607/1338/306
f 597/1381/432 603/1394/441 622/1393/440 618/1382/433
f 612/1357/416 598/1392/439 617/1391/438 628/1358/417
f 602/1403/446 608/1370/425 632/1369/424 623/1404/447
f 607/1379/430 613/1368/423 627/1367/422 633/1380/431
f 617/1409/306 619/1410/306 620/1411/306 621/1412/306 618/1413/306 622/1414/306 624/1415/306 625/1416/306 626/1417/306 623/1418/306 632/1419/306 634/1420/306 635/1421/306 636/1422/306 633/1423/306 627/1424/306 629/1425/306 630/1426/306 631/1427/306 628/1428/306
o drawer_1
v -0.210000 0.261500 -0.229500
v -0.210000 0.261500 0.229500
v -0.210000 0.041000 0.229500
v -0.210000 0.041000 -0.229500
v 0.240000 0.261500 -0.229500
v 0.240000 0.261500 0.229500
v 0.240000 0.041000 -0.229500
v 0.240000 0.041000 0.229500
v -0.202500 0.261500 -0.222000
v -0.202500 0.261500 0.222000
v 0.232500 0.261500 0.222000
v 0.232500 0.261500 -0.222000
v -0.202500 0.061500 -0.222000
v -0.202500 0.061500 0.222000
v 0.232500 0.061500 -0.222000
v 0.232500 0.061500 0.222000
v 0.240000 0.201500 -0.096975
v 0.240000 0.196328 -0.099750
v 0.240000 0.202626 -0.102186
v 0.240000 0.201106 -0.098037
v 0.240000 0.199985 -0.098937
v 0.240000 0.198308 -0.099539
v 0.240000 0.196328 0.099750
v 0.240000 0.201500 0.096975
v 0.240000 0.202626 0.102186
v 0.240000 0.198308 0.099539
v 0.240000 0.199985 0.098937
v 0.240000 0.201106 0.098037
v 0.240000 0.101000 0.096975
v 0.240000 0.106172 0.099750
v 0.240000 0.099874 0.102186
v 0.240000 0.101394 0.098037
v 0.240000 0.102515 0.098937
v 0.240000 0.104192 0.099539
v 0.240000 0.106172 -0.099750
v 0.240000 0.101000 -0.096975
v 0.240000 0.099874 -0.102186
v 0.240000 0.104192 -0.099539
v 0.240000 0.102515 -0.098937
v 0.240000 0.101394 -0.098037
v 0.245000 0.201500 -0.096964
v 0.245000 0.196322 -0.099750
v 0.245000 0.201106 -0.098030
v 0.245000 0.199983 -0.098934
v 0.245000 0.198303 -0.099538
v 0.245000 0.196322 0.099750
v 0.245000 0.201500 0.096964
v 0.245000 0.198303 0.099538
v 0.245000 0.199983 0.098934
v 0.245000 0.201106 0.098030
v 0.245000 0.106178 -0.099750
v 0.245000 0.101000 -0.096964
v 0.245000 0.104197 -0.099538
v 0.245000 0.102517 -0.098934
v 0.245000 0.101394 -0.098030
v 0.245000 0.101000 0.096964
v 0.245000 0.106178 0.099750
v 0.245000 0.101394 0.098030
v 0.245000 0.102517 0.098934
v 0.245000 0.104197 0.099538
v 0.245000 0.191500 -0.087227
v 0.245000 0.186322 -0.090013
v 0.245000 0.191106 -0.088293
v 0.245000 0.189983 -0.089197
v 0.245000 0.188303 -0.089800
v 0.245000 0.186322 0.090012
v 0.245000 0.191500 0.087227
v 0.245000 0.188303 0.089800
v 0.245000 0.189983 0.089197
v 0.245000 0.191106 0.088293
v 0.245000 0.111000 0.087227
v 0.245000 0.116178 0.090012
v 0.245000 0.111394 0.088293
v 0.245000 0.112517 0.089197
v 0.245000 0.114197 0.089800
v 0.245000 0.116178 -0.090013
v 0.245000 0.111000 -0.087227
v 0.245000 0.114197 -0.089800
v 0.245000 0.112517 -0.089197
v 0.245000 0.111394 -0.088293
v 0.235000 0.186328 -0.090013
v 0.235000 0.191500 -0.087238
v 0.235000 0.189462 -0.087730
v 0.235000 0.188308 -0.089801
v 0.235000 0.189985 -0.089200
v 0.235000 0.191106 -0.088300
v 0.235000 0.191500 0.087238
v 0.235000 0.186328 0.090012
v 0.235000 0.189462 0.087730
v 0.235000 0.191106 0.088300
v 0.235000 0.189985 0.089200
v 0.235000 0.188308 0.089801
v 0.235000 0.111000 -0.087238
v 0.235000 0.116171 -0.090013
v 0.235000 0.113038 -0.087730
v 0.235000 0.111394 -0.088300
v 0.235000 0.112515 -0.089200
v 0.235000 0.114192 -0.089801
v 0.235000 0.116171 0.090012
v 0.235000 0.111000 0.087238
v 0.235000 0.113038 0.087730
v 0.235000 0.114192 0.089801
v 0.235000 0.112515 0.089200
v 0.235000 0.111394 0.088300
v 0.235000 0.166500 -0.059236
v 0.235000 0.161358 -0.062010
v 0.235000 0.168538 -0.064293
v 0.235000 0.166109 -0.060298
v 0.235000 0.164994 -0.061198
v 0.235000 0.163326 -0.061799
v 0.235000 0.161358 0.062010
v 0.235000 0.166500 0.059236
v 0.235000 0.168538 0.064293
v 0.235000 0.163326 0.061799
v 0.235000 0.164994 0.061198
v 0.235000 0.166109 0.060298
v 0.235000 0.136000 0.059236
v 0.235000 0.141142 0.062010
v 0.235000 0.133962 0.064293
v 0.235000 0.136391 0.060298
v 0.235000 0.137506 0.061198
v 0.235000 0.139174 0.061799
v 0.235000 0.141142 -0.062010
v 0.235000 0.136000 -0.059236
v 0.235000 0.133962 -0.064293
v 0.235000 0.139174 -0.061799
v 0.235000 0.137506 -0.061198
v 0.235000 0.136391 -0.060298
v 0.240000 0.166500 -0.059226
v 0.240000 0.161353 -0.062010
v 0.240000 0.166108 -0.060291
v 0.240000 0.164992 -0.061194
v 0.240000 0.163323 -0.061798
v 0.240000 0.161353 0.062010
v 0.240000 0.166500 0.059226
v 0.240000 0.163323 0.061798
v 0.240000 0.164992 0.061194
v 0.240000 0.166108 0.060291
v 0.240000 0.141147 -0.062010
v 0.240000 0.136000 -0.059226
v 0.240000 0.139177 -0.061798
v 0.240000 0.137508 -0.061194
v 0.240000 0.136392 -0.060291
v 0.240000 0.136000 0.059226
v 0.240000 0.141147 0.062010
v 0.240000 0.136392 0.060291
v 0.240000 0.137508 0.061194
v 0.240000 0.139177 0.061798
v 0.240000 0.161500 -0.053750
v 0.240000 0.156353 -0.056535
v 0.240000 0.161108 -0.054816
v 0.240000 0.159992 -0.055719
v 0.240000 0.158323 -0.056323
v 0.240000 0.156353 0.056534
v 0.240000 0.161500 0.053750
v 0.240000 0.158323 0.056323
v 0.240000 0.159992 0.055719
v 0.240000 0.161108 0.054816
v 0.240000 0.141000 0.053750
v 0.240000 0.146147 0.056534
v 0.240000 0.141392 0.054816
v 0.240000 0.142508 0.055719
v 0.240000 0.144177 0.056323
v 0.240000 0.146147 -0.056535
v 0.240000 0.141000 -0.053750
v 0.240000 0.144177 -0.056323
v 0.240000 0.142508 -0.055719
v 0.240000 0.141392 -0.054816
v 0.233000 0.156358 -0.056535
v 0.233000 0.161500 -0.053761
v 0.233000 0.158326 -0.056323
v 0.233000 0.159994 -0.055722
v 0.233000 0.161109 -0.054822
v 0.233000 0.161500 0.053761
v 0.233000 0.156358 0.056534
v 0.233000 0.161109 0.054822
v 0.233000 0.159994 0.055722
v 0.233000 0.158326 0.056323
v 0.233000 0.141000 -0.053761
v 0.233000 0.146142 -0.056535
v 0.233000 0.141391 -0.054822
v 0.233000 0.142506 -0.055722
v 0.233000 0.144174 -0.056323
v 0.233000 0.146142 0.056534
v 0.233000 0.141000 0.053761
v 0.233000 0.144174 0.056323
v 0.233000 0.142506 0.055722
v 0.233000 0.141391 0.054822
vn -1.0000 -0.0000 -0.0000
vn -0.0000 -1.0000 -0.0000
vn -0.0000 -0.0000 -1.0000
vn -0.0000 -0.0000 1.0000
vn -0.0000 1.0000 -0.0000
vn 1.0000 -0.0000 -0.0000
vn 1.0000 0.0001 -0.0000
vn 1.0000 -0.0001 -0.0000
vn 0.0003 -0.9835 0.1808
vn 0.0003 -0.9836 0.1803
vn 0.0008 -0.7906 0.6124
vn 0.0008 -0.7903 0.6127
vn 0.0007 -0.4713 0.8820
vn 0.0007 -0.4712 0.8820
vn 0.0004 -0.2160 0.9764
vn 0.0004 -0.2161 0.9764
vn 0.0001 -0.0527 0.9986
vn 0.0001 -0.0528 0.9986
vn 0.0003 0.9836 0.1803
vn 0.0003 0.9835 0.1808
vn 0.0009 0.7903 0.6127
vn 0.0009 0.7905 0.6124
vn 0.0008 0.4712 0.8820
vn 0.0008 0.4713 0.8820
vn 0.0004 0.2161 0.9764
vn 0.0004 0.2160 0.9764
vn 0.0001 0.0528 0.9986
vn 0.0001 0.0527 0.9986
vn 0.0001 0.0527 -0.9986
vn 0.0001 0.0528 -0.9986
vn 0.0004 0.2161 -0.9764
vn 0.0004 0.2160 -0.9764
vn 0.0008 0.4712 -0.8820
vn 0.0008 0.4713 -0.8820
vn 0.0009 0.7903 -0.6127
vn 0.0009 0.7905 -0.6124
vn 0.0003 0.9835 -0.1808
vn 0.0003 0.9836 -0.1803
vn 0.0001 -0.0528 -0.9986
vn 0.0001 -0.0527 -0.9986
vn 0.0004 -0.2160 -0.9764
vn 0.0004 -0.2161 -0.9764
vn 0.0007 -0.4713 -0.8820
vn 0.0007 -0.4712 -0.8820
vn 0.0008 -0.7906 -0.6124
vn 0.0008 -0.7903 -0.6127
vn 0.0003 -0.9836 -0.1803
vn 0.0003 -0.9835 -0.1808
vn -0.0000 0.0528 0.9986
vn -0.0002 0.2161 0.9764
vn -0.0002 0.2160 0.9764
vn -0.0004 0.4713 0.8820
vn -0.0004 0.7904 0.6126
vn -0.0004 0.7905 0.6125
vn -0.0002 0.9835 0.1807
vn -0.0002 0.9836 0.1804
vn -0.0000 0.0528 -0.9986
vn -0.0002 0.2160 -0.9764
vn -0.0002 0.2161 -0.9764
vn -0.0004 0.4713 -0.8820
vn -0.0004 0.7905 -0.6125
vn -0.0004 0.7904 -0.6126
vn -0.0002 0.9836 -0.1804
vn -0.0002 0.9835 -0.1807
vn -0.0002 -0.9836 0.1804
vn -0.0002 -0.9835 0.1807
vn -0.0004 -0.7903 0.6127
vn -0.0004 -0.7905 0.6125
vn -0.0004 -0.4713 0.8820
vn -0.0002 -0.2161 0.9764
vn -0.0002 -0.2160 0.9764
vn -0.0000 -0.0528 0.9986
vn -0.0002 -0.9835 -0.1807
vn -0.0002 -0.9836 -0.1804
vn -0.0004 -0.7905 -0.6125
vn -0.0004 -0.7903 -0.6127
vn -0.0004 -0.4713 -0.8820
vn -0.0002 -0.2160 -0.9764
vn -0.0002 -0.2161 -0.9764
vn -0.0000 -0.0528 -0.9986
vn 0.0003 -0.9837 0.1798
vn 0.0003 -0.9838 0.1794
vn 0.0008 -0.7920 0.6105
vn 0.0008 -0.7918 0.6108
vn 0.0007 -0.4731 0.8810
vn 0.0004 -0.2170 0.9762
vn 0.0004 -0.2171 0.9762
vn 0.0001 -0.0530 0.9986
vn 0.0001 -0.0531 0.9986
vn 0.0003 0.9838 0.1794
vn 0.0003 0.9837 0.1799
vn 0.0008 0.7918 0.6108
vn 0.0008 0.7920 0.6105
vn 0.0007 0.4731 0.8810
vn 0.0004 0.2171 0.9762
vn 0.0001 0.0531 0.9986
vn 0.0001 0.0530 0.9986
vn 0.0001 0.0530 -0.9986
vn 0.0001 0.0531 -0.9986
vn 0.0004 0.2171 -0.9762
vn 0.0007 0.4731 -0.8810
vn 0.0007 0.4732 -0.8810
vn 0.0008 0.7918 -0.6108
vn 0.0008 0.7920 -0.6105
vn 0.0003 0.9837 -0.1799
vn 0.0003 0.9838 -0.1794
vn 0.0001 -0.0531 -0.9986
vn 0.0001 -0.0530 -0.9986
vn 0.0004 -0.2170 -0.9762
vn 0.0004 -0.2171 -0.9762
vn 0.0007 -0.4731 -0.8810
vn 0.0008 -0.7920 -0.6105
vn 0.0008 -0.7918 -0.6108
vn 0.0003 -0.9838 -0.1794
vn 0.0003 -0.9837 -0.1798
vn -0.0001 0.0530 0.9986
vn -0.0001 0.0531 0.9986
vn -0.0003 0.2171 0.9762
vn -0.0005 0.4731 0.8810
vn -0.0006 0.7918 0.6107
vn -0.0006 0.7920 0.6105
vn -0.0002 0.9837 0.1798
vn -0.0002 0.9838 0.1794
vn -0.0001 0.0531 -0.9986
vn -0.0001 0.0530 -0.9986
vn -0.0003 0.2171 -0.9762
vn -0.0005 0.4731 -0.8810
vn -0.0006 0.7920 -0.6105
vn -0.0006 0.7918 -0.6107
vn -0.0002 0.9838 -0.1794
vn -0.0002 0.9837 -0.1798
vn -0.0002 -0.9838 0.1795
vn -0.0002 -0.9837 0.1798
vn -0.0006 -0.7918 0.6108
vn -0.0006 -0.7920 0.6105
vn -0.0005 -0.4731 0.8810
vn -0.0003 -0.2171 0.9762
vn -0.0001 -0.0531 0.9986
vn -0.0001 -0.0530 0.9986
vn -0.0002 -0.9837 -0.1798
vn -0.0002 -0.9838 -0.1795
vn -0.0006 -0.7920 -0.6105
vn -0.0006 -0.7918 -0.6108
vn -0.0005 -0.4731 -0.8810
vn -0.0003 -0.2171 -0.9762
vn -0.0001 -0.0530 -0.9986
vn -0.0001 -0.0531 -0.9986
vt 0.809051 0.811132
vt 0.809051 0.416346
vt 0.897967 0.416346
vt 0.897967 0.811132
vt 0.402862 0.002741
vt 0.402862 0.410864
vt 0.002741 0.410864
vt 0.002741 0.002741
vt 0.700058 0.816467
vt 0.602028 0.816467
vt 0.602028 0.416346
vt 0.700058 0.416346
vt 0.705540 0.416346
vt 0.803569 0.416346
vt 0.803569 0.816467
vt 0.705540 0.816467
vt 0.395006 0.824470
vt 0.395006 0.416346
vt 0.493036 0.416346
vt 0.493036 0.824470
vt 0.808465 0.002741
vt 0.808465 0.410864
vt 0.801796 0.404196
vt 0.801796 0.009409
vt 0.408343 0.410864
vt 0.415012 0.404196
vt 0.408343 0.002741
vt 0.415012 0.009409
vt 0.389525 0.416346
vt 0.389525 0.811132
vt 0.002741 0.811132
vt 0.002741 0.416346
vt 0.903448 0.803130
vt 0.903448 0.416346
vt 0.992364 0.416346
vt 0.992364 0.803130
vt 0.908343 0.389525
vt 0.908343 0.002741
vt 0.997259 0.002741
vt 0.997259 0.389525
vt 0.813946 0.397527
vt 0.813946 0.002741
vt 0.902862 0.002741
vt 0.902862 0.397527
vt 0.525192 0.706634
vt 0.525367 0.707578
vt 0.524691 0.711267
vt 0.525865 0.708379
vt 0.526611 0.708913
vt 0.527491 0.709101
vt 0.527491 0.531714
vt 0.526611 0.531902
vt 0.524691 0.529548
vt 0.525865 0.532437
vt 0.525367 0.533237
vt 0.525192 0.534181
vt 0.569872 0.534181
vt 0.569697 0.533237
vt 0.570373 0.529548
vt 0.569199 0.532437
vt 0.568453 0.531902
vt 0.567573 0.531714
vt 0.567573 0.709101
vt 0.568453 0.708913
vt 0.570373 0.711267
vt 0.569199 0.708379
vt 0.569697 0.707578
vt 0.569872 0.706634
vt 0.272215 0.899979
vt 0.267285 0.898926
vt 0.264409 0.888604
vt 0.263105 0.895929
vt 0.260312 0.891444
vt 0.259331 0.886153
vt 0.259331 0.016811
vt 0.260312 0.011520
vt 0.264409 0.014360
vt 0.263105 0.007035
vt 0.267285 0.004038
vt 0.272215 0.002985
vt 0.459881 0.886153
vt 0.458901 0.891444
vt 0.454804 0.888604
vt 0.456108 0.895929
vt 0.451928 0.898926
vt 0.446998 0.899979
vt 0.446998 0.002985
vt 0.451928 0.004038
vt 0.454804 0.014360
vt 0.456108 0.007035
vt 0.458901 0.011520
vt 0.459881 0.016811
vt 0.321614 0.746634
vt 0.322589 0.751922
vt 0.316536 0.771828
vt 0.325366 0.756406
vt 0.329522 0.759401
vt 0.334423 0.760453
vt 0.334423 0.142510
vt 0.329522 0.143562
vt 0.316536 0.131136
vt 0.325366 0.146558
vt 0.322589 0.151041
vt 0.321614 0.156330
vt 0.397599 0.156330
vt 0.396624 0.151041
vt 0.402677 0.131136
vt 0.393847 0.146558
vt 0.389692 0.143562
vt 0.384789 0.142510
vt 0.384789 0.760453
vt 0.389692 0.759401
vt 0.402676 0.771828
vt 0.393847 0.756406
vt 0.396624 0.751922
vt 0.397599 0.746634
vt 0.747327 0.900856
vt 0.772240 0.900806
vt 0.772241 0.905261
vt 0.747328 0.905291
vt 0.803124 0.719006
vt 0.778211 0.719023
vt 0.778211 0.714136
vt 0.803124 0.714132
vt 0.778212 0.708981
vt 0.803125 0.708989
vt 0.778212 0.704343
vt 0.803125 0.704359
vt 0.716444 0.890337
vt 0.741357 0.890388
vt 0.741357 0.895621
vt 0.716444 0.895590
vt 0.741357 0.900854
vt 0.716444 0.900841
vt 0.741356 0.905291
vt 0.716443 0.905291
vt 0.778211 0.517779
vt 0.803124 0.517769
vt 0.803124 0.521181
vt 0.778211 0.521194
vt 0.834008 0.532448
vt 0.809095 0.532433
vt 0.809095 0.527803
vt 0.834008 0.527811
vt 0.809095 0.522660
vt 0.834008 0.522656
vt 0.809096 0.517786
vt 0.834009 0.517769
vt 0.716444 0.003016
vt 0.741357 0.002985
vt 0.741357 0.007421
vt 0.716444 0.007470
vt 0.809096 0.715611
vt 0.834009 0.715598
vt 0.834009 0.719013
vt 0.809096 0.719023
vt 0.747328 0.002985
vt 0.772241 0.002986
vt 0.772240 0.007436
vt 0.747327 0.007422
vt 0.772240 0.012687
vt 0.747327 0.012656
vt 0.772240 0.017939
vt 0.747327 0.017889
vt 0.040799 0.948497
vt 0.015886 0.997015
vt 0.010949 0.995958
vt 0.035862 0.947440
vt 0.006764 0.992949
vt 0.031677 0.944431
vt 0.003967 0.988446
vt 0.028880 0.939928
vt 0.002985 0.983134
vt 0.027898 0.934616
vt 0.015886 0.002985
vt 0.040799 0.051503
vt 0.035862 0.052560
vt 0.010949 0.004042
vt 0.031677 0.055569
vt 0.006764 0.007051
vt 0.028880 0.060072
vt 0.003967 0.011554
vt 0.027898 0.065384
vt 0.002985 0.016866
vt 0.253361 0.016866
vt 0.228448 0.065384
vt 0.227466 0.060072
vt 0.252379 0.011554
vt 0.224670 0.055569
vt 0.249583 0.007051
vt 0.220484 0.052560
vt 0.245397 0.004042
vt 0.215547 0.051503
vt 0.240460 0.002985
vt 0.240460 0.997015
vt 0.215547 0.948497
vt 0.220484 0.947440
vt 0.245397 0.995958
vt 0.224670 0.944431
vt 0.249583 0.992949
vt 0.227466 0.939928
vt 0.252379 0.988446
vt 0.228448 0.934616
vt 0.253361 0.983134
vt 0.465852 0.784092
vt 0.515678 0.784108
vt 0.515679 0.787520
vt 0.465853 0.787506
vt 0.547808 0.002985
vt 0.597634 0.002987
vt 0.597633 0.007424
vt 0.547807 0.007435
vt 0.597633 0.012658
vt 0.547807 0.012687
vt 0.597633 0.017891
vt 0.547807 0.017939
vt 0.659402 0.718288
vt 0.709228 0.718277
vt 0.709228 0.722915
vt 0.659401 0.722918
vt 0.709227 0.728069
vt 0.659401 0.728061
vt 0.709227 0.732956
vt 0.659401 0.732934
vt 0.597634 0.816633
vt 0.547808 0.816600
vt 0.547808 0.812145
vt 0.597634 0.812197
vt 0.653430 0.007472
vt 0.603604 0.007421
vt 0.603604 0.002985
vt 0.653430 0.003018
vt 0.465853 0.626898
vt 0.515679 0.626919
vt 0.515678 0.631793
vt 0.465852 0.631785
vt 0.515678 0.636936
vt 0.465852 0.636939
vt 0.515678 0.641566
vt 0.465852 0.641577
vt 0.603604 0.801727
vt 0.653431 0.801679
vt 0.653431 0.806931
vt 0.603604 0.806960
vt 0.653430 0.812182
vt 0.603604 0.812193
vt 0.653430 0.816633
vt 0.603604 0.816630
vt 0.659401 0.572333
vt 0.709227 0.572348
vt 0.709227 0.575762
vt 0.659401 0.575745
vt 0.859909 0.557217
vt 0.884822 0.557168
vt 0.884823 0.561623
vt 0.859910 0.561653
vt 0.803124 0.784046
vt 0.778211 0.784063
vt 0.778211 0.779191
vt 0.803124 0.779187
vt 0.778211 0.774058
vt 0.803124 0.774064
vt 0.778211 0.769445
vt 0.803124 0.769457
vt 0.890793 0.546723
vt 0.915706 0.546774
vt 0.915706 0.552002
vt 0.890793 0.551971
vt 0.915706 0.557227
vt 0.890793 0.557213
vt 0.915706 0.561653
vt 0.890793 0.561652
vt 0.778211 0.725001
vt 0.803124 0.724993
vt 0.803124 0.728382
vt 0.778211 0.728392
vt 0.684314 0.753545
vt 0.659401 0.753532
vt 0.659401 0.748925
vt 0.684314 0.748931
vt 0.659401 0.743803
vt 0.684314 0.743798
vt 0.659402 0.738944
vt 0.684315 0.738926
vt 0.890793 0.003015
vt 0.915706 0.002985
vt 0.915706 0.007421
vt 0.890793 0.007470
vt 0.659401 0.794607
vt 0.684314 0.794597
vt 0.684315 0.797988
vt 0.659402 0.797997
vt 0.859910 0.002985
vt 0.884823 0.002986
vt 0.884822 0.007425
vt 0.859909 0.007411
vt 0.884822 0.012667
vt 0.859909 0.012636
vt 0.884822 0.017915
vt 0.859909 0.017864
vt 0.491132 0.593646
vt 0.478675 0.620928
vt 0.473768 0.619872
vt 0.486224 0.592589
vt 0.469608 0.616864
vt 0.482064 0.589582
vt 0.466828 0.612363
vt 0.479284 0.585081
vt 0.465852 0.607054
vt 0.478308 0.579772
vt 0.478675 0.002985
vt 0.491132 0.030267
vt 0.486224 0.031323
vt 0.473768 0.004041
vt 0.482064 0.034331
vt 0.469608 0.007049
vt 0.479284 0.038832
vt 0.466828 0.011550
vt 0.478308 0.044141
vt 0.465852 0.016859
vt 0.541837 0.016859
vt 0.529380 0.044141
vt 0.528404 0.038832
vt 0.540860 0.011550
vt 0.525624 0.034331
vt 0.538081 0.007049
vt 0.521464 0.031323
vt 0.533921 0.004041
vt 0.516557 0.030267
vt 0.529013 0.002985
vt 0.529013 0.620928
vt 0.516557 0.593646
vt 0.521464 0.592589
vt 0.533920 0.619872
vt 0.525624 0.589582
vt 0.538081 0.616864
vt 0.528404 0.585081
vt 0.540860 0.612363
vt 0.529380 0.579772
vt 0.541837 0.607054
vt 0.778212 0.825387
vt 0.813091 0.825398
vt 0.813091 0.828787
vt 0.778213 0.828778
vt 0.778211 0.002985
vt 0.813090 0.002986
vt 0.813089 0.007412
vt 0.778211 0.007424
vt 0.813089 0.012637
vt 0.778211 0.012666
vt 0.813089 0.017865
vt 0.778211 0.017914
vt 0.480800 0.817637
vt 0.515678 0.817626
vt 0.515679 0.822239
vt 0.480800 0.822244
vt 0.515679 0.827372
vt 0.480800 0.827367
vt 0.515679 0.832244
vt 0.480800 0.832226
vt 0.813090 0.511799
vt 0.778211 0.511767
vt 0.778211 0.507312
vt 0.813089 0.507363
vt 0.853938 0.007472
vt 0.819060 0.007421
vt 0.819060 0.002985
vt 0.853938 0.003017
vt 0.778211 0.790033
vt 0.813089 0.790052
vt 0.813089 0.794911
vt 0.778211 0.794905
vt 0.813089 0.800034
vt 0.778211 0.800038
vt 0.813089 0.804640
vt 0.778211 0.804652
vt 0.819061 0.496919
vt 0.853939 0.496870
vt 0.853939 0.502118
vt 0.819060 0.502147
vt 0.853938 0.507360
vt 0.819060 0.507372
vt 0.853938 0.511799
vt 0.819060 0.511798
vt 0.480798 0.793490
vt 0.515677 0.793499
vt 0.515677 0.796890
vt 0.480799 0.796879
vt 0.596547 0.824470
vt 0.498517 0.824470
vt 0.498517 0.416346
vt 0.596547 0.416346
vt 0.672210 0.566363
vt 0.667308 0.565311
vt 0.663153 0.562316
vt 0.660376 0.557832
vt 0.659401 0.552544
vt 0.659401 0.016804
vt 0.660376 0.011516
vt 0.663153 0.007033
vt 0.667309 0.004037
vt 0.672210 0.002985
vt 0.697663 0.002985
vt 0.702565 0.004037
vt 0.706721 0.007033
vt 0.709498 0.011516
vt 0.710473 0.016805
vt 0.710473 0.552544
vt 0.709498 0.557832
vt 0.706721 0.562316
vt 0.702565 0.565311
vt 0.697663 0.566363
s 1
usemtl green_metal
f 647/1429/448 648/1430/448 651/1431/448 652/1432/448
f 639/1433/449 640/1434/449 643/1435/449 644/1436/449
f 640/1437/450 637/1438/450 641/1439/450 643/1440/450
f 638/1441/451 639/1442/451 644/1443/451 642/1444/451
f 638/1445/448 637/1446/448 640/1447/448 639/1448/448
f 637/1449/452 638/1450/452 646/1451/452 645/1452/452
f 638/1450/452 642/1453/452 647/1454/452 646/1451/452
f 642/1453/452 641/1455/452 648/1456/452 647/1454/452
f 641/1455/452 637/1449/452 645/1452/452 648/1456/452
f 649/1457/452 650/1458/452 652/1459/452 651/1460/452
f 648/1461/451 645/1462/451 649/1463/451 651/1464/451
f 646/1465/450 647/1466/450 652/1467/450 650/1468/450
f 645/1469/453 646/1470/453 650/1471/453 649/1472/453
f 653/1473/453 656/1474/453 655/1475/453
f 656/1474/453 657/1476/453 655/1475/453
f 657/1476/453 658/1477/453 655/1475/453
f 658/1477/453 654/1478/453 655/1475/453
f 659/1479/453 662/1480/453 661/1481/453
f 662/1480/453 663/1482/453 661/1481/453
f 663/1482/453 664/1483/454 661/1481/453
f 664/1483/454 660/1484/453 661/1481/453
f 665/1485/453 668/1486/453 667/1487/453
f 668/1486/453 669/1488/453 667/1487/453
f 669/1488/453 670/1489/453 667/1487/453
f 670/1489/453 666/1490/453 667/1487/453
f 671/1491/453 674/1492/453 673/1493/453
f 674/1492/453 675/1494/453 673/1493/453
f 675/1494/453 676/1495/455 673/1493/453
f 676/1495/455 672/1496/453 673/1493/453
f 643/1817/453 641/1818/453 655/1475/453 654/1478/453 671/1491/453 673/1493/453
f 641/1818/453 642/1819/453 661/1481/453 660/1484/453 653/1473/453 655/1475/453
f 642/1819/453 644/1820/453 667/1487/453 666/1490/453 659/1479/453 661/1481/453
f 644/1820/453 643/1817/453 673/1493/453 672/1496/453 665/1485/453 667/1487/453
usemtl black_metal
f 717/1497/453 720/1498/453 719/1499/453
f 720/1498/453 721/1500/453 719/1499/453
f 721/1500/453 722/1501/453 719/1499/453
f 722/1501/453 718/1502/453 719/1499/453
f 723/1503/453 726/1504/453 725/1505/453
f 726/1504/453 727/1506/453 725/1505/453
f 727/1506/453 728/1507/453 725/1505/453
f 728/1507/453 724/1508/453 725/1505/453
f 729/1509/453 732/1510/453 731/1511/453
f 732/1510/453 733/1512/453 731/1511/453
f 733/1512/453 734/1513/453 731/1511/453
f 734/1513/453 730/1514/453 731/1511/453
f 735/1515/453 738/1516/453 737/1517/453
f 738/1516/453 739/1518/453 737/1517/453
f 739/1518/453 740/1519/453 737/1517/453
f 740/1519/453 736/1520/453 737/1517/453
f 741/1521/453 744/1522/453 743/1523/453
f 744/1522/453 745/1524/453 743/1523/453
f 745/1524/453 746/1525/453 743/1523/453
f 746/1525/453 742/1526/453 743/1523/453
f 747/1527/453 750/1528/453 749/1529/453
f 750/1528/453 751/1530/453 749/1529/453
f 751/1530/453 752/1531/453 749/1529/453
f 752/1531/453 748/1532/453 749/1529/453
f 753/1533/453 756/1534/453 755/1535/453
f 756/1534/453 757/1536/453 755/1535/453
f 757/1536/453 758/1537/453 755/1535/453
f 758/1537/453 754/1538/453 755/1535/453
f 759/1539/453 762/1540/453 761/1541/453
f 762/1540/453 763/1542/453 761/1541/453
f 763/1542/453 764/1543/453 761/1541/453
f 764/1543/453 760/1544/453 761/1541/453
f 665/1545/456 692/1546/457 694/1547/458 668/1548/459
f 668/1549/459 694/1550/458 695/1551/460 669/1552/461
f 669/1552/461 695/1551/460 696/1553/462 670/1554/463
f 670/1554/463 696/1553/462 693/1555/464 666/1556/465
f 683/1557/466 660/1558/467 664/1559/468 686/1560/469
f 686/1560/469 664/1559/468 663/1561/470 685/1562/471
f 685/1562/471 663/1561/470 662/1563/472 684/1564/473
f 684/1565/473 662/1566/472 659/1567/474 682/1568/475
f 678/1569/476 654/1570/477 658/1571/478 681/1572/479
f 681/1572/479 658/1571/478 657/1573/480 680/1574/481
f 680/1574/481 657/1573/480 656/1575/482 679/1576/483
f 679/1577/483 656/1578/482 653/1579/484 677/1580/485
f 671/1581/486 687/1582/487 689/1583/488 674/1584/489
f 674/1585/489 689/1586/488 690/1587/490 675/1588/491
f 675/1588/491 690/1587/490 691/1589/492 676/1590/493
f 676/1590/493 691/1589/492 688/1591/494 672/1592/495
f 698/1593/453 678/1594/453 681/1595/453 701/1596/453
f 701/1596/453 681/1595/453 680/1597/453 700/1598/453
f 700/1598/453 680/1597/453 679/1599/453 699/1600/453
f 699/1600/453 679/1599/453 677/1601/453 697/1602/453
f 682/1603/453 702/1604/453 704/1605/453 684/1606/453
f 684/1606/453 704/1605/453 705/1607/453 685/1608/453
f 685/1608/453 705/1607/453 706/1609/453 686/1610/453
f 686/1610/453 706/1609/453 703/1611/453 683/1612/453
f 692/1613/453 707/1614/453 709/1615/453 694/1616/453
f 694/1616/453 709/1615/453 710/1617/453 695/1618/453
f 695/1618/453 710/1617/453 711/1619/453 696/1620/453
f 696/1620/453 711/1619/453 708/1621/453 693/1622/453
f 687/1623/453 712/1624/453 714/1625/453 689/1626/453
f 689/1626/453 714/1625/453 715/1627/453 690/1628/453
f 690/1628/453 715/1627/453 716/1629/453 691/1630/453
f 691/1630/453 716/1629/453 713/1631/453 688/1632/453
f 712/1633/496 730/1634/496 734/1635/497 714/1636/498
f 714/1637/498 734/1638/497 733/1639/499 715/1640/499
f 715/1640/499 733/1639/499 732/1641/500 716/1642/501
f 716/1642/501 732/1641/500 729/1643/502 713/1644/503
f 735/1645/504 708/1646/504 711/1647/505 738/1648/506
f 738/1648/506 711/1647/505 710/1649/507 739/1650/507
f 739/1650/507 710/1649/507 709/1651/508 740/1652/509
f 740/1653/509 709/1654/508 707/1655/510 736/1656/511
f 697/1657/512 718/1658/513 722/1659/514 699/1660/515
f 699/1661/515 722/1662/514 721/1663/516 700/1664/516
f 700/1664/516 721/1663/516 720/1665/517 701/1666/518
f 701/1666/518 720/1665/517 717/1667/519 698/1668/519
f 723/1669/520 703/1670/521 706/1671/522 726/1672/523
f 726/1672/523 706/1671/522 705/1673/524 727/1674/524
f 727/1674/524 705/1673/524 704/1675/525 728/1676/526
f 728/1677/526 704/1678/525 702/1679/527 724/1680/527
f 753/1681/528 780/1682/529 782/1683/530 756/1684/531
f 756/1685/531 782/1686/530 783/1687/532 757/1688/532
f 757/1688/532 783/1687/532 784/1689/533 758/1690/534
f 758/1690/534 784/1689/533 781/1691/535 754/1692/536
f 771/1693/537 748/1694/538 752/1695/539 774/1696/540
f 774/1696/540 752/1695/539 751/1697/541 773/1698/541
f 773/1698/541 751/1697/541 750/1699/542 772/1700/542
f 772/1701/542 750/1702/542 747/1703/543 770/1704/544
f 766/1705/545 742/1706/546 746/1707/547 769/1708/547
f 769/1708/547 746/1707/547 745/1709/548 768/1710/549
f 768/1710/549 745/1709/548 744/1711/550 767/1712/551
f 767/1713/551 744/1714/550 741/1715/552 765/1716/553
f 759/1717/554 775/1718/555 777/1719/556 762/1720/557
f 762/1721/557 777/1722/556 778/1723/558 763/1724/558
f 763/1724/558 778/1723/558 779/1725/559 764/1726/560
f 764/1726/560 779/1725/559 776/1727/561 760/1728/562
f 786/1729/453 766/1730/453 769/1731/453 789/1732/453
f 789/1732/453 769/1731/453 768/1733/453 788/1734/453
f 788/1734/453 768/1733/453 767/1735/453 787/1736/453
f 787/1736/453 767/1735/453 765/1737/453 785/1738/453
f 770/1739/453 790/1740/453 792/1741/453 772/1742/453
f 772/1742/453 792/1741/453 793/1743/453 773/1744/453
f 773/1744/453 793/1743/453 794/1745/453 774/1746/453
f 774/1746/453 794/1745/453 791/1747/453 771/1748/453
f 780/1749/453 795/1750/453 797/1751/453 782/1752/453
f 782/1752/453 797/1751/453 798/1753/453 783/1754/453
f 783/1754/453 798/1753/453 799/1755/453 784/1756/453
f 784/1756/453 799/1755/453 796/1757/453 781/1758/453
f 775/1759/453 800/1760/453 802/1761/453 777/1762/453
f 777/1762/453 802/1761/453 803/1763/453 778/1764/453
f 778/1764/453 803/1763/453 804/1765/453 779/1766/453
f 779/1766/453 804/1765/453 801/1767/453 776/1768/453
f 800/1769/563 816/1770/564 819/1771/565 802/1772/565
f 802/1773/565 819/1774/565 818/1775/566 803/1776/566
f 803/1776/566 818/1775/566 817/1777/567 804/1778/568
f 804/1778/568 817/1777/567 815/1779/569 801/1780/570
f 820/1781/571 796/1782/572 799/1783/573 822/1784/573
f 822/1784/573 799/1783/573 798/1785/574 823/1786/574
f 823/1786/574 798/1785/574 797/1787/575 824/1788/576
f 824/1789/576 797/1790/575 795/1791/577 821/1792/578
f 785/1793/579 806/1794/580 809/1795/581 787/1796/582
f 787/1797/582 809/1798/581 808/1799/583 788/1800/583
f 788/1800/583 808/1799/583 807/1801/584 789/1802/584
f 789/1802/584 807/1801/584 805/1803/585 786/1804/586
f 810/1805/587 791/1806/588 794/1807/589 812/1808/590
f 812/1808/590 794/1807/589 793/1809/591 813/1810/591
f 813/1810/591 793/1809/591 792/1811/592 814/1812/592
f 814/1813/592 792/1814/592 790/1815/593 811/1816/594
f 653/1579/484 660/1558/467 683/1557/466 677/1580/485
f 671/1581/486 654/1570/477 678/1569/476 687/1582/487
f 659/1567/474 666/1556/465 693/1555/464 682/1568/475
f 665/1545/456 672/1592/495 688/1591/494 692/1546/457
f 677/1601/453 683/1612/453 703/1611/453 697/1602/453
f 687/1623/453 678/1594/453 698/1593/453 712/1624/453
f 682/1603/453 693/1622/453 708/1621/453 702/1604/453
f 692/1613/453 688/1632/453 713/1631/453 707/1614/453
f 697/1657/512 703/1670/521 723/1669/520 718/1658/513
f 712/1633/496 698/1668/519 717/1667/519 730/1634/496
f 702/1679/527 708/1646/504 735/1645/504 724/1680/527
f 707/1655/510 713/1644/503 729/1643/502 736/1656/511
f 719/1499/453 718/1502/453 723/1503/453 725/1505/453 749/1529/453 748/1532/453 741/1521/453 743/1523/453
f 731/1511/453 730/1514/453 717/1497/453 719/1499/453 743/1523/453 742/1526/453 759/1539/453 761/1541/453
f 725/1505/453 724/1508/453 735/1515/453 737/1517/453 755/1535/453 754/1538/453 747/1527/453 749/1529/453
f 737/1517/453 736/1520/453 729/1509/453 731/1511/453 761/1541/453 760/1544/453 753/1533/453 755/1535/453
f 741/1715/552 748/1694/538 771/1693/537 765/1716/553
f 759/1717/554 742/1706/546 766/1705/545 775/1718/555
f 747/1703/543 754/1692/536 781/1691/535 770/1704/544
f 753/1681/528 760/1728/562 776/1727/561 780/1682/529
f 765/1737/453 771/1748/453 791/1747/453 785/1738/453
f 775/1759/453 766/1730/453 786/1729/453 800/1760/453
f 770/1739/453 781/1758/453 796/1757/453 790/1740/453
f 780/1749/453 776/1768/453 801/1767/453 795/1750/453
f 785/1793/579 791/1806/588 810/1805/587 806/1794/580
f 800/1769/563 786/1804/586 805/1803/585 816/1770/564
f 790/1815/593 796/1782/572 820/1781/571 811/1816/594
f 795/1791/577 801/1780/570 815/1779/569 821/1792/578
f 805/1821/453 807/1822/453 808/1823/453 809/1824/453 806/1825/453 810/1826/453 812/1827/453 813/1828/453 814/1829/453 811/1830/453 820/1831/453 822/1832/453 823/1833/453 824/1834/453 821/1835/453 815/1836/453 817/1837/453 818/1838/453 819/1839/453 816/1840/453
